transaction_id,created_at,user_id,recipient_id,amount,recipient_new,hour,device_changed,location_changed,transactions_last_1h,average_transaction_amount,amount_ratio,account_age_days,total_transactions_10m,same_receiver_count_5m,same_receiver_count_10m,similar_amount_count_10m,time_since_last_transaction,recipient_frequency,fraud_label
T00001,2026-01-01T07:00:00+00:00,U0007,R0380,7364.21,1,7,0,0,0,4768.36,1.54,573,0,0,0,0,1440.0,0,0
T00002,2026-01-01T07:01:00+00:00,U0036,R0378,1015.62,1,7,0,0,0,572.99,1.77,219,0,0,0,0,1440.0,0,0
T00003,2026-01-01T07:02:00+00:00,U0140,R0045,50976.14,1,7,0,0,0,4858.58,10.49,1219,0,0,0,0,1440.0,0,1
T00004,2026-01-01T07:03:00+00:00,U0008,R0048,2062.24,1,7,0,0,0,1729.94,1.19,457,0,0,0,0,1440.0,0,0
T00005,2026-01-01T07:04:00+00:00,U0155,R0014,761.29,1,7,0,0,0,955.62,0.8,1159,0,0,0,0,1440.0,0,0
T00006,2026-01-01T07:05:00+00:00,U0167,R0360,1454.21,1,7,0,0,0,1238.47,1.17,1126,0,0,0,0,1440.0,0,0
T00007,2026-01-01T07:06:00+00:00,U0115,R0302,452.25,1,7,0,1,0,1101.46,0.41,579,0,0,0,0,1440.0,0,0
T00008,2026-01-01T07:07:00+00:00,U0002,R0389,807.04,1,7,0,0,0,1731.68,0.47,1660,0,0,0,0,1440.0,0,0
T00009,2026-01-01T07:08:00+00:00,U0109,R0175,941.79,1,7,0,0,0,2627.33,0.36,579,0,0,0,0,1440.0,0,0
T00010,2026-01-01T07:09:00+00:00,U0196,R0173,2090.01,1,7,0,0,0,1765.04,1.18,219,0,0,0,0,1440.0,0,0
T00011,2026-01-01T07:10:00+00:00,U0025,R0184,7480.68,1,7,0,0,0,3943.12,1.9,1745,0,0,0,0,1440.0,0,0
T00012,2026-01-01T07:11:00+00:00,U0068,R0414,453.29,1,7,0,0,0,715.91,0.63,98,0,0,0,0,1440.0,0,0
T00013,2026-01-01T07:12:00+00:00,U0138,R0064,2692.03,1,7,0,0,0,1575.34,1.71,1898,0,0,0,0,1440.0,0,0
T00014,2026-01-01T07:13:00+00:00,U0142,R0151,1601.08,1,7,0,1,0,962.34,1.66,1708,0,0,0,0,1440.0,0,0
T00015,2026-01-01T07:14:00+00:00,U0093,R0296,381.77,1,7,0,0,0,1233.96,0.31,403,0,0,0,0,1440.0,0,0
T00016,2026-01-01T07:15:00+00:00,U0012,R0339,1671.55,1,7,0,0,0,3924.97,0.43,476,0,0,0,0,1440.0,0,0
T00017,2026-01-01T07:16:00+00:00,U0021,R0438,2785.53,1,7,0,0,0,3229.5,0.86,486,0,0,0,0,1440.0,0,0
T00018,2026-01-01T07:17:00+00:00,U0098,R0143,5160.58,1,7,0,0,0,3729.15,1.38,938,0,0,0,0,1440.0,0,0
T00019,2026-01-01T07:18:00+00:00,U0094,R0084,5819.26,1,7,0,0,0,3652.25,1.59,768,0,0,0,0,1440.0,0,0
T00020,2026-01-01T07:19:00+00:00,U0172,R0137,2830.78,1,7,0,0,0,2756.84,1.03,1447,0,0,0,0,1440.0,0,0
T00021,2026-01-01T07:20:00+00:00,U0166,R0037,19184.67,1,7,1,1,0,3291.13,5.83,1257,0,0,0,0,1440.0,0,1
T00022,2026-01-01T07:21:00+00:00,U0137,R0374,3531.39,1,7,0,0,0,2228.8,1.58,511,0,0,0,0,1440.0,0,0
T00023,2026-01-01T07:22:00+00:00,U0098,R0139,1989.07,1,7,0,0,1,5160.58,0.39,938,1,0,0,0,5.0,0,0
T00024,2026-01-01T07:23:00+00:00,U0164,R0353,2516.36,1,7,0,0,0,4077.26,0.62,1150,0,0,0,0,1440.0,0,0
T00025,2026-01-01T07:24:00+00:00,U0084,R0432,3792.5,1,7,0,0,0,4511.63,0.84,1583,0,0,0,0,1440.0,0,0
T00026,2026-01-01T07:25:00+00:00,U0059,R0421,7308.06,1,7,0,0,0,4144.67,1.76,75,0,0,0,0,1440.0,0,0
T00027,2026-01-01T07:26:00+00:00,U0103,R0138,677.02,1,7,0,0,0,1343.91,0.5,145,0,0,0,0,1440.0,0,0
T00028,2026-01-01T07:27:00+00:00,U0146,R0449,4094.15,1,7,0,1,0,2738.32,1.5,1480,0,0,0,0,1440.0,0,0
T00029,2026-01-01T07:28:00+00:00,U0168,R0256,1698.95,1,7,0,0,0,1483.38,1.15,820,0,0,0,0,1440.0,0,0
T00030,2026-01-01T07:29:00+00:00,U0165,R0235,23813.44,1,7,0,0,0,3164.95,7.52,302,0,0,0,0,1440.0,0,1
T00031,2026-01-01T07:30:00+00:00,U0064,R0382,779.02,1,7,0,1,0,1425.94,0.55,1159,0,0,0,0,1440.0,0,0
T00032,2026-01-01T07:31:00+00:00,U0192,R0300,5516.32,1,7,0,0,0,3459.04,1.59,887,0,0,0,0,1440.0,0,0
T00033,2026-01-01T07:32:00+00:00,U0103,R0186,4505.33,1,7,0,0,1,677.02,6.65,145,1,0,0,0,6.0,0,0
T00034,2026-01-01T07:33:00+00:00,U0036,R0261,1115.48,1,7,0,0,1,1015.62,1.1,219,0,0,0,0,32.0,0,0
T00035,2026-01-01T07:34:00+00:00,U0194,R0025,442.42,1,7,0,0,0,377.96,1.17,1773,0,0,0,0,1440.0,0,0
T00036,2026-01-01T07:35:00+00:00,U0161,R0082,3396.47,1,7,0,0,0,3547.41,0.96,1632,0,0,0,0,1440.0,0,0
T00037,2026-01-01T07:36:00+00:00,U0153,R0033,1559.98,1,7,0,0,0,833.33,1.87,798,0,0,0,0,1440.0,0,0
T00038,2026-01-01T07:37:00+00:00,U0120,R0271,5150.67,1,7,0,0,0,4140.94,1.24,524,0,0,0,0,1440.0,0,0
T00039,2026-01-01T07:38:00+00:00,U0003,R0349,8269.16,1,7,0,0,0,4516.91,1.83,1486,0,0,0,0,1440.0,0,0
T00040,2026-01-01T07:39:00+00:00,U0138,R0385,6774.71,1,7,0,0,1,2692.03,2.52,1898,0,0,0,0,27.0,0,0
T00041,2026-01-01T07:40:00+00:00,U0165,R0175,399.73,1,7,0,0,1,23813.44,0.02,302,0,0,0,0,11.0,0,0
T00042,2026-01-01T07:41:00+00:00,U0112,R0081,6970.15,1,7,0,0,0,776.92,8.97,939,0,0,0,0,1440.0,0,1
T00043,2026-01-01T07:42:00+00:00,U0185,R0449,4427.53,1,7,1,0,0,2879.05,1.54,1483,0,0,0,0,1440.0,0,1
T00044,2026-01-01T07:43:00+00:00,U0185,R0449,4427.53,0,7,1,0,1,4427.53,1.0,1483,1,1,1,1,1.0,1,1
T00045,2026-01-01T07:44:00+00:00,U0185,R0449,4427.53,0,7,0,1,2,4427.53,1.0,1483,2,2,2,2,1.0,2,1
T00046,2026-01-01T07:45:00+00:00,U0129,R0391,6084.89,1,7,0,0,0,4291.35,1.42,375,0,0,0,0,1440.0,0,0
T00047,2026-01-01T07:46:00+00:00,U0028,R0446,1105.38,1,7,1,0,0,1546.45,0.71,1290,0,0,0,0,1440.0,0,0
T00048,2026-01-01T07:47:00+00:00,U0164,R0260,5393.33,1,7,0,0,1,2516.36,2.14,1150,0,0,0,0,24.0,0,0
T00049,2026-01-01T07:48:00+00:00,U0040,R0192,1860.76,1,7,0,0,0,1217.64,1.53,1571,0,0,0,0,1440.0,0,0
T00050,2026-01-01T07:49:00+00:00,U0200,R0473,2150.22,1,7,1,0,0,1132.42,1.9,1096,0,0,0,0,1440.0,0,0
T00051,2026-01-01T07:50:00+00:00,U0154,R0166,699.89,1,7,0,1,0,372.65,1.88,1010,0,0,0,0,1440.0,0,0
T00052,2026-01-01T07:51:00+00:00,U0093,R0450,3449.74,1,7,0,0,1,381.77,9.04,403,0,0,0,0,37.0,0,0
T00053,2026-01-01T07:52:00+00:00,U0079,R0123,1367.0,1,7,0,0,0,1096.62,1.25,128,0,0,0,0,1440.0,0,0
T00054,2026-01-01T07:53:00+00:00,U0146,R0485,1018.19,1,7,1,0,1,4094.15,0.25,1480,0,0,0,0,26.0,0,0
T00055,2026-01-01T07:54:00+00:00,U0188,R0249,6897.83,1,7,0,0,0,4423.65,1.56,1681,0,0,0,0,1440.0,0,0
T00056,2026-01-01T07:55:00+00:00,U0195,R0273,2815.33,1,7,0,0,0,1679.88,1.68,1578,0,0,0,0,1440.0,0,0
T00057,2026-01-01T07:56:00+00:00,U0169,R0244,3115.77,1,7,0,0,0,2703.31,1.15,1949,0,0,0,0,1440.0,0,0
T00058,2026-01-01T07:57:00+00:00,U0068,R0271,7324.97,1,7,0,0,1,453.29,16.16,98,0,0,0,0,46.0,0,0
T00059,2026-01-01T07:58:00+00:00,U0109,R0494,1089.78,1,7,0,0,1,941.79,1.16,579,0,0,0,0,50.0,0,0
T00060,2026-01-01T07:59:00+00:00,U0139,R0387,1082.62,1,7,0,0,0,3076.92,0.35,1504,0,0,0,0,1440.0,0,0
T00061,2026-01-01T08:00:00+00:00,U0183,R0160,1065.68,1,8,0,0,0,897.18,1.19,827,0,0,0,0,1440.0,0,0
T00062,2026-01-01T08:01:00+00:00,U0167,R0192,271.94,1,8,0,0,1,1454.21,0.19,1126,0,0,0,0,56.0,0,0
T00063,2026-01-01T08:02:00+00:00,U0133,R0232,7272.85,1,8,0,0,0,3712.63,1.96,257,0,0,0,0,1440.0,0,0
T00064,2026-01-01T08:03:00+00:00,U0017,R0174,1645.66,1,8,0,0,0,1572.91,1.05,53,0,0,0,0,1440.0,0,0
T00065,2026-01-01T08:04:00+00:00,U0059,R0302,6272.43,1,8,0,0,1,7308.06,0.86,75,0,0,0,0,39.0,0,0
T00066,2026-01-01T08:05:00+00:00,U0019,R0363,1821.09,1,8,0,0,0,1476.14,1.23,1302,0,0,0,0,1440.0,0,0
T00067,2026-01-01T08:06:00+00:00,U0018,R0464,7442.38,1,8,0,0,0,4787.87,1.55,74,0,0,0,0,1440.0,0,0
T00068,2026-01-01T08:07:00+00:00,U0019,R0264,1325.45,1,8,0,0,1,1821.09,0.73,1302,1,0,0,0,2.0,0,0
T00069,2026-01-01T08:08:00+00:00,U0172,R0249,190.6,1,8,0,0,1,2830.78,0.07,1447,0,0,0,0,49.0,0,0
T00070,2026-01-01T08:09:00+00:00,U0034,R0371,862.96,1,8,0,0,0,759.82,1.14,1925,0,0,0,0,1440.0,0,0
T00071,2026-01-01T08:10:00+00:00,U0148,R0243,2926.87,1,8,0,0,0,2172.97,1.35,507,0,0,0,0,1440.0,0,0
T00072,2026-01-01T08:11:00+00:00,U0105,R0098,3745.05,1,8,0,0,0,3241.54,1.16,203,0,0,0,0,1440.0,0,0
T00073,2026-01-01T08:12:00+00:00,U0111,R0182,879.36,1,8,0,0,0,631.67,1.39,877,0,0,0,0,1440.0,0,0
T00074,2026-01-01T08:13:00+00:00,U0187,R0028,2884.21,1,8,0,0,0,3004.73,0.96,1389,0,0,0,0,1440.0,0,0
T00075,2026-01-01T08:14:00+00:00,U0166,R0051,4518.75,1,8,1,0,1,19184.67,0.24,1257,0,0,0,0,54.0,0,0
T00076,2026-01-01T08:15:00+00:00,U0187,R0174,295.05,1,8,0,0,1,2884.21,0.1,1389,1,0,0,0,2.0,0,0
T00077,2026-01-01T08:16:00+00:00,U0028,R0128,534.49,1,8,0,0,1,1105.38,0.48,1290,0,0,0,0,30.0,0,0
T00078,2026-01-01T08:17:00+00:00,U0138,R0230,813.79,1,8,0,0,1,4733.37,0.17,1898,0,0,0,0,38.0,0,0
T00079,2026-01-01T08:18:00+00:00,U0047,R0143,6255.24,1,8,0,0,0,3754.83,1.67,957,0,0,0,0,1440.0,0,0
T00080,2026-01-01T08:19:00+00:00,U0020,R0227,8118.19,1,8,0,0,0,4092.12,1.98,1664,0,0,0,0,1440.0,0,0
T00081,2026-01-01T08:20:00+00:00,U0141,R0051,3579.7,1,8,0,0,0,1901.78,1.88,113,0,0,0,0,1440.0,0,0
T00082,2026-01-01T08:21:00+00:00,U0139,R0429,1828.21,1,8,0,0,1,1082.62,1.69,1504,0,0,0,0,22.0,0,0
T00083,2026-01-01T08:22:00+00:00,U0024,R0475,3288.01,1,8,0,0,0,1804.23,1.82,1553,0,0,0,0,1440.0,0,0
T00084,2026-01-01T08:23:00+00:00,U0043,R0209,614.47,1,8,1,1,0,729.05,0.84,1004,0,0,0,0,1440.0,0,0
T00085,2026-01-01T08:24:00+00:00,U0103,R0463,3473.52,1,8,0,0,2,2591.18,1.34,145,0,0,0,0,52.0,0,0
T00086,2026-01-01T08:25:00+00:00,U0098,R0002,6313.11,1,8,0,0,0,3574.82,1.77,938,0,0,0,0,63.0,0,0
T00087,2026-01-01T08:26:00+00:00,U0068,R0475,704.15,1,8,0,0,1,3889.13,0.18,98,0,0,0,0,29.0,0,0
T00088,2026-01-01T08:27:00+00:00,U0117,R0147,461.74,1,8,0,0,0,850.21,0.54,876,0,0,0,0,1440.0,0,0
T00089,2026-01-01T08:28:00+00:00,U0188,R0402,1037.14,1,8,0,0,1,6897.83,0.15,1681,0,0,0,0,34.0,0,0
T00090,2026-01-01T08:29:00+00:00,U0184,R0250,303.11,1,8,1,0,0,682.34,0.44,327,0,0,0,0,1440.0,0,0
T00091,2026-01-01T08:30:00+00:00,U0056,R0496,7870.83,1,8,1,0,0,4120.16,1.91,129,0,0,0,0,1440.0,0,0
T00092,2026-01-01T08:31:00+00:00,U0139,R0032,1122.57,1,8,0,0,2,1455.41,0.77,1504,1,0,0,0,10.0,0,0
T00093,2026-01-01T08:32:00+00:00,U0015,R0026,935.71,1,8,0,0,0,822.63,1.14,1206,0,0,0,0,1440.0,0,0
T00094,2026-01-01T08:33:00+00:00,U0136,R0081,3483.32,1,8,1,1,0,858.44,4.06,126,0,0,0,0,1440.0,0,1
T00095,2026-01-01T08:34:00+00:00,U0021,R0436,4519.76,1,8,0,0,0,2785.53,1.62,486,0,0,0,0,78.0,0,0
T00096,2026-01-01T08:35:00+00:00,U0153,R0035,1547.89,1,8,1,0,1,1559.98,0.99,798,0,0,0,0,59.0,0,0
T00097,2026-01-01T08:36:00+00:00,U0061,R0207,5527.15,1,8,0,0,0,2780.2,1.99,255,0,0,0,0,1440.0,0,0
T00098,2026-01-01T08:37:00+00:00,U0146,R0127,3779.17,1,8,0,0,1,2556.17,1.48,1480,0,0,0,0,44.0,0,0
T00099,2026-01-01T08:38:00+00:00,U0011,R0318,5580.69,1,8,0,0,0,3046.28,1.83,177,0,0,0,0,1440.0,0,0
T00100,2026-01-01T08:39:00+00:00,U0150,R0290,4818.84,1,8,0,0,0,4484.24,1.07,1080,0,0,0,0,1440.0,0,0
T00101,2026-01-01T08:40:00+00:00,U0067,R0105,2233.17,1,8,0,0,0,2479.38,0.9,1381,0,0,0,0,1440.0,0,0
T00102,2026-01-01T08:41:00+00:00,U0062,R0136,7338.01,1,8,0,0,0,4935.19,1.49,820,0,0,0,0,1440.0,0,0
T00103,2026-01-01T08:42:00+00:00,U0166,R0154,2028.09,1,8,0,0,1,11851.71,0.17,1257,0,0,0,0,28.0,0,0
T00104,2026-01-01T08:43:00+00:00,U0193,R0480,4982.99,1,8,0,0,0,3710.88,1.34,158,0,0,0,0,1440.0,0,0
T00105,2026-01-01T08:44:00+00:00,U0160,R0289,2481.69,1,8,0,0,0,4370.5,0.57,214,0,0,0,0,1440.0,0,1
T00106,2026-01-01T08:45:00+00:00,U0160,R0289,2481.69,0,8,1,1,1,2481.69,1.0,214,1,1,1,1,1.0,1,1
T00107,2026-01-01T08:46:00+00:00,U0160,R0289,2481.69,0,8,0,1,2,2481.69,1.0,214,2,2,2,2,1.0,2,1
T00108,2026-01-01T08:47:00+00:00,U0055,R0260,8413.16,1,8,0,0,0,4858.6,1.73,553,0,0,0,0,1440.0,0,0
T00109,2026-01-01T08:48:00+00:00,U0090,R0452,627.41,1,8,0,0,0,1585.01,0.4,150,0,0,0,0,1440.0,0,0
T00110,2026-01-01T08:49:00+00:00,U0095,R0146,6201.5,1,8,0,0,0,4984.19,1.24,333,0,0,0,0,1440.0,0,0
T00111,2026-01-01T08:50:00+00:00,U0140,R0361,1558.96,1,8,0,1,0,50976.14,0.03,1219,0,0,0,0,108.0,0,0
T00112,2026-01-01T08:51:00+00:00,U0168,R0271,1982.05,1,8,0,0,0,1698.95,1.17,820,0,0,0,0,83.0,0,0
T00113,2026-01-01T08:52:00+00:00,U0142,R0154,1256.72,1,8,1,1,0,1601.08,0.78,1708,0,0,0,0,99.0,0,1
T00114,2026-01-01T08:53:00+00:00,U0142,R0154,1256.72,0,8,1,1,1,1428.9,0.88,1708,1,1,1,1,1.0,1,1
T00115,2026-01-01T08:54:00+00:00,U0142,R0154,1256.72,0,8,1,1,2,1371.51,0.92,1708,2,2,2,2,1.0,2,1
T00116,2026-01-01T08:55:00+00:00,U0027,R0481,1159.3,1,8,0,0,0,2196.37,0.53,1808,0,0,0,0,1440.0,0,0
T00117,2026-01-01T08:56:00+00:00,U0030,R0456,2389.41,1,8,0,0,0,3609.17,0.66,229,0,0,0,0,1440.0,0,0
T00118,2026-01-01T08:57:00+00:00,U0040,R0140,2970.65,1,8,0,0,0,1860.76,1.6,1571,0,0,0,0,69.0,0,0
T00119,2026-01-01T08:58:00+00:00,U0054,R0368,4432.67,1,8,0,0,0,2715.75,1.63,712,0,0,0,0,1440.0,0,0
T00120,2026-01-01T08:59:00+00:00,U0163,R0437,2619.63,1,8,0,0,0,4762.75,0.55,550,0,0,0,0,1440.0,0,0
T00121,2026-01-01T09:00:00+00:00,U0065,R0464,4832.45,1,9,0,0,0,2457.94,1.97,1869,0,0,0,0,1440.0,0,0
T00122,2026-01-01T09:01:00+00:00,U0024,R0325,612.86,1,9,0,0,1,3288.01,0.19,1553,0,0,0,0,39.0,0,0
T00123,2026-01-01T09:02:00+00:00,U0071,R0023,1323.47,1,9,0,0,0,952.49,1.39,17,0,0,0,0,1440.0,0,0
T00124,2026-01-01T09:03:00+00:00,U0034,R0327,3626.75,1,9,0,0,1,862.96,4.2,1925,0,0,0,0,54.0,0,0
T00125,2026-01-01T09:04:00+00:00,U0042,R0380,6024.95,1,9,0,0,0,1093.99,5.51,914,0,0,0,0,1440.0,0,1
T00126,2026-01-01T09:05:00+00:00,U0110,R0288,1604.57,1,9,0,0,0,2465.66,0.65,29,0,0,0,0,1440.0,0,0
T00127,2026-01-01T09:06:00+00:00,U0177,R0463,804.23,1,9,0,0,0,484.77,1.66,315,0,0,0,0,1440.0,0,0
T00128,2026-01-01T09:07:00+00:00,U0095,R0299,1868.98,1,9,0,0,1,6201.5,0.3,333,0,0,0,0,18.0,0,0
T00129,2026-01-01T09:08:00+00:00,U0111,R0066,765.59,1,9,0,0,1,879.36,0.87,877,0,0,0,0,56.0,0,0
T00130,2026-01-01T09:09:00+00:00,U0094,R0461,2209.43,1,9,0,0,0,5819.26,0.38,768,0,0,0,0,111.0,0,0
T00131,2026-01-01T09:10:00+00:00,U0011,R0461,6654.75,1,9,0,0,1,5580.69,1.19,177,0,0,0,0,32.0,0,0
T00132,2026-01-01T09:11:00+00:00,U0175,R0128,2896.5,1,9,0,0,0,2402.84,1.21,1375,0,0,0,0,1440.0,0,0
T00133,2026-01-01T09:12:00+00:00,U0200,R0287,334.21,1,9,0,0,0,2150.22,0.16,1096,0,0,0,0,83.0,0,0
T00134,2026-01-01T09:13:00+00:00,U0105,R0499,5871.97,1,9,0,0,0,3745.05,1.57,203,0,0,0,0,62.0,0,0
T00135,2026-01-01T09:14:00+00:00,U0040,R0474,859.5,1,9,0,0,1,2415.7,0.36,1571,0,0,0,0,17.0,0,0
T00136,2026-01-01T09:15:00+00:00,U0042,R0500,703.89,1,9,0,0,1,6024.95,0.12,914,0,0,0,0,11.0,0,0
T00137,2026-01-01T09:16:00+00:00,U0046,R0452,3902.06,1,9,0,0,0,1973.65,1.98,854,0,0,0,0,1440.0,0,0
T00138,2026-01-01T09:17:00+00:00,U0189,R0474,731.37,1,9,0,0,0,1018.44,0.72,690,0,0,0,0,1440.0,0,0
T00139,2026-01-01T09:18:00+00:00,U0106,R0411,2034.06,1,9,0,0,0,1114.86,1.82,1381,0,0,0,0,1440.0,0,0
T00140,2026-01-01T09:19:00+00:00,U0064,R0137,2411.71,1,9,0,1,0,779.02,3.1,1159,0,0,0,0,109.0,0,0
T00141,2026-01-01T09:20:00+00:00,U0180,R0056,3057.3,1,9,0,0,0,4140.24,0.74,793,0,0,0,0,1440.0,0,0
T00142,2026-01-01T09:21:00+00:00,U0121,R0114,3709.4,1,9,0,0,0,2916.79,1.27,418,0,0,0,0,1440.0,0,0
T00143,2026-01-01T09:22:00+00:00,U0118,R0180,1863.62,1,9,0,0,0,1821.29,1.02,635,0,0,0,0,1440.0,0,0
T00144,2026-01-01T09:23:00+00:00,U0059,R0115,2506.36,1,9,0,0,0,6790.25,0.37,75,0,0,0,0,79.0,0,0
T00145,2026-01-01T09:24:00+00:00,U0050,R0205,1087.91,1,9,0,0,0,2803.17,0.39,682,0,0,0,0,1440.0,0,0
T00146,2026-01-01T09:25:00+00:00,U0018,R0496,29227.45,1,9,1,0,0,7442.38,3.93,74,0,0,0,0,79.0,0,1
T00147,2026-01-01T09:26:00+00:00,U0090,R0329,5083.74,1,9,0,0,1,627.41,8.1,150,0,0,0,0,38.0,0,0
T00148,2026-01-01T09:27:00+00:00,U0174,R0432,7993.22,1,9,1,0,0,4668.79,1.71,1108,0,0,0,0,1440.0,0,0
T00149,2026-01-01T09:28:00+00:00,U0008,R0060,2864.25,1,9,0,0,0,2062.24,1.39,457,0,0,0,0,145.0,0,0
T00150,2026-01-01T09:29:00+00:00,U0067,R0092,2288.4,1,9,0,0,1,2233.17,1.02,1381,0,0,0,0,49.0,0,0
T00151,2026-01-01T09:30:00+00:00,U0068,R0020,1806.17,1,9,0,0,0,2827.47,0.64,98,0,0,0,0,64.0,0,0
T00152,2026-01-01T09:31:00+00:00,U0112,R0177,4277.58,1,9,0,0,0,6970.15,0.61,939,0,0,0,0,110.0,0,0
T00153,2026-01-01T09:32:00+00:00,U0081,R0224,2010.21,1,9,0,0,0,2474.59,0.81,1251,0,0,0,0,1440.0,0,0
T00154,2026-01-01T09:33:00+00:00,U0030,R0198,4313.44,1,9,0,0,1,2389.41,1.81,229,0,0,0,0,37.0,0,0
T00155,2026-01-01T09:34:00+00:00,U0049,R0131,1611.96,1,9,0,0,0,849.42,1.9,100,0,0,0,0,1440.0,0,0
T00156,2026-01-01T09:35:00+00:00,U0001,R0267,5459.72,1,9,0,0,0,4031.92,1.35,1905,0,0,0,0,1440.0,0,0
T00157,2026-01-01T09:36:00+00:00,U0176,R0369,840.61,1,9,0,0,0,1012.87,0.83,1935,0,0,0,0,1440.0,0,0
T00158,2026-01-01T09:37:00+00:00,U0172,R0101,29374.15,1,9,1,0,0,1510.69,19.44,1447,0,0,0,0,89.0,0,1
T00159,2026-01-01T09:38:00+00:00,U0018,R0486,1425.9,1,9,0,0,1,18334.92,0.08,74,0,0,0,0,13.0,0,0
T00160,2026-01-01T09:39:00+00:00,U0085,R0320,692.91,1,9,0,0,0,1004.61,0.69,652,0,0,0,0,1440.0,0,0
T00161,2026-01-01T09:40:00+00:00,U0032,R0369,4354.48,1,9,0,0,0,3561.56,1.22,1853,0,0,0,0,1440.0,0,0
T00162,2026-01-01T09:41:00+00:00,U0080,R0342,5903.01,1,9,0,0,0,4569.72,1.29,846,0,0,0,0,1440.0,0,0
T00163,2026-01-01T09:42:00+00:00,U0179,R0152,1323.49,1,9,0,0,0,1020.75,1.3,1145,0,0,0,0,1440.0,0,0
T00164,2026-01-01T09:43:00+00:00,U0108,R0341,50100.27,1,9,1,1,0,4398.98,11.39,1935,0,0,0,0,1440.0,0,1
T00165,2026-01-01T09:44:00+00:00,U0192,R0463,2026.97,1,9,0,0,0,5516.32,0.37,887,0,0,0,0,133.0,0,0
T00166,2026-01-01T09:45:00+00:00,U0146,R0155,7102.91,1,9,0,0,0,2963.84,2.4,1480,0,0,0,0,68.0,0,0
T00167,2026-01-01T09:46:00+00:00,U0001,R0156,8507.65,1,9,0,0,1,5459.72,1.56,1905,0,0,0,0,11.0,0,0
T00168,2026-01-01T09:47:00+00:00,U0111,R0403,3574.26,1,9,0,0,1,822.48,4.35,877,0,0,0,0,39.0,0,0
T00169,2026-01-01T09:48:00+00:00,U0168,R0165,1254.1,1,9,0,0,1,1840.5,0.68,820,0,0,0,0,57.0,0,0
T00170,2026-01-01T09:49:00+00:00,U0114,R0346,4109.15,1,9,0,0,0,4623.32,0.89,447,0,0,0,0,1440.0,0,0
T00171,2026-01-01T09:50:00+00:00,U0189,R0087,1449.38,1,9,0,0,1,731.37,1.98,690,0,0,0,0,33.0,0,0
T00172,2026-01-01T09:51:00+00:00,U0073,R0264,4209.44,1,9,0,0,0,2268.95,1.86,1369,0,0,0,0,1440.0,0,0
T00173,2026-01-01T09:52:00+00:00,U0086,R0048,516.28,1,9,0,1,0,361.54,1.43,1686,0,0,0,0,1440.0,0,0
T00174,2026-01-01T09:53:00+00:00,U0061,R0345,1000.9,1,9,1,0,0,5527.15,0.18,255,0,0,0,0,77.0,0,0
T00175,2026-01-01T09:54:00+00:00,U0051,R0076,968.99,1,9,0,0,0,615.26,1.57,60,0,0,0,0,1440.0,0,0
T00176,2026-01-01T09:55:00+00:00,U0122,R0313,433.2,1,9,0,0,0,1196.23,0.36,1750,0,0,0,0,1440.0,0,0
T00177,2026-01-01T09:56:00+00:00,U0117,R0213,27928.88,1,9,1,0,0,461.74,60.49,876,0,0,0,0,89.0,0,1
T00178,2026-01-01T09:57:00+00:00,U0148,R0100,1652.43,1,9,0,0,0,2926.87,0.56,507,0,0,0,0,107.0,0,0
T00179,2026-01-01T09:58:00+00:00,U0099,R0254,1562.0,1,9,0,0,0,2054.55,0.76,828,0,0,0,0,1440.0,0,0
T00180,2026-01-01T09:59:00+00:00,U0168,R0353,9764.08,1,9,1,0,1,1645.03,5.94,820,0,0,0,0,11.0,0,1
T00181,2026-01-01T10:00:00+00:00,U0193,R0441,1137.23,1,10,1,0,0,4982.99,0.23,158,0,0,0,0,77.0,0,1
T00182,2026-01-01T10:01:00+00:00,U0193,R0441,1137.23,0,10,0,1,1,3060.11,0.37,158,1,1,1,1,1.0,1,1
T00183,2026-01-01T10:02:00+00:00,U0193,R0441,1137.23,0,10,0,1,2,2419.15,0.47,158,2,2,2,2,1.0,2,1
T00184,2026-01-01T10:03:00+00:00,U0028,R0399,547.44,1,10,0,0,0,819.94,0.67,1290,0,0,0,0,107.0,0,0
T00185,2026-01-01T10:04:00+00:00,U0046,R0412,3110.91,1,10,0,0,1,3902.06,0.8,854,0,0,0,0,48.0,0,0
T00186,2026-01-01T10:05:00+00:00,U0133,R0238,160.83,1,10,0,0,0,7272.85,0.02,257,0,0,0,0,123.0,0,0
T00187,2026-01-01T10:06:00+00:00,U0064,R0470,3090.23,1,10,0,0,1,1595.37,1.94,1159,0,0,0,0,47.0,0,0
T00188,2026-01-01T10:07:00+00:00,U0117,R0069,1436.45,1,10,0,0,1,14195.31,0.1,876,0,0,0,0,11.0,0,0
T00189,2026-01-01T10:08:00+00:00,U0171,R0272,2754.66,1,10,0,0,0,2224.23,1.24,1154,0,0,0,0,1440.0,0,0
T00190,2026-01-01T10:09:00+00:00,U0194,R0457,2093.0,1,10,0,0,0,442.42,4.73,1773,0,0,0,0,155.0,0,0
T00191,2026-01-01T10:10:00+00:00,U0185,R0457,4152.13,1,10,0,0,0,4427.53,0.94,1483,0,0,0,0,146.0,0,0
T00192,2026-01-01T10:11:00+00:00,U0141,R0229,2420.02,1,10,0,0,0,3579.7,0.68,113,0,0,0,0,111.0,0,0
T00193,2026-01-01T10:12:00+00:00,U0191,R0442,1639.88,1,10,0,0,0,2770.74,0.59,982,0,0,0,0,1440.0,0,0
T00194,2026-01-01T10:13:00+00:00,U0193,R0127,1092.46,1,10,0,0,3,2098.67,0.52,158,0,0,0,0,11.0,0,0
T00195,2026-01-01T10:14:00+00:00,U0071,R0393,2733.71,1,10,0,0,0,1323.47,2.07,17,0,0,0,0,72.0,0,0
T00196,2026-01-01T10:15:00+00:00,U0125,R0321,5798.23,1,10,0,0,0,4407.28,1.32,499,0,0,0,0,1440.0,0,0
T00197,2026-01-01T10:16:00+00:00,U0020,R0366,4652.5,1,10,0,0,0,8118.19,0.57,1664,0,0,0,0,117.0,0,0
T00198,2026-01-01T10:17:00+00:00,U0070,R0172,10428.44,1,10,0,1,0,1081.53,9.64,664,0,0,0,0,1440.0,0,1
T00199,2026-01-01T10:18:00+00:00,U0021,R0071,1684.11,1,10,0,0,0,3652.65,0.46,486,0,0,0,0,104.0,0,0
T00200,2026-01-01T10:19:00+00:00,U0099,R0356,3285.82,1,10,0,0,1,1562.0,2.1,828,0,0,0,0,21.0,0,0
T00201,2026-01-01T10:20:00+00:00,U0055,R0033,462.52,1,10,0,0,0,8413.16,0.05,553,0,0,0,0,93.0,0,0
T00202,2026-01-01T10:21:00+00:00,U0085,R0278,22041.72,1,10,0,1,1,692.91,31.81,652,0,0,0,0,42.0,0,1
T00203,2026-01-01T10:22:00+00:00,U0016,R0106,1004.49,1,10,0,0,0,653.15,1.54,1715,0,0,0,0,1440.0,0,0
T00204,2026-01-01T10:23:00+00:00,U0198,R0300,2467.78,1,10,0,0,0,1458.09,1.69,1947,0,0,0,0,1440.0,0,0
T00205,2026-01-01T10:24:00+00:00,U0196,R0295,2808.65,1,10,0,0,0,2090.01,1.34,219,0,0,0,0,195.0,0,0
T00206,2026-01-01T10:25:00+00:00,U0002,R0483,5043.55,1,10,0,0,0,807.04,6.25,1660,0,0,0,0,198.0,0,0
T00207,2026-01-01T10:26:00+00:00,U0193,R0200,6252.56,1,10,0,0,4,1897.43,3.3,158,0,0,0,0,13.0,0,0
T00208,2026-01-01T10:27:00+00:00,U0108,R0276,1667.97,1,10,0,1,1,50100.27,0.03,1935,0,0,0,0,44.0,0,0
T00209,2026-01-01T10:28:00+00:00,U0140,R0410,727.71,1,10,0,0,0,26267.55,0.03,1219,0,0,0,0,98.0,0,0
T00210,2026-01-01T10:29:00+00:00,U0057,R0250,1646.46,1,10,0,0,0,4602.79,0.36,459,0,0,0,0,1440.0,0,0
T00211,2026-01-01T10:30:00+00:00,U0125,R0015,9267.09,1,10,0,0,1,5798.23,1.6,499,0,0,0,0,15.0,0,0
T00212,2026-01-01T10:31:00+00:00,U0172,R0348,3076.09,1,10,0,0,1,10798.51,0.28,1447,0,0,0,0,54.0,0,0
T00213,2026-01-01T10:32:00+00:00,U0186,R0085,373.37,1,10,0,0,0,866.66,0.43,1731,0,0,0,0,1440.0,0,0
T00214,2026-01-01T10:33:00+00:00,U0033,R0319,507.59,1,10,0,0,0,607.17,0.84,1103,0,0,0,0,1440.0,0,0
T00215,2026-01-01T10:34:00+00:00,U0101,R0304,5855.02,1,10,0,0,0,3241.69,1.81,1165,0,0,0,0,1440.0,0,0
T00216,2026-01-01T10:35:00+00:00,U0022,R0330,14008.63,1,10,1,1,0,4389.46,3.19,887,0,0,0,0,1440.0,0,1
T00217,2026-01-01T10:36:00+00:00,U0119,R0094,8094.32,1,10,0,0,0,4054.28,2.0,112,0,0,0,0,1440.0,0,0
T00218,2026-01-01T10:37:00+00:00,U0084,R0109,3492.64,1,10,0,1,0,3792.5,0.92,1583,0,0,0,0,193.0,0,0
T00219,2026-01-01T10:38:00+00:00,U0087,R0390,2300.41,1,10,0,0,0,2263.5,1.02,1811,0,0,0,0,1440.0,0,0
T00220,2026-01-01T10:39:00+00:00,U0193,R0488,1550.38,1,10,0,0,5,2623.28,0.59,158,0,0,0,0,13.0,0,0
T00221,2026-01-01T10:40:00+00:00,U0065,R0428,4565.69,1,10,1,0,0,4832.45,0.94,1869,0,0,0,0,100.0,0,1
T00222,2026-01-01T10:41:00+00:00,U0005,R0384,2538.8,1,10,0,0,0,1325.79,1.91,1114,0,0,0,0,1440.0,0,0
T00223,2026-01-01T10:42:00+00:00,U0090,R0115,8447.32,1,10,0,0,0,2855.57,2.96,150,0,0,0,0,76.0,0,0
T00224,2026-01-01T10:43:00+00:00,U0200,R0491,3440.41,1,10,0,0,0,1242.21,2.77,1096,0,0,0,0,91.0,0,0
T00225,2026-01-01T10:44:00+00:00,U0194,R0016,1875.45,1,10,0,0,1,1267.71,1.48,1773,0,0,0,0,35.0,0,0
T00226,2026-01-01T10:45:00+00:00,U0052,R0430,3548.67,1,10,0,1,0,3964.05,0.9,51,0,0,0,0,1440.0,0,0
T00227,2026-01-01T10:46:00+00:00,U0062,R0065,9280.54,1,10,0,0,0,7338.01,1.26,820,0,0,0,0,125.0,0,0
T00228,2026-01-01T10:47:00+00:00,U0030,R0289,2005.72,1,10,0,0,0,3351.42,0.6,229,0,0,0,0,74.0,0,0
T00229,2026-01-01T10:48:00+00:00,U0120,R0359,3693.5,1,10,0,0,0,5150.67,0.72,524,0,0,0,0,191.0,0,0
T00230,2026-01-01T10:49:00+00:00,U0095,R0086,805.4,1,10,0,1,0,4035.24,0.2,333,0,0,0,0,102.0,0,0
T00231,2026-01-01T10:50:00+00:00,U0192,R0368,5803.72,1,10,0,0,0,3771.64,1.54,887,0,0,0,0,66.0,0,0
T00232,2026-01-01T10:51:00+00:00,U0042,R0494,1521.46,1,10,0,0,0,3364.42,0.45,914,0,0,0,0,96.0,0,0
T00233,2026-01-01T10:52:00+00:00,U0149,R0014,1950.95,1,10,0,0,0,1334.86,1.46,1912,0,0,0,0,1440.0,0,0
T00234,2026-01-01T10:53:00+00:00,U0174,R0465,3344.54,1,10,0,0,0,7993.22,0.42,1108,0,0,0,0,86.0,0,0
T00235,2026-01-01T10:54:00+00:00,U0102,R0483,2230.89,1,10,0,0,0,2958.94,0.75,1474,0,0,0,0,1440.0,0,0
T00236,2026-01-01T10:55:00+00:00,U0152,R0354,7625.89,1,10,0,0,0,4297.73,1.77,1711,0,0,0,0,1440.0,0,0
T00237,2026-01-01T10:56:00+00:00,U0027,R0357,4726.22,1,10,0,0,0,1159.3,4.08,1808,0,0,0,0,121.0,0,0
T00238,2026-01-01T10:57:00+00:00,U0176,R0308,1537.95,1,10,0,0,0,840.61,1.83,1935,0,0,0,0,81.0,0,0
T00239,2026-01-01T10:58:00+00:00,U0145,R0401,2175.35,1,10,0,0,0,3794.49,0.57,94,0,0,0,0,1440.0,0,0
T00240,2026-01-01T10:59:00+00:00,U0110,R0339,260.04,1,10,0,1,0,1604.57,0.16,29,0,0,0,0,114.0,0,0
T00241,2026-01-01T11:00:00+00:00,U0130,R0332,2095.76,1,11,0,0,0,1521.08,1.38,708,0,0,0,0,1440.0,0,0
T00242,2026-01-01T11:01:00+00:00,U0108,R0422,4730.33,1,11,1,0,1,25884.12,0.18,1935,0,0,0,0,34.0,0,0
T00243,2026-01-01T11:02:00+00:00,U0111,R0492,2219.82,1,11,0,0,0,1739.74,1.28,877,0,0,0,0,75.0,0,0
T00244,2026-01-01T11:03:00+00:00,U0118,R0363,16071.23,1,11,0,1,0,1863.62,8.62,635,0,0,0,0,101.0,0,1
T00245,2026-01-01T11:04:00+00:00,U0046,R0376,1215.75,1,11,0,1,1,3506.48,0.35,854,0,0,0,0,60.0,0,0
T00246,2026-01-01T11:05:00+00:00,U0167,R0139,1992.53,1,11,0,0,0,863.08,2.31,1126,0,0,0,0,184.0,0,0
T00247,2026-01-01T11:06:00+00:00,U0138,R0397,13471.15,1,11,1,1,0,3426.84,3.93,1898,0,0,0,0,169.0,0,1
T00248,2026-01-01T11:07:00+00:00,U0112,R0423,3164.35,1,11,0,0,0,5623.86,0.56,939,0,0,0,0,96.0,0,0
T00249,2026-01-01T11:08:00+00:00,U0069,R0166,5969.7,1,11,0,0,0,4035.6,1.48,1754,0,0,0,0,1440.0,0,0
T00250,2026-01-01T11:09:00+00:00,U0023,R0143,2581.24,1,11,1,0,0,3376.2,0.76,1815,0,0,0,0,1440.0,0,0
T00251,2026-01-01T11:10:00+00:00,U0193,R0238,4799.08,1,11,0,0,3,2470.01,1.94,158,0,0,0,0,31.0,0,0
T00252,2026-01-01T11:11:00+00:00,U0172,R0195,4904.34,1,11,0,0,1,8867.91,0.55,1447,0,0,0,0,40.0,0,0
T00253,2026-01-01T11:12:00+00:00,U0127,R0436,628.36,1,11,0,0,0,446.33,1.41,675,0,0,0,0,1440.0,0,0
T00254,2026-01-01T11:13:00+00:00,U0055,R0182,2984.97,1,11,0,0,1,4437.84,0.67,553,0,0,0,0,53.0,0,0
T00255,2026-01-01T11:14:00+00:00,U0088,R0144,6806.04,1,11,0,0,0,4270.48,1.59,1812,0,0,0,0,1440.0,0,0
T00256,2026-01-01T11:15:00+00:00,U0071,R0285,39568.55,1,11,1,0,0,2028.59,19.51,17,0,0,0,0,61.0,0,1
T00257,2026-01-01T11:16:00+00:00,U0049,R0044,1301.87,1,11,0,0,0,1611.96,0.81,100,0,0,0,0,102.0,0,0
T00258,2026-01-01T11:17:00+00:00,U0105,R0251,775.91,1,11,0,0,0,4808.51,0.16,203,0,0,0,0,124.0,0,0
T00259,2026-01-01T11:18:00+00:00,U0062,R0354,780.05,1,11,0,0,1,8309.28,0.09,820,0,0,0,0,32.0,0,0
T00260,2026-01-01T11:19:00+00:00,U0183,R0252,2483.06,1,11,0,0,0,1065.68,2.33,827,0,0,0,0,199.0,0,0
T00261,2026-01-01T11:20:00+00:00,U0005,R0048,543.03,1,11,0,0,1,2538.8,0.21,1114,0,0,0,0,39.0,0,0
T00262,2026-01-01T11:21:00+00:00,U0104,R0355,1113.36,1,11,0,0,0,969.73,1.15,508,0,0,0,0,1440.0,0,0
T00263,2026-01-01T11:22:00+00:00,U0149,R0189,295.76,1,11,0,0,1,1950.95,0.15,1912,0,0,0,0,30.0,0,0
T00264,2026-01-01T11:23:00+00:00,U0136,R0177,197.74,1,11,0,0,0,3483.32,0.06,126,0,0,0,0,170.0,0,0
T00265,2026-01-01T11:24:00+00:00,U0191,R0282,5880.74,1,11,0,0,0,1639.88,3.59,982,0,0,0,0,72.0,0,0
T00266,2026-01-01T11:25:00+00:00,U0180,R0233,4940.15,1,11,0,0,0,3057.3,1.62,793,0,0,0,0,125.0,0,0
T00267,2026-01-01T11:26:00+00:00,U0065,R0119,26681.96,1,11,1,1,1,4699.07,5.68,1869,0,0,0,0,46.0,0,1
T00268,2026-01-01T11:27:00+00:00,U0050,R0162,3194.17,1,11,0,0,0,1087.91,2.94,682,0,0,0,0,123.0,0,0
T00269,2026-01-01T11:28:00+00:00,U0138,R0487,4426.81,1,11,0,0,1,5937.92,0.75,1898,0,0,0,0,22.0,0,0
T00270,2026-01-01T11:29:00+00:00,U0048,R0099,275.24,1,11,0,0,0,683.66,0.4,453,0,0,0,0,1440.0,0,0
T00271,2026-01-01T11:30:00+00:00,U0071,R0371,2606.04,1,11,0,0,1,14541.91,0.18,17,0,0,0,0,15.0,0,0
T00272,2026-01-01T11:31:00+00:00,U0195,R0269,3894.9,1,11,0,0,0,2815.33,1.38,1578,0,0,0,0,216.0,0,0
T00273,2026-01-01T11:32:00+00:00,U0026,R0427,9752.02,1,11,0,0,0,4982.77,1.96,407,0,0,0,0,1440.0,0,0
T00274,2026-01-01T11:33:00+00:00,U0093,R0092,225.11,1,11,0,0,0,1915.75,0.12,403,0,0,0,0,222.0,0,0
T00275,2026-01-01T11:34:00+00:00,U0182,R0274,5809.27,1,11,0,0,0,3717.69,1.56,269,0,0,0,0,1440.0,0,0
T00276,2026-01-01T11:35:00+00:00,U0014,R0284,1819.55,1,11,0,0,0,4941.95,0.37,608,0,0,0,0,1440.0,0,0
T00277,2026-01-01T11:36:00+00:00,U0033,R0327,4180.97,1,11,0,0,0,507.59,8.24,1103,0,0,0,0,63.0,0,0
T00278,2026-01-01T11:37:00+00:00,U0126,R0053,2092.62,1,11,0,0,0,1601.09,1.31,1797,0,0,0,0,1440.0,0,0
T00279,2026-01-01T11:38:00+00:00,U0073,R0241,5053.79,1,11,0,0,0,4209.44,1.2,1369,0,0,0,0,107.0,0,0
T00280,2026-01-01T11:39:00+00:00,U0088,R0095,805.53,1,11,1,0,1,6806.04,0.12,1812,0,0,0,0,25.0,0,0
T00281,2026-01-01T11:40:00+00:00,U0065,R0482,1882.64,1,11,0,0,2,12026.7,0.16,1869,0,0,0,0,14.0,0,0
T00282,2026-01-01T11:41:00+00:00,U0030,R0421,2600.86,1,11,0,0,1,2902.86,0.9,229,0,0,0,0,54.0,0,0
T00283,2026-01-01T11:42:00+00:00,U0126,R0038,2143.42,1,11,0,0,1,2092.62,1.02,1797,1,0,0,0,5.0,0,0
T00284,2026-01-01T11:43:00+00:00,U0176,R0028,5205.24,1,11,0,0,1,1189.28,4.38,1935,0,0,0,0,46.0,0,0
T00285,2026-01-01T11:44:00+00:00,U0145,R0486,2394.33,1,11,0,0,1,2175.35,1.1,94,0,0,0,0,46.0,0,0
T00286,2026-01-01T11:45:00+00:00,U0064,R0061,4805.74,1,11,0,0,0,2093.65,2.3,1159,0,0,0,0,99.0,0,0
T00287,2026-01-01T11:46:00+00:00,U0107,R0311,33752.93,1,11,1,1,0,3761.09,8.97,1230,0,0,0,0,1440.0,0,1
T00288,2026-01-01T11:47:00+00:00,U0058,R0398,5419.06,1,11,0,0,0,3051.17,1.78,1080,0,0,0,0,1440.0,0,0
T00289,2026-01-01T11:48:00+00:00,U0114,R0153,683.67,1,11,0,0,0,4109.15,0.17,447,0,0,0,0,119.0,0,0
T00290,2026-01-01T11:49:00+00:00,U0110,R0157,4578.04,1,11,0,0,1,932.3,4.91,29,0,0,0,0,50.0,0,0
T00291,2026-01-01T11:50:00+00:00,U0016,R0313,11846.53,1,11,1,0,0,1004.49,11.79,1715,0,0,0,0,88.0,0,1
T00292,2026-01-01T11:51:00+00:00,U0026,R0486,5865.87,1,11,0,0,1,9752.02,0.6,407,0,0,0,0,19.0,0,0
T00293,2026-01-01T11:52:00+00:00,U0161,R0109,1845.6,1,11,0,0,0,3396.47,0.54,1632,0,0,0,0,257.0,0,0
T00294,2026-01-01T11:53:00+00:00,U0021,R0081,1804.18,1,11,1,0,0,2996.47,0.6,486,0,0,0,0,95.0,0,0
T00295,2026-01-01T11:54:00+00:00,U0142,R0039,4236.5,1,11,0,0,0,1342.81,3.15,1708,0,0,0,0,180.0,0,0
T00296,2026-01-01T11:55:00+00:00,U0105,R0231,6927.16,1,11,0,0,1,3464.31,2.0,203,0,0,0,0,38.0,0,0
T00297,2026-01-01T11:56:00+00:00,U0121,R0150,1048.6,1,11,0,0,0,3709.4,0.28,418,0,0,0,0,155.0,0,0
T00298,2026-01-01T11:57:00+00:00,U0074,R0362,1865.55,1,11,0,0,0,1313.67,1.42,589,0,0,0,0,1440.0,0,0
T00299,2026-01-01T11:58:00+00:00,U0117,R0037,6780.36,1,11,0,1,0,9942.36,0.68,876,0,0,0,0,111.0,0,0
T00300,2026-01-01T11:59:00+00:00,U0068,R0404,7160.08,1,11,0,0,0,2572.14,2.78,98,0,0,0,0,149.0,0,0
T00301,2026-01-01T12:00:00+00:00,U0151,R0339,1882.64,1,12,0,0,0,2199.46,0.86,1656,0,0,0,0,1440.0,0,0
T00302,2026-01-01T12:01:00+00:00,U0109,R0059,4213.7,1,12,0,0,0,1015.78,4.15,579,0,0,0,0,243.0,0,0
T00303,2026-01-01T12:02:00+00:00,U0166,R0077,278.6,1,12,0,0,0,8577.17,0.03,1257,0,0,0,0,200.0,0,0
T00304,2026-01-01T12:03:00+00:00,U0037,R0037,2259.7,1,12,0,0,0,2126.22,1.06,132,0,0,0,0,1440.0,0,0
T00305,2026-01-01T12:04:00+00:00,U0079,R0305,853.88,1,12,0,0,0,1367.0,0.62,128,0,0,0,0,252.0,0,0
T00306,2026-01-01T12:05:00+00:00,U0146,R0472,3685.57,1,12,0,0,0,3998.61,0.92,1480,0,0,0,0,140.0,0,0
T00307,2026-01-01T12:06:00+00:00,U0032,R0240,12226.13,1,12,0,1,0,4354.48,2.81,1853,0,0,0,0,146.0,0,1
T00308,2026-01-01T12:07:00+00:00,U0180,R0207,5052.39,1,12,0,0,1,3998.72,1.26,793,0,0,0,0,42.0,0,0
T00309,2026-01-01T12:08:00+00:00,U0129,R0277,244.07,1,12,0,0,0,6084.89,0.04,375,0,0,0,0,263.0,0,0
T00310,2026-01-01T12:09:00+00:00,U0021,R0307,2709.58,1,12,0,0,1,2698.4,1.0,486,0,0,0,0,16.0,0,0
T00311,2026-01-01T12:10:00+00:00,U0111,R0377,874.53,1,12,0,0,0,1859.76,0.47,877,0,0,0,0,68.0,0,0
T00312,2026-01-01T12:11:00+00:00,U0065,R0014,4956.59,1,12,0,0,2,9490.68,0.52,1869,0,0,0,0,31.0,0,0
T00313,2026-01-01T12:12:00+00:00,U0173,R0429,1586.13,1,12,0,0,0,1581.33,1.0,1772,0,0,0,0,1440.0,0,0
T00314,2026-01-01T12:13:00+00:00,U0006,R0392,1374.99,1,12,0,0,0,1152.76,1.19,1386,0,0,0,0,1440.0,0,0
T00315,2026-01-01T12:14:00+00:00,U0148,R0021,2916.79,1,12,0,0,0,2289.65,1.27,507,0,0,0,0,137.0,0,0
T00316,2026-01-01T12:15:00+00:00,U0045,R0241,693.74,1,12,1,0,0,504.04,1.38,1072,0,0,0,0,1440.0,0,0
T00317,2026-01-01T12:16:00+00:00,U0072,R0093,3064.39,1,12,0,0,0,4455.77,0.69,1208,0,0,0,0,1440.0,0,0
T00318,2026-01-01T12:17:00+00:00,U0126,R0497,7772.82,1,12,0,0,2,2118.02,3.67,1797,0,0,0,0,35.0,0,0
T00319,2026-01-01T12:18:00+00:00,U0090,R0210,2703.23,1,12,0,0,0,4719.49,0.57,150,0,0,0,0,96.0,0,0
T00320,2026-01-01T12:19:00+00:00,U0172,R0054,3451.94,1,12,0,0,0,8075.19,0.43,1447,0,0,0,0,68.0,0,0
T00321,2026-01-01T12:20:00+00:00,U0085,R0211,2911.23,1,12,0,0,0,11367.32,0.26,652,0,0,0,0,119.0,0,0
T00322,2026-01-01T12:21:00+00:00,U0074,R0340,3876.67,1,12,0,0,1,1865.55,2.08,589,0,0,0,0,24.0,0,0
T00323,2026-01-01T12:22:00+00:00,U0195,R0282,5214.89,1,12,0,0,1,3355.11,1.55,1578,0,0,0,0,51.0,0,0
T00324,2026-01-01T12:23:00+00:00,U0023,R0162,3514.87,1,12,0,1,0,2581.24,1.36,1815,0,0,0,0,74.0,0,0
T00325,2026-01-01T12:24:00+00:00,U0030,R0497,1208.75,1,12,0,0,1,2827.36,0.43,229,0,0,0,0,43.0,0,0
T00326,2026-01-01T12:25:00+00:00,U0132,R0423,7762.02,1,12,0,0,0,702.59,11.05,12,0,0,0,0,1440.0,0,1
T00327,2026-01-01T12:26:00+00:00,U0139,R0237,822.87,1,12,0,0,0,1344.47,0.61,1504,0,0,0,0,235.0,0,0
T00328,2026-01-01T12:27:00+00:00,U0049,R0266,1703.34,1,12,0,0,0,1456.91,1.17,100,0,0,0,0,71.0,0,0
T00329,2026-01-01T12:28:00+00:00,U0194,R0256,1580.09,1,12,0,1,0,1470.29,1.07,1773,0,0,0,0,104.0,0,0
T00330,2026-01-01T12:29:00+00:00,U0195,R0027,4505.39,1,12,0,0,2,3975.04,1.13,1578,1,0,0,0,7.0,0,0
T00331,2026-01-01T12:30:00+00:00,U0141,R0068,2870.97,1,12,0,0,0,2999.86,0.96,113,0,0,0,0,139.0,0,0
T00332,2026-01-01T12:31:00+00:00,U0113,R0451,803.89,1,12,0,0,0,754.38,1.07,1440,0,0,0,0,1440.0,0,0
T00333,2026-01-01T12:32:00+00:00,U0008,R0499,7577.25,1,12,0,0,0,2463.24,3.08,457,0,0,0,0,184.0,0,0
T00334,2026-01-01T12:33:00+00:00,U0062,R0364,9313.23,1,12,0,0,0,5799.53,1.61,820,0,0,0,0,75.0,0,0
T00335,2026-01-01T12:34:00+00:00,U0142,R0008,1458.77,1,12,0,0,1,1921.55,0.76,1708,0,0,0,0,40.0,0,0
T00336,2026-01-01T12:35:00+00:00,U0024,R0116,5982.64,1,12,0,0,0,1950.44,3.07,1553,0,0,0,0,214.0,0,0
T00337,2026-01-01T12:36:00+00:00,U0030,R0237,894.68,1,12,0,0,2,2503.64,0.36,229,0,0,0,0,12.0,0,0
T00338,2026-01-01T12:37:00+00:00,U0166,R0427,2296.29,1,12,0,0,1,6502.53,0.35,1257,0,0,0,0,35.0,0,0
T00339,2026-01-01T12:38:00+00:00,U0184,R0150,5236.32,1,12,0,0,0,303.11,17.28,327,0,0,0,0,249.0,0,0
T00340,2026-01-01T12:39:00+00:00,U0070,R0213,1431.01,1,12,0,0,0,10428.44,0.14,664,0,0,0,0,142.0,0,0
T00341,2026-01-01T12:40:00+00:00,U0121,R0125,6716.55,1,12,0,0,1,2379.0,2.82,418,0,0,0,0,44.0,0,0
T00342,2026-01-01T12:41:00+00:00,U0038,R0197,1652.62,1,12,0,1,0,1115.57,1.48,400,0,0,0,0,1440.0,0,0
T00343,2026-01-01T12:42:00+00:00,U0131,R0383,2188.19,1,12,0,0,0,4165.66,0.53,1810,0,0,0,0,1440.0,0,0
T00344,2026-01-01T12:43:00+00:00,U0018,R0142,5039.58,1,12,0,0,0,12698.58,0.4,74,0,0,0,0,185.0,0,0
T00345,2026-01-01T12:44:00+00:00,U0107,R0175,913.67,1,12,0,0,1,33752.93,0.03,1230,0,0,0,0,58.0,0,0
T00346,2026-01-01T12:45:00+00:00,U0130,R0137,5957.04,1,12,1,0,0,2095.76,2.84,708,0,0,0,0,105.0,0,0
T00347,2026-01-01T12:46:00+00:00,U0073,R0372,2805.23,1,12,0,0,0,4631.61,0.61,1369,0,0,0,0,68.0,0,0
T00348,2026-01-01T12:47:00+00:00,U0151,R0297,4514.04,1,12,0,0,1,1882.64,2.4,1656,0,0,0,0,47.0,0,0
T00349,2026-01-01T12:48:00+00:00,U0126,R0444,981.66,1,12,1,0,1,4002.95,0.25,1797,0,0,0,0,31.0,0,0
T00350,2026-01-01T12:49:00+00:00,U0138,R0248,3478.83,1,12,0,0,0,5635.7,0.62,1898,0,0,0,0,81.0,0,0
T00351,2026-01-01T12:50:00+00:00,U0142,R0391,1144.3,1,12,0,0,2,1844.42,0.62,1708,0,0,0,0,16.0,0,0
T00352,2026-01-01T12:51:00+00:00,U0117,R0478,5552.61,1,12,0,0,1,9151.86,0.61,876,0,0,0,0,53.0,0,0
T00353,2026-01-01T12:52:00+00:00,U0049,R0358,1202.43,1,12,0,0,1,1539.06,0.78,100,0,0,0,0,25.0,0,0
T00354,2026-01-01T12:53:00+00:00,U0099,R0120,2036.63,1,12,0,0,0,2423.91,0.84,828,0,0,0,0,154.0,0,0
T00355,2026-01-01T12:54:00+00:00,U0106,R0023,354.48,1,12,0,0,0,2034.06,0.17,1381,0,0,0,0,216.0,0,0
T00356,2026-01-01T12:55:00+00:00,U0122,R0362,2064.84,1,12,0,0,0,433.2,4.77,1750,0,0,0,0,180.0,0,0
T00357,2026-01-01T12:56:00+00:00,U0098,R0198,16892.5,1,12,1,1,0,4487.59,3.76,938,0,0,0,0,271.0,0,1
T00358,2026-01-01T12:57:00+00:00,U0167,R0078,1004.63,1,12,0,0,0,1239.56,0.81,1126,0,0,0,0,112.0,0,0
T00359,2026-01-01T12:58:00+00:00,U0010,R0065,1440.29,1,12,0,0,0,2594.73,0.56,1038,0,0,0,0,1440.0,0,0
T00360,2026-01-01T12:59:00+00:00,U0085,R0446,2005.93,1,12,0,0,1,8548.62,0.23,652,0,0,0,0,39.0,0,0
T00361,2026-01-01T13:00:00+00:00,U0113,R0052,7844.87,1,13,0,0,1,803.89,9.76,1440,0,0,0,0,29.0,0,0
T00362,2026-01-01T13:01:00+00:00,U0117,R0008,2588.95,1,13,0,0,1,8432.01,0.31,876,1,0,0,0,10.0,0,0
T00363,2026-01-01T13:02:00+00:00,U0105,R0446,4681.66,1,13,0,0,0,4330.02,1.08,203,0,0,0,0,67.0,0,0
T00364,2026-01-01T13:03:00+00:00,U0040,R0039,724.44,1,13,0,0,0,1896.97,0.38,1571,0,0,0,0,229.0,0,0
T00365,2026-01-01T13:04:00+00:00,U0068,R0174,1296.87,1,13,0,0,0,3489.73,0.37,98,0,0,0,0,65.0,0,0
T00366,2026-01-01T13:05:00+00:00,U0102,R0333,1973.92,1,13,1,1,0,2230.89,0.88,1474,0,0,0,0,131.0,0,1
T00367,2026-01-01T13:06:00+00:00,U0085,R0437,1515.02,1,13,0,0,2,6912.95,0.22,652,1,0,0,0,7.0,0,0
T00368,2026-01-01T13:07:00+00:00,U0137,R0195,522.56,1,13,0,0,0,3531.39,0.15,511,0,0,0,0,346.0,0,0
T00369,2026-01-01T13:08:00+00:00,U0161,R0368,175.19,1,13,1,0,0,2621.03,0.07,1632,0,0,0,0,76.0,0,0
T00370,2026-01-01T13:09:00+00:00,U0125,R0447,3071.85,1,13,0,0,0,7532.66,0.41,499,0,0,0,0,159.0,0,0
T00371,2026-01-01T13:10:00+00:00,U0159,R0036,5495.96,1,13,0,0,0,3940.78,1.39,490,0,0,0,0,1440.0,0,0
T00372,2026-01-01T13:11:00+00:00,U0074,R0117,3234.24,1,13,1,0,1,2871.11,1.13,589,0,0,0,0,50.0,0,0
T00373,2026-01-01T13:12:00+00:00,U0112,R0051,6410.81,1,13,0,0,0,4804.03,1.33,939,0,0,0,0,125.0,0,0
T00374,2026-01-01T13:13:00+00:00,U0181,R0447,3178.76,1,13,0,0,0,4661.99,0.68,215,0,0,0,0,1440.0,0,0
T00375,2026-01-01T13:14:00+00:00,U0178,R0154,6053.83,1,13,0,0,0,3180.82,1.9,1860,0,0,0,0,1440.0,0,0
T00376,2026-01-01T13:15:00+00:00,U0084,R0408,6246.49,1,13,0,0,0,3642.57,1.71,1583,0,0,0,0,158.0,0,0
T00377,2026-01-01T13:16:00+00:00,U0092,R0192,7967.54,1,13,0,0,0,4278.62,1.86,892,0,0,0,0,1440.0,0,0
T00378,2026-01-01T13:17:00+00:00,U0136,R0211,6549.71,1,13,0,0,0,1840.53,3.56,126,0,0,0,0,114.0,0,0
T00379,2026-01-01T13:18:00+00:00,U0047,R0088,5648.68,1,13,0,0,0,6255.24,0.9,957,0,0,0,0,300.0,0,0
T00380,2026-01-01T13:19:00+00:00,U0157,R0446,1410.1,1,13,0,0,0,919.13,1.53,793,0,0,0,0,1440.0,0,0
T00381,2026-01-01T13:20:00+00:00,U0062,R0255,6571.5,1,13,0,0,1,6677.96,0.98,820,0,0,0,0,47.0,0,0
T00382,2026-01-01T13:21:00+00:00,U0037,R0119,2141.0,1,13,0,0,0,2259.7,0.95,132,0,0,0,0,78.0,0,0
T00383,2026-01-01T13:22:00+00:00,U0066,R0236,2218.27,1,13,0,0,0,3877.27,0.57,532,0,0,0,0,1440.0,0,0
T00384,2026-01-01T13:23:00+00:00,U0120,R0462,7377.02,1,13,0,0,0,4422.09,1.67,524,0,0,0,0,155.0,0,0
T00385,2026-01-01T13:24:00+00:00,U0140,R0081,1565.71,1,13,0,0,0,17754.27,0.09,1219,0,0,0,0,176.0,0,0
T00386,2026-01-01T13:25:00+00:00,U0089,R0301,3216.42,1,13,0,0,0,1970.31,1.63,622,0,0,0,0,1440.0,0,0
T00387,2026-01-01T13:26:00+00:00,U0109,R0354,730.51,1,13,0,1,0,2081.76,0.35,579,0,0,0,0,85.0,0,0
T00388,2026-01-01T13:27:00+00:00,U0078,R0102,1015.83,1,13,0,0,0,1836.58,0.55,797,0,0,0,0,1440.0,0,0
T00389,2026-01-01T13:28:00+00:00,U0028,R0122,2158.27,1,13,0,0,0,729.1,2.96,1290,0,0,0,0,205.0,0,0
T00390,2026-01-01T13:29:00+00:00,U0092,R0295,2143.29,1,13,0,0,1,7967.54,0.27,892,0,0,0,0,13.0,0,0
T00391,2026-01-01T13:30:00+00:00,U0180,R0152,3252.12,1,13,0,0,0,4349.95,0.75,793,0,0,0,0,83.0,0,0
T00392,2026-01-01T13:31:00+00:00,U0169,R0203,1361.59,1,13,0,0,0,3115.77,0.44,1949,0,0,0,0,335.0,0,0
T00393,2026-01-01T13:32:00+00:00,U0145,R0443,4547.75,1,13,0,0,0,2284.84,1.99,94,0,0,0,0,108.0,0,0
T00394,2026-01-01T13:33:00+00:00,U0191,R0499,1138.61,1,13,0,0,0,3760.31,0.3,982,0,0,0,0,129.0,0,0
T00395,2026-01-01T13:34:00+00:00,U0156,R0382,5949.14,1,13,0,0,0,3626.1,1.64,1027,0,0,0,0,1440.0,0,0
T00396,2026-01-01T13:35:00+00:00,U0074,R0398,1912.22,1,13,0,0,1,2992.15,0.64,589,0,0,0,0,24.0,0,0
T00397,2026-01-01T13:36:00+00:00,U0156,R0411,7504.68,1,13,0,0,1,5949.14,1.26,1027,1,0,0,0,2.0,0,0
T00398,2026-01-01T13:37:00+00:00,U0163,R0098,5381.2,1,13,0,0,0,2619.63,2.05,550,0,0,0,0,278.0,0,0
T00399,2026-01-01T13:38:00+00:00,U0174,R0387,2676.69,1,13,0,0,0,5668.88,0.47,1108,0,0,0,0,165.0,0,0
T00400,2026-01-01T13:39:00+00:00,U0169,R0349,645.04,1,13,0,0,1,2238.68,0.29,1949,1,0,0,0,8.0,0,0
T00401,2026-01-01T13:40:00+00:00,U0161,R0050,2209.4,1,13,0,0,1,1805.75,1.22,1632,0,0,0,0,32.0,0,0
T00402,2026-01-01T13:41:00+00:00,U0166,R0021,7620.83,1,13,0,0,0,5661.28,1.35,1257,0,0,0,0,64.0,0,0
T00403,2026-01-01T13:42:00+00:00,U0113,R0018,1354.15,1,13,0,0,1,4324.38,0.31,1440,0,0,0,0,42.0,0,0
T00404,2026-01-01T13:43:00+00:00,U0188,R0068,3624.31,1,13,0,0,0,3967.49,0.91,1681,0,0,0,0,315.0,0,0
T00405,2026-01-01T13:44:00+00:00,U0076,R0168,1476.64,1,13,0,1,0,936.16,1.58,1540,0,0,0,0,1440.0,0,0
T00406,2026-01-01T13:45:00+00:00,U0052,R0068,3147.43,1,13,0,0,0,3548.67,0.89,51,0,0,0,0,180.0,0,1
T00407,2026-01-01T13:46:00+00:00,U0094,R0272,1122.79,1,13,0,0,0,4014.35,0.28,768,0,0,0,0,277.0,0,0
T00408,2026-01-01T13:47:00+00:00,U0070,R0426,685.47,1,13,0,0,0,5929.73,0.12,664,0,0,0,0,68.0,0,0
T00409,2026-01-01T13:48:00+00:00,U0124,R0496,1150.22,1,13,0,0,0,954.45,1.21,1661,0,0,0,0,1440.0,0,0
T00410,2026-01-01T13:49:00+00:00,U0087,R0412,575.05,1,13,1,0,0,2300.41,0.25,1811,0,0,0,0,191.0,0,0
T00411,2026-01-01T13:50:00+00:00,U0020,R0073,552.13,1,13,0,0,0,6385.34,0.09,1664,0,0,0,0,214.0,0,0
T00412,2026-01-01T13:51:00+00:00,U0058,R0441,2126.18,1,13,0,0,0,5419.06,0.39,1080,0,0,0,0,124.0,0,0
T00413,2026-01-01T13:52:00+00:00,U0173,R0204,6496.9,1,13,0,0,0,1586.13,4.1,1772,0,0,0,0,100.0,0,0
T00414,2026-01-01T13:53:00+00:00,U0143,R0188,987.5,1,13,0,0,0,1358.99,0.73,194,0,0,0,0,1440.0,0,0
T00415,2026-01-01T13:54:00+00:00,U0004,R0136,1479.24,1,13,0,0,0,839.41,1.76,1108,0,0,0,0,1440.0,0,0
T00416,2026-01-01T13:55:00+00:00,U0095,R0345,1252.99,1,13,0,0,0,2958.63,0.42,333,0,0,0,0,186.0,0,0
T00417,2026-01-01T13:56:00+00:00,U0068,R0300,8279.44,1,13,0,0,1,3124.25,2.65,98,0,0,0,0,52.0,0,0
T00418,2026-01-01T13:57:00+00:00,U0164,R0482,4122.99,1,13,0,0,0,3954.85,1.04,1150,0,0,0,0,370.0,0,0
T00419,2026-01-01T13:58:00+00:00,U0173,R0120,954.67,1,13,0,0,1,4041.51,0.24,1772,1,0,0,0,6.0,0,0
T00420,2026-01-01T13:59:00+00:00,U0159,R0453,925.21,1,13,0,0,1,5495.96,0.17,490,0,0,0,0,49.0,0,0
T00421,2026-01-01T14:00:00+00:00,U0084,R0469,7945.59,1,14,0,0,1,4510.54,1.76,1583,0,0,0,0,45.0,0,0
T00422,2026-01-01T14:01:00+00:00,U0166,R0033,7948.35,1,14,0,0,1,5987.87,1.33,1257,0,0,0,0,20.0,0,0
T00423,2026-01-01T14:02:00+00:00,U0119,R0466,5560.22,1,14,0,0,0,8094.32,0.69,112,0,0,0,0,206.0,0,0
T00424,2026-01-01T14:03:00+00:00,U0167,R0210,3942.0,1,14,0,1,0,1180.83,3.34,1126,0,0,0,0,66.0,0,0
T00425,2026-01-01T14:04:00+00:00,U0012,R0485,2174.98,1,14,0,0,0,1671.55,1.3,476,0,0,0,0,409.0,0,0
T00426,2026-01-01T14:05:00+00:00,U0127,R0060,3941.45,1,14,0,0,0,628.36,6.27,675,0,0,0,0,173.0,0,0
T00427,2026-01-01T14:06:00+00:00,U0138,R0070,5886.51,1,14,0,0,0,5276.22,1.12,1898,0,0,0,0,77.0,0,0
T00428,2026-01-01T14:07:00+00:00,U0095,R0344,3158.04,1,14,0,0,1,2532.22,1.25,333,0,0,0,0,12.0,0,0
T00429,2026-01-01T14:08:00+00:00,U0179,R0485,6357.81,1,14,0,0,0,1323.49,4.8,1145,0,0,0,0,266.0,0,0
T00430,2026-01-01T14:09:00+00:00,U0151,R0381,1246.18,1,14,0,0,0,3198.34,0.39,1656,0,0,0,0,82.0,0,0
T00431,2026-01-01T14:10:00+00:00,U0107,R0336,4465.82,1,14,0,0,0,17333.3,0.26,1230,0,0,0,0,86.0,0,0
T00432,2026-01-01T14:11:00+00:00,U0126,R0316,4563.89,1,14,0,0,0,3247.63,1.41,1797,0,0,0,0,83.0,0,0
T00433,2026-01-01T14:12:00+00:00,U0072,R0017,4231.81,1,14,0,0,0,3064.39,1.38,1208,0,0,0,0,116.0,0,0
T00434,2026-01-01T14:13:00+00:00,U0056,R0228,2076.98,1,14,0,0,0,7870.83,0.26,129,0,0,0,0,343.0,0,0
T00435,2026-01-01T14:14:00+00:00,U0061,R0438,1956.95,1,14,0,0,0,3264.02,0.6,255,0,0,0,0,261.0,0,0
T00436,2026-01-01T14:15:00+00:00,U0176,R0189,4479.8,1,14,0,0,0,2527.93,1.77,1935,0,0,0,0,152.0,0,0
T00437,2026-01-01T14:16:00+00:00,U0166,R0184,1970.12,1,14,0,0,2,6267.94,0.31,1257,0,0,0,0,15.0,0,0
T00438,2026-01-01T14:17:00+00:00,U0071,R0098,3801.4,1,14,0,0,0,11557.94,0.33,17,0,0,0,0,167.0,0,0
T00439,2026-01-01T14:18:00+00:00,U0117,R0047,4685.34,1,14,1,0,0,7458.16,0.63,876,0,0,0,0,77.0,0,0
T00440,2026-01-01T14:19:00+00:00,U0165,R0328,2965.64,1,14,0,0,0,12106.58,0.24,302,0,0,0,0,399.0,0,0
T00441,2026-01-01T14:20:00+00:00,U0006,R0026,2965.76,1,14,0,0,0,1374.99,2.16,1386,0,0,0,0,127.0,0,0
T00442,2026-01-01T14:21:00+00:00,U0063,R0065,4173.53,1,14,0,0,0,3562.51,1.17,1621,0,0,0,0,1440.0,0,0
T00443,2026-01-01T14:22:00+00:00,U0018,R0425,15346.87,1,14,1,1,0,10783.83,1.42,74,0,0,0,0,99.0,0,1
T00444,2026-01-01T14:23:00+00:00,U0054,R0301,5730.05,1,14,0,0,0,4432.67,1.29,712,0,0,0,0,325.0,0,0
T00445,2026-01-01T14:24:00+00:00,U0060,R0169,1433.83,1,14,0,0,0,2934.07,0.49,1595,0,0,0,0,1440.0,0,0
T00446,2026-01-01T14:25:00+00:00,U0153,R0002,2716.26,1,14,1,0,0,1553.93,1.75,798,0,0,0,0,350.0,0,0
T00447,2026-01-01T14:26:00+00:00,U0038,R0067,775.06,1,14,0,0,0,1652.62,0.47,400,0,0,0,0,105.0,0,0
T00448,2026-01-01T14:27:00+00:00,U0045,R0057,3093.02,1,14,0,0,0,693.74,4.46,1072,0,0,0,0,132.0,0,0
T00449,2026-01-01T14:28:00+00:00,U0007,R0068,46032.69,1,14,0,1,0,7364.21,6.25,573,0,0,0,0,448.0,0,1
T00450,2026-01-01T14:29:00+00:00,U0061,R0302,2163.05,1,14,0,0,1,2828.33,0.76,255,0,0,0,0,15.0,0,0
T00451,2026-01-01T14:30:00+00:00,U0045,R0136,461.37,1,14,0,0,1,1893.38,0.24,1072,1,0,0,0,3.0,0,0
T00452,2026-01-01T14:31:00+00:00,U0190,R0216,1374.35,1,14,0,0,0,1697.02,0.81,1087,0,0,0,0,1440.0,0,0
T00453,2026-01-01T14:32:00+00:00,U0017,R0244,6179.75,1,14,0,0,0,1645.66,3.76,53,0,0,0,0,389.0,0,0
T00454,2026-01-01T14:33:00+00:00,U0093,R0263,474.62,1,14,0,0,0,1352.21,0.35,403,0,0,0,0,180.0,0,0
T00455,2026-01-01T14:34:00+00:00,U0116,R0258,8735.8,1,14,0,0,0,4978.56,1.75,463,0,0,0,0,1440.0,0,0
T00456,2026-01-01T14:35:00+00:00,U0012,R0373,1543.23,1,14,0,0,1,1923.26,0.8,476,0,0,0,0,31.0,0,0
T00457,2026-01-01T14:36:00+00:00,U0169,R0267,7531.69,1,14,0,0,1,1707.47,4.41,1949,0,0,0,0,57.0,0,0
T00458,2026-01-01T14:37:00+00:00,U0165,R0494,1859.11,1,14,0,0,1,9059.6,0.21,302,0,0,0,0,18.0,0,0
T00459,2026-01-01T14:38:00+00:00,U0123,R0434,3175.47,1,14,0,0,0,2383.89,1.33,832,0,0,0,0,1440.0,0,0
T00460,2026-01-01T14:39:00+00:00,U0028,R0252,1658.09,1,14,0,0,0,1086.39,1.53,1290,0,0,0,0,71.0,0,0
T00461,2026-01-01T14:40:00+00:00,U0114,R0038,6447.88,1,14,0,0,0,2396.41,2.69,447,0,0,0,0,172.0,0,0
T00462,2026-01-01T14:41:00+00:00,U0083,R0312,1379.64,1,14,0,0,0,3280.29,0.42,313,0,0,0,0,1440.0,0,0
T00463,2026-01-01T14:42:00+00:00,U0071,R0320,276.85,1,14,0,1,1,10006.63,0.03,17,0,0,0,0,25.0,0,0
T00464,2026-01-01T14:43:00+00:00,U0141,R0365,1624.96,1,14,0,0,0,2956.9,0.55,113,0,0,0,0,133.0,0,0
T00465,2026-01-01T14:44:00+00:00,U0153,R0272,843.9,1,14,0,0,1,1941.38,0.43,798,0,0,0,0,19.0,0,0
T00466,2026-01-01T14:45:00+00:00,U0130,R0310,4886.5,1,14,1,1,0,4026.4,1.21,708,0,0,0,0,120.0,0,1
T00467,2026-01-01T14:46:00+00:00,U0180,R0059,3163.96,1,14,0,0,0,4075.49,0.78,793,0,0,0,0,76.0,0,0
T00468,2026-01-01T14:47:00+00:00,U0167,R0450,740.58,1,14,0,0,1,1733.06,0.43,1126,0,0,0,0,44.0,0,0
T00469,2026-01-01T14:48:00+00:00,U0185,R0444,7157.27,1,14,0,0,0,4358.68,1.64,1483,0,0,0,0,278.0,0,0
T00470,2026-01-01T14:49:00+00:00,U0116,R0455,2279.7,1,14,0,0,1,8735.8,0.26,463,0,0,0,0,15.0,0,0
T00471,2026-01-01T14:50:00+00:00,U0087,R0424,2982.66,1,14,1,0,0,1437.73,2.07,1811,0,0,0,0,61.0,0,0
T00472,2026-01-01T14:51:00+00:00,U0107,R0374,11387.89,1,14,0,0,1,13044.14,0.87,1230,0,0,0,0,41.0,0,1
T00473,2026-01-01T14:52:00+00:00,U0110,R0161,1744.54,1,14,0,0,0,2147.55,0.81,29,0,0,0,0,183.0,0,0
T00474,2026-01-01T14:53:00+00:00,U0096,R0489,879.43,1,14,0,0,0,868.82,1.01,322,0,0,0,0,1440.0,0,0
T00475,2026-01-01T14:54:00+00:00,U0122,R0035,3739.95,1,14,0,0,0,1249.02,2.99,1750,0,0,0,0,119.0,0,0
T00476,2026-01-01T14:55:00+00:00,U0022,R0048,980.29,1,14,0,0,0,14008.63,0.07,887,0,0,0,0,260.0,0,0
T00477,2026-01-01T14:56:00+00:00,U0191,R0379,6745.08,1,14,0,0,0,2886.41,2.34,982,0,0,0,0,83.0,0,0
T00478,2026-01-01T14:57:00+00:00,U0034,R0285,12023.15,1,14,0,0,0,2244.86,5.36,1925,0,0,0,0,354.0,0,1
T00479,2026-01-01T14:58:00+00:00,U0144,R0288,3310.98,1,14,0,0,0,2584.2,1.28,685,0,0,0,0,1440.0,0,0
T00480,2026-01-01T14:59:00+00:00,U0106,R0182,2945.08,1,14,0,0,0,1194.27,2.47,1381,0,0,0,0,125.0,0,0
T00481,2026-01-01T15:00:00+00:00,U0193,R0217,3351.16,1,15,0,0,0,2761.14,1.21,158,0,0,0,0,230.0,0,0
T00482,2026-01-01T15:01:00+00:00,U0185,R0027,3974.36,1,15,0,0,1,4918.4,0.81,1483,0,0,0,0,13.0,0,0
T00483,2026-01-01T15:02:00+00:00,U0154,R0160,1958.35,1,15,0,0,0,699.89,2.8,1010,0,0,0,0,432.0,0,0
T00484,2026-01-01T15:03:00+00:00,U0148,R0260,5316.93,1,15,0,0,0,2498.7,2.13,507,0,0,0,0,169.0,0,0
T00485,2026-01-01T15:04:00+00:00,U0169,R0247,1759.11,1,15,0,0,1,3163.52,0.56,1949,0,0,0,0,28.0,0,0
T00486,2026-01-01T15:05:00+00:00,U0028,R0180,29124.85,1,15,0,0,1,1200.73,24.26,1290,0,0,0,0,26.0,0,1
T00487,2026-01-01T15:06:00+00:00,U0095,R0059,2557.89,1,15,0,0,1,2657.38,0.96,333,0,0,0,0,59.0,0,0
T00488,2026-01-01T15:07:00+00:00,U0147,R0116,5298.75,1,15,0,0,0,4943.77,1.07,1663,0,0,0,0,1440.0,0,0
T00489,2026-01-01T15:08:00+00:00,U0144,R0499,497.82,1,15,1,0,1,3310.98,0.15,685,1,0,0,0,10.0,0,0
T00490,2026-01-01T15:09:00+00:00,U0160,R0315,2892.07,1,15,0,0,0,2481.69,1.17,214,0,0,0,0,383.0,0,1
T00491,2026-01-01T15:10:00+00:00,U0143,R0014,1943.71,1,15,0,0,0,987.5,1.97,194,0,0,0,0,77.0,0,0
T00492,2026-01-01T15:11:00+00:00,U0169,R0425,3214.42,1,15,0,0,2,2882.64,1.12,1949,1,0,0,0,7.0,0,0
T00493,2026-01-01T15:12:00+00:00,U0008,R0093,3201.64,1,15,0,0,0,4167.91,0.77,457,0,0,0,0,160.0,0,0
T00494,2026-01-01T15:13:00+00:00,U0196,R0159,1598.81,1,15,0,0,0,2449.33,0.65,219,0,0,0,0,289.0,0,0
T00495,2026-01-01T15:14:00+00:00,U0090,R0004,4423.79,1,15,0,0,0,4215.43,1.05,150,0,0,0,0,176.0,0,0
T00496,2026-01-01T15:15:00+00:00,U0037,R0290,503.66,1,15,0,1,0,2200.35,0.23,132,0,0,0,0,114.0,0,0
T00497,2026-01-01T15:16:00+00:00,U0018,R0073,2486.35,1,15,0,0,1,11696.44,0.21,74,0,0,0,0,54.0,0,0
T00498,2026-01-01T15:17:00+00:00,U0008,R0047,2553.72,1,15,1,0,1,3926.34,0.65,457,1,0,0,0,5.0,0,0
T00499,2026-01-01T15:18:00+00:00,U0056,R0193,4032.94,1,15,0,0,0,4973.9,0.81,129,0,0,0,0,65.0,0,0
T00500,2026-01-01T15:19:00+00:00,U0088,R0081,19994.66,1,15,0,1,0,3805.78,5.25,1812,0,0,0,0,220.0,0,1
T00501,2026-01-01T15:20:00+00:00,U0185,R0167,4457.85,1,15,0,0,2,4761.06,0.94,1483,0,0,0,0,19.0,0,0
T00502,2026-01-01T15:21:00+00:00,U0146,R0306,1463.13,1,15,0,0,0,3936.0,0.37,1480,0,0,0,0,196.0,0,0
T00503,2026-01-01T15:22:00+00:00,U0014,R0080,1085.83,1,15,1,0,0,1819.55,0.6,608,0,0,0,0,227.0,0,0
T00504,2026-01-01T15:23:00+00:00,U0159,R0026,2877.07,1,15,0,0,0,3210.59,0.9,490,0,0,0,0,84.0,0,0
T00505,2026-01-01T15:24:00+00:00,U0070,R0227,2474.83,1,15,0,0,0,4181.64,0.59,664,0,0,0,0,97.0,0,0
T00506,2026-01-01T15:25:00+00:00,U0125,R0311,4874.58,1,15,0,0,0,6045.72,0.81,499,0,0,0,0,136.0,0,0
T00507,2026-01-01T15:26:00+00:00,U0070,R0111,3071.66,1,15,0,0,1,3754.94,0.82,664,1,0,0,0,2.0,0,0
T00508,2026-01-01T15:27:00+00:00,U0030,R0177,7783.49,1,15,0,0,0,2235.48,3.48,229,0,0,0,0,171.0,0,0
T00509,2026-01-01T15:28:00+00:00,U0073,R0348,3684.74,1,15,0,0,0,4022.82,0.92,1369,0,0,0,0,162.0,0,0
T00510,2026-01-01T15:29:00+00:00,U0125,R0270,5399.46,1,15,0,0,1,5752.94,0.94,499,1,0,0,0,4.0,0,0
T00511,2026-01-01T15:30:00+00:00,U0012,R0113,3311.67,1,15,0,0,1,1796.59,1.84,476,0,0,0,0,55.0,0,0
T00512,2026-01-01T15:31:00+00:00,U0154,R0029,682.05,1,15,0,0,1,1329.12,0.51,1010,0,0,0,0,29.0,0,0
T00513,2026-01-01T15:32:00+00:00,U0078,R0485,878.53,1,15,1,1,0,1015.83,0.86,797,0,0,0,0,125.0,0,1
T00514,2026-01-01T15:33:00+00:00,U0078,R0485,878.53,0,15,1,0,1,947.18,0.93,797,1,1,1,1,1.0,1,1
T00515,2026-01-01T15:34:00+00:00,U0078,R0485,878.53,0,15,1,1,2,924.3,0.95,797,2,2,2,2,1.0,2,1
T00516,2026-01-01T15:35:00+00:00,U0036,R0392,6779.75,1,15,0,0,0,1065.55,6.36,219,0,0,0,0,482.0,0,0
T00517,2026-01-01T15:36:00+00:00,U0084,R0062,660.18,1,15,0,0,0,5369.31,0.12,1583,0,0,0,0,96.0,0,0
T00518,2026-01-01T15:37:00+00:00,U0192,R0221,1292.64,1,15,1,1,0,4449.0,0.29,887,0,0,0,0,287.0,0,1
T00519,2026-01-01T15:38:00+00:00,U0192,R0221,1292.64,0,15,0,1,1,3659.91,0.35,887,1,1,1,1,1.0,1,1
T00520,2026-01-01T15:39:00+00:00,U0192,R0221,1292.64,0,15,1,0,2,3186.46,0.41,887,2,2,2,2,1.0,2,1
T00521,2026-01-01T15:40:00+00:00,U0098,R0273,26928.94,1,15,1,0,0,7588.81,3.55,938,0,0,0,0,164.0,0,1
T00522,2026-01-01T15:41:00+00:00,U0129,R0287,12409.98,1,15,0,0,0,3164.48,3.92,375,0,0,0,0,213.0,0,1
T00523,2026-01-01T15:42:00+00:00,U0091,R0037,4614.51,1,15,0,0,0,4667.37,0.99,823,0,0,0,0,1440.0,0,0
T00524,2026-01-01T15:43:00+00:00,U0011,R0224,1892.03,1,15,1,0,0,6117.72,0.31,177,0,0,0,0,393.0,0,0
T00525,2026-01-01T15:44:00+00:00,U0020,R0442,1702.36,1,15,0,0,0,4440.94,0.38,1664,0,0,0,0,114.0,0,0
T00526,2026-01-01T15:45:00+00:00,U0110,R0294,4159.35,1,15,0,0,1,2046.8,2.03,29,0,0,0,0,53.0,0,0
T00527,2026-01-01T15:46:00+00:00,U0164,R0214,6208.3,1,15,0,0,0,4010.89,1.55,1150,0,0,0,0,109.0,0,0
T00528,2026-01-01T15:47:00+00:00,U0104,R0011,1572.01,1,15,0,0,0,1113.36,1.41,508,0,0,0,0,266.0,0,0
T00529,2026-01-01T15:48:00+00:00,U0044,R0411,1272.95,1,15,0,0,0,928.99,1.37,1950,0,0,0,0,1440.0,0,0
T00530,2026-01-01T15:49:00+00:00,U0177,R0471,351.41,1,15,0,0,0,804.23,0.44,315,0,0,0,0,403.0,0,0
T00531,2026-01-01T15:50:00+00:00,U0112,R0433,1026.87,1,15,0,0,0,5205.72,0.2,939,0,0,0,0,158.0,0,0
T00532,2026-01-01T15:51:00+00:00,U0112,R0302,845.39,1,15,0,0,1,4369.95,0.19,939,1,0,0,0,1.0,0,0
T00533,2026-01-01T15:52:00+00:00,U0021,R0203,2909.39,1,15,0,0,0,2700.63,1.08,486,0,0,0,0,223.0,0,0
T00534,2026-01-01T15:53:00+00:00,U0191,R0174,4020.16,1,15,0,0,1,3851.08,1.04,982,0,0,0,0,57.0,0,0
T00535,2026-01-01T15:54:00+00:00,U0200,R0087,2918.98,1,15,0,0,0,1974.95,1.48,1096,0,0,0,0,311.0,0,0
T00536,2026-01-01T15:55:00+00:00,U0163,R0059,5231.81,1,15,1,0,0,4000.41,1.31,550,0,0,0,0,138.0,0,0
T00537,2026-01-01T15:56:00+00:00,U0050,R0464,2905.64,1,15,0,0,0,2141.04,1.36,682,0,0,0,0,269.0,0,0
T00538,2026-01-01T15:57:00+00:00,U0090,R0373,480.19,1,15,1,0,1,4257.1,0.11,150,0,0,0,0,43.0,0,0
T00539,2026-01-01T15:58:00+00:00,U0166,R0418,1605.78,1,15,0,0,0,5730.71,0.28,1257,0,0,0,0,102.0,0,0
T00540,2026-01-01T15:59:00+00:00,U0027,R0075,26370.39,1,15,1,1,0,2942.76,8.96,1808,0,0,0,0,303.0,0,1
T00541,2026-01-01T16:00:00+00:00,U0045,R0309,3738.27,1,16,0,0,0,1416.04,2.64,1072,0,0,0,0,90.0,0,0
T00542,2026-01-01T16:01:00+00:00,U0195,R0336,2531.5,1,16,0,0,0,4107.63,0.62,1578,0,0,0,0,212.0,0,0
T00543,2026-01-01T16:02:00+00:00,U0198,R0322,2490.08,1,16,0,0,0,2467.78,1.01,1947,0,0,0,0,339.0,0,0
T00544,2026-01-01T16:03:00+00:00,U0194,R0289,3536.07,1,16,0,0,0,1497.74,2.36,1773,0,0,0,0,215.0,0,0
T00545,2026-01-01T16:04:00+00:00,U0115,R0349,2056.78,1,16,0,0,0,452.25,4.55,579,0,0,0,0,538.0,0,0
T00546,2026-01-01T16:05:00+00:00,U0145,R0330,627.61,1,16,0,0,0,3039.14,0.21,94,0,0,0,0,153.0,0,0
T00547,2026-01-01T16:06:00+00:00,U0160,R0166,2645.9,1,16,0,0,1,2584.28,1.02,214,0,0,0,0,57.0,0,0
T00548,2026-01-01T16:07:00+00:00,U0161,R0162,5708.94,1,16,0,0,0,1906.66,2.99,1632,0,0,0,0,147.0,0,0
T00549,2026-01-01T16:08:00+00:00,U0018,R0241,4665.02,1,16,1,0,1,10161.42,0.46,74,0,0,0,0,52.0,0,0
T00550,2026-01-01T16:09:00+00:00,U0078,R0408,40233.78,1,16,0,0,3,912.86,44.07,797,0,0,0,0,35.0,0,1
T00551,2026-01-01T16:10:00+00:00,U0015,R0181,16715.47,1,16,1,0,0,935.71,17.86,1206,0,0,0,0,458.0,0,1
T00552,2026-01-01T16:11:00+00:00,U0080,R0237,248.05,1,16,0,1,0,5903.01,0.04,846,0,0,0,0,390.0,0,0
T00553,2026-01-01T16:12:00+00:00,U0015,R0189,750.94,1,16,0,0,1,8825.59,0.09,1206,1,0,0,0,2.0,0,0
T00554,2026-01-01T16:13:00+00:00,U0020,R0331,1768.96,1,16,0,0,1,3756.29,0.47,1664,0,0,0,0,29.0,0,0
T00555,2026-01-01T16:14:00+00:00,U0024,R0315,4044.69,1,16,0,0,0,3294.5,1.23,1553,0,0,0,0,219.0,0,0
T00556,2026-01-01T16:15:00+00:00,U0099,R0237,7734.02,1,16,1,0,0,2294.82,3.37,828,0,0,0,0,202.0,0,0
T00557,2026-01-01T16:16:00+00:00,U0190,R0459,604.0,1,16,0,0,0,1374.35,0.44,1087,0,0,0,0,105.0,0,0
T00558,2026-01-01T16:17:00+00:00,U0147,R0334,5251.65,1,16,0,0,0,5298.75,0.99,1663,0,0,0,0,70.0,0,0
T00559,2026-01-01T16:18:00+00:00,U0155,R0244,3157.04,1,16,0,0,0,761.29,4.15,1159,0,0,0,0,554.0,0,0
T00560,2026-01-01T16:19:00+00:00,U0016,R0231,3661.41,1,16,0,0,0,6425.51,0.57,1715,0,0,0,0,269.0,0,0
T00561,2026-01-01T16:20:00+00:00,U0088,R0366,326.04,1,16,0,0,0,9202.08,0.04,1812,0,0,0,0,61.0,0,0
T00562,2026-01-01T16:21:00+00:00,U0166,R0089,1795.6,1,16,0,0,1,5272.39,0.34,1257,0,0,0,0,23.0,0,0
T00563,2026-01-01T16:22:00+00:00,U0182,R0225,1501.14,1,16,0,0,0,5809.27,0.26,269,0,0,0,0,288.0,0,0
T00564,2026-01-01T16:23:00+00:00,U0135,R0268,2971.58,1,16,0,0,0,2868.91,1.04,1258,0,0,0,0,1440.0,0,0
T00565,2026-01-01T16:24:00+00:00,U0096,R0470,493.97,1,16,0,1,0,879.43,0.56,322,0,0,0,0,91.0,0,0
T00566,2026-01-01T16:25:00+00:00,U0105,R0397,3067.95,1,16,1,0,0,4400.35,0.7,203,0,0,0,0,203.0,0,0
T00567,2026-01-01T16:26:00+00:00,U0154,R0027,7512.88,1,16,1,0,1,1113.43,6.75,1010,0,0,0,0,55.0,0,0
T00568,2026-01-01T16:27:00+00:00,U0166,R0172,3081.36,1,16,0,0,2,4924.71,0.63,1257,1,0,0,0,6.0,0,0
T00569,2026-01-01T16:28:00+00:00,U0025,R0286,1966.2,1,16,0,0,0,7480.68,0.26,1745,0,0,0,0,558.0,0,0
T00570,2026-01-01T16:29:00+00:00,U0073,R0130,5395.6,1,16,0,0,0,3938.3,1.37,1369,0,0,0,0,61.0,0,0
T00571,2026-01-01T16:30:00+00:00,U0169,R0494,2648.59,1,16,0,0,0,2937.94,0.9,1949,0,0,0,0,79.0,0,0
T00572,2026-01-01T16:31:00+00:00,U0039,R0171,4764.22,1,16,0,0,0,2955.9,1.61,176,0,0,0,0,1440.0,0,0
T00573,2026-01-01T16:32:00+00:00,U0037,R0470,22422.56,1,16,0,1,0,1634.79,13.72,132,0,0,0,0,77.0,0,1
T00574,2026-01-01T16:33:00+00:00,U0168,R0358,3155.65,1,16,0,0,0,3674.8,0.86,820,0,0,0,0,394.0,0,0
T00575,2026-01-01T16:34:00+00:00,U0034,R0305,488.47,1,16,0,0,0,5504.29,0.09,1925,0,0,0,0,97.0,0,0
T00576,2026-01-01T16:35:00+00:00,U0022,R0159,4042.83,1,16,1,0,0,7494.46,0.54,887,0,0,0,0,100.0,0,0
T00577,2026-01-01T16:36:00+00:00,U0165,R0406,1979.91,1,16,0,0,0,7259.48,0.27,302,0,0,0,0,119.0,0,0
T00578,2026-01-01T16:37:00+00:00,U0033,R0344,2732.64,1,16,0,0,0,2344.28,1.17,1103,0,0,0,0,301.0,0,0
T00579,2026-01-01T16:38:00+00:00,U0190,R0351,2811.75,1,16,0,0,1,989.17,2.84,1087,0,0,0,0,22.0,0,0
T00580,2026-01-01T16:39:00+00:00,U0024,R0331,903.14,1,16,0,0,1,3482.05,0.26,1553,0,0,0,0,25.0,0,0
T00581,2026-01-01T16:40:00+00:00,U0131,R0186,12135.28,1,16,0,1,0,2188.19,5.55,1810,0,0,0,0,238.0,0,1
T00582,2026-01-01T16:41:00+00:00,U0080,R0093,3025.14,1,16,0,0,1,3075.53,0.98,846,0,0,0,0,30.0,0,0
T00583,2026-01-01T16:42:00+00:00,U0088,R0486,3565.92,1,16,0,0,1,6983.07,0.51,1812,0,0,0,0,22.0,0,0
T00584,2026-01-01T16:43:00+00:00,U0050,R0116,4403.26,1,16,0,0,1,2395.91,1.84,682,0,0,0,0,47.0,0,0
T00585,2026-01-01T16:44:00+00:00,U0040,R0040,1014.66,1,16,0,0,0,1603.84,0.63,1571,0,0,0,0,221.0,0,0
T00586,2026-01-01T16:45:00+00:00,U0026,R0260,7159.34,1,16,1,0,0,7808.94,0.92,407,0,0,0,0,294.0,0,1
T00587,2026-01-01T16:46:00+00:00,U0190,R0453,3656.38,1,16,0,0,2,1596.7,2.29,1087,1,0,0,0,8.0,0,0
T00588,2026-01-01T16:47:00+00:00,U0170,R0173,1811.36,1,16,0,0,0,1012.5,1.79,1804,0,0,0,0,1440.0,0,0
T00589,2026-01-01T16:48:00+00:00,U0034,R0306,246.57,1,16,0,0,1,4250.33,0.06,1925,0,0,0,0,14.0,0,0
T00590,2026-01-01T16:49:00+00:00,U0042,R0093,1082.69,1,16,1,0,0,2750.1,0.39,914,0,0,0,0,358.0,0,0
T00591,2026-01-01T16:50:00+00:00,U0198,R0320,1195.64,1,16,0,0,1,2478.93,0.48,1947,0,0,0,0,48.0,0,0
T00592,2026-01-01T16:51:00+00:00,U0043,R0370,1932.66,1,16,0,0,0,614.47,3.15,1004,0,0,0,0,508.0,0,0
T00593,2026-01-01T16:52:00+00:00,U0106,R0187,1470.39,1,16,0,0,0,1777.87,0.83,1381,0,0,0,0,113.0,0,0
T00594,2026-01-01T16:53:00+00:00,U0061,R0497,3746.2,1,16,0,1,0,2662.01,1.41,255,0,0,0,0,144.0,0,0
T00595,2026-01-01T16:54:00+00:00,U0073,R0386,2801.2,1,16,0,0,1,4229.76,0.66,1369,0,0,0,0,25.0,0,0
T00596,2026-01-01T16:55:00+00:00,U0115,R0120,2123.77,1,16,0,0,1,1254.52,1.69,579,0,0,0,0,51.0,0,0
T00597,2026-01-01T16:56:00+00:00,U0080,R0495,375.06,1,16,0,0,2,3058.73,0.12,846,0,0,0,0,15.0,0,0
T00598,2026-01-01T16:57:00+00:00,U0121,R0463,1834.18,1,16,0,0,0,3824.85,0.48,418,0,0,0,0,257.0,0,0
T00599,2026-01-01T16:58:00+00:00,U0095,R0348,7995.75,1,16,0,0,0,2640.8,3.03,333,0,0,0,0,112.0,0,0
T00600,2026-01-01T16:59:00+00:00,U0113,R0237,6854.19,1,16,0,0,0,3334.3,2.06,1440,0,0,0,0,197.0,0,0
T00601,2026-01-01T17:00:00+00:00,U0200,R0196,2586.55,1,17,0,0,0,2210.95,1.17,1096,0,0,0,0,66.0,0,0
T00602,2026-01-01T17:01:00+00:00,U0108,R0495,6453.93,1,17,0,0,0,18832.86,0.34,1935,0,0,0,0,360.0,0,0
T00603,2026-01-01T17:02:00+00:00,U0052,R0411,2492.59,1,17,0,0,0,3348.05,0.74,51,0,0,0,0,197.0,0,0
T00604,2026-01-01T17:03:00+00:00,U0065,R0027,722.16,1,17,0,0,0,8583.87,0.08,1869,0,0,0,0,292.0,0,0
T00605,2026-01-01T17:04:00+00:00,U0096,R0284,5074.18,1,17,0,0,1,686.7,7.39,322,0,0,0,0,40.0,0,0
T00606,2026-01-01T17:05:00+00:00,U0183,R0434,5575.7,1,17,0,0,0,1774.37,3.14,827,0,0,0,0,346.0,0,0
T00607,2026-01-01T17:06:00+00:00,U0032,R0146,2633.26,1,17,0,0,0,8290.31,0.32,1853,0,0,0,0,300.0,0,0
T00608,2026-01-01T17:07:00+00:00,U0042,R0140,1627.66,1,17,0,0,1,2333.25,0.7,914,0,0,0,0,18.0,0,0
T00609,2026-01-01T17:08:00+00:00,U0132,R0076,6345.54,1,17,0,0,0,7762.02,0.82,12,0,0,0,0,283.0,0,0
T00610,2026-01-01T17:09:00+00:00,U0024,R0485,5125.49,1,17,0,0,2,2966.27,1.73,1553,0,0,0,0,30.0,0,0
T00611,2026-01-01T17:10:00+00:00,U0116,R0453,670.33,1,17,0,0,0,5507.75,0.12,463,0,0,0,0,141.0,0,0
T00612,2026-01-01T17:11:00+00:00,U0007,R0213,2794.65,1,17,0,0,0,26698.45,0.1,573,0,0,0,0,163.0,0,0
T00613,2026-01-01T17:12:00+00:00,U0129,R0192,22196.31,1,17,1,1,0,6246.31,3.55,375,0,0,0,0,91.0,0,1
T00614,2026-01-01T17:13:00+00:00,U0021,R0192,529.54,1,17,0,0,0,2735.43,0.19,486,0,0,0,0,81.0,0,0
T00615,2026-01-01T17:14:00+00:00,U0082,R0477,2088.3,1,17,0,0,0,3271.73,0.64,212,0,0,0,0,1440.0,0,0
T00616,2026-01-01T17:15:00+00:00,U0167,R0172,1236.14,1,17,0,1,0,1567.65,0.79,1126,0,0,0,0,148.0,0,0
T00617,2026-01-01T17:16:00+00:00,U0036,R0020,12633.4,1,17,1,0,0,2970.28,4.25,219,0,0,0,0,101.0,0,1
T00618,2026-01-01T17:17:00+00:00,U0121,R0357,5643.58,1,17,0,0,1,3327.18,1.7,418,0,0,0,0,20.0,0,0
T00619,2026-01-01T17:18:00+00:00,U0195,R0362,1000.92,1,17,0,0,0,3792.4,0.26,1578,0,0,0,0,77.0,0,0
T00620,2026-01-01T17:19:00+00:00,U0158,R0003,6592.35,1,17,0,0,0,3386.75,1.95,1865,0,0,0,0,1440.0,0,0
T00621,2026-01-01T17:20:00+00:00,U0066,R0111,27082.29,1,17,0,1,0,2218.27,12.21,532,0,0,0,0,238.0,0,1
T00622,2026-01-01T17:21:00+00:00,U0141,R0482,2526.32,1,17,0,1,0,2623.91,0.96,113,0,0,0,0,158.0,0,0
T00623,2026-01-01T17:22:00+00:00,U0136,R0217,5220.4,1,17,0,0,0,3410.26,1.53,126,0,0,0,0,245.0,0,0
T00624,2026-01-01T17:23:00+00:00,U0074,R0122,5510.35,1,17,0,0,0,2722.17,2.02,589,0,0,0,0,228.0,0,0
T00625,2026-01-01T17:24:00+00:00,U0013,R0123,7357.4,1,17,0,0,0,4740.26,1.55,869,0,0,0,0,1440.0,0,0
T00626,2026-01-01T17:25:00+00:00,U0160,R0235,5235.53,1,17,0,0,0,2596.61,2.02,214,0,0,0,0,79.0,0,0
T00627,2026-01-01T17:26:00+00:00,U0128,R0306,1587.05,1,17,1,0,0,1489.58,1.07,1107,0,0,0,0,1440.0,0,0
T00628,2026-01-01T17:27:00+00:00,U0132,R0295,1711.82,1,17,1,0,1,7053.78,0.24,12,0,0,0,0,19.0,0,0
T00629,2026-01-01T17:28:00+00:00,U0037,R0150,8962.41,1,17,1,1,1,6831.73,1.31,132,0,0,0,0,56.0,0,1
T00630,2026-01-01T17:29:00+00:00,U0158,R0181,1574.28,1,17,0,0,1,6592.35,0.24,1865,1,0,0,0,10.0,0,0
T00631,2026-01-01T17:30:00+00:00,U0107,R0096,4404.76,1,17,0,0,0,12630.08,0.35,1230,0,0,0,0,159.0,0,0
T00632,2026-01-01T17:31:00+00:00,U0022,R0269,2215.56,1,17,0,0,1,6343.92,0.35,887,0,0,0,0,56.0,0,0
T00633,2026-01-01T17:32:00+00:00,U0018,R0489,994.34,1,17,0,0,0,9376.22,0.11,74,0,0,0,0,84.0,0,0
T00634,2026-01-01T17:33:00+00:00,U0130,R0403,4984.73,1,17,0,0,0,4313.1,1.16,708,0,0,0,0,168.0,0,0
T00635,2026-01-01T17:34:00+00:00,U0142,R0011,7076.61,1,17,0,0,0,1744.4,4.06,1708,0,0,0,0,284.0,0,0
T00636,2026-01-01T17:35:00+00:00,U0121,R0023,1673.97,1,17,0,0,2,3790.46,0.44,418,0,0,0,0,18.0,0,0
T00637,2026-01-01T17:36:00+00:00,U0096,R0130,578.79,1,17,0,0,1,2149.19,0.27,322,0,0,0,0,32.0,0,0
T00638,2026-01-01T17:37:00+00:00,U0092,R0404,1448.47,1,17,0,0,0,5055.41,0.29,892,0,0,0,0,248.0,0,0
T00639,2026-01-01T17:38:00+00:00,U0062,R0376,3339.98,1,17,0,0,0,6656.67,0.5,820,0,0,0,0,258.0,0,0
T00640,2026-01-01T17:39:00+00:00,U0027,R0396,3341.1,1,17,0,0,0,10751.97,0.31,1808,0,0,0,0,100.0,0,0
T00641,2026-01-01T17:40:00+00:00,U0194,R0171,1765.72,1,17,0,0,0,1905.41,0.93,1773,0,0,0,0,97.0,0,0
T00642,2026-01-01T17:41:00+00:00,U0091,R0280,640.1,1,17,0,0,0,4614.51,0.14,823,0,0,0,0,119.0,0,0
T00643,2026-01-01T17:42:00+00:00,U0165,R0090,3146.33,1,17,0,0,0,6203.57,0.51,302,0,0,0,0,66.0,0,0
T00644,2026-01-01T17:43:00+00:00,U0176,R0238,388.63,1,17,0,0,0,3015.9,0.13,1935,0,0,0,0,208.0,0,0
T00645,2026-01-01T17:44:00+00:00,U0123,R0324,1716.89,1,17,0,0,0,3175.47,0.54,832,0,0,0,0,186.0,0,0
T00646,2026-01-01T17:45:00+00:00,U0035,R0033,3293.04,1,17,0,0,0,2720.53,1.21,1476,0,0,0,0,1440.0,0,0
T00647,2026-01-01T17:46:00+00:00,U0118,R0019,3300.98,1,17,0,1,0,8967.42,0.37,635,0,0,0,0,403.0,0,0
T00648,2026-01-01T17:47:00+00:00,U0012,R0406,2279.5,1,17,0,0,0,2175.36,1.05,476,0,0,0,0,137.0,0,0
T00649,2026-01-01T17:48:00+00:00,U0011,R0162,2662.4,1,17,0,0,0,4709.16,0.57,177,0,0,0,0,125.0,0,0
T00650,2026-01-01T17:49:00+00:00,U0132,R0204,6003.86,1,17,0,0,2,5273.13,1.14,12,0,0,0,0,22.0,0,0
T00651,2026-01-01T17:50:00+00:00,U0140,R0243,1814.96,1,17,0,0,0,13707.13,0.13,1219,0,0,0,0,266.0,0,0
T00652,2026-01-01T17:51:00+00:00,U0193,R0332,689.33,1,17,0,0,0,2826.7,0.24,158,0,0,0,0,171.0,0,0
T00653,2026-01-01T17:52:00+00:00,U0092,R0442,4398.63,1,17,0,0,1,3853.1,1.14,892,0,0,0,0,15.0,0,0
T00654,2026-01-01T17:53:00+00:00,U0168,R0170,11888.32,1,17,0,0,0,3570.97,3.33,820,0,0,0,0,80.0,0,1
T00655,2026-01-01T17:54:00+00:00,U0095,R0224,1590.83,1,17,0,0,1,3405.79,0.47,333,0,0,0,0,56.0,0,0
T00656,2026-01-01T17:55:00+00:00,U0191,R0226,10919.78,1,17,0,1,0,3884.89,2.81,982,0,0,0,0,122.0,0,1
T00657,2026-01-01T17:56:00+00:00,U0099,R0174,2937.22,1,17,0,0,0,3654.62,0.8,828,0,0,0,0,101.0,0,0
T00658,2026-01-01T17:57:00+00:00,U0128,R0355,2130.82,1,17,0,0,1,1587.05,1.34,1107,0,0,0,0,31.0,0,0
T00659,2026-01-01T17:58:00+00:00,U0133,R0137,3938.38,1,17,0,0,0,3716.84,1.06,257,0,0,0,0,473.0,0,0
T00660,2026-01-01T17:59:00+00:00,U0187,R0218,1023.17,1,17,0,0,0,1589.63,0.64,1389,0,0,0,0,584.0,0,0
T00661,2026-01-01T18:00:00+00:00,U0155,R0422,2919.28,1,18,0,0,0,1959.16,1.49,1159,0,0,0,0,102.0,0,0
T00662,2026-01-01T18:01:00+00:00,U0076,R0165,14579.66,1,18,1,1,0,1476.64,9.87,1540,0,0,0,0,257.0,0,1
T00663,2026-01-01T18:02:00+00:00,U0084,R0339,2583.69,1,18,0,0,0,4427.48,0.58,1583,0,0,0,0,146.0,0,0
T00664,2026-01-01T18:03:00+00:00,U0115,R0309,7175.18,1,18,0,0,0,1544.27,4.65,579,0,0,0,0,68.0,0,0
T00665,2026-01-01T18:04:00+00:00,U0043,R0354,4290.49,1,18,0,0,0,1273.57,3.37,1004,0,0,0,0,73.0,0,0
T00666,2026-01-01T18:05:00+00:00,U0115,R0022,1068.15,1,18,0,0,1,2951.99,0.36,579,1,0,0,0,2.0,0,0
T00667,2026-01-01T18:06:00+00:00,U0091,R0315,519.93,1,18,0,0,1,2627.31,0.2,823,0,0,0,0,25.0,0,0
T00668,2026-01-01T18:07:00+00:00,U0071,R0328,2003.79,1,18,0,0,0,8385.0,0.24,17,0,0,0,0,205.0,0,0
T00669,2026-01-01T18:08:00+00:00,U0015,R0039,4228.42,1,18,1,0,0,6134.04,0.69,1206,0,0,0,0,116.0,0,0
T00670,2026-01-01T18:09:00+00:00,U0104,R0187,1195.58,1,18,0,0,0,1342.68,0.89,508,0,0,0,0,142.0,0,0
T00671,2026-01-01T18:10:00+00:00,U0192,R0348,3794.0,1,18,0,0,0,2870.82,1.32,887,0,0,0,0,151.0,0,0
T00672,2026-01-01T18:11:00+00:00,U0008,R0074,11848.03,1,18,1,0,0,3651.82,3.24,457,0,0,0,0,174.0,0,1
T00673,2026-01-01T18:12:00+00:00,U0174,R0401,4845.7,1,18,0,0,0,4671.48,1.04,1108,0,0,0,0,274.0,0,0
T00674,2026-01-01T18:13:00+00:00,U0033,R0035,6272.76,1,18,0,0,0,2473.73,2.54,1103,0,0,0,0,96.0,0,0
T00675,2026-01-01T18:14:00+00:00,U0166,R0188,4680.09,1,18,0,0,0,4757.13,0.98,1257,0,0,0,0,107.0,0,0
T00676,2026-01-01T18:15:00+00:00,U0146,R0017,7063.58,1,18,0,0,0,3523.85,2.0,1480,0,0,0,0,174.0,0,0
T00677,2026-01-01T18:16:00+00:00,U0174,R0231,6112.82,1,18,0,0,1,4715.04,1.3,1108,1,0,0,0,4.0,0,0
T00678,2026-01-01T18:17:00+00:00,U0096,R0228,3836.32,1,18,0,0,1,1756.59,2.18,322,0,0,0,0,41.0,0,0
T00679,2026-01-01T18:18:00+00:00,U0147,R0071,954.81,1,18,0,0,0,5275.2,0.18,1663,0,0,0,0,121.0,0,0
T00680,2026-01-01T18:19:00+00:00,U0102,R0161,509.8,1,18,0,0,0,2102.4,0.24,1474,0,0,0,0,314.0,0,0
T00681,2026-01-01T18:20:00+00:00,U0064,R0492,5621.78,1,18,0,0,0,2771.68,2.03,1159,0,0,0,0,395.0,0,0
T00682,2026-01-01T18:21:00+00:00,U0189,R0096,6513.45,1,18,0,0,0,1090.38,5.97,690,0,0,0,0,511.0,0,0
T00683,2026-01-01T18:22:00+00:00,U0100,R0468,2394.9,1,18,0,0,0,3564.81,0.67,1160,0,0,0,0,1440.0,0,0
T00684,2026-01-01T18:23:00+00:00,U0199,R0134,6701.87,1,18,0,0,0,4130.22,1.62,1451,0,0,0,0,1440.0,0,0
T00685,2026-01-01T18:24:00+00:00,U0157,R0147,3320.45,1,18,0,0,0,1410.1,2.35,793,0,0,0,0,305.0,0,0
T00686,2026-01-01T18:25:00+00:00,U0126,R0103,822.44,1,18,0,0,0,3510.88,0.23,1797,0,0,0,0,254.0,0,0
T00687,2026-01-01T18:26:00+00:00,U0019,R0232,20286.55,1,18,1,1,0,1573.27,12.89,1302,0,0,0,0,619.0,0,1
T00688,2026-01-01T18:27:00+00:00,U0183,R0228,9039.42,1,18,0,0,0,3041.48,2.97,827,0,0,0,0,82.0,0,0
T00689,2026-01-01T18:28:00+00:00,U0175,R0496,1247.36,1,18,0,1,0,2896.5,0.43,1375,0,0,0,0,557.0,0,0
T00690,2026-01-01T18:29:00+00:00,U0082,R0342,6378.57,1,18,0,1,0,2088.3,3.05,212,0,0,0,0,75.0,0,0
T00691,2026-01-01T18:30:00+00:00,U0017,R0282,489.17,1,18,0,0,0,3912.7,0.13,53,0,0,0,0,238.0,0,0
T00692,2026-01-01T18:31:00+00:00,U0077,R0436,5029.29,1,18,0,0,0,3983.57,1.26,332,0,0,0,0,1440.0,0,0
T00693,2026-01-01T18:32:00+00:00,U0180,R0327,587.92,1,18,0,0,0,3893.18,0.15,793,0,0,0,0,226.0,0,0
T00694,2026-01-01T18:33:00+00:00,U0093,R0261,36313.61,1,18,1,1,0,1132.81,32.06,403,0,0,0,0,240.0,0,1
T00695,2026-01-01T18:34:00+00:00,U0052,R0406,3938.3,1,18,1,0,0,3062.9,1.29,51,0,0,0,0,92.0,0,0
T00696,2026-01-01T18:35:00+00:00,U0127,R0014,3485.91,1,18,0,0,0,2284.9,1.53,675,0,0,0,0,270.0,0,0
T00697,2026-01-01T18:36:00+00:00,U0147,R0189,4112.71,1,18,0,0,1,3835.07,1.07,1663,0,0,0,0,18.0,0,0
T00698,2026-01-01T18:37:00+00:00,U0142,R0067,6896.21,1,18,0,0,0,2410.93,2.86,1708,0,0,0,0,63.0,0,0
T00699,2026-01-01T18:38:00+00:00,U0023,R0034,591.0,1,18,0,0,0,3048.05,0.19,1815,0,0,0,0,375.0,0,0
T00700,2026-01-01T18:39:00+00:00,U0184,R0369,2762.35,1,18,0,0,0,2769.71,1.0,327,0,0,0,0,361.0,0,0
T00701,2026-01-01T18:40:00+00:00,U0106,R0394,2571.69,1,18,0,0,0,1701.0,1.51,1381,0,0,0,0,108.0,0,0
T00702,2026-01-01T18:41:00+00:00,U0148,R0038,1713.01,1,18,0,0,0,3203.26,0.53,507,0,0,0,0,218.0,0,0
T00703,2026-01-01T18:42:00+00:00,U0082,R0329,365.04,1,18,0,0,1,4233.43,0.09,212,0,0,0,0,13.0,0,0
T00704,2026-01-01T18:43:00+00:00,U0120,R0349,7057.55,1,18,1,0,0,5407.06,1.31,524,0,0,0,0,320.0,0,0
T00705,2026-01-01T18:44:00+00:00,U0033,R0450,1228.56,1,18,0,0,1,3423.49,0.36,1103,0,0,0,0,31.0,0,0
T00706,2026-01-01T18:45:00+00:00,U0142,R0328,3977.11,1,18,0,0,1,2909.29,1.37,1708,1,0,0,0,8.0,0,0
T00707,2026-01-01T18:46:00+00:00,U0197,R0495,8611.69,1,18,1,1,0,2289.68,3.76,274,0,0,0,0,1440.0,0,1
T00708,2026-01-01T18:47:00+00:00,U0015,R0426,2239.28,1,18,0,0,1,5657.64,0.4,1206,0,0,0,0,39.0,0,0
T00709,2026-01-01T18:48:00+00:00,U0040,R0156,2964.08,1,18,0,1,0,1486.0,1.99,1571,0,0,0,0,124.0,0,0
T00710,2026-01-01T18:49:00+00:00,U0083,R0479,38868.13,1,18,1,0,0,1379.64,28.17,313,0,0,0,0,248.0,0,1
T00711,2026-01-01T18:50:00+00:00,U0089,R0486,516.11,1,18,0,1,0,3216.42,0.16,622,0,0,0,0,325.0,0,0
T00712,2026-01-01T18:51:00+00:00,U0073,R0434,8159.73,1,18,0,0,0,3991.67,2.04,1369,0,0,0,0,117.0,0,0
T00713,2026-01-01T18:52:00+00:00,U0051,R0326,6536.63,1,18,1,0,0,968.99,6.75,60,0,0,0,0,538.0,0,1
T00714,2026-01-01T18:53:00+00:00,U0071,R0065,598.37,1,18,1,0,1,7473.4,0.08,17,0,0,0,0,46.0,0,0
T00715,2026-01-01T18:54:00+00:00,U0158,R0274,1830.06,1,18,0,0,0,4083.32,0.45,1865,0,0,0,0,85.0,0,0
T00716,2026-01-01T18:55:00+00:00,U0165,R0087,724.88,1,18,0,0,0,5694.03,0.13,302,0,0,0,0,73.0,0,0
T00717,2026-01-01T18:56:00+00:00,U0149,R0079,390.8,1,18,0,0,0,1123.36,0.35,1912,0,0,0,0,454.0,0,0
T00718,2026-01-01T18:57:00+00:00,U0160,R0369,2458.5,1,18,0,0,0,3036.43,0.81,214,0,0,0,0,92.0,0,0
T00719,2026-01-01T18:58:00+00:00,U0087,R0432,4912.78,1,18,0,0,0,1952.71,2.52,1811,0,0,0,0,248.0,0,0
T00720,2026-01-01T18:59:00+00:00,U0011,R0423,1329.73,1,18,0,0,0,4197.47,0.32,177,0,0,0,0,71.0,0,0
T00721,2026-01-01T19:00:00+00:00,U0021,R0024,2019.67,1,19,0,0,0,2420.3,0.83,486,0,0,0,0,107.0,0,0
T00722,2026-01-01T19:01:00+00:00,U0198,R0296,3761.75,1,19,0,0,0,2051.17,1.83,1947,0,0,0,0,131.0,0,0
T00723,2026-01-01T19:02:00+00:00,U0054,R0393,3628.07,1,19,0,0,0,5081.36,0.71,712,0,0,0,0,279.0,0,0
T00724,2026-01-01T19:03:00+00:00,U0159,R0328,4173.78,1,19,0,0,0,3099.41,1.35,490,0,0,0,0,220.0,0,0
T00725,2026-01-01T19:04:00+00:00,U0161,R0280,2932.56,1,19,0,0,0,2667.12,1.1,1632,0,0,0,0,177.0,0,0
T00726,2026-01-01T19:05:00+00:00,U0078,R0248,1897.87,1,19,0,0,0,8777.04,0.22,797,0,0,0,0,176.0,0,0
T00727,2026-01-01T19:06:00+00:00,U0176,R0208,2345.37,1,19,0,0,0,2490.45,0.94,1935,0,0,0,0,83.0,0,0
T00728,2026-01-01T19:07:00+00:00,U0019,R0353,3631.49,1,19,0,0,1,7811.03,0.46,1302,0,0,0,0,41.0,0,0
T00729,2026-01-01T19:08:00+00:00,U0113,R0213,1841.59,1,19,0,0,0,4214.27,0.44,1440,0,0,0,0,129.0,0,0
T00730,2026-01-01T19:09:00+00:00,U0053,R0175,811.14,1,19,0,0,0,1327.94,0.61,1252,0,0,0,0,1440.0,0,0
T00731,2026-01-01T19:10:00+00:00,U0184,R0164,6176.04,1,19,0,0,1,2767.26,2.23,327,0,0,0,0,31.0,0,0
T00732,2026-01-01T19:11:00+00:00,U0089,R0500,907.84,1,19,0,0,1,1866.27,0.49,622,0,0,0,0,21.0,0,0
T00733,2026-01-01T19:12:00+00:00,U0195,R0190,1621.39,1,19,0,0,0,3327.15,0.49,1578,0,0,0,0,114.0,0,0
T00734,2026-01-01T19:13:00+00:00,U0028,R0164,1101.43,1,19,0,0,0,5854.75,0.19,1290,0,0,0,0,248.0,0,0
T00735,2026-01-01T19:14:00+00:00,U0032,R0137,5117.78,1,19,0,0,0,6404.62,0.8,1853,0,0,0,0,128.0,0,0
T00736,2026-01-01T19:15:00+00:00,U0037,R0050,834.4,1,19,0,0,0,7257.87,0.11,132,0,0,0,0,107.0,0,0
T00737,2026-01-01T19:16:00+00:00,U0099,R0443,898.99,1,19,0,0,0,3511.14,0.26,828,0,0,0,0,80.0,0,0
T00738,2026-01-01T19:17:00+00:00,U0064,R0493,2180.05,1,19,0,0,1,3341.7,0.65,1159,0,0,0,0,57.0,0,0
T00739,2026-01-01T19:18:00+00:00,U0041,R0417,8036.97,1,19,0,0,0,4997.92,1.61,680,0,0,0,0,1440.0,0,0
T00740,2026-01-01T19:19:00+00:00,U0185,R0161,286.99,1,19,0,0,0,4717.74,0.06,1483,0,0,0,0,239.0,0,0
T00741,2026-01-01T19:20:00+00:00,U0041,R0256,5343.55,1,19,0,0,1,8036.97,0.66,680,1,0,0,0,2.0,0,0
T00742,2026-01-01T19:21:00+00:00,U0120,R0256,20070.15,1,19,1,0,1,5819.69,3.45,524,0,0,0,0,38.0,0,1
T00743,2026-01-01T19:22:00+00:00,U0128,R0012,12383.38,1,19,0,1,0,1858.93,6.66,1107,0,0,0,0,85.0,0,1
T00744,2026-01-01T19:23:00+00:00,U0101,R0259,2457.1,1,19,0,0,0,5855.02,0.42,1165,0,0,0,0,529.0,0,0
T00745,2026-01-01T19:24:00+00:00,U0062,R0111,3377.78,1,19,0,0,0,6103.89,0.55,820,0,0,0,0,106.0,0,0
T00746,2026-01-01T19:25:00+00:00,U0013,R0026,4395.9,1,19,0,0,0,7357.4,0.6,869,0,0,0,0,121.0,0,0
T00747,2026-01-01T19:26:00+00:00,U0153,R0452,4072.59,1,19,1,1,0,1667.01,2.44,798,0,0,0,0,282.0,0,1
T00748,2026-01-01T19:27:00+00:00,U0173,R0241,674.92,1,19,1,0,0,3012.57,0.22,1772,0,0,0,0,329.0,0,0
T00749,2026-01-01T19:28:00+00:00,U0003,R0434,2073.3,1,19,0,0,0,8269.16,0.25,1486,0,0,0,0,710.0,0,0
T00750,2026-01-01T19:29:00+00:00,U0035,R0452,8573.2,1,19,0,0,0,3293.04,2.6,1476,0,0,0,0,104.0,0,0
T00751,2026-01-01T19:30:00+00:00,U0094,R0392,1532.74,1,19,0,0,0,3050.49,0.5,768,0,0,0,0,344.0,0,0
T00752,2026-01-01T19:31:00+00:00,U0012,R0206,4112.38,1,19,0,0,0,2196.19,1.87,476,0,0,0,0,104.0,0,0
T00753,2026-01-01T19:32:00+00:00,U0144,R0100,1349.44,1,19,0,0,0,1904.4,0.71,685,0,0,0,0,264.0,0,0
T00754,2026-01-01T19:33:00+00:00,U0074,R0038,3852.76,1,19,0,0,0,3279.81,1.17,589,0,0,0,0,130.0,0,0
T00755,2026-01-01T19:34:00+00:00,U0116,R0392,1721.6,1,19,1,0,0,3895.28,0.44,463,0,0,0,0,144.0,0,0
T00756,2026-01-01T19:35:00+00:00,U0160,R0349,1606.15,1,19,0,0,1,2953.87,0.54,214,0,0,0,0,38.0,0,0
T00757,2026-01-01T19:36:00+00:00,U0033,R0500,5541.8,1,19,0,0,1,2984.5,1.86,1103,0,0,0,0,52.0,0,0
T00758,2026-01-01T19:37:00+00:00,U0096,R0407,1632.41,1,19,1,0,0,2172.54,0.75,322,0,0,0,0,80.0,0,1
T00759,2026-01-01T19:38:00+00:00,U0143,R0481,8123.71,1,19,0,0,0,1465.61,5.54,194,0,0,0,0,268.0,0,0
T00760,2026-01-01T19:39:00+00:00,U0037,R0102,983.91,1,19,0,0,1,6187.29,0.16,132,0,0,0,0,24.0,0,0
T00761,2026-01-01T19:40:00+00:00,U0103,R0257,2118.77,1,19,0,0,0,2885.29,0.73,145,0,0,0,0,676.0,0,0
T00762,2026-01-01T19:41:00+00:00,U0010,R0071,2118.9,1,19,0,0,0,1440.29,1.47,1038,0,0,0,0,403.0,0,0
T00763,2026-01-01T19:42:00+00:00,U0122,R0266,1042.44,1,19,0,0,0,2079.33,0.5,1750,0,0,0,0,288.0,0,0
T00764,2026-01-01T19:43:00+00:00,U0156,R0458,6396.31,1,19,0,0,0,6726.91,0.95,1027,0,0,0,0,367.0,0,0
T00765,2026-01-01T19:44:00+00:00,U0084,R0477,4428.27,1,19,0,0,0,4120.18,1.07,1583,0,0,0,0,102.0,0,0
T00766,2026-01-01T19:45:00+00:00,U0042,R0202,1941.15,1,19,0,0,0,2192.13,0.89,914,0,0,0,0,158.0,0,0
T00767,2026-01-01T19:46:00+00:00,U0190,R0432,3264.18,1,19,0,0,0,2111.62,1.55,1087,0,0,0,0,180.0,0,0
T00768,2026-01-01T19:47:00+00:00,U0087,R0260,642.44,1,19,0,0,1,2692.72,0.24,1811,0,0,0,0,49.0,0,0
T00769,2026-01-01T19:48:00+00:00,U0137,R0251,2386.89,1,19,0,0,0,2026.97,1.18,511,0,0,0,0,401.0,0,0
T00770,2026-01-01T19:49:00+00:00,U0077,R0244,2962.64,1,19,0,0,0,5029.29,0.59,332,0,0,0,0,78.0,0,0
T00771,2026-01-01T19:50:00+00:00,U0095,R0170,5057.0,1,19,1,0,0,3178.92,1.59,333,0,0,0,0,116.0,0,1
T00772,2026-01-01T19:51:00+00:00,U0107,R0299,1908.13,1,19,0,0,0,10985.01,0.17,1230,0,0,0,0,141.0,0,0
T00773,2026-01-01T19:52:00+00:00,U0186,R0447,2280.02,1,19,0,0,0,373.37,6.11,1731,0,0,0,0,560.0,0,0
T00774,2026-01-01T19:53:00+00:00,U0007,R0306,569.43,1,19,0,0,0,18730.52,0.03,573,0,0,0,0,162.0,0,0
T00775,2026-01-01T19:54:00+00:00,U0168,R0401,1269.73,1,19,0,0,0,4957.19,0.26,820,0,0,0,0,121.0,0,0
T00776,2026-01-01T19:55:00+00:00,U0149,R0296,2004.61,1,19,0,0,1,879.17,2.28,1912,0,0,0,0,59.0,0,0
T00777,2026-01-01T19:56:00+00:00,U0014,R0299,4229.91,1,19,0,0,0,1452.69,2.91,608,0,0,0,0,274.0,0,0
T00778,2026-01-01T19:57:00+00:00,U0135,R0323,1497.64,1,19,1,0,0,2971.58,0.5,1258,0,0,0,0,214.0,0,0
T00779,2026-01-01T19:58:00+00:00,U0199,R0431,627.96,1,19,0,0,0,6701.87,0.09,1451,0,0,0,0,95.0,0,0
T00780,2026-01-01T19:59:00+00:00,U0175,R0125,1468.38,1,19,0,0,0,2071.93,0.71,1375,0,0,0,0,91.0,0,0
T00781,2026-01-01T20:00:00+00:00,U0180,R0057,7107.3,1,20,0,0,0,3342.31,2.13,793,0,0,0,0,88.0,0,0
T00782,2026-01-01T20:01:00+00:00,U0113,R0161,720.5,1,20,0,0,1,3739.74,0.19,1440,0,0,0,0,53.0,0,0
T00783,2026-01-01T20:02:00+00:00,U0106,R0354,611.85,1,20,0,0,0,1875.14,0.33,1381,0,0,0,0,82.0,0,0
T00784,2026-01-01T20:03:00+00:00,U0129,R0397,503.27,1,20,0,0,0,10233.81,0.05,375,0,0,0,0,171.0,0,0
T00785,2026-01-01T20:04:00+00:00,U0121,R0447,1601.34,1,20,0,1,0,3437.71,0.47,418,0,0,0,0,149.0,0,0
T00786,2026-01-01T20:05:00+00:00,U0187,R0032,8431.43,1,20,0,0,0,1400.81,6.02,1389,0,0,0,0,126.0,0,0
T00787,2026-01-01T20:06:00+00:00,U0133,R0107,3466.21,1,20,0,0,0,3790.69,0.91,257,0,0,0,0,128.0,0,0
T00788,2026-01-01T20:07:00+00:00,U0170,R0245,6360.64,1,20,0,0,0,1811.36,3.51,1804,0,0,0,0,200.0,0,0
T00789,2026-01-01T20:08:00+00:00,U0081,R0490,4411.75,1,20,0,0,0,2010.21,2.19,1251,0,0,0,0,636.0,0,0
T00790,2026-01-01T20:09:00+00:00,U0137,R0176,4792.04,1,20,0,0,1,2146.95,2.23,511,0,0,0,0,21.0,0,0
T00791,2026-01-01T20:10:00+00:00,U0174,R0396,670.61,1,20,0,0,0,4994.59,0.13,1108,0,0,0,0,114.0,0,0
T00792,2026-01-01T20:11:00+00:00,U0175,R0330,4702.38,1,20,0,0,1,1870.75,2.51,1375,0,0,0,0,12.0,0,0
T00793,2026-01-01T20:12:00+00:00,U0068,R0313,7801.24,1,20,0,0,0,3860.71,2.02,98,0,0,0,0,376.0,0,0
T00794,2026-01-01T20:13:00+00:00,U0064,R0143,1703.42,1,20,0,0,1,3148.09,0.54,1159,0,0,0,0,56.0,0,0
T00795,2026-01-01T20:14:00+00:00,U0058,R0483,1641.16,1,20,0,0,0,3772.62,0.44,1080,0,0,0,0,383.0,0,0
T00796,2026-01-01T20:15:00+00:00,U0077,R0395,2143.24,1,20,0,0,1,3995.97,0.54,332,0,0,0,0,26.0,0,0
T00797,2026-01-01T20:16:00+00:00,U0054,R0354,3595.86,1,20,0,0,0,4596.93,0.78,712,0,0,0,0,74.0,0,0
T00798,2026-01-01T20:17:00+00:00,U0082,R0246,253.1,1,20,0,0,0,2943.97,0.09,212,0,0,0,0,95.0,0,0
T00799,2026-01-01T20:18:00+00:00,U0185,R0141,476.06,1,20,0,1,1,4163.9,0.11,1483,0,0,0,0,59.0,0,0
T00800,2026-01-01T20:19:00+00:00,U0147,R0347,2465.37,1,20,0,0,0,3904.48,0.63,1663,0,0,0,0,103.0,0,0
T00801,2026-01-01T20:20:00+00:00,U0102,R0420,3961.43,1,20,0,0,0,1571.54,2.52,1474,0,0,0,0,121.0,0,1
T00802,2026-01-01T20:21:00+00:00,U0198,R0412,578.6,1,20,0,0,0,2478.81,0.23,1947,0,0,0,0,80.0,0,0
T00803,2026-01-01T20:22:00+00:00,U0011,R0148,4241.63,1,20,0,0,0,3623.92,1.17,177,0,0,0,0,83.0,0,0
T00804,2026-01-01T20:23:00+00:00,U0021,R0178,2895.47,1,20,0,0,0,2370.22,1.22,486,0,0,0,0,83.0,0,0
T00805,2026-01-01T20:24:00+00:00,U0168,R0132,24158.99,1,20,1,0,1,4430.41,5.45,820,0,0,0,0,30.0,0,1
T00806,2026-01-01T20:25:00+00:00,U0055,R0104,7792.65,1,20,0,0,0,3953.55,1.97,553,0,0,0,0,552.0,0,0
T00807,2026-01-01T20:26:00+00:00,U0070,R0478,1941.34,1,20,0,0,0,3618.28,0.54,664,0,0,0,0,300.0,0,0
T00808,2026-01-01T20:27:00+00:00,U0070,R0071,18249.43,1,20,0,0,1,3338.79,5.47,664,1,0,0,0,1.0,0,1
T00809,2026-01-01T20:28:00+00:00,U0190,R0301,1346.74,1,20,0,0,1,2342.13,0.58,1087,0,0,0,0,42.0,0,0
T00810,2026-01-01T20:29:00+00:00,U0013,R0343,757.01,1,20,0,0,0,5876.65,0.13,869,0,0,0,0,64.0,0,0
T00811,2026-01-01T20:30:00+00:00,U0058,R0327,203.31,1,20,0,0,1,3062.13,0.07,1080,0,0,0,0,16.0,0,0
T00812,2026-01-01T20:31:00+00:00,U0026,R0212,2458.81,1,20,0,0,0,7592.41,0.32,407,0,0,0,0,226.0,0,0
T00813,2026-01-01T20:32:00+00:00,U0121,R0052,1379.89,1,20,0,0,1,3175.37,0.43,418,0,0,0,0,28.0,0,0
T00814,2026-01-01T20:33:00+00:00,U0036,R0003,5892.84,1,20,0,0,0,5386.06,1.09,219,0,0,0,0,197.0,0,0
T00815,2026-01-01T20:34:00+00:00,U0041,R0209,2874.01,1,20,0,0,0,6690.26,0.43,680,0,0,0,0,74.0,0,0
T00816,2026-01-01T20:35:00+00:00,U0122,R0245,2047.94,1,20,1,0,1,1820.11,1.13,1750,0,0,0,0,53.0,0,0
T00817,2026-01-01T20:36:00+00:00,U0194,R0494,5344.93,1,20,0,0,0,1882.12,2.84,1773,0,0,0,0,176.0,0,0
T00818,2026-01-01T20:37:00+00:00,U0074,R0331,2292.27,1,20,0,0,0,3375.3,0.68,589,0,0,0,0,64.0,0,0
T00819,2026-01-01T20:38:00+00:00,U0197,R0046,2355.34,1,20,0,0,0,8611.69,0.27,274,0,0,0,0,112.0,0,0
T00820,2026-01-01T20:39:00+00:00,U0060,R0274,1298.28,1,20,0,0,0,1433.83,0.91,1595,0,0,0,0,375.0,0,0
T00821,2026-01-01T20:40:00+00:00,U0010,R0468,3969.35,1,20,0,0,1,1779.6,2.23,1038,0,0,0,0,59.0,0,0
T00822,2026-01-01T20:41:00+00:00,U0107,R0452,2074.13,1,20,0,1,1,9472.2,0.22,1230,0,0,0,0,50.0,0,0
T00823,2026-01-01T20:42:00+00:00,U0010,R0429,3644.14,1,20,0,0,1,2509.51,1.45,1038,1,0,0,0,2.0,0,0
T00824,2026-01-01T20:43:00+00:00,U0127,R0096,4483.48,1,20,0,0,0,2685.24,1.67,675,0,0,0,0,128.0,0,0
T00825,2026-01-01T20:44:00+00:00,U0075,R0449,2013.86,1,20,0,0,0,1363.48,1.48,86,0,0,0,0,1440.0,0,0
T00826,2026-01-01T20:45:00+00:00,U0146,R0309,3156.0,1,20,0,0,0,4029.53,0.78,1480,0,0,0,0,150.0,0,1
T00827,2026-01-01T20:46:00+00:00,U0146,R0309,3156.0,0,20,1,1,1,3920.34,0.81,1480,1,1,1,1,1.0,1,1
T00828,2026-01-01T20:47:00+00:00,U0146,R0309,3156.0,0,20,0,1,2,3835.41,0.82,1480,2,2,2,2,1.0,2,1
T00829,2026-01-01T20:48:00+00:00,U0086,R0146,4789.88,1,20,0,0,0,516.28,9.28,1686,0,0,0,0,656.0,0,0
T00830,2026-01-01T20:49:00+00:00,U0165,R0279,3641.28,1,20,0,1,0,4984.15,0.73,302,0,0,0,0,114.0,0,1
T00831,2026-01-01T20:50:00+00:00,U0035,R0436,1716.85,1,20,0,0,0,5933.12,0.29,1476,0,0,0,0,81.0,0,0
T00832,2026-01-01T20:51:00+00:00,U0070,R0099,973.86,1,20,0,0,2,5468.88,0.18,664,0,0,0,0,24.0,0,0
T00833,2026-01-01T20:52:00+00:00,U0085,R0084,283.51,1,20,0,0,0,5833.36,0.05,652,0,0,0,0,466.0,0,0
T00834,2026-01-01T20:53:00+00:00,U0166,R0132,1201.84,1,20,0,0,0,4750.71,0.25,1257,0,0,0,0,159.0,0,0
T00835,2026-01-01T20:54:00+00:00,U0004,R0378,6552.66,1,20,0,0,0,1479.24,4.43,1108,0,0,0,0,420.0,0,0
T00836,2026-01-01T20:55:00+00:00,U0076,R0291,3810.45,1,20,0,0,0,8028.15,0.47,1540,0,0,0,0,174.0,0,0
T00837,2026-01-01T20:56:00+00:00,U0050,R0090,4697.48,1,20,0,0,0,2897.74,1.62,682,0,0,0,0,253.0,0,0
T00838,2026-01-01T20:57:00+00:00,U0164,R0460,2604.53,1,20,0,0,0,4560.24,0.57,1150,0,0,0,0,311.0,0,0
T00839,2026-01-01T20:58:00+00:00,U0110,R0264,1274.51,1,20,0,0,0,2469.31,0.52,29,0,0,0,0,313.0,0,0
T00840,2026-01-01T20:59:00+00:00,U0103,R0343,3370.12,1,20,0,0,0,2693.66,1.25,145,0,0,0,0,79.0,0,0
T00841,2026-01-01T21:00:00+00:00,U0036,R0245,22645.8,1,21,0,0,1,5487.42,4.13,219,0,0,0,0,27.0,0,1
T00842,2026-01-01T21:01:00+00:00,U0064,R0004,8291.08,1,21,0,0,1,2941.71,2.82,1159,0,0,0,0,48.0,0,0
T00843,2026-01-01T21:02:00+00:00,U0061,R0229,2724.09,1,21,0,0,0,2878.85,0.95,255,0,0,0,0,249.0,0,0
T00844,2026-01-01T21:03:00+00:00,U0085,R0155,623.46,1,21,0,0,1,4908.39,0.13,652,0,0,0,0,11.0,0,0
T00845,2026-01-01T21:04:00+00:00,U0147,R0006,2874.73,1,21,0,1,1,3616.66,0.79,1663,0,0,0,0,45.0,0,0
T00846,2026-01-01T21:05:00+00:00,U0093,R0355,3524.72,1,21,0,0,0,8168.97,0.43,403,0,0,0,0,152.0,0,0
T00847,2026-01-01T21:06:00+00:00,U0171,R0061,2930.94,1,21,0,0,0,2754.66,1.06,1154,0,0,0,0,658.0,0,0
T00848,2026-01-01T21:07:00+00:00,U0041,R0208,4464.42,1,21,0,0,1,5418.18,0.82,680,0,0,0,0,33.0,0,0
T00849,2026-01-01T21:08:00+00:00,U0181,R0395,4084.48,1,21,0,0,0,3178.76,1.28,215,0,0,0,0,475.0,0,0
T00850,2026-01-01T21:09:00+00:00,U0031,R0328,11440.59,1,21,1,1,0,1637.34,6.99,1886,0,0,0,0,1440.0,0,1
T00851,2026-01-01T21:10:00+00:00,U0095,R0315,1724.9,1,21,0,0,0,3387.6,0.51,333,0,0,0,0,80.0,0,0
T00852,2026-01-01T21:11:00+00:00,U0035,R0245,1269.35,1,21,0,0,1,4527.7,0.28,1476,0,0,0,0,21.0,0,0
T00853,2026-01-01T21:12:00+00:00,U0192,R0311,1993.35,1,21,0,0,0,3002.7,0.66,887,0,0,0,0,182.0,0,0
T00854,2026-01-01T21:13:00+00:00,U0180,R0282,24309.15,1,21,0,0,0,3880.16,6.26,793,0,0,0,0,73.0,0,1
T00855,2026-01-01T21:14:00+00:00,U0194,R0276,7579.96,1,21,0,0,1,2376.81,3.19,1773,0,0,0,0,38.0,0,0
T00856,2026-01-01T21:15:00+00:00,U0056,R0391,3618.98,1,21,0,0,0,4660.25,0.78,129,0,0,0,0,357.0,0,0
T00857,2026-01-01T21:16:00+00:00,U0194,R0306,3671.78,1,21,0,0,2,3027.2,1.21,1773,1,0,0,0,2.0,0,0
T00858,2026-01-01T21:17:00+00:00,U0021,R0270,36368.95,1,21,0,1,1,2428.58,14.98,486,0,0,0,0,54.0,0,1
T00859,2026-01-01T21:18:00+00:00,U0181,R0186,4132.34,1,21,0,0,1,3631.62,1.14,215,1,0,0,0,10.0,0,0
T00860,2026-01-01T21:19:00+00:00,U0145,R0058,1120.49,1,21,1,0,0,2436.26,0.46,94,0,0,0,0,314.0,0,0
T00861,2026-01-01T21:20:00+00:00,U0141,R0463,14311.62,1,21,0,1,0,2604.39,5.5,113,0,0,0,0,239.0,0,1
T00862,2026-01-01T21:21:00+00:00,U0147,R0275,2188.22,1,21,0,0,1,3493.0,0.63,1663,0,0,0,0,17.0,0,0
T00863,2026-01-01T21:22:00+00:00,U0084,R0438,2156.02,1,21,0,0,0,4164.19,0.52,1583,0,0,0,0,98.0,0,0
T00864,2026-01-01T21:23:00+00:00,U0030,R0349,991.14,1,21,0,0,0,3028.05,0.33,229,0,0,0,0,356.0,0,0
T00865,2026-01-01T21:24:00+00:00,U0150,R0251,1124.65,1,21,0,0,0,4818.84,0.23,1080,0,0,0,0,765.0,0,0
T00866,2026-01-01T21:25:00+00:00,U0131,R0229,973.97,1,21,0,0,0,7161.74,0.14,1810,0,0,0,0,285.0,0,0
T00867,2026-01-01T21:26:00+00:00,U0117,R0068,512.04,1,21,0,0,0,7062.05,0.07,876,0,0,0,0,428.0,0,0
T00868,2026-01-01T21:27:00+00:00,U0117,R0289,2672.43,1,21,0,0,1,6243.3,0.43,876,1,0,0,0,1.0,0,0
T00869,2026-01-01T21:28:00+00:00,U0119,R0345,33064.03,1,21,0,0,0,6827.27,4.84,112,0,0,0,0,446.0,0,1
T00870,2026-01-01T21:29:00+00:00,U0186,R0012,1047.92,1,21,0,0,0,1326.69,0.79,1731,0,0,0,0,97.0,0,0
T00871,2026-01-01T21:30:00+00:00,U0001,R0382,4993.32,1,21,0,0,0,6983.68,0.71,1905,0,0,0,0,704.0,0,0
T00872,2026-01-01T21:31:00+00:00,U0019,R0024,5572.85,1,21,0,0,0,6766.15,0.82,1302,0,0,0,0,144.0,0,0
T00873,2026-01-01T21:32:00+00:00,U0180,R0033,1581.12,1,21,1,0,1,6433.79,0.25,793,0,0,0,0,19.0,0,0
T00874,2026-01-01T21:33:00+00:00,U0016,R0479,484.06,1,21,0,0,0,5504.14,0.09,1715,0,0,0,0,314.0,0,0
T00875,2026-01-01T21:34:00+00:00,U0121,R0017,3868.41,1,21,0,1,0,2950.94,1.31,418,0,0,0,0,62.0,0,0
T00876,2026-01-01T21:35:00+00:00,U0047,R0394,18565.81,1,21,1,0,0,5951.96,3.12,957,0,0,0,0,497.0,0,1
T00877,2026-01-01T21:36:00+00:00,U0165,R0374,3301.76,1,21,0,0,1,4816.29,0.69,302,0,0,0,0,47.0,0,0
T00878,2026-01-01T21:37:00+00:00,U0108,R0192,4320.89,1,21,0,0,0,15738.12,0.27,1935,0,0,0,0,276.0,0,0
T00879,2026-01-01T21:38:00+00:00,U0098,R0230,43379.48,1,21,1,0,0,11456.84,3.79,938,0,0,0,0,358.0,0,1
T00880,2026-01-01T21:39:00+00:00,U0097,R0193,4953.83,1,21,0,0,0,2907.03,1.7,174,0,0,0,0,1440.0,0,0
T00881,2026-01-01T21:40:00+00:00,U0170,R0448,4332.32,1,21,0,0,0,4086.0,1.06,1804,0,0,0,0,93.0,0,0
T00882,2026-01-01T21:41:00+00:00,U0168,R0441,4121.13,1,21,0,0,0,6896.48,0.6,820,0,0,0,0,77.0,0,0
T00883,2026-01-01T21:42:00+00:00,U0046,R0276,4627.48,1,21,0,0,0,2742.91,1.69,854,0,0,0,0,638.0,0,0
T00884,2026-01-01T21:43:00+00:00,U0033,R0373,1373.03,1,21,0,0,0,3410.72,0.4,1103,0,0,0,0,127.0,0,0
T00885,2026-01-01T21:44:00+00:00,U0001,R0388,527.57,1,21,0,0,1,6320.23,0.08,1905,0,0,0,0,14.0,0,0
T00886,2026-01-01T21:45:00+00:00,U0077,R0238,2321.7,1,21,0,0,0,3378.39,0.69,332,0,0,0,0,90.0,0,0
T00887,2026-01-01T21:46:00+00:00,U0140,R0218,24259.59,1,21,1,1,0,11328.7,2.14,1219,0,0,0,0,236.0,0,1
T00888,2026-01-01T21:47:00+00:00,U0059,R0127,246.78,1,21,0,0,0,5362.28,0.05,75,0,0,0,0,744.0,0,0
T00889,2026-01-01T21:48:00+00:00,U0040,R0142,1258.64,1,21,0,0,0,1732.35,0.73,1571,0,0,0,0,180.0,0,0
T00890,2026-01-01T21:49:00+00:00,U0186,R0392,390.25,1,21,0,0,1,1233.77,0.32,1731,0,0,0,0,20.0,0,0
T00891,2026-01-01T21:50:00+00:00,U0170,R0215,1322.79,1,21,1,0,1,4168.11,0.32,1804,1,0,0,0,10.0,0,0
T00892,2026-01-01T21:51:00+00:00,U0005,R0124,921.17,1,21,0,0,0,1540.91,0.6,1114,0,0,0,0,631.0,0,0
T00893,2026-01-01T21:52:00+00:00,U0026,R0305,30287.62,1,21,1,0,0,6309.01,4.8,407,0,0,0,0,81.0,0,1
T00894,2026-01-01T21:53:00+00:00,U0154,R0345,359.21,1,21,0,0,0,2713.29,0.13,1010,0,0,0,0,327.0,0,0
T00895,2026-01-01T21:54:00+00:00,U0013,R0126,4796.16,1,21,0,0,0,4170.1,1.15,869,0,0,0,0,85.0,0,0
T00896,2026-01-01T21:55:00+00:00,U0103,R0225,456.73,1,21,0,0,1,2828.95,0.16,145,0,0,0,0,56.0,0,0
T00897,2026-01-01T21:56:00+00:00,U0056,R0387,4731.84,1,21,0,0,1,4399.93,1.08,129,0,0,0,0,41.0,0,0
T00898,2026-01-01T21:57:00+00:00,U0015,R0072,7904.19,1,21,0,0,0,4973.96,1.59,1206,0,0,0,0,190.0,0,0
T00899,2026-01-01T21:58:00+00:00,U0075,R0120,1327.23,1,21,0,1,0,2013.86,0.66,86,0,0,0,0,74.0,0,0
T00900,2026-01-01T21:59:00+00:00,U0188,R0295,3521.16,1,21,0,0,0,3853.09,0.91,1681,0,0,0,0,496.0,0,0
T00901,2026-01-01T22:00:00+00:00,U0154,R0396,7023.88,1,22,0,0,1,2242.48,3.13,1010,1,0,0,0,7.0,0,0
T00902,2026-01-01T22:01:00+00:00,U0083,R0122,964.54,1,22,0,0,0,20123.88,0.05,313,0,0,0,0,192.0,0,0
T00903,2026-01-01T22:02:00+00:00,U0037,R0339,2640.69,1,22,0,0,0,5443.95,0.49,132,0,0,0,0,143.0,0,0
T00904,2026-01-01T22:03:00+00:00,U0106,R0154,2001.91,1,22,0,0,0,1664.59,1.2,1381,0,0,0,0,121.0,0,0
T00905,2026-01-01T22:04:00+00:00,U0143,R0486,1156.6,1,22,0,0,0,3684.97,0.31,194,0,0,0,0,146.0,0,0
T00906,2026-01-01T22:05:00+00:00,U0189,R0467,2594.9,1,22,0,0,0,2898.07,0.9,690,0,0,0,0,224.0,0,0
T00907,2026-01-01T22:06:00+00:00,U0174,R0219,3683.19,1,22,0,0,0,4273.93,0.86,1108,0,0,0,0,116.0,0,0
T00908,2026-01-01T22:07:00+00:00,U0013,R0498,19720.22,1,22,1,0,1,4326.62,4.56,869,0,0,0,0,13.0,0,1
T00909,2026-01-01T22:08:00+00:00,U0165,R0344,4905.84,1,22,0,0,1,4648.01,1.06,302,0,0,0,0,32.0,0,0
T00910,2026-01-01T22:09:00+00:00,U0135,R0164,689.16,1,22,0,0,0,2234.61,0.31,1258,0,0,0,0,132.0,0,0
T00911,2026-01-01T22:10:00+00:00,U0105,R0077,514.52,1,22,0,0,0,4178.28,0.12,203,0,0,0,0,345.0,0,0
T00912,2026-01-01T22:11:00+00:00,U0048,R0387,533.93,1,22,0,0,0,275.24,1.94,453,0,0,0,0,642.0,0,0
T00913,2026-01-01T22:12:00+00:00,U0062,R0435,995.03,1,22,0,0,0,5714.44,0.17,820,0,0,0,0,168.0,0,0
T00914,2026-01-01T22:13:00+00:00,U0182,R0074,2860.46,1,22,0,0,0,3655.21,0.78,269,0,0,0,0,351.0,0,0
T00915,2026-01-01T22:14:00+00:00,U0015,R0288,5898.34,1,22,0,0,1,5462.34,1.08,1206,0,0,0,0,17.0,0,0
T00916,2026-01-01T22:15:00+00:00,U0107,R0286,5842.92,1,22,0,0,0,8415.33,0.69,1230,0,0,0,0,94.0,0,0
T00917,2026-01-01T22:16:00+00:00,U0100,R0125,1198.71,1,22,0,0,0,2394.9,0.5,1160,0,0,0,0,234.0,0,0
T00918,2026-01-01T22:17:00+00:00,U0085,R0332,1400.47,1,22,0,0,0,4296.25,0.33,652,0,0,0,0,74.0,0,0
T00919,2026-01-01T22:18:00+00:00,U0116,R0434,1020.57,1,22,0,0,0,3351.86,0.3,463,0,0,0,0,164.0,0,0
T00920,2026-01-01T22:19:00+00:00,U0138,R0371,30235.39,1,22,1,1,0,5363.4,5.64,1898,0,0,0,0,493.0,0,1
T00921,2026-01-01T22:20:00+00:00,U0014,R0138,11225.56,1,22,1,1,0,2378.43,4.72,608,0,0,0,0,144.0,0,1
T00922,2026-01-01T22:21:00+00:00,U0155,R0309,6578.05,1,22,1,0,0,2279.2,2.89,1159,0,0,0,0,261.0,0,0
T00923,2026-01-01T22:22:00+00:00,U0019,R0097,1701.54,1,22,0,0,1,6527.49,0.26,1302,0,0,0,0,51.0,0,0
T00924,2026-01-01T22:23:00+00:00,U0151,R0371,715.08,1,22,0,0,0,2547.62,0.28,1656,0,0,0,0,494.0,0,0
T00925,2026-01-01T22:24:00+00:00,U0056,R0246,2261.64,1,22,0,0,1,4466.31,0.51,129,0,0,0,0,28.0,0,0
T00926,2026-01-01T22:25:00+00:00,U0086,R0156,2519.86,1,22,0,0,0,2653.08,0.95,1686,0,0,0,0,97.0,0,0
T00927,2026-01-01T22:26:00+00:00,U0004,R0109,6367.61,1,22,0,1,0,4015.95,1.59,1108,0,0,0,0,92.0,0,0
T00928,2026-01-01T22:27:00+00:00,U0190,R0061,1318.43,1,22,0,0,0,2176.23,0.61,1087,0,0,0,0,119.0,0,0
T00929,2026-01-01T22:28:00+00:00,U0194,R0246,2218.81,1,22,0,0,0,3098.82,0.72,1773,0,0,0,0,72.0,0,0
T00930,2026-01-01T22:29:00+00:00,U0179,R0310,1376.23,1,22,0,0,0,3840.65,0.36,1145,0,0,0,0,501.0,0,0
T00931,2026-01-01T22:30:00+00:00,U0102,R0469,4250.58,1,22,0,0,0,2169.01,1.96,1474,0,0,0,0,130.0,0,0
T00932,2026-01-01T22:31:00+00:00,U0083,R0398,2232.31,1,22,0,0,1,13737.44,0.16,313,0,0,0,0,30.0,0,0
T00933,2026-01-01T22:32:00+00:00,U0120,R0274,10291.28,1,22,0,0,0,8669.78,1.19,524,0,0,0,0,191.0,0,1
T00934,2026-01-01T22:33:00+00:00,U0079,R0134,3594.5,1,22,0,0,0,1110.44,3.24,128,0,0,0,0,629.0,0,0
T00935,2026-01-01T22:34:00+00:00,U0128,R0239,1458.03,1,22,0,0,0,5367.08,0.27,1107,0,0,0,0,192.0,0,0
T00936,2026-01-01T22:35:00+00:00,U0185,R0241,3707.79,1,22,0,0,0,3754.14,0.99,1483,0,0,0,0,137.0,0,0
T00937,2026-01-01T22:36:00+00:00,U0082,R0469,7183.37,1,22,0,1,0,2271.25,3.16,212,0,0,0,0,139.0,0,0
T00938,2026-01-01T22:37:00+00:00,U0081,R0212,5385.86,1,22,0,0,0,3210.98,1.68,1251,0,0,0,0,149.0,0,0
T00939,2026-01-01T22:38:00+00:00,U0057,R0380,2270.96,1,22,0,0,0,1646.46,1.38,459,0,0,0,0,729.0,0,0
T00940,2026-01-01T22:39:00+00:00,U0067,R0284,2651.07,1,22,0,0,0,2260.78,1.17,1381,0,0,0,0,790.0,0,0
T00941,2026-01-01T22:40:00+00:00,U0149,R0369,4419.23,1,22,0,0,0,1160.53,3.81,1912,0,0,0,0,165.0,0,0
T00942,2026-01-01T22:41:00+00:00,U0040,R0101,1790.23,1,22,0,0,1,1664.68,1.08,1571,0,0,0,0,53.0,0,0
T00943,2026-01-01T22:42:00+00:00,U0098,R0292,4214.29,1,22,0,0,0,16777.28,0.25,938,0,0,0,0,64.0,0,0
T00944,2026-01-01T22:43:00+00:00,U0128,R0282,6112.42,1,22,0,0,1,4389.82,1.39,1107,1,0,0,0,9.0,0,0
T00945,2026-01-01T22:44:00+00:00,U0176,R0173,1822.74,1,22,0,0,0,2466.27,0.74,1935,0,0,0,0,218.0,0,0
T00946,2026-01-01T22:45:00+00:00,U0126,R0495,43909.86,1,22,1,0,0,3062.81,14.34,1797,0,0,0,0,260.0,0,1
T00947,2026-01-01T22:46:00+00:00,U0190,R0252,3815.53,1,22,0,0,1,2053.69,1.86,1087,0,0,0,0,19.0,0,0
T00948,2026-01-01T22:47:00+00:00,U0188,R0408,429.27,1,22,1,0,1,3770.11,0.11,1681,0,0,0,0,48.0,0,0
T00949,2026-01-01T22:48:00+00:00,U0036,R0369,2271.77,1,22,0,0,0,8347.15,0.27,219,0,0,0,0,108.0,0,0
T00950,2026-01-01T22:49:00+00:00,U0048,R0470,1437.88,1,22,1,0,1,404.58,3.55,453,0,0,0,0,38.0,0,0
T00951,2026-01-01T22:50:00+00:00,U0165,R0491,28558.55,1,22,1,0,1,4673.79,6.11,302,0,0,0,0,42.0,0,1
T00952,2026-01-01T22:51:00+00:00,U0009,R0430,2066.95,1,22,0,0,0,1219.85,1.69,1744,0,0,0,0,1440.0,0,0
T00953,2026-01-01T22:52:00+00:00,U0172,R0025,2377.74,1,22,0,0,0,7304.65,0.33,1447,0,0,0,0,633.0,0,0
T00954,2026-01-01T22:53:00+00:00,U0106,R0071,5178.88,1,22,0,0,1,1712.78,3.02,1381,0,0,0,0,50.0,0,0
T00955,2026-01-01T22:54:00+00:00,U0060,R0035,8527.6,1,22,0,0,0,1366.05,6.24,1595,0,0,0,0,135.0,0,1
T00956,2026-01-01T22:55:00+00:00,U0003,R0112,6663.41,1,22,0,0,0,5171.23,1.29,1486,0,0,0,0,207.0,0,0
T00957,2026-01-01T22:56:00+00:00,U0096,R0031,42062.7,1,22,1,0,0,2082.52,20.2,322,0,0,0,0,199.0,0,1
T00958,2026-01-01T22:57:00+00:00,U0171,R0479,1817.71,1,22,0,0,0,2842.8,0.64,1154,0,0,0,0,111.0,0,0
T00959,2026-01-01T22:58:00+00:00,U0124,R0338,930.04,1,22,0,0,0,1150.22,0.81,1661,0,0,0,0,550.0,0,0
T00960,2026-01-01T22:59:00+00:00,U0002,R0273,466.71,1,22,0,0,0,2925.3,0.16,1660,0,0,0,0,754.0,0,0
T00961,2026-01-01T23:00:00+00:00,U0004,R0009,4049.09,1,23,0,0,1,4799.84,0.84,1108,0,0,0,0,34.0,0,0
T00962,2026-01-01T23:01:00+00:00,U0071,R0275,28277.82,1,23,1,0,0,6614.02,4.28,17,0,0,0,0,248.0,0,1
T00963,2026-01-01T23:02:00+00:00,U0005,R0258,2779.58,1,23,0,1,0,1334.33,2.08,1114,0,0,0,0,71.0,0,0
T00964,2026-01-01T23:03:00+00:00,U0173,R0221,1137.06,1,23,0,0,0,2428.15,0.47,1772,0,0,0,0,216.0,0,0
T00965,2026-01-01T23:04:00+00:00,U0046,R0055,2374.58,1,23,0,0,0,3214.05,0.74,854,0,0,0,0,82.0,0,0
T00966,2026-01-01T23:05:00+00:00,U0135,R0077,9031.55,1,23,0,0,1,1719.46,5.25,1258,0,0,0,0,56.0,0,1
T00967,2026-01-01T23:06:00+00:00,U0159,R0270,2315.22,1,23,0,0,0,3368.01,0.69,490,0,0,0,0,243.0,0,0
T00968,2026-01-01T23:07:00+00:00,U0091,R0137,5183.61,1,23,0,0,0,1924.85,2.69,823,0,0,0,0,301.0,0,0
T00969,2026-01-01T23:08:00+00:00,U0021,R0192,469.96,0,23,0,0,0,5822.62,0.08,486,0,0,0,0,111.0,1,0
T00970,2026-01-01T23:09:00+00:00,U0118,R0290,2023.26,1,23,0,0,0,7078.61,0.29,635,0,0,0,0,323.0,0,0
T00971,2026-01-01T23:10:00+00:00,U0179,R0116,21550.35,1,23,1,1,1,3019.18,7.14,1145,0,0,0,0,41.0,0,1
T00972,2026-01-01T23:11:00+00:00,U0021,R0335,25019.68,1,23,1,0,1,5336.01,4.69,486,1,0,0,0,3.0,0,1
T00973,2026-01-01T23:12:00+00:00,U0167,R0389,423.76,1,23,0,0,0,1520.29,0.28,1126,0,0,0,0,357.0,0,0
T00974,2026-01-01T23:13:00+00:00,U0104,R0195,7515.24,1,23,0,0,0,1293.65,5.81,508,0,0,0,0,304.0,0,0
T00975,2026-01-01T23:14:00+00:00,U0122,R0029,2007.18,1,23,0,0,0,1865.67,1.08,1750,0,0,0,0,159.0,0,0
T00976,2026-01-01T23:15:00+00:00,U0180,R0088,899.98,1,23,0,0,0,5894.6,0.15,793,0,0,0,0,103.0,0,0
T00977,2026-01-01T23:16:00+00:00,U0112,R0331,1883.1,1,23,0,0,0,3782.52,0.5,939,0,0,0,0,445.0,0,0
T00978,2026-01-01T23:17:00+00:00,U0145,R0440,824.9,1,23,0,1,0,2173.11,0.38,94,0,0,0,0,118.0,0,0
T00979,2026-01-01T23:18:00+00:00,U0136,R0471,730.09,1,23,0,0,0,3862.79,0.19,126,0,0,0,0,356.0,0,0
T00980,2026-01-01T23:19:00+00:00,U0055,R0462,1539.87,1,23,0,1,0,4913.32,0.31,553,0,0,0,0,174.0,0,0
T00981,2026-01-01T23:20:00+00:00,U0146,R0244,3479.85,1,23,0,0,0,3767.47,0.92,1480,0,0,0,0,153.0,0,0
T00982,2026-01-01T23:21:00+00:00,U0020,R0351,8758.56,1,23,0,0,0,3358.83,2.61,1664,0,0,0,0,428.0,0,0
T00983,2026-01-01T23:22:00+00:00,U0140,R0289,542.75,1,23,0,0,0,13483.84,0.04,1219,0,0,0,0,96.0,0,0
T00984,2026-01-01T23:23:00+00:00,U0046,R0476,1311.34,1,23,0,0,1,3046.16,0.43,854,0,0,0,0,19.0,0,0
T00985,2026-01-01T23:24:00+00:00,U0005,R0493,861.66,1,23,0,0,1,1695.64,0.51,1114,0,0,0,0,22.0,0,0
T00986,2026-01-01T23:25:00+00:00,U0037,R0386,3272.47,1,23,0,0,0,5093.54,0.64,132,0,0,0,0,83.0,0,0
T00987,2026-01-01T23:26:00+00:00,U0102,R0476,2464.13,1,23,0,0,1,2585.32,0.95,1474,0,0,0,0,56.0,0,0
T00988,2026-01-01T23:27:00+00:00,U0042,R0289,1205.69,1,23,0,0,0,2150.3,0.56,914,0,0,0,0,222.0,0,0
T00989,2026-01-01T23:28:00+00:00,U0100,R0347,16360.08,1,23,0,0,0,1796.81,9.11,1160,0,0,0,0,72.0,0,1
T00990,2026-01-01T23:29:00+00:00,U0085,R0197,769.63,1,23,0,0,0,3934.28,0.2,652,0,0,0,0,72.0,0,0
T00991,2026-01-01T23:30:00+00:00,U0036,R0405,723.68,1,23,0,0,1,7479.24,0.1,219,0,0,0,0,42.0,0,0
T00992,2026-01-01T23:31:00+00:00,U0186,R0041,1977.72,1,23,0,0,0,1022.89,1.93,1731,0,0,0,0,102.0,0,0
T00993,2026-01-01T23:32:00+00:00,U0089,R0028,1778.24,1,23,0,0,0,1546.79,1.15,622,0,0,0,0,261.0,0,0
T00994,2026-01-01T23:33:00+00:00,U0060,R0430,3261.06,1,23,0,1,1,3753.24,0.87,1595,0,0,0,0,39.0,0,0
T00995,2026-01-01T23:34:00+00:00,U0155,R0394,5586.55,1,23,0,0,0,3353.91,1.67,1159,0,0,0,0,73.0,0,0
T00996,2026-01-01T23:35:00+00:00,U0153,R0204,2138.55,1,23,0,0,0,2148.12,1.0,798,0,0,0,0,249.0,0,0
T00997,2026-01-01T23:36:00+00:00,U0084,R0016,5090.37,1,23,0,0,0,3913.17,1.3,1583,0,0,0,0,134.0,0,0
T00998,2026-01-01T23:37:00+00:00,U0116,R0252,4745.75,1,23,0,0,0,2885.6,1.64,463,0,0,0,0,79.0,0,0
T00999,2026-01-01T23:38:00+00:00,U0142,R0482,3934.22,1,23,0,0,0,3016.07,1.3,1708,0,0,0,0,293.0,0,0
T01000,2026-01-01T23:39:00+00:00,U0048,R0349,6316.98,1,23,0,0,1,749.02,8.43,453,0,0,0,0,50.0,0,0
T01001,2026-01-01T23:40:00+00:00,U0098,R0044,19839.04,1,23,1,1,1,14982.57,1.32,938,0,0,0,0,58.0,0,1
T01002,2026-01-01T23:41:00+00:00,U0076,R0409,2025.51,1,23,0,0,0,6622.25,0.31,1540,0,0,0,0,166.0,0,0
T01003,2026-01-01T23:42:00+00:00,U0019,R0043,2629.41,1,23,0,0,0,5723.16,0.46,1302,0,0,0,0,80.0,0,0
T01004,2026-01-01T23:43:00+00:00,U0098,R0365,7055.39,1,23,0,0,1,15589.63,0.45,938,1,0,0,0,3.0,0,0
T01005,2026-01-01T23:44:00+00:00,U0040,R0379,4158.17,1,23,0,0,0,1680.37,2.47,1571,0,0,0,0,63.0,0,0
T01006,2026-01-01T23:45:00+00:00,U0093,R0055,382.47,1,23,0,1,0,7394.93,0.05,403,0,0,0,0,160.0,0,0
T01007,2026-01-01T23:46:00+00:00,U0079,R0228,5900.31,1,23,0,0,0,1938.46,3.04,128,0,0,0,0,73.0,0,0
T01008,2026-01-01T23:47:00+00:00,U0070,R0053,4816.37,1,23,0,1,0,4907.01,0.98,664,0,0,0,0,176.0,0,0
T01009,2026-01-01T23:48:00+00:00,U0048,R0221,2672.55,1,23,0,0,2,2141.01,1.25,453,1,0,0,0,9.0,0,0
T01010,2026-01-01T23:49:00+00:00,U0143,R0263,3105.1,1,23,0,0,0,3052.88,1.02,194,0,0,0,0,105.0,0,0
T01011,2026-01-01T23:50:00+00:00,U0007,R0046,3789.81,1,23,0,0,0,14190.25,0.27,573,0,0,0,0,237.0,0,0
T01012,2026-01-01T23:51:00+00:00,U0024,R0306,2609.02,1,23,0,0,0,3326.14,0.78,1553,0,0,0,0,402.0,0,0
T01013,2026-01-01T23:52:00+00:00,U0084,R0443,3886.4,1,23,0,0,1,4043.97,0.96,1583,0,0,0,0,16.0,0,0
T01014,2026-01-01T23:53:00+00:00,U0075,R0212,14578.14,1,23,1,1,0,1670.55,8.73,86,0,0,0,0,115.0,0,1
T01015,2026-01-01T23:54:00+00:00,U0022,R0372,7278.07,1,23,0,0,0,5311.83,1.37,887,0,0,0,0,383.0,0,0
T01016,2026-01-01T23:55:00+00:00,U0063,R0293,841.27,1,23,0,0,0,4173.53,0.2,1621,0,0,0,0,574.0,0,0
T01017,2026-01-01T23:56:00+00:00,U0176,R0195,3900.57,1,23,0,0,0,2374.33,1.64,1935,0,0,0,0,72.0,0,0
T01018,2026-01-01T23:57:00+00:00,U0069,R0155,7466.85,1,23,0,0,0,5969.7,1.25,1754,0,0,0,0,769.0,0,0
T01019,2026-01-01T23:58:00+00:00,U0038,R0033,1723.64,1,23,0,0,0,1213.84,1.42,400,0,0,0,0,572.0,0,0
T01020,2026-01-01T23:59:00+00:00,U0071,R0216,2418.65,1,23,0,0,1,9021.11,0.27,17,0,0,0,0,58.0,0,0
T01021,2026-01-02T00:00:00+00:00,U0020,R0185,521.4,1,0,0,0,1,4258.78,0.12,1664,0,0,0,0,39.0,0,0
T01022,2026-01-02T00:01:00+00:00,U0064,R0370,1999.15,1,0,0,0,0,3610.38,0.55,1159,0,0,0,0,180.0,0,0
T01023,2026-01-02T00:02:00+00:00,U0153,R0316,2281.68,1,0,0,0,1,2146.53,1.06,798,0,0,0,0,27.0,0,0
T01024,2026-01-02T00:03:00+00:00,U0028,R0070,3507.38,1,0,0,0,0,5175.71,0.68,1290,0,0,0,0,290.0,0,0
T01025,2026-01-02T00:04:00+00:00,U0102,R0171,1148.39,1,0,1,0,1,2565.12,0.45,1474,0,0,0,0,38.0,0,0
T01026,2026-01-02T00:05:00+00:00,U0098,R0412,1584.27,1,0,0,0,2,14641.38,0.11,938,0,0,0,0,22.0,0,0
T01027,2026-01-02T00:06:00+00:00,U0113,R0172,2997.88,1,0,0,0,0,3236.53,0.93,1440,0,0,0,0,245.0,0,0
T01028,2026-01-02T00:07:00+00:00,U0167,R0499,757.01,1,0,0,0,1,1383.22,0.55,1126,0,0,0,0,55.0,0,0
T01029,2026-01-02T00:08:00+00:00,U0077,R0165,17142.91,1,0,0,0,0,3114.22,5.5,332,0,0,0,0,143.0,0,1
T01030,2026-01-02T00:09:00+00:00,U0178,R0103,1559.25,1,0,0,0,0,6053.83,0.26,1860,0,0,0,0,655.0,0,0
T01031,2026-01-02T00:10:00+00:00,U0046,R0494,2580.89,1,0,0,0,1,2757.02,0.94,854,0,0,0,0,47.0,0,0
T01032,2026-01-02T00:11:00+00:00,U0082,R0150,1230.66,1,0,1,1,0,3253.68,0.38,212,0,0,0,0,95.0,0,0
T01033,2026-01-02T00:12:00+00:00,U0163,R0252,4658.94,1,0,0,0,0,4410.88,1.06,550,0,0,0,0,497.0,0,0
T01034,2026-01-02T00:13:00+00:00,U0063,R0167,4074.55,1,0,0,0,1,2507.4,1.63,1621,0,0,0,0,18.0,0,0
T01035,2026-01-02T00:14:00+00:00,U0101,R0187,635.11,1,0,0,0,0,4156.06,0.15,1165,0,0,0,0,291.0,0,0
T01036,2026-01-02T00:15:00+00:00,U0145,R0103,1302.2,1,0,0,0,1,1948.4,0.67,94,0,0,0,0,58.0,0,0
T01037,2026-01-02T00:16:00+00:00,U0140,R0093,251.33,1,0,1,0,1,11635.12,0.02,1219,0,0,0,0,54.0,0,0
T01038,2026-01-02T00:17:00+00:00,U0141,R0014,985.88,1,0,0,0,0,4555.6,0.22,113,0,0,0,0,177.0,0,0
T01039,2026-01-02T00:18:00+00:00,U0119,R0483,4863.01,1,0,0,0,0,15572.86,0.31,112,0,0,0,0,170.0,0,0
T01040,2026-01-02T00:19:00+00:00,U0113,R0409,6155.81,1,0,0,0,1,3202.44,1.92,1440,0,0,0,0,13.0,0,0
T01041,2026-01-02T00:20:00+00:00,U0178,R0036,7280.91,1,0,0,0,1,3806.54,1.91,1860,0,0,0,0,11.0,0,0
T01042,2026-01-02T00:21:00+00:00,U0105,R0345,4264.25,1,0,0,0,0,3654.89,1.17,203,0,0,0,0,131.0,0,0
T01043,2026-01-02T00:22:00+00:00,U0163,R0156,13228.78,1,0,0,1,1,4472.89,2.96,550,1,0,0,0,10.0,0,1
T01044,2026-01-02T00:23:00+00:00,U0169,R0079,589.59,1,0,0,0,0,2896.6,0.2,1949,0,0,0,0,473.0,0,0
T01045,2026-01-02T00:24:00+00:00,U0097,R0038,142.96,1,0,0,0,0,4953.83,0.03,174,0,0,0,0,165.0,0,0
T01046,2026-01-02T00:25:00+00:00,U0154,R0246,859.79,1,0,0,0,0,3039.38,0.28,1010,0,0,0,0,145.0,0,0
T01047,2026-01-02T00:26:00+00:00,U0137,R0260,1754.78,1,0,0,0,0,2808.22,0.62,511,0,0,0,0,257.0,0,0
T01048,2026-01-02T00:27:00+00:00,U0178,R0215,3804.98,1,0,0,0,2,4964.66,0.77,1860,1,0,0,0,7.0,0,0
T01049,2026-01-02T00:28:00+00:00,U0093,R0360,7326.29,1,0,0,0,1,6393.15,1.15,403,0,0,0,0,43.0,0,0
T01050,2026-01-02T00:29:00+00:00,U0138,R0305,574.8,1,0,0,0,0,8472.4,0.07,1898,0,0,0,0,130.0,0,0
T01051,2026-01-02T00:30:00+00:00,U0022,R0056,5048.16,1,0,1,0,1,5705.08,0.88,887,0,0,0,0,36.0,0,0
T01052,2026-01-02T00:31:00+00:00,U0169,R0341,4165.09,1,0,0,0,1,2608.22,1.6,1949,1,0,0,0,8.0,0,0
T01053,2026-01-02T00:32:00+00:00,U0166,R0314,2906.65,1,0,0,0,0,4477.72,0.65,1257,0,0,0,0,219.0,0,0
T01054,2026-01-02T00:33:00+00:00,U0166,R0347,2607.55,1,0,0,0,1,4365.5,0.6,1257,1,0,0,0,1.0,0,0
T01055,2026-01-02T00:34:00+00:00,U0193,R0170,984.16,1,0,0,0,0,2612.97,0.38,158,0,0,0,0,403.0,0,0
T01056,2026-01-02T00:35:00+00:00,U0111,R0055,2486.51,1,0,0,0,0,1662.71,1.5,877,0,0,0,0,745.0,0,0
T01057,2026-01-02T00:36:00+00:00,U0067,R0114,3588.85,1,0,0,0,0,2390.88,1.5,1381,0,0,0,0,117.0,0,0
T01058,2026-01-02T00:37:00+00:00,U0133,R0286,1244.99,1,0,0,1,0,3709.57,0.34,257,0,0,0,0,271.0,0,0
T01059,2026-01-02T00:38:00+00:00,U0148,R0114,4911.12,1,0,0,0,0,2905.21,1.69,507,0,0,0,0,357.0,0,0
T01060,2026-01-02T00:39:00+00:00,U0101,R0238,4697.17,1,0,0,0,1,2982.41,1.57,1165,0,0,0,0,25.0,0,0
T01061,2026-01-02T00:40:00+00:00,U0151,R0354,1579.03,1,0,0,0,0,2089.49,0.76,1656,0,0,0,0,137.0,0,0
T01062,2026-01-02T00:41:00+00:00,U0089,R0013,19477.69,1,0,1,0,0,1604.65,12.14,622,0,0,0,0,69.0,0,1
T01063,2026-01-02T00:42:00+00:00,U0076,R0213,1147.53,1,0,1,0,0,5473.06,0.21,1540,0,0,0,0,61.0,0,0
T01064,2026-01-02T00:43:00+00:00,U0022,R0060,4406.81,1,0,0,0,2,5595.59,0.79,887,0,0,0,0,13.0,0,0
T01065,2026-01-02T00:44:00+00:00,U0187,R0073,2764.24,1,0,0,0,0,3158.47,0.88,1389,0,0,0,0,279.0,0,0
T01066,2026-01-02T00:45:00+00:00,U0088,R0234,3537.31,1,0,0,1,0,6299.64,0.56,1812,0,0,0,0,483.0,0,0
T01067,2026-01-02T00:46:00+00:00,U0134,R0248,2072.79,1,0,0,0,0,1142.07,1.81,723,0,0,0,0,1440.0,0,0
T01068,2026-01-02T00:47:00+00:00,U0113,R0370,248.82,1,0,0,0,2,3571.61,0.07,1440,0,0,0,0,28.0,0,0
T01069,2026-01-02T00:48:00+00:00,U0082,R0035,163.51,1,0,0,0,1,2916.51,0.06,212,0,0,0,0,37.0,0,0
T01070,2026-01-02T00:49:00+00:00,U0182,R0059,3236.48,1,0,0,0,0,3390.29,0.95,269,0,0,0,0,156.0,0,0
T01071,2026-01-02T00:50:00+00:00,U0088,R0332,42843.91,1,0,1,1,1,5839.25,7.34,1812,1,0,0,0,5.0,0,1
T01072,2026-01-02T00:51:00+00:00,U0043,R0477,3851.06,1,0,0,0,0,2279.21,1.69,1004,0,0,0,0,407.0,0,0
T01073,2026-01-02T00:52:00+00:00,U0063,R0265,9012.6,1,0,0,0,2,3029.78,2.97,1621,0,0,0,0,39.0,0,0
T01074,2026-01-02T00:53:00+00:00,U0041,R0170,2609.0,1,0,0,0,0,5179.74,0.5,680,0,0,0,0,226.0,0,0
T01075,2026-01-02T00:54:00+00:00,U0119,R0119,4402.18,1,0,0,0,1,12895.4,0.34,112,0,0,0,0,36.0,0,0
T01076,2026-01-02T00:55:00+00:00,U0162,R0095,1074.75,1,0,0,0,0,1026.25,1.05,391,0,0,0,0,1440.0,0,0
T01077,2026-01-02T00:56:00+00:00,U0111,R0203,577.96,1,0,1,0,1,1800.01,0.32,877,0,0,0,0,21.0,0,0
T01078,2026-01-02T00:57:00+00:00,U0158,R0453,5507.57,1,0,0,0,0,3332.23,1.65,1865,0,0,0,0,363.0,0,0
T01079,2026-01-02T00:58:00+00:00,U0152,R0220,418.91,1,0,1,0,0,7625.89,0.05,1711,0,0,0,0,843.0,0,0
T01080,2026-01-02T00:59:00+00:00,U0181,R0110,10650.87,1,0,1,1,0,3798.53,2.8,215,0,0,0,0,221.0,0,1
T01081,2026-01-02T01:00:00+00:00,U0193,R0361,2006.29,1,1,0,0,1,2464.89,0.81,158,0,0,0,0,26.0,0,0
T01082,2026-01-02T01:01:00+00:00,U0017,R0296,8567.72,1,1,0,0,0,2771.53,3.09,53,0,0,0,0,391.0,0,0
T01083,2026-01-02T01:02:00+00:00,U0138,R0096,4230.72,1,1,0,1,1,7594.89,0.56,1898,0,0,0,0,33.0,0,0
T01084,2026-01-02T01:03:00+00:00,U0051,R0235,3295.6,1,1,0,0,0,3752.81,0.88,60,0,0,0,0,371.0,0,0
T01085,2026-01-02T01:04:00+00:00,U0172,R0442,3794.8,1,1,0,0,0,6600.81,0.57,1447,0,0,0,0,132.0,0,0
T01086,2026-01-02T01:05:00+00:00,U0164,R0161,3199.19,1,1,0,0,0,4169.1,0.77,1150,0,0,0,0,248.0,0,0
T01087,2026-01-02T01:06:00+00:00,U0157,R0201,481.37,1,1,0,0,0,2365.27,0.2,793,0,0,0,0,402.0,0,0
T01088,2026-01-02T01:07:00+00:00,U0090,R0181,6157.86,1,1,0,0,0,3627.61,1.7,150,0,0,0,0,550.0,0,0
T01089,2026-01-02T01:08:00+00:00,U0159,R0089,5655.16,1,1,0,0,0,3157.45,1.79,490,0,0,0,0,122.0,0,0
T01090,2026-01-02T01:09:00+00:00,U0181,R0410,2380.07,1,1,0,0,1,5511.61,0.43,215,1,0,0,0,10.0,0,0
T01091,2026-01-02T01:10:00+00:00,U0158,R0303,3463.02,1,1,0,0,1,3876.07,0.89,1865,0,0,0,0,13.0,0,0
T01092,2026-01-02T01:11:00+00:00,U0035,R0161,2016.27,1,1,0,0,0,3713.11,0.54,1476,0,0,0,0,240.0,0,0
T01093,2026-01-02T01:12:00+00:00,U0079,R0060,1458.74,1,1,0,0,0,2928.92,0.5,128,0,0,0,0,86.0,0,0
T01094,2026-01-02T01:13:00+00:00,U0178,R0073,2023.77,1,1,0,0,2,4674.74,0.43,1860,0,0,0,0,46.0,0,0
T01095,2026-01-02T01:14:00+00:00,U0108,R0306,4876.64,1,1,0,0,0,13454.68,0.36,1935,0,0,0,0,217.0,0,0
T01096,2026-01-02T01:15:00+00:00,U0099,R0217,2093.26,1,1,0,0,0,3075.78,0.68,828,0,0,0,0,359.0,0,0
T01097,2026-01-02T01:16:00+00:00,U0163,R0276,1423.72,1,1,0,0,1,6224.07,0.23,550,0,0,0,0,54.0,0,0
T01098,2026-01-02T01:17:00+00:00,U0166,R0477,1496.28,1,1,0,0,2,4248.3,0.35,1257,0,0,0,0,44.0,0,0
T01099,2026-01-02T01:18:00+00:00,U0143,R0086,1783.8,1,1,0,0,0,3063.32,0.58,194,0,0,0,0,89.0,0,0
T01100,2026-01-02T01:19:00+00:00,U0036,R0096,3942.23,1,1,0,0,0,6634.79,0.59,219,0,0,0,0,109.0,0,0
T01101,2026-01-02T01:20:00+00:00,U0116,R0318,1302.28,1,1,0,0,0,3195.62,0.41,463,0,0,0,0,103.0,0,0
T01102,2026-01-02T01:21:00+00:00,U0092,R0488,4189.08,1,1,1,0,0,3989.48,1.05,892,0,0,0,0,449.0,0,0
T01103,2026-01-02T01:22:00+00:00,U0035,R0100,864.43,1,1,0,0,1,3373.74,0.26,1476,0,0,0,0,11.0,0,1
T01104,2026-01-02T01:23:00+00:00,U0035,R0100,864.43,0,1,1,1,2,2955.52,0.29,1476,1,1,1,1,1.0,1,1
T01105,2026-01-02T01:24:00+00:00,U0035,R0100,864.43,0,1,1,1,3,2656.8,0.33,1476,2,2,2,2,1.0,2,1
T01106,2026-01-02T01:25:00+00:00,U0144,R0259,2936.32,1,1,0,0,0,1719.41,1.71,685,0,0,0,0,353.0,0,0
T01107,2026-01-02T01:26:00+00:00,U0105,R0351,13259.85,1,1,1,1,0,3731.06,3.55,203,0,0,0,0,65.0,0,1
T01108,2026-01-02T01:27:00+00:00,U0182,R0431,3290.31,1,1,0,0,1,3351.84,0.98,269,0,0,0,0,38.0,0,0
T01109,2026-01-02T01:28:00+00:00,U0043,R0043,3373.33,1,1,0,0,1,2672.17,1.26,1004,0,0,0,0,37.0,0,0
T01110,2026-01-02T01:29:00+00:00,U0195,R0113,1633.13,1,1,0,0,0,3083.47,0.53,1578,0,0,0,0,377.0,0,0
T01111,2026-01-02T01:30:00+00:00,U0071,R0116,2401.03,1,1,0,0,0,8360.86,0.29,17,0,0,0,0,91.0,0,0
T01112,2026-01-02T01:31:00+00:00,U0044,R0400,1059.6,1,1,0,0,0,1272.95,0.83,1950,0,0,0,0,583.0,0,0
T01113,2026-01-02T01:32:00+00:00,U0191,R0396,1335.54,1,1,0,0,0,5057.38,0.26,982,0,0,0,0,457.0,0,0
T01114,2026-01-02T01:33:00+00:00,U0141,R0262,1739.08,1,1,0,0,0,4045.64,0.43,113,0,0,0,0,76.0,0,0
T01115,2026-01-02T01:34:00+00:00,U0030,R0138,6604.78,1,1,0,0,0,2773.44,2.38,229,0,0,0,0,251.0,0,0
T01116,2026-01-02T01:35:00+00:00,U0094,R0278,5409.64,1,1,0,0,0,2671.05,2.03,768,0,0,0,0,365.0,0,0
T01117,2026-01-02T01:36:00+00:00,U0011,R0390,639.85,1,1,0,0,0,3726.87,0.17,177,0,0,0,0,314.0,0,0
T01118,2026-01-02T01:37:00+00:00,U0140,R0112,1508.52,1,1,0,0,0,10212.14,0.15,1219,0,0,0,0,81.0,0,0
T01119,2026-01-02T01:38:00+00:00,U0027,R0377,432.58,1,1,0,0,0,8899.25,0.05,1808,0,0,0,0,479.0,0,0
T01120,2026-01-02T01:39:00+00:00,U0193,R0127,1125.57,0,1,0,0,1,2426.68,0.46,158,0,0,0,0,39.0,1,0
T01121,2026-01-02T01:40:00+00:00,U0009,R0231,321.07,1,1,0,0,0,2066.95,0.16,1744,0,0,0,0,169.0,0,0
T01122,2026-01-02T01:41:00+00:00,U0023,R0225,1453.12,1,1,0,0,0,2229.04,0.65,1815,0,0,0,0,423.0,0,0
T01123,2026-01-02T01:42:00+00:00,U0031,R0398,1787.51,1,1,0,0,0,11440.59,0.16,1886,0,0,0,0,273.0,0,0
T01124,2026-01-02T01:43:00+00:00,U0054,R0416,3797.51,1,1,0,0,0,4346.66,0.87,712,0,0,0,0,327.0,0,0
T01125,2026-01-02T01:44:00+00:00,U0177,R0180,617.25,1,1,0,0,0,577.82,1.07,315,0,0,0,0,595.0,0,0
T01126,2026-01-02T01:45:00+00:00,U0157,R0324,2007.73,1,1,0,0,1,1737.31,1.16,793,0,0,0,0,39.0,0,0
T01127,2026-01-02T01:46:00+00:00,U0158,R0072,1269.34,1,1,1,0,2,3793.46,0.33,1865,0,0,0,0,36.0,0,0
T01128,2026-01-02T01:47:00+00:00,U0053,R0413,446.74,1,1,0,0,0,811.14,0.55,1252,0,0,0,0,398.0,0,0
T01129,2026-01-02T01:48:00+00:00,U0090,R0273,573.36,1,1,0,0,1,3989.08,0.14,150,0,0,0,0,41.0,0,0
T01130,2026-01-02T01:49:00+00:00,U0138,R0087,2105.44,1,1,0,1,1,7258.47,0.29,1898,0,0,0,0,47.0,0,0
T01131,2026-01-02T01:50:00+00:00,U0181,R0150,2301.52,1,1,0,0,2,4885.3,0.47,215,0,0,0,0,41.0,0,0
T01132,2026-01-02T01:51:00+00:00,U0069,R0488,1305.38,1,1,0,0,0,6718.27,0.19,1754,0,0,0,0,114.0,0,0
T01133,2026-01-02T01:52:00+00:00,U0174,R0418,33663.15,1,1,1,0,0,4189.54,8.04,1108,0,0,0,0,226.0,0,1
T01134,2026-01-02T01:53:00+00:00,U0193,R0403,953.13,1,1,0,0,2,2326.59,0.41,158,0,0,0,0,14.0,0,0
T01135,2026-01-02T01:54:00+00:00,U0016,R0142,7598.83,1,1,0,0,0,4249.12,1.79,1715,0,0,0,0,261.0,0,0
T01136,2026-01-02T01:55:00+00:00,U0033,R0360,1439.98,1,1,0,0,0,3119.62,0.46,1103,0,0,0,0,252.0,0,0
T01137,2026-01-02T01:56:00+00:00,U0064,R0075,29613.0,1,1,0,1,0,3431.35,8.63,1159,0,0,0,0,115.0,0,1
T01138,2026-01-02T01:57:00+00:00,U0064,R0390,4975.09,1,1,0,0,1,6049.52,0.82,1159,1,0,0,0,1.0,0,0
T01139,2026-01-02T01:58:00+00:00,U0101,R0251,737.86,1,1,0,0,0,3411.1,0.22,1165,0,0,0,0,79.0,0,0
T01140,2026-01-02T01:59:00+00:00,U0162,R0138,31043.59,1,1,0,0,0,1074.75,28.88,391,0,0,0,0,64.0,0,1
T01141,2026-01-02T02:00:00+00:00,U0097,R0232,548.51,1,2,0,0,0,2548.39,0.22,174,0,0,0,0,96.0,0,0
T01142,2026-01-02T02:01:00+00:00,U0197,R0048,5481.6,1,2,0,0,0,5483.52,1.0,274,0,0,0,0,323.0,0,0
T01143,2026-01-02T02:02:00+00:00,U0192,R0143,1319.55,1,2,0,1,0,2876.54,0.46,887,0,0,0,0,290.0,0,0
T01144,2026-01-02T02:03:00+00:00,U0095,R0233,558.87,1,2,0,0,0,3221.33,0.17,333,0,0,0,0,293.0,0,0
T01145,2026-01-02T02:04:00+00:00,U0084,R0298,5941.71,1,2,0,0,0,4028.22,1.48,1583,0,0,0,0,132.0,0,0
T01146,2026-01-02T02:05:00+00:00,U0199,R0434,6773.57,1,2,0,1,0,3664.91,1.85,1451,0,0,0,0,367.0,0,1
T01147,2026-01-02T02:06:00+00:00,U0199,R0434,6773.57,0,2,0,1,1,4701.13,1.44,1451,1,1,1,1,1.0,1,1
T01148,2026-01-02T02:07:00+00:00,U0199,R0434,6773.57,0,2,0,1,2,5219.24,1.3,1451,2,2,2,2,1.0,2,1
T01149,2026-01-02T02:08:00+00:00,U0188,R0498,2184.86,1,2,0,0,0,3101.94,0.7,1681,0,0,0,0,201.0,0,0
T01150,2026-01-02T02:09:00+00:00,U0171,R0358,706.08,1,2,0,0,0,2501.1,0.28,1154,0,0,0,0,192.0,0,0
T01151,2026-01-02T02:10:00+00:00,U0017,R0408,1382.82,1,2,0,0,0,4220.57,0.33,53,0,0,0,0,69.0,0,0
T01152,2026-01-02T02:11:00+00:00,U0056,R0496,4892.62,0,2,0,0,0,4098.87,1.19,129,0,0,0,0,227.0,1,0
T01153,2026-01-02T02:12:00+00:00,U0055,R0254,3924.53,1,2,0,0,0,4238.63,0.93,553,0,0,0,0,173.0,0,0
T01154,2026-01-02T02:13:00+00:00,U0073,R0173,2757.86,1,2,0,0,0,4587.1,0.6,1369,0,0,0,0,442.0,0,0
T01155,2026-01-02T02:14:00+00:00,U0034,R0290,6236.3,1,2,0,1,0,3449.58,1.81,1925,0,0,0,0,566.0,0,0
T01156,2026-01-02T02:15:00+00:00,U0088,R0458,6882.87,1,2,0,0,0,11125.63,0.62,1812,0,0,0,0,85.0,0,0
T01157,2026-01-02T02:16:00+00:00,U0013,R0024,401.45,1,2,0,0,0,7405.34,0.05,869,0,0,0,0,249.0,0,0
T01158,2026-01-02T02:17:00+00:00,U0118,R0009,503.03,1,2,0,0,0,5814.77,0.09,635,0,0,0,0,188.0,0,0
T01159,2026-01-02T02:18:00+00:00,U0041,R0226,2027.81,1,2,0,0,0,4665.59,0.43,680,0,0,0,0,85.0,0,0
T01160,2026-01-02T02:19:00+00:00,U0110,R0104,4099.68,1,2,0,0,0,2270.18,1.81,29,0,0,0,0,321.0,0,0
T01161,2026-01-02T02:20:00+00:00,U0034,R0452,519.32,1,2,0,0,1,3914.03,0.13,1925,1,0,0,0,6.0,0,0
T01162,2026-01-02T02:21:00+00:00,U0041,R0448,2867.98,1,2,0,0,1,4225.96,0.68,680,1,0,0,0,3.0,0,0
T01163,2026-01-02T02:22:00+00:00,U0071,R0048,7237.46,1,2,0,0,1,7819.06,0.93,17,0,0,0,0,52.0,0,0
T01164,2026-01-02T02:23:00+00:00,U0065,R0043,7332.6,1,2,0,0,0,7273.58,1.01,1869,0,0,0,0,560.0,0,0
T01165,2026-01-02T02:24:00+00:00,U0167,R0085,1951.14,1,2,0,0,0,1313.64,1.49,1126,0,0,0,0,137.0,0,0
T01166,2026-01-02T02:25:00+00:00,U0161,R0157,2004.14,1,2,0,0,0,2711.36,0.74,1632,0,0,0,0,441.0,0,0
T01167,2026-01-02T02:26:00+00:00,U0194,R0120,17482.81,1,2,1,1,0,3010.82,5.81,1773,0,0,0,0,238.0,0,1
T01168,2026-01-02T02:27:00+00:00,U0024,R0361,1280.32,1,2,0,0,0,3223.69,0.4,1553,0,0,0,0,156.0,0,0
T01169,2026-01-02T02:28:00+00:00,U0055,R0245,2915.82,1,2,0,0,1,4186.28,0.7,553,0,0,0,0,16.0,0,0
T01170,2026-01-02T02:29:00+00:00,U0152,R0116,264.65,1,2,0,0,0,4022.4,0.07,1711,0,0,0,0,91.0,0,0
T01171,2026-01-02T02:30:00+00:00,U0114,R0005,3295.15,1,2,0,0,0,3746.9,0.88,447,0,0,0,0,710.0,0,0
T01172,2026-01-02T02:31:00+00:00,U0088,R0419,9064.33,1,2,1,1,1,10595.29,0.86,1812,0,0,0,0,16.0,0,1
T01173,2026-01-02T02:32:00+00:00,U0088,R0419,9064.33,0,2,0,1,2,10425.18,0.87,1812,1,1,1,1,1.0,1,1
T01174,2026-01-02T02:33:00+00:00,U0088,R0419,9064.33,0,2,1,0,3,10289.09,0.88,1812,2,2,2,2,1.0,2,1
T01175,2026-01-02T02:34:00+00:00,U0109,R0356,587.23,1,2,0,0,0,1743.94,0.34,579,0,0,0,0,788.0,0,0
T01176,2026-01-02T02:35:00+00:00,U0019,R0118,3756.52,1,2,0,0,0,5281.2,0.71,1302,0,0,0,0,173.0,0,0
T01177,2026-01-02T02:36:00+00:00,U0188,R0413,8367.06,1,2,0,0,1,2949.09,2.84,1681,0,0,0,0,28.0,0,0
T01178,2026-01-02T02:37:00+00:00,U0081,R0189,7122.7,1,2,1,0,0,3935.94,1.81,1251,0,0,0,0,240.0,0,1
T01179,2026-01-02T02:38:00+00:00,U0036,R0196,3604.51,1,2,0,0,0,6335.62,0.57,219,0,0,0,0,79.0,0,0
T01180,2026-01-02T02:39:00+00:00,U0193,R0448,1384.64,1,2,0,0,2,2228.49,0.62,158,0,0,0,0,46.0,0,0
T01181,2026-01-02T02:40:00+00:00,U0174,R0074,4269.38,1,2,0,0,1,7873.74,0.54,1108,0,0,0,0,48.0,0,0
T01182,2026-01-02T02:41:00+00:00,U0145,R0005,4460.76,1,2,0,0,0,1856.09,2.4,94,0,0,0,0,146.0,0,0
T01183,2026-01-02T02:42:00+00:00,U0043,R0226,449.08,1,2,0,0,0,2812.4,0.16,1004,0,0,0,0,74.0,0,0
T01184,2026-01-02T02:43:00+00:00,U0055,R0322,2007.45,1,2,0,0,2,4004.79,0.5,553,0,0,0,0,15.0,0,0
T01185,2026-01-02T02:44:00+00:00,U0106,R0316,8407.78,1,2,0,0,0,2146.04,3.92,1381,0,0,0,0,231.0,0,0
T01186,2026-01-02T02:45:00+00:00,U0056,R0045,307.17,1,2,0,0,1,4212.26,0.07,129,0,0,0,0,34.0,0,0
T01187,2026-01-02T02:46:00+00:00,U0036,R0386,855.1,1,2,0,0,1,6062.51,0.14,219,1,0,0,0,8.0,0,0
T01188,2026-01-02T02:47:00+00:00,U0187,R0197,2604.53,1,2,0,0,0,3079.62,0.85,1389,0,0,0,0,123.0,0,0
T01189,2026-01-02T02:48:00+00:00,U0110,R0162,1931.93,1,2,0,0,1,2531.53,0.76,29,0,0,0,0,29.0,0,0
T01190,2026-01-02T02:49:00+00:00,U0064,R0142,6290.11,1,2,0,0,2,5951.84,1.06,1159,0,0,0,0,52.0,0,0
T01191,2026-01-02T02:50:00+00:00,U0064,R0284,2953.39,1,2,1,0,3,5980.03,0.49,1159,1,0,0,0,1.0,0,0
T01192,2026-01-02T02:51:00+00:00,U0185,R0312,5500.19,1,2,0,0,0,3749.5,1.47,1483,0,0,0,0,256.0,0,0
T01193,2026-01-02T02:52:00+00:00,U0177,R0014,3473.96,1,2,0,0,0,590.96,5.88,315,0,0,0,0,68.0,0,0
T01194,2026-01-02T02:53:00+00:00,U0169,R0449,4002.67,1,2,1,0,0,2781.21,1.44,1949,0,0,0,0,142.0,0,0
T01195,2026-01-02T02:54:00+00:00,U0133,R0311,1482.8,1,2,0,0,0,3216.65,0.46,257,0,0,0,0,137.0,0,0
T01196,2026-01-02T02:55:00+00:00,U0192,R0201,3894.68,1,2,0,0,1,2703.54,1.44,887,0,0,0,0,53.0,0,0
T01197,2026-01-02T02:56:00+00:00,U0014,R0402,7018.35,1,2,0,0,0,4590.21,1.53,608,0,0,0,0,276.0,0,0
T01198,2026-01-02T02:57:00+00:00,U0062,R0254,7060.59,1,2,0,0,0,5124.52,1.38,820,0,0,0,0,285.0,0,0
T01199,2026-01-02T02:58:00+00:00,U0062,R0256,2889.79,1,2,0,0,1,5339.63,0.54,820,1,0,0,0,1.0,0,0
T01200,2026-01-02T02:59:00+00:00,U0019,R0271,5708.54,1,2,0,0,1,5090.61,1.12,1302,0,0,0,0,24.0,0,0
T01201,2026-01-02T03:00:00+00:00,U0004,R0185,9711.73,1,3,1,0,0,4612.15,2.11,1108,0,0,0,0,240.0,0,1
T01202,2026-01-02T03:01:00+00:00,U0034,R0199,2323.91,1,3,0,0,2,3429.07,0.68,1925,0,0,0,0,41.0,0,0
T01203,2026-01-02T03:02:00+00:00,U0146,R0216,467.21,1,3,0,1,0,3741.32,0.12,1480,0,0,0,0,222.0,0,0
T01204,2026-01-02T03:03:00+00:00,U0175,R0089,590.09,1,3,0,0,0,2578.65,0.23,1375,0,0,0,0,412.0,0,0
T01205,2026-01-02T03:04:00+00:00,U0198,R0038,1726.01,1,3,0,0,0,2098.77,0.82,1947,0,0,0,0,403.0,0,0
T01206,2026-01-02T03:05:00+00:00,U0018,R0008,1623.73,1,3,0,0,0,8328.49,0.19,74,0,0,0,0,573.0,0,0
T01207,2026-01-02T03:06:00+00:00,U0011,R0473,4708.79,1,3,0,0,0,3285.87,1.43,177,0,0,0,0,90.0,0,0
T01208,2026-01-02T03:07:00+00:00,U0102,R0260,2048.56,1,3,0,0,0,2362.73,0.87,1474,0,0,0,0,183.0,0,0
T01209,2026-01-02T03:08:00+00:00,U0183,R0257,2076.33,1,3,0,0,0,4540.97,0.46,827,0,0,0,0,521.0,0,0
T01210,2026-01-02T03:09:00+00:00,U0109,R0360,296.48,1,3,0,0,1,1512.6,0.2,579,0,0,0,0,35.0,0,0
T01211,2026-01-02T03:10:00+00:00,U0164,R0275,733.91,1,3,0,0,0,4007.45,0.18,1150,0,0,0,0,125.0,0,0
T01212,2026-01-02T03:11:00+00:00,U0040,R0143,33763.77,1,3,1,1,0,1955.68,17.26,1571,0,0,0,0,207.0,0,1
T01213,2026-01-02T03:12:00+00:00,U0021,R0262,20319.74,1,3,1,0,0,6976.32,2.91,486,0,0,0,0,241.0,0,1
T01214,2026-01-02T03:13:00+00:00,U0040,R0275,4266.23,1,3,0,0,1,5136.49,0.83,1571,1,0,0,0,2.0,0,0
T01215,2026-01-02T03:14:00+00:00,U0151,R0325,1979.6,1,3,0,0,0,1987.39,1.0,1656,0,0,0,0,154.0,0,0
T01216,2026-01-02T03:15:00+00:00,U0167,R0349,1160.0,1,3,0,0,1,1377.39,0.84,1126,0,0,0,0,51.0,0,0
T01217,2026-01-02T03:16:00+00:00,U0080,R0358,8139.22,1,3,0,0,0,2387.82,3.41,846,0,0,0,0,620.0,0,0
T01218,2026-01-02T03:17:00+00:00,U0062,R0030,1134.59,1,3,0,0,2,5094.65,0.22,820,0,0,0,0,19.0,0,0
T01219,2026-01-02T03:18:00+00:00,U0112,R0060,7566.81,1,3,0,0,0,3511.18,2.16,939,0,0,0,0,242.0,0,0
T01220,2026-01-02T03:19:00+00:00,U0156,R0029,2290.11,1,3,0,0,0,6616.71,0.35,1027,0,0,0,0,456.0,0,0
T01221,2026-01-02T03:20:00+00:00,U0190,R0337,3238.85,1,3,0,0,0,2273.92,1.42,1087,0,0,0,0,274.0,0,0
T01222,2026-01-02T03:21:00+00:00,U0031,R0007,6523.67,1,3,0,0,0,6614.05,0.99,1886,0,0,0,0,99.0,0,0
T01223,2026-01-02T03:22:00+00:00,U0180,R0006,921.49,1,3,0,0,0,5395.14,0.17,793,0,0,0,0,247.0,0,0
T01224,2026-01-02T03:23:00+00:00,U0089,R0268,925.15,1,3,0,0,0,5179.26,0.18,622,0,0,0,0,162.0,0,0
T01225,2026-01-02T03:24:00+00:00,U0185,R0133,5770.43,1,3,0,0,1,3908.66,1.48,1483,0,0,0,0,33.0,0,0
T01226,2026-01-02T03:25:00+00:00,U0033,R0384,2854.16,1,3,0,0,0,2909.67,0.98,1103,0,0,0,0,90.0,0,0
T01227,2026-01-02T03:26:00+00:00,U0069,R0376,2120.87,1,3,0,0,0,4913.98,0.43,1754,0,0,0,0,95.0,0,0
T01228,2026-01-02T03:27:00+00:00,U0198,R0461,2244.74,1,3,0,0,1,2036.64,1.1,1947,0,0,0,0,23.0,0,0
T01229,2026-01-02T03:28:00+00:00,U0110,R0140,1017.95,1,3,0,0,1,2456.58,0.41,29,0,0,0,0,40.0,0,0
T01230,2026-01-02T03:29:00+00:00,U0068,R0365,14362.86,1,3,1,0,0,4353.28,3.3,98,0,0,0,0,437.0,0,1
T01231,2026-01-02T03:30:00+00:00,U0161,R0040,4554.87,1,3,0,0,0,2610.33,1.74,1632,0,0,0,0,65.0,0,0
T01232,2026-01-02T03:31:00+00:00,U0131,R0185,2516.03,1,3,0,0,0,5099.15,0.49,1810,0,0,0,0,366.0,0,0
T01233,2026-01-02T03:32:00+00:00,U0146,R0086,3456.59,1,3,0,0,1,3468.48,1.0,1480,0,0,0,0,30.0,0,0
T01234,2026-01-02T03:33:00+00:00,U0066,R0396,954.62,1,3,0,0,0,14650.28,0.07,532,0,0,0,0,613.0,0,0
T01235,2026-01-02T03:34:00+00:00,U0147,R0346,3115.07,1,3,0,0,0,3306.61,0.94,1663,0,0,0,0,373.0,0,0
T01236,2026-01-02T03:35:00+00:00,U0059,R0380,1149.74,1,3,0,0,0,4083.41,0.28,75,0,0,0,0,348.0,0,0
T01237,2026-01-02T03:36:00+00:00,U0012,R0440,3867.09,1,3,0,0,0,2515.55,1.54,476,0,0,0,0,485.0,0,0
T01238,2026-01-02T03:37:00+00:00,U0063,R0024,6730.88,1,3,0,0,0,4525.49,1.49,1621,0,0,0,0,165.0,0,0
T01239,2026-01-02T03:38:00+00:00,U0099,R0472,2531.84,1,3,1,1,0,2935.42,0.86,828,0,0,0,0,143.0,0,1
T01240,2026-01-02T03:39:00+00:00,U0010,R0284,2183.83,1,3,0,0,0,2793.17,0.78,1038,0,0,0,0,417.0,0,0
T01241,2026-01-02T03:40:00+00:00,U0183,R0380,4692.76,1,3,0,0,1,4048.04,1.16,827,0,0,0,0,32.0,0,0
T01242,2026-01-02T03:41:00+00:00,U0058,R0165,4205.49,1,3,0,0,0,2347.43,1.79,1080,0,0,0,0,431.0,0,0
T01243,2026-01-02T03:42:00+00:00,U0185,R0164,968.48,1,3,0,0,2,4063.81,0.24,1483,0,0,0,0,18.0,0,0
T01244,2026-01-02T03:43:00+00:00,U0020,R0293,3055.65,1,3,0,0,0,3724.87,0.82,1664,0,0,0,0,223.0,0,0
T01245,2026-01-02T03:44:00+00:00,U0129,R0345,1094.58,1,3,0,0,0,8287.7,0.13,375,0,0,0,0,461.0,0,0
T01246,2026-01-02T03:45:00+00:00,U0046,R0115,36078.55,1,3,0,1,0,2731.86,13.21,854,0,0,0,0,215.0,0,1
T01247,2026-01-02T03:46:00+00:00,U0012,R0489,1240.78,1,3,0,0,1,2708.63,0.46,476,1,0,0,0,10.0,0,0
T01248,2026-01-02T03:47:00+00:00,U0120,R0444,4379.07,1,3,0,0,0,8940.03,0.49,524,0,0,0,0,315.0,0,0
T01249,2026-01-02T03:48:00+00:00,U0080,R0168,11314.55,1,3,1,1,1,3538.1,3.2,846,0,0,0,0,32.0,0,1
T01250,2026-01-02T03:49:00+00:00,U0117,R0005,1735.43,1,3,0,0,0,5846.53,0.3,876,0,0,0,0,382.0,0,0
T01251,2026-01-02T03:50:00+00:00,U0075,R0289,640.9,1,3,1,0,0,5973.08,0.11,86,0,0,0,0,237.0,0,0
T01252,2026-01-02T03:51:00+00:00,U0190,R0319,3224.09,1,3,0,0,1,2381.13,1.35,1087,0,0,0,0,31.0,0,0
T01253,2026-01-02T03:52:00+00:00,U0095,R0303,5415.76,1,3,0,0,0,2979.29,1.82,333,0,0,0,0,109.0,0,0
T01254,2026-01-02T03:53:00+00:00,U0198,R0398,2500.93,1,3,0,0,2,2066.37,1.21,1947,0,0,0,0,26.0,0,0
T01255,2026-01-02T03:54:00+00:00,U0140,R0390,4085.79,1,3,0,0,0,9245.07,0.44,1219,0,0,0,0,137.0,0,0
T01256,2026-01-02T03:55:00+00:00,U0039,R0004,1323.18,1,3,0,0,0,4764.22,0.28,176,0,0,0,0,684.0,0,0
T01257,2026-01-02T03:56:00+00:00,U0007,R0120,863.46,1,3,0,0,0,12110.16,0.07,573,0,0,0,0,246.0,0,0
T01258,2026-01-02T03:57:00+00:00,U0163,R0430,942.56,1,3,0,0,0,5424.01,0.17,550,0,0,0,0,161.0,0,0
T01259,2026-01-02T03:58:00+00:00,U0003,R0487,2260.09,1,3,0,0,0,5668.62,0.4,1486,0,0,0,0,303.0,0,0
T01260,2026-01-02T03:59:00+00:00,U0195,R0337,1720.09,1,3,0,0,0,2902.18,0.59,1578,0,0,0,0,150.0,0,0
T01261,2026-01-02T04:00:00+00:00,U0189,R0373,5692.33,1,4,0,0,0,2822.28,2.02,690,0,0,0,0,355.0,0,0
T01262,2026-01-02T04:01:00+00:00,U0053,R0272,4679.66,1,4,0,0,0,628.94,7.44,1252,0,0,0,0,134.0,0,0
T01263,2026-01-02T04:02:00+00:00,U0108,R0252,913.6,1,4,0,0,0,12025.0,0.08,1935,0,0,0,0,168.0,0,0
T01264,2026-01-02T04:03:00+00:00,U0037,R0365,1794.52,1,4,0,0,0,4891.2,0.37,132,0,0,0,0,278.0,0,0
T01265,2026-01-02T04:04:00+00:00,U0012,R0472,976.54,1,4,0,0,2,2525.15,0.39,476,0,0,0,0,18.0,0,0
T01266,2026-01-02T04:05:00+00:00,U0134,R0212,4586.58,1,4,0,0,0,2072.79,2.21,723,0,0,0,0,199.0,0,0
T01267,2026-01-02T04:06:00+00:00,U0096,R0235,2436.1,1,4,1,0,0,7793.97,0.31,322,0,0,0,0,310.0,0,0
T01268,2026-01-02T04:07:00+00:00,U0022,R0298,2287.05,1,4,0,0,0,5425.76,0.42,887,0,0,0,0,204.0,0,0
T01269,2026-01-02T04:08:00+00:00,U0035,R0327,1919.27,1,4,0,0,0,2432.75,0.79,1476,0,0,0,0,164.0,0,0
T01270,2026-01-02T04:09:00+00:00,U0020,R0304,1381.14,1,4,0,0,1,3641.22,0.38,1664,0,0,0,0,26.0,0,0
T01271,2026-01-02T04:10:00+00:00,U0112,R0340,4698.56,1,4,0,0,1,4018.13,1.17,939,0,0,0,0,52.0,0,0
T01272,2026-01-02T04:11:00+00:00,U0061,R0150,4529.78,1,4,1,0,0,2853.06,1.59,255,0,0,0,0,429.0,0,0
T01273,2026-01-02T04:12:00+00:00,U0081,R0475,4085.77,1,4,0,0,0,4732.63,0.86,1251,0,0,0,0,95.0,0,0
T01274,2026-01-02T04:13:00+00:00,U0180,R0426,859.18,1,4,0,0,1,4988.44,0.17,793,0,0,0,0,51.0,0,0
T01275,2026-01-02T04:14:00+00:00,U0082,R0232,2677.93,1,4,0,0,0,2523.22,1.06,212,0,0,0,0,206.0,0,0
T01276,2026-01-02T04:15:00+00:00,U0020,R0484,1911.91,1,4,0,0,2,3390.1,0.56,1664,1,0,0,0,6.0,0,0
T01277,2026-01-02T04:16:00+00:00,U0200,R0395,3980.81,1,4,0,0,0,2286.07,1.74,1096,0,0,0,0,676.0,0,0
T01278,2026-01-02T04:17:00+00:00,U0040,R0055,4741.29,1,4,0,0,0,5057.38,0.94,1571,0,0,0,0,64.0,0,0
T01279,2026-01-02T04:18:00+00:00,U0120,R0161,3308.47,1,4,0,0,1,8288.46,0.4,524,0,0,0,0,31.0,0,0
T01280,2026-01-02T04:19:00+00:00,U0138,R0184,4743.65,1,4,0,0,0,6790.02,0.7,1898,0,0,0,0,150.0,0,0
T01281,2026-01-02T04:20:00+00:00,U0054,R0232,28789.15,1,4,1,0,0,4236.83,6.79,712,0,0,0,0,157.0,0,1
T01282,2026-01-02T04:21:00+00:00,U0068,R0437,679.39,1,4,0,0,1,5465.45,0.12,98,0,0,0,0,52.0,0,0
T01283,2026-01-02T04:22:00+00:00,U0041,R0414,4687.84,1,4,0,0,0,4031.96,1.16,680,0,0,0,0,121.0,0,0
T01284,2026-01-02T04:23:00+00:00,U0181,R0357,18749.32,1,4,1,1,0,4454.67,4.21,215,0,0,0,0,153.0,0,1
T01285,2026-01-02T04:24:00+00:00,U0056,R0428,9130.67,1,4,1,1,0,3724.12,2.45,129,0,0,0,0,99.0,0,1
T01286,2026-01-02T04:25:00+00:00,U0038,R0047,3064.86,1,4,0,0,0,1383.77,2.21,400,0,0,0,0,267.0,0,0
T01287,2026-01-02T04:26:00+00:00,U0092,R0203,12848.26,1,4,1,0,0,4029.4,3.19,892,0,0,0,0,185.0,0,1
T01288,2026-01-02T04:27:00+00:00,U0174,R0154,1145.09,1,4,0,0,0,7473.26,0.15,1108,0,0,0,0,107.0,0,0
T01289,2026-01-02T04:28:00+00:00,U0045,R0016,3573.46,1,4,0,0,0,1996.6,1.79,1072,0,0,0,0,748.0,0,0
T01290,2026-01-02T04:29:00+00:00,U0116,R0285,39538.66,1,4,1,1,0,2925.15,13.52,463,0,0,0,0,189.0,0,1
T01291,2026-01-02T04:30:00+00:00,U0064,R0049,969.48,1,4,0,0,0,5747.21,0.17,1159,0,0,0,0,100.0,0,0
T01292,2026-01-02T04:31:00+00:00,U0036,R0063,4561.01,1,4,0,0,0,5589.11,0.82,219,0,0,0,0,105.0,0,0
T01293,2026-01-02T04:32:00+00:00,U0200,R0114,3535.28,1,4,0,1,1,2568.53,1.38,1096,0,0,0,0,16.0,0,0
T01294,2026-01-02T04:33:00+00:00,U0103,R0191,2272.21,1,4,0,0,0,2433.58,0.93,145,0,0,0,0,398.0,0,0
T01295,2026-01-02T04:34:00+00:00,U0166,R0044,2872.93,1,4,0,0,0,4076.3,0.7,1257,0,0,0,0,197.0,0,0
T01296,2026-01-02T04:35:00+00:00,U0067,R0470,1541.58,1,4,0,0,0,2690.37,0.57,1381,0,0,0,0,239.0,0,0
T01297,2026-01-02T04:36:00+00:00,U0006,R0034,20941.63,1,4,0,0,0,2170.38,9.65,1386,0,0,0,0,856.0,0,1
T01298,2026-01-02T04:37:00+00:00,U0166,R0228,3920.5,1,4,0,0,1,4005.52,0.98,1257,1,0,0,0,3.0,0,0
T01299,2026-01-02T04:38:00+00:00,U0024,R0464,992.24,1,4,0,0,0,2980.77,0.33,1553,0,0,0,0,131.0,0,0
T01300,2026-01-02T04:39:00+00:00,U0085,R0063,7623.01,1,4,0,0,0,3582.65,2.13,652,0,0,0,0,310.0,0,0
T01301,2026-01-02T04:40:00+00:00,U0119,R0026,8497.46,1,4,0,0,0,11196.75,0.76,112,0,0,0,0,226.0,0,0
T01302,2026-01-02T04:41:00+00:00,U0147,R0222,1434.54,1,4,0,0,0,3282.66,0.44,1663,0,0,0,0,67.0,0,0
T01303,2026-01-02T04:42:00+00:00,U0102,R0255,609.8,1,4,0,0,0,2323.46,0.26,1474,0,0,0,0,95.0,0,0
T01304,2026-01-02T04:43:00+00:00,U0175,R0219,5451.19,1,4,0,0,0,2180.94,2.5,1375,0,0,0,0,100.0,0,0
T01305,2026-01-02T04:44:00+00:00,U0055,R0466,5142.64,1,4,0,0,0,3755.12,1.37,553,0,0,0,0,121.0,0,0
T01306,2026-01-02T04:45:00+00:00,U0072,R0229,3159.68,1,4,0,0,0,3648.1,0.87,1208,0,0,0,0,873.0,0,0
T01307,2026-01-02T04:46:00+00:00,U0009,R0315,6742.42,1,4,0,0,0,1194.01,5.65,1744,0,0,0,0,186.0,0,0
T01308,2026-01-02T04:47:00+00:00,U0063,R0332,10283.89,1,4,1,1,0,4966.57,2.07,1621,0,0,0,0,70.0,0,1
T01309,2026-01-02T04:48:00+00:00,U0106,R0452,5844.5,1,4,1,0,0,2841.79,2.06,1381,0,0,0,0,124.0,0,0
T01310,2026-01-02T04:49:00+00:00,U0016,R0045,1362.56,1,4,0,0,0,4919.06,0.28,1715,0,0,0,0,175.0,0,0
T01311,2026-01-02T04:50:00+00:00,U0036,R0215,3487.93,1,4,0,0,1,5503.43,0.63,219,0,0,0,0,19.0,0,0
T01312,2026-01-02T04:51:00+00:00,U0135,R0128,4539.18,1,4,0,0,0,3547.48,1.28,1258,0,0,0,0,346.0,0,0
T01313,2026-01-02T04:52:00+00:00,U0140,R0407,1702.2,1,4,0,1,1,8729.15,0.2,1219,0,0,0,0,58.0,0,0
T01314,2026-01-02T04:53:00+00:00,U0098,R0401,704.23,1,4,0,0,0,13335.67,0.05,938,0,0,0,0,288.0,0,0
T01315,2026-01-02T04:54:00+00:00,U0123,R0279,748.37,1,4,0,0,0,2446.18,0.31,832,0,0,0,0,670.0,0,0
T01316,2026-01-02T04:55:00+00:00,U0089,R0468,7285.47,1,4,0,0,0,4470.24,1.63,622,0,0,0,0,92.0,0,0
T01317,2026-01-02T04:56:00+00:00,U0083,R0199,42219.73,1,4,1,1,0,10861.15,3.89,313,0,0,0,0,385.0,0,1
T01318,2026-01-02T04:57:00+00:00,U0007,R0164,6564.16,1,4,1,0,0,10235.71,0.64,573,0,0,0,0,61.0,0,0
T01319,2026-01-02T04:58:00+00:00,U0008,R0459,2134.02,1,4,0,0,0,5017.85,0.43,457,0,0,0,0,647.0,0,0
T01320,2026-01-02T04:59:00+00:00,U0072,R0030,716.59,1,4,0,0,1,3485.29,0.21,1208,0,0,0,0,14.0,0,0
T01321,2026-01-02T05:00:00+00:00,U0121,R0272,8505.99,1,5,0,0,0,3052.88,2.79,418,0,0,0,0,446.0,0,0
T01322,2026-01-02T05:01:00+00:00,U0150,R0120,6237.08,1,5,0,0,0,2971.74,2.1,1080,0,0,0,0,457.0,0,0
T01323,2026-01-02T05:02:00+00:00,U0026,R0127,7939.88,1,5,0,0,0,11104.73,0.71,407,0,0,0,0,430.0,0,0
T01324,2026-01-02T05:03:00+00:00,U0069,R0274,3380.99,1,5,0,0,0,4215.7,0.8,1754,0,0,0,0,97.0,0,0
T01325,2026-01-02T05:04:00+00:00,U0189,R0029,3566.32,1,5,0,0,0,3396.29,1.05,690,0,0,0,0,64.0,0,0
T01326,2026-01-02T05:05:00+00:00,U0057,R0295,788.39,1,5,0,1,0,1958.71,0.4,459,0,0,0,0,387.0,0,0
T01327,2026-01-02T05:06:00+00:00,U0100,R0182,1115.07,1,5,0,0,0,6651.23,0.17,1160,0,0,0,0,338.0,0,0
T01328,2026-01-02T05:07:00+00:00,U0045,R0091,4477.81,1,5,0,0,1,2311.97,1.94,1072,0,0,0,0,39.0,0,0
T01329,2026-01-02T05:08:00+00:00,U0082,R0413,141.99,1,5,0,0,1,2542.56,0.06,212,0,0,0,0,54.0,0,0
T01330,2026-01-02T05:09:00+00:00,U0092,R0468,3515.13,1,5,0,0,1,5499.21,0.64,892,0,0,0,0,43.0,0,0
T01331,2026-01-02T05:10:00+00:00,U0181,R0359,7361.09,1,5,0,0,1,6496.77,1.13,215,0,0,0,0,47.0,0,0
T01332,2026-01-02T05:11:00+00:00,U0146,R0289,963.59,1,5,0,0,0,3467.57,0.28,1480,0,0,0,0,99.0,0,0
T01333,2026-01-02T05:12:00+00:00,U0049,R0429,1636.79,1,5,0,0,0,1454.9,1.13,100,0,0,0,0,980.0,0,0
T01334,2026-01-02T05:13:00+00:00,U0127,R0278,620.78,1,5,0,0,0,3134.8,0.2,675,0,0,0,0,510.0,0,0
T01335,2026-01-02T05:14:00+00:00,U0126,R0020,2861.78,1,5,0,0,0,8898.1,0.32,1797,0,0,0,0,389.0,0,0
T01336,2026-01-02T05:15:00+00:00,U0060,R0309,1099.41,1,5,0,0,0,3630.19,0.3,1595,0,0,0,0,342.0,0,0
T01337,2026-01-02T05:16:00+00:00,U0135,R0245,2806.69,1,5,0,0,1,3745.82,0.75,1258,0,0,0,0,25.0,0,0
T01338,2026-01-02T05:17:00+00:00,U0158,R0104,2977.29,1,5,0,1,0,3372.77,0.88,1865,0,0,0,0,211.0,0,1
T01339,2026-01-02T05:18:00+00:00,U0158,R0104,2977.29,0,5,1,0,1,3316.27,0.9,1865,1,1,1,1,1.0,1,1
T01340,2026-01-02T05:19:00+00:00,U0158,R0104,2977.29,0,5,1,0,2,3273.9,0.91,1865,2,2,2,2,1.0,2,1
T01341,2026-01-02T05:20:00+00:00,U0088,R0368,2454.0,1,5,0,0,0,10177.75,0.24,1812,0,0,0,0,167.0,0,0
T01342,2026-01-02T05:21:00+00:00,U0083,R0031,3589.32,1,5,0,0,1,17132.87,0.21,313,0,0,0,0,25.0,0,0
T01343,2026-01-02T05:22:00+00:00,U0151,R0361,2890.6,1,5,0,0,0,1986.1,1.46,1656,0,0,0,0,128.0,0,0
T01344,2026-01-02T05:23:00+00:00,U0199,R0057,3828.26,1,5,0,0,0,5530.11,0.69,1451,0,0,0,0,196.0,0,0
T01345,2026-01-02T05:24:00+00:00,U0094,R0492,1554.95,1,5,0,0,0,3218.77,0.48,768,0,0,0,0,229.0,0,0
T01346,2026-01-02T05:25:00+00:00,U0181,R0483,1955.71,1,5,0,0,1,6604.81,0.3,215,0,0,0,0,15.0,0,0
T01347,2026-01-02T05:26:00+00:00,U0151,R0052,1440.07,1,5,0,0,1,2115.31,0.68,1656,1,0,0,0,4.0,0,0
T01348,2026-01-02T05:27:00+00:00,U0083,R0070,2153.76,1,5,0,0,2,14875.61,0.14,313,1,0,0,0,6.0,0,0
T01349,2026-01-02T05:28:00+00:00,U0188,R0486,7138.64,1,5,0,0,0,3723.09,1.92,1681,0,0,0,0,172.0,0,0
T01350,2026-01-02T05:29:00+00:00,U0164,R0492,809.9,1,5,0,0,0,3539.8,0.23,1150,0,0,0,0,139.0,0,0
T01351,2026-01-02T05:30:00+00:00,U0082,R0090,9860.0,1,5,1,0,1,2275.83,4.33,212,0,0,0,0,22.0,0,1
T01352,2026-01-02T05:31:00+00:00,U0144,R0356,3931.05,1,5,0,0,0,2023.64,1.94,685,0,0,0,0,246.0,0,0
T01353,2026-01-02T05:32:00+00:00,U0158,R0403,1166.38,1,5,0,0,3,3240.94,0.36,1865,0,0,0,0,13.0,0,0
T01354,2026-01-02T05:33:00+00:00,U0171,R0302,1054.72,1,5,0,0,0,2052.35,0.51,1154,0,0,0,0,204.0,0,0
T01355,2026-01-02T05:34:00+00:00,U0097,R0158,4586.21,1,5,0,0,0,1881.77,2.44,174,0,0,0,0,214.0,0,0
T01356,2026-01-02T05:35:00+00:00,U0076,R0066,2141.87,1,5,0,0,0,4607.96,0.46,1540,0,0,0,0,293.0,0,0
T01357,2026-01-02T05:36:00+00:00,U0001,R0486,4156.91,1,5,0,0,0,4872.06,0.85,1905,0,0,0,0,472.0,0,0
T01358,2026-01-02T05:37:00+00:00,U0147,R0201,2125.1,1,5,0,0,1,3077.32,0.69,1663,0,0,0,0,56.0,0,0
T01359,2026-01-02T05:38:00+00:00,U0198,R0495,4352.63,1,5,0,0,0,2120.69,2.05,1947,0,0,0,0,105.0,0,0
T01360,2026-01-02T05:39:00+00:00,U0047,R0309,2691.24,1,5,0,0,0,10156.58,0.26,957,0,0,0,0,484.0,0,0
T01361,2026-01-02T05:40:00+00:00,U0157,R0114,1403.15,1,5,0,0,0,1804.91,0.78,793,0,0,0,0,235.0,0,0
T01362,2026-01-02T05:41:00+00:00,U0027,R0480,4427.29,1,5,0,0,0,7205.92,0.61,1808,0,0,0,0,243.0,0,0
T01363,2026-01-02T05:42:00+00:00,U0085,R0382,1328.58,1,5,0,0,0,3986.69,0.33,652,0,0,0,0,63.0,0,0
T01364,2026-01-02T05:43:00+00:00,U0089,R0164,2783.3,1,5,0,0,1,4872.42,0.57,622,0,0,0,0,48.0,0,0
T01365,2026-01-02T05:44:00+00:00,U0023,R0421,5061.35,1,5,0,0,0,2035.06,2.49,1815,0,0,0,0,243.0,0,0
T01366,2026-01-02T05:45:00+00:00,U0164,R0374,1748.37,1,5,0,0,1,3198.56,0.55,1150,0,0,0,0,16.0,0,0
T01367,2026-01-02T05:46:00+00:00,U0115,R0006,326.43,1,5,0,0,0,2575.23,0.13,579,0,0,0,0,701.0,0,0
T01368,2026-01-02T05:47:00+00:00,U0064,R0355,1280.26,1,5,0,0,0,5405.95,0.24,1159,0,0,0,0,77.0,0,0
T01369,2026-01-02T05:48:00+00:00,U0066,R0403,7407.62,1,5,1,0,0,10085.06,0.73,532,0,0,0,0,135.0,0,0
T01370,2026-01-02T05:49:00+00:00,U0001,R0025,906.34,1,5,0,0,1,4729.03,0.19,1905,0,0,0,0,13.0,0,0
T01371,2026-01-02T05:50:00+00:00,U0188,R0215,1829.11,1,5,0,0,1,4150.03,0.44,1681,0,0,0,0,22.0,0,0
T01372,2026-01-02T05:51:00+00:00,U0106,R0253,503.54,1,5,0,0,0,3142.06,0.16,1381,0,0,0,0,63.0,0,0
T01373,2026-01-02T05:52:00+00:00,U0090,R0280,6661.18,1,5,0,0,0,3562.11,1.87,150,0,0,0,0,244.0,0,0
T01374,2026-01-02T05:53:00+00:00,U0123,R0404,4920.43,1,5,0,0,1,1880.24,2.62,832,0,0,0,0,59.0,0,0
T01375,2026-01-02T05:54:00+00:00,U0167,R0389,1961.14,0,5,1,0,0,1357.63,1.44,1126,0,0,0,0,159.0,1,0
T01376,2026-01-02T05:55:00+00:00,U0042,R0232,1102.28,1,5,0,0,0,2015.36,0.55,914,0,0,0,0,388.0,0,0
T01377,2026-01-02T05:56:00+00:00,U0009,R0151,3877.0,1,5,0,0,0,3043.48,1.27,1744,0,0,0,0,70.0,0,0
T01378,2026-01-02T05:57:00+00:00,U0067,R0488,2888.07,1,5,0,0,0,2460.61,1.17,1381,0,0,0,0,82.0,0,0
T01379,2026-01-02T05:58:00+00:00,U0088,R0088,1328.5,1,5,0,0,1,9534.11,0.14,1812,0,0,0,0,38.0,0,0
T01380,2026-01-02T05:59:00+00:00,U0042,R0375,4071.52,1,5,0,1,1,1901.22,2.14,914,1,0,0,0,4.0,0,0
T01381,2026-01-02T06:00:00+00:00,U0024,R0174,2202.28,1,6,0,0,0,2759.82,0.8,1553,0,0,0,0,82.0,0,0
T01382,2026-01-02T06:01:00+00:00,U0158,R0458,4150.59,1,6,0,0,4,3033.49,1.37,1865,0,0,0,0,29.0,0,0
T01383,2026-01-02T06:02:00+00:00,U0008,R0221,2575.37,1,6,0,0,0,4605.88,0.56,457,0,0,0,0,64.0,0,0
T01384,2026-01-02T06:03:00+00:00,U0043,R0311,8996.55,1,6,0,0,0,2418.51,3.72,1004,0,0,0,0,201.0,0,0
T01385,2026-01-02T06:04:00+00:00,U0041,R0028,2878.03,1,6,0,0,0,4113.95,0.7,680,0,0,0,0,102.0,0,0
T01386,2026-01-02T06:05:00+00:00,U0053,R0499,436.77,1,6,0,0,0,1979.18,0.22,1252,0,0,0,0,124.0,0,0
T01387,2026-01-02T06:06:00+00:00,U0179,R0284,334.82,1,6,0,0,0,7651.97,0.04,1145,0,0,0,0,416.0,0,0
T01388,2026-01-02T06:07:00+00:00,U0187,R0277,1384.65,1,6,0,1,0,3000.44,0.46,1389,0,0,0,0,200.0,0,0
T01389,2026-01-02T06:08:00+00:00,U0073,R0153,16056.76,1,6,0,0,0,4358.45,3.68,1369,0,0,0,0,235.0,0,1
T01390,2026-01-02T06:09:00+00:00,U0013,R0202,5547.96,1,6,0,0,0,6238.02,0.89,869,0,0,0,0,233.0,0,0
T01391,2026-01-02T06:10:00+00:00,U0126,R0079,4491.24,1,6,0,0,1,8143.56,0.55,1797,0,0,0,0,56.0,0,0
T01392,2026-01-02T06:11:00+00:00,U0001,R0219,2483.87,1,6,0,0,2,4091.92,0.61,1905,0,0,0,0,22.0,0,0
T01393,2026-01-02T06:12:00+00:00,U0170,R0321,8916.74,1,6,0,0,0,3456.78,2.58,1804,0,0,0,0,502.0,0,0
T01394,2026-01-02T06:13:00+00:00,U0052,R0050,2920.75,1,6,0,0,0,3281.75,0.89,51,0,0,0,0,699.0,0,0
T01395,2026-01-02T06:14:00+00:00,U0044,R0327,4761.73,1,6,0,0,0,1166.28,4.08,1950,0,0,0,0,283.0,0,0
T01396,2026-01-02T06:15:00+00:00,U0021,R0243,1576.0,1,6,0,0,0,8002.74,0.2,486,0,0,0,0,183.0,0,0
T01397,2026-01-02T06:16:00+00:00,U0079,R0402,596.63,1,6,0,0,0,2634.89,0.23,128,0,0,0,0,304.0,0,0
T01398,2026-01-02T06:17:00+00:00,U0126,R0459,2589.23,1,6,1,0,1,7737.75,0.33,1797,1,0,0,0,7.0,0,0
T01399,2026-01-02T06:18:00+00:00,U0024,R0329,992.51,1,6,0,0,1,2704.07,0.37,1553,0,0,0,0,18.0,0,0
T01400,2026-01-02T06:19:00+00:00,U0048,R0190,4222.97,1,6,0,0,0,2247.32,1.88,453,0,0,0,0,391.0,0,0
T01401,2026-01-02T06:20:00+00:00,U0095,R0096,1172.66,1,6,0,0,0,3182.33,0.37,333,0,0,0,0,148.0,0,0
T01402,2026-01-02T06:21:00+00:00,U0068,R0226,2787.73,1,6,0,0,0,4986.85,0.56,98,0,0,0,0,120.0,0,0
T01403,2026-01-02T06:22:00+00:00,U0058,R0429,5266.25,1,6,0,0,0,2719.04,1.94,1080,0,0,0,0,161.0,0,0
T01404,2026-01-02T06:23:00+00:00,U0016,R0078,2952.64,1,6,0,0,0,4326.31,0.68,1715,0,0,0,0,94.0,0,0
T01405,2026-01-02T06:24:00+00:00,U0171,R0050,29231.15,1,6,0,0,1,1852.82,15.78,1154,0,0,0,0,51.0,0,1
T01406,2026-01-02T06:25:00+00:00,U0089,R0414,623.28,1,6,0,0,1,4611.28,0.14,622,0,0,0,0,42.0,0,0
T01407,2026-01-02T06:26:00+00:00,U0194,R0302,25896.76,1,6,1,1,0,4326.46,5.99,1773,0,0,0,0,240.0,0,1
T01408,2026-01-02T06:27:00+00:00,U0016,R0431,5767.44,1,6,0,1,1,4130.07,1.4,1715,1,0,0,0,4.0,0,0
T01409,2026-01-02T06:28:00+00:00,U0134,R0215,876.16,1,6,0,0,0,3329.68,0.26,723,0,0,0,0,143.0,0,0
T01410,2026-01-02T06:29:00+00:00,U0176,R0444,1603.65,1,6,0,0,0,2565.11,0.63,1935,0,0,0,0,393.0,0,0
T01411,2026-01-02T06:30:00+00:00,U0147,R0452,2987.53,1,6,0,0,1,2982.09,1.0,1663,0,0,0,0,53.0,0,0
T01412,2026-01-02T06:31:00+00:00,U0077,R0041,303.93,1,6,0,0,0,5919.96,0.05,332,0,0,0,0,383.0,0,0
T01413,2026-01-02T06:32:00+00:00,U0183,R0018,3473.76,1,6,0,0,0,4155.49,0.84,827,0,0,0,0,172.0,0,0
T01414,2026-01-02T06:33:00+00:00,U0133,R0410,851.78,1,6,0,0,0,2927.68,0.29,257,0,0,0,0,219.0,0,0
T01415,2026-01-02T06:34:00+00:00,U0159,R0076,5995.81,1,6,0,0,0,3573.73,1.68,490,0,0,0,0,326.0,0,0
T01416,2026-01-02T06:35:00+00:00,U0194,R0230,1178.78,1,6,0,0,1,6123.98,0.19,1773,1,0,0,0,9.0,0,0
T01417,2026-01-02T06:36:00+00:00,U0043,R0498,1832.26,1,6,0,0,1,3358.23,0.55,1004,0,0,0,0,33.0,0,0
T01418,2026-01-02T06:37:00+00:00,U0050,R0065,928.1,1,6,0,0,0,3257.69,0.28,682,0,0,0,0,581.0,0,0
T01419,2026-01-02T06:38:00+00:00,U0021,R0350,4730.23,1,6,0,0,1,7543.68,0.63,486,0,0,0,0,23.0,0,0
T01420,2026-01-02T06:39:00+00:00,U0161,R0076,4714.72,1,6,0,1,0,2853.4,1.65,1632,0,0,0,0,189.0,0,0
T01421,2026-01-02T06:40:00+00:00,U0067,R0164,3573.03,1,6,0,1,1,2531.86,1.41,1381,0,0,0,0,43.0,0,0
T01422,2026-01-02T06:41:00+00:00,U0018,R0045,1455.58,1,6,0,0,0,7583.51,0.19,74,0,0,0,0,216.0,0,0
T01423,2026-01-02T06:42:00+00:00,U0102,R0283,4122.64,1,6,0,0,0,2133.06,1.93,1474,0,0,0,0,120.0,0,0
T01424,2026-01-02T06:43:00+00:00,U0071,R0267,5582.44,1,6,0,0,0,7770.6,0.72,17,0,0,0,0,261.0,0,0
T01425,2026-01-02T06:44:00+00:00,U0004,R0403,4454.9,1,6,0,0,0,5632.07,0.79,1108,0,0,0,0,224.0,0,0
T01426,2026-01-02T06:45:00+00:00,U0151,R0268,4642.67,1,6,0,0,0,2030.91,2.29,1656,0,0,0,0,79.0,0,0
T01427,2026-01-02T06:46:00+00:00,U0029,R0213,1311.85,1,6,0,0,0,2605.11,0.5,316,0,0,0,0,1440.0,0,0
T01428,2026-01-02T06:47:00+00:00,U0151,R0299,8720.27,1,6,0,0,1,2321.1,3.76,1656,1,0,0,0,2.0,0,0
T01429,2026-01-02T06:48:00+00:00,U0026,R0474,1210.31,1,6,0,0,0,10577.26,0.11,407,0,0,0,0,106.0,0,0
T01430,2026-01-02T06:49:00+00:00,U0200,R0052,1067.63,1,6,0,0,0,2706.64,0.39,1096,0,0,0,0,137.0,0,0
T01431,2026-01-02T06:50:00+00:00,U0138,R0451,12386.18,1,6,1,1,0,6619.49,1.87,1898,0,0,0,0,151.0,0,1
T01432,2026-01-02T06:51:00+00:00,U0106,R0136,3281.91,1,6,0,0,1,2902.2,1.13,1381,0,0,0,0,60.0,0,0
T01433,2026-01-02T06:52:00+00:00,U0125,R0293,1108.25,1,6,0,0,0,5682.24,0.2,499,0,0,0,0,923.0,0,0
T01434,2026-01-02T06:53:00+00:00,U0010,R0089,319.68,1,6,0,0,0,2671.3,0.12,1038,0,0,0,0,194.0,0,0
T01435,2026-01-02T06:54:00+00:00,U0037,R0317,2583.85,1,6,0,0,0,4581.53,0.56,132,0,0,0,0,171.0,0,0
T01436,2026-01-02T06:55:00+00:00,U0178,R0206,1414.38,1,6,0,1,0,4144.55,0.34,1860,0,0,0,0,342.0,0,0
T01437,2026-01-02T06:56:00+00:00,U0085,R0354,633.19,1,6,0,0,0,3745.04,0.17,652,0,0,0,0,74.0,0,0
T01438,2026-01-02T06:57:00+00:00,U0191,R0244,3437.58,1,6,0,0,0,4525.68,0.76,982,0,0,0,0,325.0,0,0
T01439,2026-01-02T06:58:00+00:00,U0096,R0011,5034.25,1,6,0,0,0,7124.24,0.71,322,0,0,0,0,172.0,0,0
T01440,2026-01-02T06:59:00+00:00,U0078,R0160,5505.8,1,6,0,0,0,7630.51,0.72,797,0,0,0,0,714.0,0,0
T01441,2026-01-02T07:00:00+00:00,U0126,R0440,2493.01,1,7,0,0,2,7222.9,0.35,1797,0,0,0,0,43.0,0,0
T01442,2026-01-02T07:01:00+00:00,U0026,R0498,3701.36,1,7,0,0,1,9239.12,0.4,407,0,0,0,0,13.0,0,0
T01443,2026-01-02T07:02:00+00:00,U0035,R0154,4023.0,1,7,0,0,0,2375.7,1.69,1476,0,0,0,0,174.0,0,0
T01444,2026-01-02T07:03:00+00:00,U0114,R0397,1704.69,1,7,0,0,0,3633.96,0.47,447,0,0,0,0,273.0,0,0
T01445,2026-01-02T07:04:00+00:00,U0069,R0374,7144.02,1,7,0,0,0,4048.76,1.76,1754,0,0,0,0,121.0,0,0
T01446,2026-01-02T07:05:00+00:00,U0166,R0046,5154.64,1,7,0,1,0,4000.79,1.29,1257,0,0,0,0,148.0,0,0
T01447,2026-01-02T07:06:00+00:00,U0055,R0468,2668.03,1,7,0,0,0,3909.29,0.68,553,0,0,0,0,142.0,0,0
T01448,2026-01-02T07:07:00+00:00,U0190,R0249,4669.51,1,7,0,0,0,2465.43,1.89,1087,0,0,0,0,196.0,0,0
T01449,2026-01-02T07:08:00+00:00,U0096,R0421,1414.45,1,7,0,0,1,6892.02,0.21,322,1,0,0,0,10.0,0,0
T01450,2026-01-02T07:09:00+00:00,U0041,R0034,1610.26,1,7,0,0,0,3976.62,0.4,680,0,0,0,0,65.0,0,0
T01451,2026-01-02T07:10:00+00:00,U0130,R0207,837.57,1,7,1,0,0,4481.01,0.19,708,0,0,0,0,817.0,0,0
T01452,2026-01-02T07:11:00+00:00,U0135,R0451,1852.2,1,7,0,0,0,3589.3,0.52,1258,0,0,0,0,115.0,0,0
T01453,2026-01-02T07:12:00+00:00,U0045,R0099,2562.72,1,7,0,0,0,2672.95,0.96,1072,0,0,0,0,125.0,0,0
T01454,2026-01-02T07:13:00+00:00,U0052,R0429,3935.49,1,7,0,0,1,3209.55,1.23,51,0,0,0,0,60.0,0,0
T01455,2026-01-02T07:14:00+00:00,U0009,R0234,5030.29,1,7,0,0,0,3251.86,1.55,1744,0,0,0,0,78.0,0,0
T01456,2026-01-02T07:15:00+00:00,U0093,R0361,4406.99,1,7,0,0,0,6509.79,0.68,403,0,0,0,0,407.0,0,0
T01457,2026-01-02T07:16:00+00:00,U0095,R0422,2870.52,1,7,0,0,1,3027.74,0.95,333,0,0,0,0,56.0,0,0
T01458,2026-01-02T07:17:00+00:00,U0102,R0326,4340.52,1,7,0,0,1,2332.01,1.86,1474,0,0,0,0,35.0,0,0
T01459,2026-01-02T07:18:00+00:00,U0175,R0016,1330.48,1,7,0,0,0,2725.98,0.49,1375,0,0,0,0,155.0,0,0
T01460,2026-01-02T07:19:00+00:00,U0126,R0305,8754.65,1,7,0,0,1,6792.91,1.29,1797,0,0,0,0,19.0,0,0
T01461,2026-01-02T07:20:00+00:00,U0122,R0301,8799.68,1,7,0,0,0,1889.26,4.66,1750,0,0,0,0,486.0,0,0
T01462,2026-01-02T07:21:00+00:00,U0089,R0084,723.18,1,7,0,0,1,4168.17,0.17,622,0,0,0,0,56.0,0,0
T01463,2026-01-02T07:22:00+00:00,U0067,R0384,2089.47,1,7,0,0,1,2680.6,0.78,1381,0,0,0,0,42.0,0,0
T01464,2026-01-02T07:23:00+00:00,U0024,R0146,3961.73,1,7,0,0,0,2548.47,1.55,1553,0,0,0,0,65.0,0,0
T01465,2026-01-02T07:24:00+00:00,U0013,R0084,622.15,1,7,0,0,0,6139.44,0.1,869,0,0,0,0,75.0,0,0
T01466,2026-01-02T07:25:00+00:00,U0200,R0495,7210.28,1,7,0,0,1,2501.76,2.88,1096,0,0,0,0,36.0,0,0
T01467,2026-01-02T07:26:00+00:00,U0057,R0332,2238.96,1,7,0,0,0,1568.6,1.43,459,0,0,0,0,141.0,0,0
T01468,2026-01-02T07:27:00+00:00,U0053,R0138,1757.62,1,7,0,0,0,1593.58,1.1,1252,0,0,0,0,82.0,0,0
T01469,2026-01-02T07:28:00+00:00,U0132,R0011,15178.6,1,7,0,0,0,5455.81,2.78,12,0,0,0,0,819.0,0,1
T01470,2026-01-02T07:29:00+00:00,U0197,R0350,1663.78,1,7,1,0,0,5482.88,0.3,274,0,0,0,0,328.0,0,0
T01471,2026-01-02T07:30:00+00:00,U0034,R0332,469.71,1,7,1,0,0,3290.93,0.14,1925,0,0,0,0,269.0,0,1
T01472,2026-01-02T07:31:00+00:00,U0034,R0332,469.71,0,7,0,1,1,2977.46,0.16,1925,1,1,1,1,1.0,1,1
T01473,2026-01-02T07:32:00+00:00,U0034,R0332,469.71,0,7,1,1,2,2726.68,0.17,1925,2,2,2,2,1.0,2,1
T01474,2026-01-02T07:33:00+00:00,U0003,R0115,8261.84,1,7,0,1,0,4816.49,1.72,1486,0,0,0,0,215.0,0,1
T01475,2026-01-02T07:34:00+00:00,U0079,R0365,3121.83,1,7,0,0,0,2295.18,1.36,128,0,0,0,0,78.0,0,0
T01476,2026-01-02T07:35:00+00:00,U0165,R0141,5939.18,1,7,0,1,0,6845.13,0.87,302,0,0,0,0,525.0,0,1
T01477,2026-01-02T07:36:00+00:00,U0097,R0437,2381.24,1,7,0,0,0,2557.88,0.93,174,0,0,0,0,122.0,0,0
T01478,2026-01-02T07:37:00+00:00,U0065,R0112,2878.6,1,7,0,0,0,7282.01,0.4,1869,0,0,0,0,314.0,0,0
T01479,2026-01-02T07:38:00+00:00,U0174,R0267,2788.72,1,7,0,1,0,6840.44,0.41,1108,0,0,0,0,191.0,0,0
T01480,2026-01-02T07:39:00+00:00,U0102,R0300,1581.16,1,7,0,1,2,2514.61,0.63,1474,0,0,0,0,22.0,0,0
T01481,2026-01-02T07:40:00+00:00,U0131,R0340,23594.48,1,7,1,0,0,4453.37,5.3,1810,0,0,0,0,249.0,0,1
T01482,2026-01-02T07:41:00+00:00,U0096,R0288,3837.44,1,7,0,0,2,6344.26,0.6,322,0,0,0,0,33.0,0,0
T01483,2026-01-02T07:42:00+00:00,U0156,R0145,2342.76,1,7,0,0,0,5535.06,0.42,1027,0,0,0,0,263.0,0,0
T01484,2026-01-02T07:43:00+00:00,U0028,R0247,5586.16,1,7,0,0,0,4967.17,1.12,1290,0,0,0,0,460.0,0,0
T01485,2026-01-02T07:44:00+00:00,U0071,R0328,13882.8,0,7,1,1,0,7602.28,1.83,17,0,0,0,0,61.0,1,1
T01486,2026-01-02T07:45:00+00:00,U0071,R0134,4030.69,1,7,0,0,1,8050.88,0.5,17,1,0,0,0,1.0,0,0
T01487,2026-01-02T07:46:00+00:00,U0167,R0153,3772.28,1,7,0,0,0,1407.92,2.68,1126,0,0,0,0,112.0,0,0
T01488,2026-01-02T07:47:00+00:00,U0133,R0392,20797.86,1,7,0,1,0,2631.12,7.9,257,0,0,0,0,74.0,0,1
T01489,2026-01-02T07:48:00+00:00,U0015,R0413,3013.54,1,7,0,0,0,5524.62,0.55,1206,0,0,0,0,574.0,0,0
T01490,2026-01-02T07:49:00+00:00,U0154,R0207,4955.39,1,7,0,0,0,2728.01,1.82,1010,0,0,0,0,444.0,0,0
T01491,2026-01-02T07:50:00+00:00,U0175,R0072,1877.91,1,7,0,0,1,2526.63,0.74,1375,0,0,0,0,32.0,0,0
T01492,2026-01-02T07:51:00+00:00,U0168,R0255,1018.72,1,7,0,0,0,6588.11,0.15,820,0,0,0,0,610.0,0,0
T01493,2026-01-02T07:52:00+00:00,U0067,R0465,2853.16,1,7,0,0,1,2606.7,1.09,1381,0,0,0,0,30.0,0,0
T01494,2026-01-02T07:53:00+00:00,U0100,R0378,6193.75,1,7,0,0,0,5267.19,1.18,1160,0,0,0,0,167.0,0,0
T01495,2026-01-02T07:54:00+00:00,U0182,R0293,3843.99,1,7,0,0,0,3339.53,1.15,269,0,0,0,0,387.0,0,0
T01496,2026-01-02T07:55:00+00:00,U0088,R0372,32164.09,1,7,0,0,0,8902.91,3.61,1812,0,0,0,0,117.0,0,1
T01497,2026-01-02T07:56:00+00:00,U0176,R0274,6607.85,1,7,0,0,0,2458.28,2.69,1935,0,0,0,0,87.0,0,0
T01498,2026-01-02T07:57:00+00:00,U0122,R0465,2953.49,1,7,0,0,1,2876.46,1.03,1750,0,0,0,0,37.0,0,0
T01499,2026-01-02T07:58:00+00:00,U0092,R0260,2911.04,1,7,0,0,0,5215.77,0.56,892,0,0,0,0,169.0,0,0
T01500,2026-01-02T07:59:00+00:00,U0044,R0431,2544.71,1,7,0,0,0,2364.76,1.08,1950,0,0,0,0,105.0,0,0
T01501,2026-01-02T08:00:00+00:00,U0143,R0093,514.96,1,8,0,0,0,2850.07,0.18,194,0,0,0,0,402.0,0,0
T01502,2026-01-02T08:01:00+00:00,U0121,R0066,2149.32,1,8,0,0,0,3598.19,0.6,418,0,0,0,0,181.0,0,0
T01503,2026-01-02T08:02:00+00:00,U0186,R0414,2507.14,1,8,0,0,0,1213.86,2.07,1731,0,0,0,0,511.0,0,0
T01504,2026-01-02T08:03:00+00:00,U0047,R0485,795.21,1,8,0,0,0,8290.24,0.1,957,0,0,0,0,144.0,0,0
T01505,2026-01-02T08:04:00+00:00,U0086,R0336,1061.73,1,8,0,0,0,2608.67,0.41,1686,0,0,0,0,579.0,0,0
T01506,2026-01-02T08:05:00+00:00,U0091,R0115,8193.22,1,8,0,1,0,2739.54,2.99,823,0,0,0,0,538.0,0,1
T01507,2026-01-02T08:06:00+00:00,U0079,R0216,2114.25,1,8,0,0,1,2413.27,0.88,128,0,0,0,0,32.0,0,0
T01508,2026-01-02T08:07:00+00:00,U0085,R0191,2068.51,1,8,0,1,0,3485.72,0.59,652,0,0,0,0,71.0,0,0
T01509,2026-01-02T08:08:00+00:00,U0076,R0238,1503.72,1,8,0,0,0,4196.94,0.36,1540,0,0,0,0,153.0,0,0
T01510,2026-01-02T08:09:00+00:00,U0121,R0028,4255.38,1,8,0,0,1,3466.48,1.23,418,1,0,0,0,8.0,0,0
T01511,2026-01-02T08:10:00+00:00,U0150,R0298,4514.4,1,8,0,0,0,4060.19,1.11,1080,0,0,0,0,189.0,0,0
T01512,2026-01-02T08:11:00+00:00,U0019,R0242,33449.69,1,8,0,0,0,5159.27,6.48,1302,0,0,0,0,312.0,0,1
T01513,2026-01-02T08:12:00+00:00,U0129,R0062,641.39,1,8,0,0,0,7088.85,0.09,375,0,0,0,0,268.0,0,0
T01514,2026-01-02T08:13:00+00:00,U0098,R0272,2705.53,1,8,0,0,0,12187.35,0.22,938,0,0,0,0,200.0,0,0
T01515,2026-01-02T08:14:00+00:00,U0014,R0446,6354.71,1,8,0,0,0,5075.84,1.25,608,0,0,0,0,318.0,0,0
T01516,2026-01-02T08:15:00+00:00,U0036,R0103,2388.1,1,8,0,0,0,5348.39,0.45,219,0,0,0,0,205.0,0,0
T01517,2026-01-02T08:16:00+00:00,U0146,R0458,21120.04,1,8,1,1,0,3288.71,6.42,1480,0,0,0,0,185.0,0,1
T01518,2026-01-02T08:17:00+00:00,U0118,R0074,462.28,1,8,0,0,0,4752.42,0.1,635,0,0,0,0,360.0,0,0
T01519,2026-01-02T08:18:00+00:00,U0184,R0093,2445.24,1,8,0,0,0,3619.45,0.68,327,0,0,0,0,788.0,0,0
T01520,2026-01-02T08:19:00+00:00,U0125,R0171,199.73,1,8,0,0,0,4919.91,0.04,499,0,0,0,0,87.0,0,0
T01521,2026-01-02T08:20:00+00:00,U0046,R0161,2332.79,1,8,0,0,0,6900.19,0.34,854,0,0,0,0,275.0,0,0
T01522,2026-01-02T08:21:00+00:00,U0002,R0232,4513.83,1,8,0,0,0,2105.77,2.14,1660,0,0,0,0,562.0,0,0
T01523,2026-01-02T08:22:00+00:00,U0195,R0397,3991.2,1,8,0,0,0,2770.84,1.44,1578,0,0,0,0,263.0,0,0
T01524,2026-01-02T08:23:00+00:00,U0196,R0082,1559.33,1,8,0,0,0,2165.82,0.72,219,0,0,0,0,1030.0,0,0
T01525,2026-01-02T08:24:00+00:00,U0196,R0400,1926.02,1,8,0,0,1,2014.2,0.96,219,1,0,0,0,1.0,0,0
T01526,2026-01-02T08:25:00+00:00,U0158,R0223,36629.07,1,8,0,0,0,3135.04,11.68,1865,0,0,0,0,144.0,0,1
T01527,2026-01-02T08:26:00+00:00,U0104,R0220,2543.61,1,8,0,0,0,2849.05,0.89,508,0,0,0,0,553.0,0,0
T01528,2026-01-02T08:27:00+00:00,U0099,R0003,3719.14,1,8,0,0,0,2884.97,1.29,828,0,0,0,0,289.0,0,0
T01529,2026-01-02T08:28:00+00:00,U0052,R0375,3220.76,1,8,0,0,0,3330.54,0.97,51,0,0,0,0,75.0,0,0
T01530,2026-01-02T08:29:00+00:00,U0004,R0457,1270.24,1,8,0,0,0,5435.87,0.23,1108,0,0,0,0,105.0,0,0
T01531,2026-01-02T08:30:00+00:00,U0136,R0098,947.96,1,8,0,0,0,3236.25,0.29,126,0,0,0,0,552.0,0,0
T01532,2026-01-02T08:31:00+00:00,U0002,R0321,1562.57,1,8,0,0,1,2707.78,0.58,1660,1,0,0,0,10.0,0,0
T01533,2026-01-02T08:32:00+00:00,U0058,R0356,6796.93,1,8,0,0,0,3143.57,2.16,1080,0,0,0,0,130.0,0,0
T01534,2026-01-02T08:33:00+00:00,U0080,R0067,154.33,1,8,0,0,0,4834.17,0.03,846,0,0,0,0,285.0,0,0
T01535,2026-01-02T08:34:00+00:00,U0129,R0302,4433.1,1,8,0,0,1,6167.78,0.72,375,0,0,0,0,22.0,0,0
T01536,2026-01-02T08:35:00+00:00,U0017,R0422,6750.96,1,8,0,1,0,3653.02,1.85,53,0,0,0,0,385.0,0,0
T01537,2026-01-02T08:36:00+00:00,U0075,R0234,709.18,1,8,0,0,0,4640.03,0.15,86,0,0,0,0,286.0,0,0
T01538,2026-01-02T08:37:00+00:00,U0153,R0269,5560.3,1,8,0,0,0,2165.84,2.57,798,0,0,0,0,515.0,0,0
T01539,2026-01-02T08:38:00+00:00,U0176,R0069,2822.15,1,8,0,0,1,2873.24,0.98,1935,0,0,0,0,42.0,0,0
T01540,2026-01-02T08:39:00+00:00,U0126,R0184,4426.52,1,8,0,0,0,6956.38,0.64,1797,0,0,0,0,80.0,0,0
T01541,2026-01-02T08:40:00+00:00,U0043,R0486,7411.68,1,8,0,0,0,3167.49,2.34,1004,0,0,0,0,124.0,0,0
T01542,2026-01-02T08:41:00+00:00,U0104,R0010,1531.56,1,8,0,0,1,2787.96,0.55,508,0,0,0,0,15.0,0,0
T01543,2026-01-02T08:42:00+00:00,U0187,R0068,4341.92,1,8,0,0,0,2769.61,1.57,1389,0,0,0,0,155.0,0,0
T01544,2026-01-02T08:43:00+00:00,U0006,R0302,3609.42,1,8,0,0,0,8427.46,0.43,1386,0,0,0,0,247.0,0,0
T01545,2026-01-02T08:44:00+00:00,U0032,R0188,1278.16,1,8,0,0,0,6082.91,0.21,1853,0,0,0,0,810.0,0,0
T01546,2026-01-02T08:45:00+00:00,U0010,R0193,1761.93,1,8,0,0,0,2279.37,0.77,1038,0,0,0,0,112.0,0,0
T01547,2026-01-02T08:46:00+00:00,U0066,R0395,1046.3,1,8,0,0,0,9415.7,0.11,532,0,0,0,0,178.0,0,0
T01548,2026-01-02T08:47:00+00:00,U0013,R0305,1082.95,1,8,0,0,0,5449.78,0.2,869,0,0,0,0,83.0,0,0
T01549,2026-01-02T08:48:00+00:00,U0170,R0056,3828.24,1,8,0,0,0,4548.77,0.84,1804,0,0,0,0,156.0,0,0
T01550,2026-01-02T08:49:00+00:00,U0006,R0025,4551.84,1,8,0,0,1,7222.95,0.63,1386,1,0,0,0,6.0,0,0
T01551,2026-01-02T08:50:00+00:00,U0107,R0228,6332.28,1,8,0,0,0,8093.78,0.78,1230,0,0,0,0,635.0,0,0
T01552,2026-01-02T08:51:00+00:00,U0141,R0130,5327.1,1,8,0,0,0,3757.32,1.42,113,0,0,0,0,438.0,0,0
T01553,2026-01-02T08:52:00+00:00,U0040,R0106,2054.75,1,8,0,0,0,5031.03,0.41,1571,0,0,0,0,275.0,0,0
T01554,2026-01-02T08:53:00+00:00,U0162,R0005,3573.23,1,8,0,0,0,16059.17,0.22,391,0,0,0,0,414.0,0,0
T01555,2026-01-02T08:54:00+00:00,U0170,R0052,1448.38,1,8,0,0,1,4428.68,0.33,1804,1,0,0,0,6.0,0,0
T01556,2026-01-02T08:55:00+00:00,U0070,R0319,1970.37,1,8,0,0,0,4896.93,0.4,664,0,0,0,0,548.0,0,0
T01557,2026-01-02T08:56:00+00:00,U0036,R0215,3132.79,0,8,0,1,1,5136.94,0.61,219,0,0,0,0,41.0,1,0
T01558,2026-01-02T08:57:00+00:00,U0027,R0262,3010.46,1,8,0,0,0,6742.81,0.45,1808,0,0,0,0,196.0,0,0
T01559,2026-01-02T08:58:00+00:00,U0031,R0145,4710.43,1,8,0,0,0,6583.92,0.72,1886,0,0,0,0,337.0,0,0
T01560,2026-01-02T08:59:00+00:00,U0028,R0255,1499.6,1,8,0,1,0,5035.94,0.3,1290,0,0,0,0,76.0,0,0
T01561,2026-01-02T09:00:00+00:00,U0052,R0399,4746.17,1,9,1,0,1,3314.86,1.43,51,0,0,0,0,32.0,0,0
T01562,2026-01-02T09:01:00+00:00,U0134,R0499,511.12,1,9,0,0,0,2511.84,0.2,723,0,0,0,0,153.0,0,0
T01563,2026-01-02T09:02:00+00:00,U0181,R0210,4332.17,1,9,0,0,0,6088.24,0.71,215,0,0,0,0,217.0,0,0
T01564,2026-01-02T09:03:00+00:00,U0011,R0281,509.39,1,9,0,0,0,3463.73,0.15,177,0,0,0,0,357.0,0,0
T01565,2026-01-02T09:04:00+00:00,U0054,R0353,1832.58,1,9,0,0,0,8328.89,0.22,712,0,0,0,0,284.0,0,0
T01566,2026-01-02T09:05:00+00:00,U0085,R0121,3052.64,1,9,0,0,1,3376.71,0.9,652,0,0,0,0,58.0,0,0
T01567,2026-01-02T09:06:00+00:00,U0172,R0046,1781.75,1,9,0,1,0,6250.06,0.29,1447,0,0,0,0,482.0,0,1
T01568,2026-01-02T09:07:00+00:00,U0172,R0046,1781.75,0,9,0,1,1,5753.58,0.31,1447,1,1,1,1,1.0,1,1
T01569,2026-01-02T09:08:00+00:00,U0172,R0046,1781.75,0,9,0,0,2,5356.39,0.33,1447,2,2,2,2,1.0,2,1
T01570,2026-01-02T09:09:00+00:00,U0147,R0343,2845.69,1,9,0,0,0,2982.59,0.95,1663,0,0,0,0,159.0,0,0
T01571,2026-01-02T09:10:00+00:00,U0024,R0400,1430.48,1,9,0,0,0,2666.24,0.54,1553,0,0,0,0,107.0,0,0
T01572,2026-01-02T09:11:00+00:00,U0186,R0371,2525.18,1,9,0,0,0,1429.4,1.77,1731,0,0,0,0,69.0,0,0
T01573,2026-01-02T09:12:00+00:00,U0066,R0330,4015.5,1,9,0,0,1,7741.82,0.52,532,0,0,0,0,26.0,0,0
T01574,2026-01-02T09:13:00+00:00,U0076,R0136,370.38,1,9,0,0,0,3812.2,0.1,1540,0,0,0,0,65.0,0,0
T01575,2026-01-02T09:14:00+00:00,U0026,R0417,860.16,1,9,0,0,0,8546.9,0.1,407,0,0,0,0,133.0,0,0
T01576,2026-01-02T09:15:00+00:00,U0011,R0437,2290.75,1,9,0,0,1,3135.47,0.73,177,0,0,0,0,12.0,0,0
T01577,2026-01-02T09:16:00+00:00,U0174,R0161,1937.78,1,9,0,0,0,6472.1,0.3,1108,0,0,0,0,98.0,0,0
T01578,2026-01-02T09:17:00+00:00,U0030,R0049,574.17,1,9,0,0,0,3199.14,0.18,229,0,0,0,0,463.0,0,0
T01579,2026-01-02T09:18:00+00:00,U0012,R0005,243.26,1,9,1,0,0,2353.08,0.1,476,0,0,0,0,314.0,0,0
T01580,2026-01-02T09:19:00+00:00,U0170,R0332,1222.82,1,9,0,0,2,4002.92,0.31,1804,0,0,0,0,25.0,0,0
T01581,2026-01-02T09:20:00+00:00,U0092,R0458,4731.47,1,9,0,0,0,4927.68,0.96,892,0,0,0,0,82.0,0,1
T01582,2026-01-02T09:21:00+00:00,U0160,R0138,1991.77,1,9,0,0,0,2785.4,0.72,214,0,0,0,0,826.0,0,0
T01583,2026-01-02T09:22:00+00:00,U0024,R0191,1863.47,1,9,0,0,1,2571.19,0.72,1553,0,0,0,0,12.0,0,0
T01584,2026-01-02T09:23:00+00:00,U0047,R0059,8242.06,1,9,0,0,0,6791.24,1.21,957,0,0,0,0,80.0,0,0
T01585,2026-01-02T09:24:00+00:00,U0117,R0140,1245.79,1,9,0,0,0,5435.42,0.23,876,0,0,0,0,335.0,0,0
T01586,2026-01-02T09:25:00+00:00,U0177,R0436,3246.58,1,9,0,0,0,1311.71,2.48,315,0,0,0,0,393.0,0,0
T01587,2026-01-02T09:26:00+00:00,U0108,R0333,3111.23,1,9,0,0,0,10437.66,0.3,1935,0,0,0,0,324.0,0,0
T01588,2026-01-02T09:27:00+00:00,U0043,R0058,5466.97,1,9,0,0,1,3639.06,1.5,1004,0,0,0,0,47.0,0,0
T01589,2026-01-02T09:28:00+00:00,U0186,R0031,16012.51,1,9,1,0,1,1585.94,10.1,1731,0,0,0,0,17.0,0,1
T01590,2026-01-02T09:29:00+00:00,U0041,R0054,2274.45,1,9,0,0,0,3739.99,0.61,680,0,0,0,0,140.0,0,0
T01591,2026-01-02T09:30:00+00:00,U0152,R0248,356.66,1,9,0,0,0,2769.82,0.13,1711,0,0,0,0,421.0,0,0
T01592,2026-01-02T09:31:00+00:00,U0174,R0225,3067.16,1,9,0,0,1,6094.24,0.5,1108,0,0,0,0,15.0,0,0
T01593,2026-01-02T09:32:00+00:00,U0098,R0399,13954.98,1,9,1,1,0,11397.2,1.22,938,0,0,0,0,79.0,0,1
T01594,2026-01-02T09:33:00+00:00,U0008,R0442,4029.47,1,9,0,0,0,4352.06,0.93,457,0,0,0,0,211.0,0,0
T01595,2026-01-02T09:34:00+00:00,U0187,R0499,3941.89,1,9,1,1,1,2966.15,1.33,1389,0,0,0,0,52.0,0,1
T01596,2026-01-02T09:35:00+00:00,U0124,R0472,2737.69,1,9,0,0,0,1040.13,2.63,1661,0,0,0,0,637.0,0,0
T01597,2026-01-02T09:36:00+00:00,U0106,R0226,1164.54,1,9,0,0,0,2933.84,0.4,1381,0,0,0,0,165.0,0,0
T01598,2026-01-02T09:37:00+00:00,U0067,R0336,6435.1,1,9,0,0,0,2634.09,2.44,1381,0,0,0,0,105.0,0,0
T01599,2026-01-02T09:38:00+00:00,U0181,R0445,2035.96,1,9,0,0,1,5912.63,0.34,215,0,0,0,0,36.0,0,0
T01600,2026-01-02T09:39:00+00:00,U0197,R0381,20710.71,1,9,1,0,0,4528.1,4.57,274,0,0,0,0,130.0,0,1
T01601,2026-01-02T09:40:00+00:00,U0145,R0115,4447.71,1,9,0,0,0,2181.67,2.04,94,0,0,0,0,419.0,0,0
T01602,2026-01-02T09:41:00+00:00,U0172,R0448,13236.72,1,9,0,0,3,5031.43,2.63,1447,0,0,0,0,33.0,0,1
T01603,2026-01-02T09:42:00+00:00,U0134,R0353,5052.44,1,9,0,0,1,2011.66,2.51,723,0,0,0,0,41.0,0,0
T01604,2026-01-02T09:43:00+00:00,U0025,R0222,2670.03,1,9,0,0,0,4723.44,0.57,1745,0,0,0,0,1035.0,0,0
T01605,2026-01-02T09:44:00+00:00,U0064,R0247,6692.11,1,9,0,0,0,5130.9,1.3,1159,0,0,0,0,237.0,0,0
T01606,2026-01-02T09:45:00+00:00,U0174,R0329,1018.29,1,9,0,0,2,5861.39,0.17,1108,0,0,0,0,14.0,0,0
T01607,2026-01-02T09:46:00+00:00,U0143,R0457,2791.26,1,9,0,0,0,2516.48,1.11,194,0,0,0,0,106.0,0,0
T01608,2026-01-02T09:47:00+00:00,U0014,R0006,1310.74,1,9,0,0,0,5288.98,0.25,608,0,0,0,0,93.0,0,0
T01609,2026-01-02T09:48:00+00:00,U0041,R0259,1942.36,1,9,0,0,1,3606.76,0.54,680,0,0,0,0,19.0,0,0
T01610,2026-01-02T09:49:00+00:00,U0127,R0446,4011.86,1,9,0,0,0,2632.0,1.52,675,0,0,0,0,276.0,0,0
T01611,2026-01-02T09:50:00+00:00,U0193,R0252,25850.71,1,9,0,0,0,2172.23,11.9,158,0,0,0,0,431.0,0,1
T01612,2026-01-02T09:51:00+00:00,U0085,R0497,341.89,1,9,0,0,1,3353.56,0.1,652,0,0,0,0,46.0,0,0
T01613,2026-01-02T09:52:00+00:00,U0130,R0115,6802.15,1,9,0,0,0,3752.32,1.81,708,0,0,0,0,162.0,0,0
T01614,2026-01-02T09:53:00+00:00,U0097,R0207,1909.17,1,9,0,0,0,2522.55,0.76,174,0,0,0,0,137.0,0,0
T01615,2026-01-02T09:54:00+00:00,U0021,R0236,817.86,1,9,0,0,0,7356.12,0.11,486,0,0,0,0,196.0,0,0
T01616,2026-01-02T09:55:00+00:00,U0147,R0230,6490.73,1,9,0,0,1,2971.18,2.18,1663,0,0,0,0,46.0,0,0
T01617,2026-01-02T09:56:00+00:00,U0128,R0229,2324.78,1,9,0,0,0,4734.34,0.49,1107,0,0,0,0,673.0,0,0
T01618,2026-01-02T09:57:00+00:00,U0128,R0382,1039.29,1,9,0,0,1,4332.75,0.24,1107,1,0,0,0,1.0,0,0
T01619,2026-01-02T09:58:00+00:00,U0027,R0207,5411.37,1,9,0,0,0,6209.62,0.87,1808,0,0,0,0,61.0,0,0
T01620,2026-01-02T09:59:00+00:00,U0143,R0282,3187.32,1,9,0,0,1,2550.83,1.25,194,0,0,0,0,13.0,0,0
T01621,2026-01-02T10:00:00+00:00,U0024,R0406,856.05,1,10,1,1,2,2520.63,0.34,1553,0,0,0,0,38.0,0,1
T01622,2026-01-02T10:01:00+00:00,U0024,R0406,856.05,0,10,0,1,3,2409.66,0.36,1553,1,1,1,1,1.0,1,1
T01623,2026-01-02T10:02:00+00:00,U0024,R0406,856.05,0,10,1,0,4,2312.56,0.37,1553,2,2,2,2,1.0,2,1
T01624,2026-01-02T10:03:00+00:00,U0159,R0327,4449.3,1,10,0,0,0,3919.74,1.14,490,0,0,0,0,209.0,0,0
T01625,2026-01-02T10:04:00+00:00,U0131,R0288,1540.81,1,10,0,0,0,8281.59,0.19,1810,0,0,0,0,144.0,0,0
T01626,2026-01-02T10:05:00+00:00,U0172,R0234,4618.31,1,10,0,0,4,5715.2,0.81,1447,0,0,0,0,24.0,0,0
T01627,2026-01-02T10:06:00+00:00,U0094,R0423,1342.83,1,10,0,0,0,2941.47,0.46,768,0,0,0,0,282.0,0,0
T01628,2026-01-02T10:07:00+00:00,U0058,R0433,3768.45,1,10,1,0,0,3665.48,1.03,1080,0,0,0,0,95.0,0,0
T01629,2026-01-02T10:08:00+00:00,U0144,R0393,25509.38,1,10,0,1,0,2405.12,10.61,685,0,0,0,0,277.0,0,1
T01630,2026-01-02T10:09:00+00:00,U0122,R0367,18647.82,1,10,0,0,0,2886.09,6.46,1750,0,0,0,0,132.0,0,1
T01631,2026-01-02T10:10:00+00:00,U0184,R0232,5914.41,1,10,0,0,0,3384.61,1.75,327,0,0,0,0,112.0,0,0
T01632,2026-01-02T10:11:00+00:00,U0195,R0338,3168.38,1,10,0,0,0,2892.87,1.1,1578,0,0,0,0,109.0,0,0
T01633,2026-01-02T10:12:00+00:00,U0088,R0182,2131.62,1,10,0,0,0,10564.42,0.2,1812,0,0,0,0,137.0,0,0
T01634,2026-01-02T10:13:00+00:00,U0075,R0281,3062.13,1,10,0,0,0,3853.86,0.79,86,0,0,0,0,97.0,0,0
T01635,2026-01-02T10:14:00+00:00,U0180,R0055,6048.51,1,10,0,0,0,4644.34,1.3,793,0,0,0,0,361.0,0,0
T01636,2026-01-02T10:15:00+00:00,U0043,R0253,2295.14,1,10,0,0,1,3821.86,0.6,1004,0,0,0,0,48.0,0,0
T01637,2026-01-02T10:16:00+00:00,U0184,R0381,1163.0,1,10,0,1,1,3806.24,0.31,327,1,0,0,0,6.0,0,0
T01638,2026-01-02T10:17:00+00:00,U0028,R0131,982.07,1,10,0,0,0,4682.31,0.21,1290,0,0,0,0,78.0,0,0
T01639,2026-01-02T10:18:00+00:00,U0049,R0062,5889.12,1,10,0,0,0,1491.28,3.95,100,0,0,0,0,306.0,0,0
T01640,2026-01-02T10:19:00+00:00,U0101,R0111,3068.99,1,10,0,1,0,2876.45,1.07,1165,0,0,0,0,501.0,0,0
T01641,2026-01-02T10:20:00+00:00,U0049,R0367,868.97,1,10,0,0,1,2224.25,0.39,100,1,0,0,0,2.0,0,0
T01642,2026-01-02T10:21:00+00:00,U0194,R0213,6098.93,1,10,0,0,0,5743.58,1.06,1773,0,0,0,0,226.0,0,0
T01643,2026-01-02T10:22:00+00:00,U0163,R0429,3397.31,1,10,0,0,0,4783.81,0.71,550,0,0,0,0,385.0,0,0
T01644,2026-01-02T10:23:00+00:00,U0032,R0396,1329.24,1,10,0,0,0,5121.96,0.26,1853,0,0,0,0,99.0,0,0
T01645,2026-01-02T10:24:00+00:00,U0118,R0338,2640.43,1,10,0,0,0,4037.4,0.65,635,0,0,0,0,127.0,0,0
T01646,2026-01-02T10:25:00+00:00,U0130,R0069,3051.06,1,10,0,0,1,4260.62,0.72,708,0,0,0,0,33.0,0,0
T01647,2026-01-02T10:26:00+00:00,U0002,R0272,2998.57,1,10,0,0,0,2478.74,1.21,1660,0,0,0,0,115.0,0,0
T01648,2026-01-02T10:27:00+00:00,U0142,R0479,2236.52,1,10,0,0,0,3099.54,0.72,1708,0,0,0,0,649.0,0,0
T01649,2026-01-02T10:28:00+00:00,U0150,R0248,3943.42,1,10,0,0,0,4173.74,0.94,1080,0,0,0,0,138.0,0,0
T01650,2026-01-02T10:29:00+00:00,U0200,R0472,1318.02,1,10,0,0,0,3024.93,0.44,1096,0,0,0,0,184.0,0,0
T01651,2026-01-02T10:30:00+00:00,U0178,R0297,7815.81,1,10,0,0,0,3689.52,2.12,1860,0,0,0,0,215.0,0,0
T01652,2026-01-02T10:31:00+00:00,U0033,R0054,3574.46,1,10,1,0,0,2903.5,1.23,1103,0,0,0,0,426.0,0,0
T01653,2026-01-02T10:32:00+00:00,U0154,R0311,2406.11,1,10,0,0,0,3006.43,0.8,1010,0,0,0,0,163.0,0,0
T01654,2026-01-02T10:33:00+00:00,U0130,R0452,1483.33,1,10,0,0,2,4087.83,0.36,708,1,0,0,0,8.0,0,0
T01655,2026-01-02T10:34:00+00:00,U0156,R0469,2357.85,1,10,0,0,0,4896.6,0.48,1027,0,0,0,0,172.0,0,0
T01656,2026-01-02T10:35:00+00:00,U0064,R0141,225.73,1,10,0,0,1,5228.48,0.04,1159,0,0,0,0,51.0,0,0
T01657,2026-01-02T10:36:00+00:00,U0088,R0497,27885.97,1,10,0,0,1,10002.23,2.79,1812,0,0,0,0,24.0,0,1
T01658,2026-01-02T10:37:00+00:00,U0035,R0071,2525.69,1,10,0,0,0,2540.43,0.99,1476,0,0,0,0,215.0,0,0
T01659,2026-01-02T10:38:00+00:00,U0180,R0454,1200.65,1,10,0,0,1,4752.35,0.25,793,0,0,0,0,24.0,0,0
T01660,2026-01-02T10:39:00+00:00,U0077,R0432,1241.34,1,10,0,0,0,4983.95,0.25,332,0,0,0,0,248.0,0,0
T01661,2026-01-02T10:40:00+00:00,U0081,R0365,2962.28,1,10,0,0,0,4603.26,0.64,1251,0,0,0,0,388.0,0,0
T01662,2026-01-02T10:41:00+00:00,U0142,R0324,7668.82,1,10,0,1,1,3027.62,2.53,1708,0,0,0,0,14.0,0,1
T01663,2026-01-02T10:42:00+00:00,U0054,R0320,18743.21,1,10,1,1,0,7400.84,2.53,712,0,0,0,0,98.0,0,1
T01664,2026-01-02T10:43:00+00:00,U0176,R0177,2609.44,1,10,0,0,0,2868.6,0.91,1935,0,0,0,0,125.0,0,0
T01665,2026-01-02T10:44:00+00:00,U0034,R0364,4044.27,1,10,0,0,0,2521.51,1.6,1925,0,0,0,0,192.0,0,0
T01666,2026-01-02T10:45:00+00:00,U0046,R0258,3661.54,1,10,0,0,0,6392.71,0.57,854,0,0,0,0,145.0,0,0
T01667,2026-01-02T10:46:00+00:00,U0164,R0166,1429.14,1,10,0,0,0,3037.43,0.47,1150,0,0,0,0,301.0,0,0
T01668,2026-01-02T10:47:00+00:00,U0195,R0181,1822.27,1,10,0,0,1,2917.92,0.62,1578,0,0,0,0,36.0,0,0
T01669,2026-01-02T10:48:00+00:00,U0150,R0293,13403.55,1,10,1,0,1,4127.68,3.25,1080,0,0,0,0,20.0,0,1
T01670,2026-01-02T10:49:00+00:00,U0182,R0214,7605.68,1,10,0,1,0,3423.61,2.22,269,0,0,0,0,175.0,0,0
T01671,2026-01-02T10:50:00+00:00,U0137,R0147,21670.29,1,10,1,0,0,2597.53,8.34,511,0,0,0,0,624.0,0,1
T01672,2026-01-02T10:51:00+00:00,U0109,R0414,5251.17,1,10,0,0,0,1309.91,4.01,579,0,0,0,0,462.0,0,0
T01673,2026-01-02T10:52:00+00:00,U0028,R0013,681.12,1,10,0,0,1,4345.92,0.16,1290,0,0,0,0,35.0,0,0
T01674,2026-01-02T10:53:00+00:00,U0014,R0344,4707.89,1,10,0,0,0,4720.66,1.0,608,0,0,0,0,66.0,0,0
T01675,2026-01-02T10:54:00+00:00,U0069,R0385,23580.34,1,10,1,1,0,4564.64,5.17,1754,0,0,0,0,230.0,0,1
T01676,2026-01-02T10:55:00+00:00,U0074,R0350,748.91,1,10,0,1,0,3220.58,0.23,589,0,0,0,0,858.0,0,0
T01677,2026-01-02T10:56:00+00:00,U0016,R0354,2401.12,1,10,0,0,0,4334.75,0.55,1715,0,0,0,0,269.0,0,0
T01678,2026-01-02T10:57:00+00:00,U0053,R0386,4937.32,1,10,1,1,0,1626.39,3.04,1252,0,0,0,0,210.0,0,1
T01679,2026-01-02T10:58:00+00:00,U0092,R0417,11830.87,1,10,1,1,0,4905.88,2.41,892,0,0,0,0,98.0,0,1
T01680,2026-01-02T10:59:00+00:00,U0158,R0445,740.11,1,10,0,0,0,5926.21,0.12,1865,0,0,0,0,154.0,0,0
T01681,2026-01-02T11:00:00+00:00,U0144,R0443,482.75,1,11,0,0,1,6255.83,0.08,685,0,0,0,0,52.0,0,0
T01682,2026-01-02T11:01:00+00:00,U0166,R0288,2639.62,1,11,0,0,0,4061.52,0.65,1257,0,0,0,0,236.0,0,0
T01683,2026-01-02T11:02:00+00:00,U0131,R0402,20629.86,1,11,0,1,1,7158.13,2.88,1810,0,0,0,0,58.0,0,1
T01684,2026-01-02T11:03:00+00:00,U0179,R0148,4944.28,1,11,0,0,0,6188.54,0.8,1145,0,0,0,0,297.0,0,0
T01685,2026-01-02T11:04:00+00:00,U0013,R0475,974.44,1,11,0,0,0,4964.58,0.2,869,0,0,0,0,137.0,0,0
T01686,2026-01-02T11:05:00+00:00,U0107,R0490,4753.54,1,11,0,0,0,7898.06,0.6,1230,0,0,0,0,135.0,0,0
T01687,2026-01-02T11:06:00+00:00,U0176,R0161,3810.74,1,11,0,0,1,2847.0,1.34,1935,0,0,0,0,23.0,0,0
T01688,2026-01-02T11:07:00+00:00,U0014,R0007,4044.56,1,11,0,0,1,4719.07,0.86,608,0,0,0,0,14.0,0,0
T01689,2026-01-02T11:08:00+00:00,U0052,R0318,4861.31,1,11,0,0,0,3493.77,1.39,51,0,0,0,0,128.0,0,0
T01690,2026-01-02T11:09:00+00:00,U0114,R0425,22039.63,1,11,1,0,0,3248.11,6.79,447,0,0,0,0,246.0,0,1
T01691,2026-01-02T11:10:00+00:00,U0163,R0361,1828.45,1,11,0,0,1,4610.49,0.4,550,0,0,0,0,48.0,0,0
T01692,2026-01-02T11:11:00+00:00,U0095,R0387,309.2,1,11,0,0,0,3016.51,0.1,333,0,0,0,0,235.0,0,0
T01693,2026-01-02T11:12:00+00:00,U0190,R0309,2866.22,1,11,0,0,0,2665.8,1.08,1087,0,0,0,0,245.0,0,0
T01694,2026-01-02T11:13:00+00:00,U0186,R0494,1578.33,1,11,0,0,0,3389.26,0.47,1731,0,0,0,0,105.0,0,0
T01695,2026-01-02T11:14:00+00:00,U0115,R0091,4884.69,1,11,0,0,0,2200.43,2.22,579,0,0,0,0,328.0,0,0
T01696,2026-01-02T11:15:00+00:00,U0020,R0096,3064.48,1,11,0,0,0,3242.28,0.95,1664,0,0,0,0,420.0,0,0
T01697,2026-01-02T11:16:00+00:00,U0189,R0264,3180.66,1,11,0,1,0,3424.62,0.93,690,0,0,0,0,372.0,0,0
T01698,2026-01-02T11:17:00+00:00,U0011,R0220,1403.84,1,11,0,0,0,3051.0,0.46,177,0,0,0,0,122.0,0,0
T01699,2026-01-02T11:18:00+00:00,U0068,R0067,6007.85,1,11,0,0,0,4786.93,1.26,98,0,0,0,0,297.0,0,0
T01700,2026-01-02T11:19:00+00:00,U0066,R0003,8350.65,1,11,0,0,0,7120.77,1.17,532,0,0,0,0,127.0,0,0
T01701,2026-01-02T11:20:00+00:00,U0182,R0480,3035.96,1,11,0,0,1,4021.05,0.76,269,0,0,0,0,31.0,0,0
T01702,2026-01-02T11:21:00+00:00,U0040,R0476,2549.95,1,11,0,1,0,4802.09,0.53,1571,0,0,0,0,149.0,0,0
T01703,2026-01-02T11:22:00+00:00,U0014,R0397,1278.05,1,11,0,0,2,4644.12,0.28,608,0,0,0,0,15.0,0,0
T01704,2026-01-02T11:23:00+00:00,U0158,R0432,2149.89,1,11,0,0,1,5527.28,0.39,1865,0,0,0,0,24.0,0,0
T01705,2026-01-02T11:24:00+00:00,U0126,R0405,184.73,1,11,0,0,0,6761.78,0.03,1797,0,0,0,0,165.0,0,0
T01706,2026-01-02T11:25:00+00:00,U0092,R0038,913.01,1,11,0,0,1,5598.38,0.16,892,0,0,0,0,27.0,0,0
T01707,2026-01-02T11:26:00+00:00,U0082,R0270,50732.8,1,11,0,0,0,3034.25,16.72,212,0,0,0,0,356.0,0,1
T01708,2026-01-02T11:27:00+00:00,U0048,R0267,22269.87,1,11,0,0,0,2576.59,8.64,453,0,0,0,0,308.0,0,1
T01709,2026-01-02T11:28:00+00:00,U0130,R0082,1365.96,1,11,0,0,1,3762.27,0.36,708,0,0,0,0,55.0,0,0
T01710,2026-01-02T11:29:00+00:00,U0138,R0207,1393.79,1,11,0,0,0,7063.08,0.2,1898,0,0,0,0,279.0,0,0
T01711,2026-01-02T11:30:00+00:00,U0057,R0453,4528.39,1,11,0,0,0,1736.19,2.61,459,0,0,0,0,244.0,0,0
T01712,2026-01-02T11:31:00+00:00,U0085,R0170,4130.04,1,11,1,0,0,3152.78,1.31,652,0,0,0,0,100.0,0,0
T01713,2026-01-02T11:32:00+00:00,U0056,R0487,8122.84,1,11,0,0,0,4324.85,1.88,129,0,0,0,0,428.0,0,0
T01714,2026-01-02T11:33:00+00:00,U0136,R0244,549.61,1,11,0,0,0,2854.87,0.19,126,0,0,0,0,183.0,0,0
T01715,2026-01-02T11:34:00+00:00,U0193,R0333,1970.44,1,11,0,0,0,3652.13,0.54,158,0,0,0,0,104.0,0,0
T01716,2026-01-02T11:35:00+00:00,U0172,R0178,4967.66,1,11,1,0,0,5630.82,0.88,1447,0,0,0,0,90.0,0,1
T01717,2026-01-02T11:36:00+00:00,U0172,R0178,4967.66,0,11,0,1,1,5583.46,0.89,1447,1,1,1,1,1.0,1,1
T01718,2026-01-02T11:37:00+00:00,U0172,R0178,4967.66,0,11,1,1,2,5542.4,0.9,1447,2,2,2,2,1.0,2,1
T01719,2026-01-02T11:38:00+00:00,U0165,R0315,856.68,1,11,0,0,0,6769.64,0.13,302,0,0,0,0,243.0,0,0
T01720,2026-01-02T11:39:00+00:00,U0063,R0491,1025.07,1,11,0,0,0,5852.79,0.18,1621,0,0,0,0,412.0,0,0
T01721,2026-01-02T11:40:00+00:00,U0083,R0196,6189.33,1,11,0,0,0,13058.2,0.47,313,0,0,0,0,373.0,0,0
T01722,2026-01-02T11:41:00+00:00,U0030,R0198,1362.86,0,11,1,0,0,2936.64,0.46,229,0,0,0,0,144.0,1,0
T01723,2026-01-02T11:42:00+00:00,U0186,R0145,396.59,1,11,0,0,1,3188.05,0.12,1731,0,0,0,0,29.0,0,0
T01724,2026-01-02T11:43:00+00:00,U0133,R0421,5082.76,1,11,0,0,0,4901.96,1.04,257,0,0,0,0,236.0,0,0
T01725,2026-01-02T11:44:00+00:00,U0132,R0412,8960.7,1,11,0,0,0,7400.37,1.21,12,0,0,0,0,256.0,0,0
T01726,2026-01-02T11:45:00+00:00,U0125,R0023,1299.9,1,11,0,0,0,4245.6,0.31,499,0,0,0,0,206.0,0,0
T01727,2026-01-02T11:46:00+00:00,U0167,R0099,23950.19,1,11,1,1,0,1589.8,15.06,1126,0,0,0,0,240.0,0,1
T01728,2026-01-02T11:47:00+00:00,U0022,R0486,479.78,1,11,0,0,0,5033.42,0.1,887,0,0,0,0,460.0,0,0
T01729,2026-01-02T11:48:00+00:00,U0198,R0276,1701.01,1,11,0,0,0,2368.68,0.72,1947,0,0,0,0,370.0,0,0
T01730,2026-01-02T11:49:00+00:00,U0161,R0034,5783.17,1,11,0,0,0,3060.21,1.89,1632,0,0,0,0,310.0,0,0
T01731,2026-01-02T11:50:00+00:00,U0162,R0397,3810.32,1,11,0,0,0,11897.19,0.32,391,0,0,0,0,177.0,0,0
T01732,2026-01-02T11:51:00+00:00,U0176,R0218,1020.44,1,11,0,0,1,2921.13,0.35,1935,0,0,0,0,45.0,0,0
T01733,2026-01-02T11:52:00+00:00,U0053,R0276,805.66,1,11,0,0,1,2178.21,0.37,1252,0,0,0,0,55.0,0,0
T01734,2026-01-02T11:53:00+00:00,U0190,R0397,6394.81,1,11,0,0,1,2682.5,2.38,1087,0,0,0,0,41.0,0,0
T01735,2026-01-02T11:54:00+00:00,U0019,R0383,8452.94,1,11,0,0,0,7988.31,1.06,1302,0,0,0,0,223.0,0,0
T01736,2026-01-02T11:55:00+00:00,U0007,R0236,1671.83,1,11,0,0,0,9711.2,0.17,573,0,0,0,0,418.0,0,0
T01737,2026-01-02T11:56:00+00:00,U0010,R0045,15874.45,1,11,0,0,0,2205.45,7.2,1038,0,0,0,0,191.0,0,1
T01738,2026-01-02T11:57:00+00:00,U0046,R0407,7058.55,1,11,0,0,0,6119.59,1.15,854,0,0,0,0,72.0,0,0
T01739,2026-01-02T11:58:00+00:00,U0019,R0295,7035.0,1,11,0,0,1,8030.55,0.88,1302,1,0,0,0,4.0,0,0
T01740,2026-01-02T11:59:00+00:00,U0067,R0209,339.63,1,11,0,0,0,3014.19,0.11,1381,0,0,0,0,142.0,0,0
T01741,2026-01-02T12:00:00+00:00,U0162,R0208,2485.88,1,12,0,0,1,9875.47,0.25,391,1,0,0,0,10.0,0,0
T01742,2026-01-02T12:01:00+00:00,U0005,R0200,6450.45,1,12,0,0,0,1528.85,4.22,1114,0,0,0,0,757.0,0,0
T01743,2026-01-02T12:02:00+00:00,U0137,R0004,2559.24,1,12,0,0,0,5776.33,0.44,511,0,0,0,0,72.0,0,0
T01744,2026-01-02T12:03:00+00:00,U0159,R0033,9110.29,1,12,0,0,0,3985.94,2.29,490,0,0,0,0,120.0,0,0
T01745,2026-01-02T12:04:00+00:00,U0150,R0024,2239.22,1,12,0,0,0,5673.66,0.39,1080,0,0,0,0,76.0,0,0
T01746,2026-01-02T12:05:00+00:00,U0019,R0184,1322.86,1,12,0,0,2,7947.59,0.17,1302,1,0,0,0,7.0,0,0
T01747,2026-01-02T12:06:00+00:00,U0028,R0149,2829.12,1,12,0,0,0,4040.52,0.7,1290,0,0,0,0,74.0,0,0
T01748,2026-01-02T12:07:00+00:00,U0078,R0311,481.64,1,12,0,0,0,7326.98,0.07,797,0,0,0,0,308.0,0,0
T01749,2026-01-02T12:08:00+00:00,U0196,R0475,4374.22,1,12,0,0,0,1996.56,2.19,219,0,0,0,0,224.0,0,0
T01750,2026-01-02T12:09:00+00:00,U0102,R0421,1765.08,1,12,0,0,0,2436.82,0.72,1474,0,0,0,0,270.0,0,0
T01751,2026-01-02T12:10:00+00:00,U0122,R0081,1077.54,1,12,0,0,0,4637.39,0.23,1750,0,0,0,0,121.0,0,0
T01752,2026-01-02T12:11:00+00:00,U0035,R0383,1539.35,1,12,0,0,0,2539.09,0.61,1476,0,0,0,0,94.0,0,0
T01753,2026-01-02T12:12:00+00:00,U0140,R0152,1824.79,1,12,0,0,0,8090.33,0.23,1219,0,0,0,0,440.0,0,0
T01754,2026-01-02T12:13:00+00:00,U0037,R0153,806.47,1,12,0,0,0,4399.92,0.18,132,0,0,0,0,319.0,0,0
T01755,2026-01-02T12:14:00+00:00,U0187,R0332,2180.06,1,12,0,0,0,3074.57,0.71,1389,0,0,0,0,160.0,0,0
T01756,2026-01-02T12:15:00+00:00,U0003,R0284,1075.96,1,12,0,0,0,5505.56,0.2,1486,0,0,0,0,282.0,0,0
T01757,2026-01-02T12:16:00+00:00,U0037,R0064,1469.71,1,12,0,0,1,4100.47,0.36,132,1,0,0,0,3.0,0,0
T01758,2026-01-02T12:17:00+00:00,U0147,R0306,18793.96,1,12,1,0,0,3241.92,5.8,1663,0,0,0,0,142.0,0,1
T01759,2026-01-02T12:18:00+00:00,U0141,R0485,798.68,1,12,0,0,0,3931.74,0.2,113,0,0,0,0,207.0,0,0
T01760,2026-01-02T12:19:00+00:00,U0054,R0384,2540.26,1,12,0,0,0,8818.64,0.29,712,0,0,0,0,97.0,0,0
T01761,2026-01-02T12:20:00+00:00,U0186,R0177,6283.27,1,12,0,0,1,2908.9,2.16,1731,0,0,0,0,38.0,0,0
T01762,2026-01-02T12:21:00+00:00,U0166,R0436,3560.45,1,12,0,0,0,3990.43,0.89,1257,0,0,0,0,80.0,0,0
T01763,2026-01-02T12:22:00+00:00,U0042,R0095,4387.36,1,12,0,0,0,2142.37,2.05,914,0,0,0,0,383.0,0,0
T01764,2026-01-02T12:23:00+00:00,U0065,R0100,2373.08,1,12,0,0,0,6731.59,0.35,1869,0,0,0,0,286.0,0,0
T01765,2026-01-02T12:24:00+00:00,U0172,R0410,4086.61,1,12,0,0,3,5506.48,0.74,1447,0,0,0,0,47.0,0,0
T01766,2026-01-02T12:25:00+00:00,U0014,R0436,2590.1,1,12,0,0,0,4307.52,0.6,608,0,0,0,0,63.0,0,0
T01767,2026-01-02T12:26:00+00:00,U0141,R0237,1461.75,1,12,0,0,1,3618.43,0.4,113,1,0,0,0,8.0,0,0
T01768,2026-01-02T12:27:00+00:00,U0019,R0149,2763.75,1,12,0,0,3,7437.99,0.37,1302,0,0,0,0,22.0,0,0
T01769,2026-01-02T12:28:00+00:00,U0065,R0051,932.16,1,12,0,0,1,6247.31,0.15,1869,1,0,0,0,5.0,0,0
T01770,2026-01-02T12:29:00+00:00,U0149,R0250,2345.59,1,12,0,0,0,1812.27,1.29,1912,0,0,0,0,829.0,0,0
T01771,2026-01-02T12:30:00+00:00,U0092,R0066,477.9,1,12,0,0,0,5172.44,0.09,892,0,0,0,0,65.0,0,0
T01772,2026-01-02T12:31:00+00:00,U0061,R0052,889.99,1,12,0,1,0,3092.59,0.29,255,0,0,0,0,500.0,0,0
T01773,2026-01-02T12:32:00+00:00,U0018,R0461,1185.32,1,12,0,0,0,6970.72,0.17,74,0,0,0,0,351.0,0,0
T01774,2026-01-02T12:33:00+00:00,U0125,R0231,26635.92,1,12,1,0,1,3877.39,6.87,499,0,0,0,0,48.0,0,1
T01775,2026-01-02T12:34:00+00:00,U0169,R0157,2076.3,1,12,0,0,0,2903.36,0.72,1949,0,0,0,0,581.0,0,0
T01776,2026-01-02T12:35:00+00:00,U0040,R0290,1914.81,1,12,0,0,0,4641.22,0.41,1571,0,0,0,0,74.0,0,0
T01777,2026-01-02T12:36:00+00:00,U0081,R0491,3374.85,1,12,0,0,0,4329.76,0.78,1251,0,0,0,0,116.0,0,0
T01778,2026-01-02T12:37:00+00:00,U0002,R0161,3574.24,1,12,0,0,0,2565.38,1.39,1660,0,0,0,0,131.0,0,0
T01779,2026-01-02T12:38:00+00:00,U0057,R0365,4063.38,1,12,0,0,0,2294.63,1.77,459,0,0,0,0,68.0,0,0
T01780,2026-01-02T12:39:00+00:00,U0112,R0142,308.16,1,12,0,0,0,4093.74,0.08,939,0,0,0,0,509.0,0,0
T01781,2026-01-02T12:40:00+00:00,U0035,R0348,1096.16,1,12,0,0,1,2455.78,0.45,1476,0,0,0,0,29.0,0,0
T01782,2026-01-02T12:41:00+00:00,U0123,R0237,1691.47,1,12,1,0,0,2640.29,0.64,832,0,0,0,0,408.0,0,0
T01783,2026-01-02T12:42:00+00:00,U0199,R0157,3611.71,1,12,0,0,0,5246.47,0.69,1451,0,0,0,0,439.0,0,0
T01784,2026-01-02T12:43:00+00:00,U0028,R0090,3804.27,1,12,0,0,1,3947.34,0.96,1290,0,0,0,0,37.0,0,0
T01785,2026-01-02T12:44:00+00:00,U0021,R0431,2771.89,1,12,0,0,0,6947.48,0.4,486,0,0,0,0,170.0,0,0
T01786,2026-01-02T12:45:00+00:00,U0036,R0457,2563.59,1,12,0,0,0,5003.33,0.51,219,0,0,0,0,229.0,0,0
T01787,2026-01-02T12:46:00+00:00,U0068,R0376,2884.19,1,12,0,0,0,4888.67,0.59,98,0,0,0,0,88.0,0,0
T01788,2026-01-02T12:47:00+00:00,U0020,R0373,3400.54,1,12,0,0,0,3226.12,1.05,1664,0,0,0,0,92.0,0,0
T01789,2026-01-02T12:48:00+00:00,U0005,R0435,22002.84,1,12,1,0,1,2349.11,9.37,1114,0,0,0,0,47.0,0,1
T01790,2026-01-02T12:49:00+00:00,U0008,R0417,3067.07,1,12,0,0,0,4316.22,0.71,457,0,0,0,0,196.0,0,0
T01791,2026-01-02T12:50:00+00:00,U0104,R0394,6640.64,1,12,0,0,0,2578.56,2.58,508,0,0,0,0,249.0,0,0
T01792,2026-01-02T12:51:00+00:00,U0010,R0283,876.87,1,12,0,0,1,3914.07,0.22,1038,0,0,0,0,55.0,0,0
T01793,2026-01-02T12:52:00+00:00,U0139,R0242,535.42,1,12,0,0,0,1214.07,0.44,1504,0,0,0,0,1466.0,0,0
T01794,2026-01-02T12:53:00+00:00,U0039,R0188,7302.45,1,12,0,0,0,3043.7,2.4,176,0,0,0,0,538.0,0,0
T01795,2026-01-02T12:54:00+00:00,U0198,R0302,2856.67,1,12,0,0,0,2301.92,1.24,1947,0,0,0,0,66.0,0,0
T01796,2026-01-02T12:55:00+00:00,U0075,R0069,1340.2,1,12,0,0,0,3721.91,0.36,86,0,0,0,0,162.0,0,0
T01797,2026-01-02T12:56:00+00:00,U0131,R0047,646.09,1,12,0,0,0,9082.66,0.07,1810,0,0,0,0,114.0,0,0
T01798,2026-01-02T12:57:00+00:00,U0129,R0006,852.88,1,12,0,0,0,5950.95,0.14,375,0,0,0,0,263.0,0,0
T01799,2026-01-02T12:58:00+00:00,U0158,R0351,5511.4,1,12,0,0,0,5286.04,1.04,1865,0,0,0,0,95.0,0,0
T01800,2026-01-02T12:59:00+00:00,U0132,R0072,8279.03,1,12,0,0,0,7660.42,1.08,12,0,0,0,0,75.0,0,0
T01801,2026-01-02T13:00:00+00:00,U0046,R0290,2328.16,1,13,0,0,0,6204.95,0.38,854,0,0,0,0,63.0,0,0
T01802,2026-01-02T13:01:00+00:00,U0169,R0447,7466.03,1,13,0,0,1,2828.17,2.64,1949,0,0,0,0,27.0,0,0
T01803,2026-01-02T13:02:00+00:00,U0189,R0375,4515.24,1,13,0,1,0,3389.77,1.33,690,0,0,0,0,106.0,0,0
T01804,2026-01-02T13:03:00+00:00,U0092,R0021,7046.53,1,13,0,0,1,4781.22,1.47,892,0,0,0,0,33.0,0,0
T01805,2026-01-02T13:04:00+00:00,U0125,R0119,4643.61,1,13,0,0,1,6406.11,0.72,499,0,0,0,0,31.0,0,0
T01806,2026-01-02T13:05:00+00:00,U0095,R0120,645.41,1,13,0,0,0,2836.02,0.23,333,0,0,0,0,114.0,0,0
T01807,2026-01-02T13:06:00+00:00,U0053,R0266,1789.45,1,13,0,1,0,1982.13,0.9,1252,0,0,0,0,74.0,0,0
T01808,2026-01-02T13:07:00+00:00,U0093,R0199,809.35,1,13,0,0,0,6276.15,0.13,403,0,0,0,0,352.0,0,0
T01809,2026-01-02T13:08:00+00:00,U0117,R0452,1298.1,1,13,0,0,0,5054.55,0.26,876,0,0,0,0,224.0,0,0
T01810,2026-01-02T13:09:00+00:00,U0167,R0166,3771.86,1,13,0,0,0,3186.97,1.18,1126,0,0,0,0,83.0,0,0
T01811,2026-01-02T13:10:00+00:00,U0134,R0325,7478.97,1,13,0,0,0,2619.82,2.85,723,0,0,0,0,208.0,0,0
T01812,2026-01-02T13:11:00+00:00,U0190,R0135,1289.74,1,13,0,0,0,2968.06,0.43,1087,0,0,0,0,78.0,0,0
T01813,2026-01-02T13:12:00+00:00,U0146,R0090,5821.11,1,13,0,0,0,4477.47,1.3,1480,0,0,0,0,296.0,0,0
T01814,2026-01-02T13:13:00+00:00,U0097,R0188,2922.37,1,13,0,0,0,2420.32,1.21,174,0,0,0,0,200.0,0,0
T01815,2026-01-02T13:14:00+00:00,U0020,R0265,4782.26,1,13,0,0,1,3240.65,1.48,1664,0,0,0,0,27.0,0,0
T01816,2026-01-02T13:15:00+00:00,U0058,R0265,2381.77,1,13,0,0,0,3678.35,0.65,1080,0,0,0,0,188.0,0,0
T01817,2026-01-02T13:16:00+00:00,U0089,R0250,2813.31,1,13,0,0,0,3823.67,0.74,622,0,0,0,0,355.0,0,0
T01818,2026-01-02T13:17:00+00:00,U0155,R0004,4633.69,1,13,0,0,0,3800.44,1.22,1159,0,0,0,0,823.0,0,0
T01819,2026-01-02T13:18:00+00:00,U0036,R0226,3933.1,1,13,0,0,1,4850.85,0.81,219,0,0,0,0,33.0,0,0
T01820,2026-01-02T13:19:00+00:00,U0020,R0264,1104.88,1,13,0,0,2,3359.24,0.33,1664,1,0,0,0,5.0,0,0
T01821,2026-01-02T13:20:00+00:00,U0055,R0077,2113.67,1,13,0,0,0,3785.16,0.56,553,0,0,0,0,374.0,0,0
T01822,2026-01-02T13:21:00+00:00,U0093,R0309,4243.36,1,13,0,0,1,5729.47,0.74,403,0,0,0,0,14.0,0,0
T01823,2026-01-02T13:22:00+00:00,U0031,R0339,2200.91,1,13,0,0,0,6115.55,0.36,1886,0,0,0,0,264.0,0,0
T01824,2026-01-02T13:23:00+00:00,U0085,R0369,896.19,1,13,0,0,0,3213.86,0.28,652,0,0,0,0,112.0,0,0
T01825,2026-01-02T13:24:00+00:00,U0173,R0246,8126.61,1,13,0,1,0,2169.94,3.75,1772,0,0,0,0,861.0,0,1
T01826,2026-01-02T13:25:00+00:00,U0152,R0083,4943.54,1,13,0,0,0,2166.53,2.28,1711,0,0,0,0,235.0,0,0
T01827,2026-01-02T13:26:00+00:00,U0106,R0012,1460.48,1,13,1,0,0,2797.74,0.52,1381,0,0,0,0,230.0,0,0
T01828,2026-01-02T13:27:00+00:00,U0033,R0294,3341.96,1,13,0,0,0,2970.6,1.13,1103,0,0,0,0,176.0,0,0
T01829,2026-01-02T13:28:00+00:00,U0035,R0323,1399.47,1,13,0,0,1,2351.19,0.6,1476,0,0,0,0,48.0,0,0
T01830,2026-01-02T13:29:00+00:00,U0147,R0076,3500.46,1,13,0,0,0,4352.78,0.8,1663,0,0,0,0,72.0,0,0
T01831,2026-01-02T13:30:00+00:00,U0067,R0473,17643.21,1,13,1,1,0,2771.05,6.37,1381,0,0,0,0,91.0,0,1
T01832,2026-01-02T13:31:00+00:00,U0104,R0307,1060.54,1,13,0,0,1,3158.86,0.34,508,0,0,0,0,41.0,0,0
T01833,2026-01-02T13:32:00+00:00,U0164,R0010,2985.37,1,13,0,0,0,2876.6,1.04,1150,0,0,0,0,166.0,0,0
T01834,2026-01-02T13:33:00+00:00,U0187,R0339,6966.58,1,13,0,0,0,2985.12,2.33,1389,0,0,0,0,79.0,0,0
T01835,2026-01-02T13:34:00+00:00,U0022,R0111,1727.36,1,13,0,0,0,4527.46,0.38,887,0,0,0,0,107.0,0,0
T01836,2026-01-02T13:35:00+00:00,U0121,R0445,3905.24,1,13,0,0,0,3532.22,1.11,418,0,0,0,0,326.0,0,0
T01837,2026-01-02T13:36:00+00:00,U0057,R0426,6367.46,1,13,0,0,1,2589.42,2.46,459,0,0,0,0,58.0,0,0
T01838,2026-01-02T13:37:00+00:00,U0037,R0407,2163.0,1,13,0,0,0,3898.1,0.55,132,0,0,0,0,81.0,0,0
T01839,2026-01-02T13:38:00+00:00,U0197,R0094,4276.7,1,13,0,0,0,7764.62,0.55,274,0,0,0,0,239.0,0,0
T01840,2026-01-02T13:39:00+00:00,U0131,R0136,715.83,1,13,0,0,1,8028.09,0.09,1810,0,0,0,0,43.0,0,0
T01841,2026-01-02T13:40:00+00:00,U0176,R0176,740.5,1,13,0,0,0,2785.37,0.27,1935,0,0,0,0,109.0,0,0
T01842,2026-01-02T13:41:00+00:00,U0153,R0303,3424.41,1,13,0,0,0,2590.14,1.32,798,0,0,0,0,304.0,0,0
T01843,2026-01-02T13:42:00+00:00,U0097,R0198,1645.75,1,13,0,0,1,2492.04,0.66,174,0,0,0,0,29.0,0,0
T01844,2026-01-02T13:43:00+00:00,U0005,R0104,3386.82,1,13,0,0,1,5156.79,0.66,1114,0,0,0,0,55.0,0,0
T01845,2026-01-02T13:44:00+00:00,U0130,R0351,6191.78,1,13,0,0,0,3496.01,1.77,708,0,0,0,0,136.0,0,0
T01846,2026-01-02T13:45:00+00:00,U0039,R0311,3542.56,1,13,0,0,1,4463.28,0.79,176,0,0,0,0,52.0,0,0
T01847,2026-01-02T13:46:00+00:00,U0122,R0462,2979.68,1,13,0,1,0,4281.41,0.7,1750,0,0,0,0,96.0,0,0
T01848,2026-01-02T13:47:00+00:00,U0010,R0450,4512.55,1,13,0,0,1,3576.6,1.26,1038,0,0,0,0,56.0,0,0
T01849,2026-01-02T13:48:00+00:00,U0129,R0386,2891.95,1,13,0,0,1,5384.5,0.54,375,0,0,0,0,51.0,0,0
T01850,2026-01-02T13:49:00+00:00,U0124,R0338,2384.34,0,13,0,0,0,1605.98,1.48,1661,0,0,0,0,254.0,1,0
T01851,2026-01-02T13:50:00+00:00,U0155,R0277,1953.72,1,13,0,0,1,3939.32,0.5,1159,0,0,0,0,33.0,0,0
T01852,2026-01-02T13:51:00+00:00,U0199,R0348,1395.13,1,13,0,0,0,5012.93,0.28,1451,0,0,0,0,69.0,0,0
T01853,2026-01-02T13:52:00+00:00,U0134,R0216,6221.54,1,13,0,0,1,3429.68,1.81,723,0,0,0,0,42.0,0,0
T01854,2026-01-02T13:53:00+00:00,U0012,R0358,5302.26,1,13,0,1,0,2142.1,2.48,476,0,0,0,0,275.0,0,0
T01855,2026-01-02T13:54:00+00:00,U0059,R0481,2556.78,1,13,0,0,0,3496.67,0.73,75,0,0,0,0,619.0,0,0
T01856,2026-01-02T13:55:00+00:00,U0197,R0196,1530.31,1,13,0,0,1,7183.3,0.21,274,0,0,0,0,17.0,0,0
T01857,2026-01-02T13:56:00+00:00,U0190,R0465,2302.11,1,13,0,0,1,2848.18,0.81,1087,0,0,0,0,45.0,0,0
T01858,2026-01-02T13:57:00+00:00,U0179,R0295,1094.58,1,13,0,0,0,5981.16,0.18,1145,0,0,0,0,174.0,0,0
T01859,2026-01-02T13:58:00+00:00,U0035,R0131,1117.48,1,13,1,0,1,2283.21,0.49,1476,0,0,0,0,30.0,0,0
T01860,2026-01-02T13:59:00+00:00,U0060,R0466,705.04,1,13,0,0,0,3124.04,0.23,1595,0,0,0,0,524.0,0,0
T01861,2026-01-02T14:00:00+00:00,U0073,R0307,7287.47,1,14,0,0,0,5658.26,1.29,1369,0,0,0,0,472.0,0,0
T01862,2026-01-02T14:01:00+00:00,U0105,R0132,3141.12,1,14,0,0,0,4789.81,0.66,203,0,0,0,0,755.0,0,0
T01863,2026-01-02T14:02:00+00:00,U0182,R0381,24382.12,1,14,1,1,0,3897.91,6.26,269,0,0,0,0,162.0,0,1
T01864,2026-01-02T14:03:00+00:00,U0148,R0268,1935.11,1,14,0,0,0,3239.53,0.6,507,0,0,0,0,805.0,0,0
T01865,2026-01-02T14:04:00+00:00,U0002,R0193,5218.41,1,14,0,0,0,2709.5,1.93,1660,0,0,0,0,87.0,0,0
T01866,2026-01-02T14:05:00+00:00,U0177,R0412,3697.59,1,14,0,0,0,1698.69,2.18,315,0,0,0,0,280.0,0,0
T01867,2026-01-02T14:06:00+00:00,U0093,R0055,3975.71,0,14,0,0,2,5594.37,0.71,403,0,0,0,0,45.0,1,0
T01868,2026-01-02T14:07:00+00:00,U0167,R0300,1644.94,1,14,0,0,1,3225.96,0.51,1126,0,0,0,0,58.0,0,0
T01869,2026-01-02T14:08:00+00:00,U0138,R0217,183.06,1,14,0,0,0,6658.13,0.03,1898,0,0,0,0,159.0,0,0
T01870,2026-01-02T14:09:00+00:00,U0157,R0142,5309.23,1,14,0,0,0,1724.56,3.08,793,0,0,0,0,509.0,0,0
T01871,2026-01-02T14:10:00+00:00,U0102,R0387,2769.34,1,14,0,0,0,2385.15,1.16,1474,0,0,0,0,121.0,0,0
T01872,2026-01-02T14:11:00+00:00,U0142,R0402,17164.31,1,14,0,1,0,3384.64,5.07,1708,0,0,0,0,210.0,0,1
T01873,2026-01-02T14:12:00+00:00,U0046,R0190,844.87,1,14,0,0,0,5881.88,0.14,854,0,0,0,0,72.0,0,0
T01874,2026-01-02T14:13:00+00:00,U0124,R0130,3939.52,1,14,0,0,1,1800.57,2.19,1661,0,0,0,0,24.0,0,0
T01875,2026-01-02T14:14:00+00:00,U0148,R0177,9348.89,1,14,0,0,1,3053.18,3.06,507,0,0,0,0,11.0,0,1
T01876,2026-01-02T14:15:00+00:00,U0102,R0377,3931.9,1,14,0,0,1,2412.59,1.63,1474,1,0,0,0,5.0,0,0
T01877,2026-01-02T14:16:00+00:00,U0169,R0061,2030.52,1,14,0,0,0,3214.66,0.63,1949,0,0,0,0,75.0,0,0
T01878,2026-01-02T14:17:00+00:00,U0115,R0401,7223.26,1,14,0,0,0,2583.89,2.8,579,0,0,0,0,183.0,0,0
T01879,2026-01-02T14:18:00+00:00,U0042,R0052,5374.02,1,14,0,0,0,2366.87,2.27,914,0,0,0,0,116.0,0,0
T01880,2026-01-02T14:19:00+00:00,U0103,R0403,3499.11,1,14,0,0,0,2410.53,1.45,145,0,0,0,0,586.0,0,0
T01881,2026-01-02T14:20:00+00:00,U0141,R0315,7340.98,1,14,0,0,0,3422.37,2.14,113,0,0,0,0,114.0,0,0
T01882,2026-01-02T14:21:00+00:00,U0181,R0027,4568.22,1,14,0,0,0,5560.21,0.82,215,0,0,0,0,283.0,0,0
T01883,2026-01-02T14:22:00+00:00,U0163,R0003,2294.94,1,14,0,0,0,4301.38,0.53,550,0,0,0,0,192.0,0,0
T01884,2026-01-02T14:23:00+00:00,U0038,R0242,2924.6,1,14,0,0,0,1804.05,1.62,400,0,0,0,0,598.0,0,0
T01885,2026-01-02T14:24:00+00:00,U0112,R0046,3792.87,1,14,0,0,0,3715.18,1.02,939,0,0,0,0,105.0,0,0
T01886,2026-01-02T14:25:00+00:00,U0057,R0190,6007.48,1,14,0,0,1,3129.14,1.92,459,0,0,0,0,49.0,0,0
T01887,2026-01-02T14:26:00+00:00,U0010,R0371,2515.75,1,14,0,0,1,3670.2,0.69,1038,0,0,0,0,39.0,0,0
T01888,2026-01-02T14:27:00+00:00,U0103,R0315,4094.31,1,14,0,0,1,2546.6,1.61,145,1,0,0,0,8.0,0,0
T01889,2026-01-02T14:28:00+00:00,U0074,R0365,6413.68,1,14,0,0,0,2911.62,2.2,589,0,0,0,0,213.0,0,0
T01890,2026-01-02T14:29:00+00:00,U0015,R0485,4932.88,1,14,0,0,0,5210.74,0.95,1206,0,0,0,0,401.0,0,0
T01891,2026-01-02T14:30:00+00:00,U0045,R0328,6785.0,1,14,0,0,0,2657.2,2.55,1072,0,0,0,0,438.0,0,0
T01892,2026-01-02T14:31:00+00:00,U0003,R0104,3462.36,1,14,0,0,0,4767.29,0.73,1486,0,0,0,0,136.0,0,0
T01893,2026-01-02T14:32:00+00:00,U0133,R0147,2436.78,1,14,0,0,0,4922.05,0.5,257,0,0,0,0,169.0,0,0
T01894,2026-01-02T14:33:00+00:00,U0154,R0262,4255.65,1,14,0,0,0,2939.73,1.45,1010,0,0,0,0,241.0,0,0
T01895,2026-01-02T14:34:00+00:00,U0060,R0315,4669.97,1,14,0,0,1,2720.87,1.72,1595,0,0,0,0,35.0,0,0
T01896,2026-01-02T14:35:00+00:00,U0010,R0185,462.65,1,14,0,0,2,3565.25,0.13,1038,1,0,0,0,9.0,0,0
T01897,2026-01-02T14:36:00+00:00,U0001,R0500,3553.95,1,14,0,0,0,3862.2,0.92,1905,0,0,0,0,505.0,0,0
T01898,2026-01-02T14:37:00+00:00,U0071,R0400,14051.84,1,14,0,1,0,7782.87,1.81,17,0,0,0,0,412.0,0,1
T01899,2026-01-02T14:38:00+00:00,U0172,R0203,3451.4,1,14,0,0,0,5422.96,0.64,1447,0,0,0,0,134.0,0,0
T01900,2026-01-02T14:39:00+00:00,U0052,R0266,3496.41,1,14,0,0,0,3645.72,0.96,51,0,0,0,0,211.0,0,0
T01901,2026-01-02T14:40:00+00:00,U0181,R0036,2454.27,1,14,1,0,1,5477.54,0.45,215,0,0,0,0,19.0,0,1
T01902,2026-01-02T14:41:00+00:00,U0141,R0146,2105.33,1,14,0,0,1,3748.92,0.56,113,0,0,0,0,21.0,0,0
T01903,2026-01-02T14:42:00+00:00,U0144,R0469,1682.77,1,14,0,0,0,5431.11,0.31,685,0,0,0,0,222.0,0,0
T01904,2026-01-02T14:43:00+00:00,U0089,R0494,5462.51,1,14,0,0,0,3731.82,1.46,622,0,0,0,0,87.0,0,0
T01905,2026-01-02T14:44:00+00:00,U0058,R0311,16738.53,1,14,1,1,0,3534.29,4.74,1080,0,0,0,0,89.0,0,1
T01906,2026-01-02T14:45:00+00:00,U0117,R0477,3719.25,1,14,0,0,0,4741.51,0.78,876,0,0,0,0,97.0,0,0
T01907,2026-01-02T14:46:00+00:00,U0002,R0134,2848.09,1,14,0,0,1,3023.12,0.94,1660,0,0,0,0,42.0,0,0
T01908,2026-01-02T14:47:00+00:00,U0130,R0055,1771.96,1,14,0,0,0,3765.59,0.47,708,0,0,0,0,63.0,0,0
T01909,2026-01-02T14:48:00+00:00,U0129,R0151,2562.63,1,14,0,0,1,5135.24,0.5,375,0,0,0,0,60.0,0,0
T01910,2026-01-02T14:49:00+00:00,U0030,R0412,556.74,1,14,0,0,0,2793.57,0.2,229,0,0,0,0,188.0,0,0
T01911,2026-01-02T14:50:00+00:00,U0066,R0449,45916.56,1,14,0,0,0,7296.46,6.29,532,0,0,0,0,211.0,0,1
T01912,2026-01-02T14:51:00+00:00,U0148,R0129,1780.06,1,14,0,0,2,3840.14,0.46,507,0,0,0,0,37.0,0,0
T01913,2026-01-02T14:52:00+00:00,U0097,R0289,3717.14,1,14,0,0,0,2386.26,1.56,174,0,0,0,0,70.0,0,0
T01914,2026-01-02T14:53:00+00:00,U0063,R0388,608.62,1,14,0,0,0,5163.11,0.12,1621,0,0,0,0,194.0,0,0
T01915,2026-01-02T14:54:00+00:00,U0199,R0235,8584.97,1,14,0,0,0,4560.7,1.88,1451,0,0,0,0,63.0,0,0
T01916,2026-01-02T14:55:00+00:00,U0151,R0442,6386.42,1,14,0,0,0,2961.02,2.16,1656,0,0,0,0,488.0,0,0
T01917,2026-01-02T14:56:00+00:00,U0030,R0133,8803.61,1,14,0,0,1,2607.17,3.38,229,1,0,0,0,7.0,0,0
T01918,2026-01-02T14:57:00+00:00,U0163,R0404,2242.99,1,14,0,0,1,4100.73,0.55,550,0,0,0,0,35.0,0,0
T01919,2026-01-02T14:58:00+00:00,U0174,R0360,201.35,1,14,0,0,0,5515.45,0.04,1108,0,0,0,0,313.0,0,0
T01920,2026-01-02T14:59:00+00:00,U0081,R0212,449.75,0,14,0,0,0,4193.35,0.11,1251,0,0,0,0,143.0,1,0
T01921,2026-01-02T15:00:00+00:00,U0133,R0275,2699.15,1,15,1,0,1,4673.52,0.58,257,0,0,0,0,28.0,0,0
T01922,2026-01-02T15:01:00+00:00,U0068,R0128,4376.3,1,15,1,1,0,4734.48,0.92,98,0,0,0,0,135.0,0,1
T01923,2026-01-02T15:02:00+00:00,U0068,R0128,4376.3,0,15,0,0,1,4708.89,0.93,98,1,1,1,1,1.0,1,1
T01924,2026-01-02T15:03:00+00:00,U0068,R0128,4376.3,0,15,0,1,2,4686.72,0.93,98,2,2,2,2,1.0,2,1
T01925,2026-01-02T15:04:00+00:00,U0103,R0345,1291.22,1,15,0,0,2,2718.57,0.47,145,0,0,0,0,37.0,0,0
T01926,2026-01-02T15:05:00+00:00,U0088,R0039,2007.97,1,15,0,0,0,11119.97,0.18,1812,0,0,0,0,269.0,0,0
T01927,2026-01-02T15:06:00+00:00,U0046,R0244,1830.61,1,15,0,0,1,5494.42,0.33,854,0,0,0,0,54.0,0,0
T01928,2026-01-02T15:07:00+00:00,U0056,R0458,705.48,1,15,0,0,0,4704.65,0.15,129,0,0,0,0,215.0,0,0
T01929,2026-01-02T15:08:00+00:00,U0047,R0485,2061.67,0,15,0,0,0,7033.04,0.29,957,0,0,0,0,345.0,1,0
T01930,2026-01-02T15:09:00+00:00,U0049,R0256,2378.48,1,15,0,0,0,2030.64,1.17,100,0,0,0,0,289.0,0,0
T01931,2026-01-02T15:10:00+00:00,U0061,R0377,14452.89,1,15,0,0,0,2817.26,5.13,255,0,0,0,0,159.0,0,1
T01932,2026-01-02T15:11:00+00:00,U0068,R0106,902.51,1,15,0,0,3,4667.32,0.19,98,3,0,0,0,8.0,0,0
T01933,2026-01-02T15:12:00+00:00,U0064,R0429,2376.91,1,15,0,0,0,4934.2,0.48,1159,0,0,0,0,277.0,0,0
T01934,2026-01-02T15:13:00+00:00,U0040,R0399,5683.9,1,15,0,0,0,4459.46,1.27,1571,0,0,0,0,158.0,0,0
T01935,2026-01-02T15:14:00+00:00,U0021,R0347,5246.79,1,15,0,0,0,6701.86,0.78,486,0,0,0,0,150.0,0,0
T01936,2026-01-02T15:15:00+00:00,U0127,R0315,1829.02,1,15,0,0,0,2861.97,0.64,675,0,0,0,0,326.0,0,0
T01937,2026-01-02T15:16:00+00:00,U0139,R0491,4572.06,1,15,1,0,0,1078.34,4.24,1504,0,0,0,0,144.0,0,1
T01938,2026-01-02T15:17:00+00:00,U0139,R0491,4572.06,0,15,0,0,1,1660.62,2.75,1504,1,1,1,1,1.0,1,1
T01939,2026-01-02T15:18:00+00:00,U0139,R0491,4572.06,0,15,0,0,2,2076.54,2.2,1504,2,2,2,2,1.0,2,1
T01940,2026-01-02T15:19:00+00:00,U0124,R0191,1465.14,1,15,0,0,0,2228.36,0.66,1661,0,0,0,0,66.0,0,0
T01941,2026-01-02T15:20:00+00:00,U0127,R0460,516.73,1,15,0,0,1,2714.41,0.19,675,1,0,0,0,5.0,0,0
T01942,2026-01-02T15:21:00+00:00,U0148,R0445,1999.86,1,15,0,0,1,3611.25,0.55,507,0,0,0,0,30.0,0,0
T01943,2026-01-02T15:22:00+00:00,U0047,R0392,3677.83,1,15,0,0,1,6322.84,0.58,957,0,0,0,0,14.0,0,0
T01944,2026-01-02T15:23:00+00:00,U0072,R0204,1360.35,1,15,0,0,0,2793.12,0.49,1208,0,0,0,0,624.0,0,0
T01945,2026-01-02T15:24:00+00:00,U0148,R0066,413.39,1,15,0,0,2,3450.11,0.12,507,1,0,0,0,3.0,0,0
T01946,2026-01-02T15:25:00+00:00,U0109,R0245,1700.38,1,15,0,0,0,1872.95,0.91,579,0,0,0,0,274.0,0,0
T01947,2026-01-02T15:26:00+00:00,U0009,R0258,2170.41,1,15,1,0,0,3607.55,0.6,1744,0,0,0,0,492.0,0,0
T01948,2026-01-02T15:27:00+00:00,U0176,R0398,7199.78,1,15,0,0,0,2649.05,2.72,1935,0,0,0,0,107.0,0,0
T01949,2026-01-02T15:28:00+00:00,U0031,R0358,20619.98,1,15,0,0,0,5332.62,3.87,1886,0,0,0,0,126.0,0,1
T01950,2026-01-02T15:29:00+00:00,U0081,R0353,1675.68,1,15,0,0,1,3725.4,0.45,1251,0,0,0,0,30.0,0,0
T01951,2026-01-02T15:30:00+00:00,U0173,R0108,2349.94,1,15,1,0,0,3162.71,0.74,1772,0,0,0,0,126.0,0,1
T01952,2026-01-02T15:31:00+00:00,U0173,R0108,2349.94,0,15,0,1,1,3046.6,0.77,1772,1,1,1,1,1.0,1,1
T01953,2026-01-02T15:32:00+00:00,U0173,R0108,2349.94,0,15,0,0,2,2959.52,0.79,1772,2,2,2,2,1.0,2,1
T01954,2026-01-02T15:33:00+00:00,U0026,R0167,19320.93,1,15,0,0,0,7692.82,2.51,407,0,0,0,0,379.0,0,1
T01955,2026-01-02T15:34:00+00:00,U0067,R0096,5639.47,1,15,0,0,0,4010.4,1.41,1381,0,0,0,0,124.0,0,0
T01956,2026-01-02T15:35:00+00:00,U0061,R0138,949.38,1,15,0,0,1,4110.11,0.23,255,0,0,0,0,25.0,0,0
T01957,2026-01-02T15:36:00+00:00,U0157,R0176,5613.69,1,15,0,0,0,2322.0,2.42,793,0,0,0,0,87.0,0,0
T01958,2026-01-02T15:37:00+00:00,U0128,R0218,2151.47,1,15,0,0,0,3862.25,0.56,1107,0,0,0,0,340.0,0,0
T01959,2026-01-02T15:38:00+00:00,U0180,R0386,1446.83,1,15,0,0,0,4498.66,0.32,793,0,0,0,0,300.0,0,0
T01960,2026-01-02T15:39:00+00:00,U0103,R0144,3627.61,1,15,0,0,1,2575.83,1.41,145,0,0,0,0,35.0,0,0
T01961,2026-01-02T15:40:00+00:00,U0147,R0068,5784.49,1,15,0,0,0,4295.95,1.35,1663,0,0,0,0,131.0,0,0
T01962,2026-01-02T15:41:00+00:00,U0176,R0118,916.32,1,15,0,0,1,2933.47,0.31,1935,0,0,0,0,14.0,0,0
T01963,2026-01-02T15:42:00+00:00,U0185,R0139,1898.88,1,15,0,0,0,3825.7,0.5,1483,0,0,0,0,720.0,0,0
T01964,2026-01-02T15:43:00+00:00,U0143,R0222,5067.43,1,15,0,0,0,2621.55,1.93,194,0,0,0,0,344.0,0,0
T01965,2026-01-02T15:44:00+00:00,U0051,R0075,2004.73,1,15,0,0,0,3600.41,0.56,60,0,0,0,0,881.0,0,0
T01966,2026-01-02T15:45:00+00:00,U0190,R0077,2641.69,1,15,0,0,0,2811.78,0.94,1087,0,0,0,0,109.0,0,0
T01967,2026-01-02T15:46:00+00:00,U0003,R0091,338.35,1,15,0,0,0,4580.87,0.07,1486,0,0,0,0,75.0,0,0
T01968,2026-01-02T15:47:00+00:00,U0035,R0458,2085.16,1,15,0,0,0,2205.49,0.95,1476,0,0,0,0,109.0,0,0
T01969,2026-01-02T15:48:00+00:00,U0133,R0274,1760.36,1,15,0,0,1,4494.04,0.39,257,0,0,0,0,48.0,0,0
T01970,2026-01-02T15:49:00+00:00,U0125,R0154,4256.33,1,15,0,0,0,6229.86,0.68,499,0,0,0,0,165.0,0,0
T01971,2026-01-02T15:50:00+00:00,U0146,R0025,8209.21,1,15,0,0,0,4561.44,1.8,1480,0,0,0,0,158.0,0,0
T01972,2026-01-02T15:51:00+00:00,U0177,R0084,1493.88,1,15,0,0,0,2031.84,0.74,315,0,0,0,0,106.0,0,0
T01973,2026-01-02T15:52:00+00:00,U0066,R0244,4608.29,1,15,0,0,0,12123.98,0.38,532,0,0,0,0,62.0,0,0
T01974,2026-01-02T15:53:00+00:00,U0025,R0231,122.46,1,15,0,0,0,4038.97,0.03,1745,0,0,0,0,370.0,0,0
T01975,2026-01-02T15:54:00+00:00,U0067,R0185,5820.18,1,15,0,0,1,4135.71,1.41,1381,0,0,0,0,20.0,0,0
T01976,2026-01-02T15:55:00+00:00,U0143,R0478,924.69,1,15,0,0,1,2866.14,0.32,194,0,0,0,0,12.0,0,0
T01977,2026-01-02T15:56:00+00:00,U0089,R0011,1116.38,1,15,1,0,0,3876.04,0.29,622,0,0,0,0,73.0,0,0
T01978,2026-01-02T15:57:00+00:00,U0090,R0445,2555.52,1,15,1,0,0,3906.45,0.65,150,0,0,0,0,605.0,0,0
T01979,2026-01-02T15:58:00+00:00,U0156,R0102,1802.86,1,15,0,1,0,4473.47,0.4,1027,0,0,0,0,324.0,0,0
T01980,2026-01-02T15:59:00+00:00,U0167,R0333,3416.53,1,15,0,0,0,3127.15,1.09,1126,0,0,0,0,112.0,0,0
T01981,2026-01-02T16:00:00+00:00,U0200,R0146,3016.01,1,16,1,0,0,2854.24,1.06,1096,0,0,0,0,331.0,0,0
T01982,2026-01-02T16:01:00+00:00,U0173,R0262,1951.58,1,16,0,0,3,2891.79,0.67,1772,0,0,0,0,29.0,0,0
T01983,2026-01-02T16:02:00+00:00,U0189,R0229,1766.62,1,16,0,0,0,3530.46,0.5,690,0,0,0,0,180.0,0,0
T01984,2026-01-02T16:03:00+00:00,U0098,R0315,11396.25,1,16,0,0,0,11593.95,0.98,938,0,0,0,0,391.0,0,1
T01985,2026-01-02T16:04:00+00:00,U0162,R0490,5609.72,1,16,0,0,0,8397.55,0.67,391,0,0,0,0,244.0,0,0
T01986,2026-01-02T16:05:00+00:00,U0043,R0328,2552.99,1,16,0,0,0,3683.06,0.69,1004,0,0,0,0,350.0,0,0
T01987,2026-01-02T16:06:00+00:00,U0087,R0216,6241.72,1,16,0,1,0,2282.67,2.73,1811,0,0,0,0,1219.0,0,0
T01988,2026-01-02T16:07:00+00:00,U0147,R0208,1420.43,1,16,0,0,1,4388.99,0.32,1663,0,0,0,0,27.0,0,0
T01989,2026-01-02T16:08:00+00:00,U0019,R0041,4694.79,1,16,0,0,0,7104.12,0.66,1302,0,0,0,0,221.0,0,0
T01990,2026-01-02T16:09:00+00:00,U0059,R0161,5190.37,1,16,0,0,0,3340.03,1.55,75,0,0,0,0,135.0,0,0
T01991,2026-01-02T16:10:00+00:00,U0075,R0364,4457.75,1,16,0,0,0,3381.66,1.32,86,0,0,0,0,195.0,0,0
T01992,2026-01-02T16:11:00+00:00,U0166,R0203,4052.43,1,16,0,1,0,3969.95,1.02,1257,0,0,0,0,230.0,0,0
T01993,2026-01-02T16:12:00+00:00,U0114,R0400,671.29,1,16,0,0,0,6380.03,0.11,447,0,0,0,0,303.0,0,0
T01994,2026-01-02T16:13:00+00:00,U0093,R0383,8612.5,1,16,0,0,0,5459.48,1.58,403,0,0,0,0,127.0,0,0
T01995,2026-01-02T16:14:00+00:00,U0116,R0212,3852.31,1,16,0,0,0,7501.84,0.51,463,0,0,0,0,705.0,0,0
T01996,2026-01-02T16:15:00+00:00,U0006,R0065,6518.22,1,16,0,0,0,6688.73,0.97,1386,0,0,0,0,446.0,0,0
T01997,2026-01-02T16:16:00+00:00,U0170,R0129,1110.83,1,16,0,0,0,3655.41,0.3,1804,0,0,0,0,417.0,0,0
T01998,2026-01-02T16:17:00+00:00,U0180,R0384,5091.57,1,16,0,0,1,4295.2,1.19,793,0,0,0,0,39.0,0,0
T01999,2026-01-02T16:18:00+00:00,U0043,R0204,332.45,1,16,0,0,1,3588.89,0.09,1004,0,0,0,0,13.0,0,0
T02000,2026-01-02T16:19:00+00:00,U0017,R0480,1938.22,1,16,0,0,0,4169.35,0.46,53,0,0,0,0,464.0,0,0
T02001,2026-01-02T16:20:00+00:00,U0141,R0028,286.39,1,16,0,0,0,3622.49,0.08,113,0,0,0,0,99.0,0,0
T02002,2026-01-02T16:21:00+00:00,U0102,R0269,2886.34,1,16,0,0,0,2513.88,1.15,1474,0,0,0,0,126.0,0,0
T02003,2026-01-02T16:22:00+00:00,U0022,R0054,38188.99,1,16,1,0,0,4247.45,8.99,887,0,0,0,0,168.0,0,1
T02004,2026-01-02T16:23:00+00:00,U0040,R0044,1626.82,1,16,0,0,0,4535.99,0.36,1571,0,0,0,0,70.0,0,0
T02005,2026-01-02T16:24:00+00:00,U0100,R0159,1172.27,1,16,0,0,0,5452.5,0.21,1160,0,0,0,0,511.0,0,0
T02006,2026-01-02T16:25:00+00:00,U0189,R0146,2597.62,1,16,0,1,1,3334.47,0.78,690,0,0,0,0,23.0,0,1
T02007,2026-01-02T16:26:00+00:00,U0033,R0068,3715.84,1,16,0,0,0,3004.36,1.24,1103,0,0,0,0,179.0,0,0
T02008,2026-01-02T16:27:00+00:00,U0044,R0015,20585.21,1,16,0,1,0,2409.75,8.54,1950,0,0,0,0,508.0,0,1
T02009,2026-01-02T16:28:00+00:00,U0092,R0441,2394.42,1,16,0,0,0,4955.48,0.48,892,0,0,0,0,205.0,0,0
T02010,2026-01-02T16:29:00+00:00,U0122,R0240,2856.48,1,16,0,0,0,4163.07,0.69,1750,0,0,0,0,163.0,0,0
T02011,2026-01-02T16:30:00+00:00,U0139,R0479,773.06,1,16,1,0,0,2388.48,0.32,1504,0,0,0,0,72.0,0,0
T02012,2026-01-02T16:31:00+00:00,U0114,R0070,1981.06,1,16,0,0,1,5564.49,0.36,447,0,0,0,0,19.0,0,0
T02013,2026-01-02T16:32:00+00:00,U0179,R0277,894.53,1,16,0,0,0,5283.08,0.17,1145,0,0,0,0,155.0,0,0
T02014,2026-01-02T16:33:00+00:00,U0153,R0234,1845.09,1,16,0,0,0,2682.84,0.69,798,0,0,0,0,172.0,0,0
T02015,2026-01-02T16:34:00+00:00,U0163,R0450,1286.39,1,16,0,0,0,3931.85,0.33,550,0,0,0,0,97.0,0,0
T02016,2026-01-02T16:35:00+00:00,U0135,R0328,3909.9,1,16,0,0,0,3341.14,1.17,1258,0,0,0,0,564.0,0,0
T02017,2026-01-02T16:36:00+00:00,U0080,R0466,3032.43,1,16,0,0,0,4165.62,0.73,846,0,0,0,0,483.0,0,0
T02018,2026-01-02T16:37:00+00:00,U0139,R0117,3891.82,1,16,0,0,1,2208.99,1.76,1504,1,0,0,0,7.0,0,0
T02019,2026-01-02T16:38:00+00:00,U0114,R0158,4484.85,1,16,0,0,2,5116.56,0.88,447,1,0,0,0,7.0,0,0
T02020,2026-01-02T16:39:00+00:00,U0067,R0080,1201.37,1,16,1,0,1,4256.03,0.28,1381,0,0,0,0,45.0,0,0
T02021,2026-01-02T16:40:00+00:00,U0001,R0268,1322.37,1,16,0,1,0,3823.67,0.35,1905,0,0,0,0,124.0,0,0
T02022,2026-01-02T16:41:00+00:00,U0035,R0177,2602.73,1,16,0,0,1,2197.97,1.18,1476,0,0,0,0,54.0,0,0
T02023,2026-01-02T16:42:00+00:00,U0137,R0005,2491.45,1,16,0,0,0,5316.74,0.47,511,0,0,0,0,280.0,0,0
T02024,2026-01-02T16:43:00+00:00,U0126,R0485,2060.87,1,16,0,0,0,6291.99,0.33,1797,0,0,0,0,319.0,0,0
T02025,2026-01-02T16:44:00+00:00,U0077,R0005,7907.35,1,16,0,0,0,4449.29,1.78,332,0,0,0,0,365.0,0,0
T02026,2026-01-02T16:45:00+00:00,U0075,R0306,1780.49,1,16,0,0,1,3516.17,0.51,86,0,0,0,0,35.0,0,0
T02027,2026-01-02T16:46:00+00:00,U0002,R0281,1549.11,1,16,0,0,0,3003.67,0.52,1660,0,0,0,0,120.0,0,0
T02028,2026-01-02T16:47:00+00:00,U0106,R0452,6872.54,0,16,0,0,0,2702.22,2.54,1381,0,0,0,0,201.0,1,0
T02029,2026-01-02T16:48:00+00:00,U0102,R0128,114.18,1,16,0,0,1,2537.15,0.05,1474,0,0,0,0,27.0,0,0
T02030,2026-01-02T16:49:00+00:00,U0189,R0331,394.52,1,16,0,0,2,3260.79,0.12,690,0,0,0,0,24.0,0,0
T02031,2026-01-02T16:50:00+00:00,U0097,R0113,1878.74,1,16,0,0,0,2534.13,0.74,174,0,0,0,0,118.0,0,0
T02032,2026-01-02T16:51:00+00:00,U0109,R0321,641.82,1,16,0,0,0,1851.38,0.35,579,0,0,0,0,86.0,0,0
T02033,2026-01-02T16:52:00+00:00,U0196,R0410,3493.78,1,16,0,0,0,2392.84,1.46,219,0,0,0,0,284.0,0,0
T02034,2026-01-02T16:53:00+00:00,U0178,R0351,2498.72,1,16,0,0,0,4278.99,0.58,1860,0,0,0,0,383.0,0,0
T02035,2026-01-02T16:54:00+00:00,U0167,R0381,2230.41,1,16,0,0,1,3144.17,0.71,1126,0,0,0,0,55.0,0,0
T02036,2026-01-02T16:55:00+00:00,U0069,R0212,4444.77,1,16,0,0,0,7281.16,0.61,1754,0,0,0,0,361.0,0,0
T02037,2026-01-02T16:56:00+00:00,U0018,R0094,2697.5,1,16,0,0,0,6444.77,0.42,74,0,0,0,0,264.0,0,0
T02038,2026-01-02T16:57:00+00:00,U0029,R0327,551.11,1,16,0,0,0,1311.85,0.42,316,0,0,0,0,611.0,0,0
T02039,2026-01-02T16:58:00+00:00,U0116,R0140,4918.02,1,16,0,0,1,7096.33,0.69,463,0,0,0,0,44.0,0,0
T02040,2026-01-02T16:59:00+00:00,U0126,R0097,7862.25,1,16,0,0,1,6009.92,1.31,1797,0,0,0,0,16.0,0,0
T02041,2026-01-02T17:00:00+00:00,U0039,R0026,1023.78,1,17,0,0,0,4233.1,0.24,176,0,0,0,0,195.0,0,0
T02042,2026-01-02T17:01:00+00:00,U0006,R0096,3822.3,1,17,0,0,1,6660.31,0.57,1386,0,0,0,0,46.0,0,0
T02043,2026-01-02T17:02:00+00:00,U0073,R0138,30016.68,1,17,1,1,0,5821.18,5.16,1369,0,0,0,0,182.0,0,1
T02044,2026-01-02T17:03:00+00:00,U0113,R0373,769.71,1,17,0,0,0,3202.41,0.24,1440,0,0,0,0,976.0,0,0
T02045,2026-01-02T17:04:00+00:00,U0024,R0078,4502.33,1,17,1,1,0,2226.88,2.02,1553,0,0,0,0,422.0,0,1
T02046,2026-01-02T17:05:00+00:00,U0024,R0078,4502.33,0,17,0,0,1,2353.3,1.91,1553,1,1,1,1,1.0,1,1
T02047,2026-01-02T17:06:00+00:00,U0024,R0078,4502.33,0,17,1,1,2,2466.4,1.83,1553,2,2,2,2,1.0,2,1
T02048,2026-01-02T17:07:00+00:00,U0056,R0176,2822.03,1,17,0,0,0,4341.09,0.65,129,0,0,0,0,120.0,0,0
T02049,2026-01-02T17:08:00+00:00,U0128,R0191,1054.21,1,17,0,0,0,3648.4,0.29,1107,0,0,0,0,91.0,0,0
T02050,2026-01-02T17:09:00+00:00,U0009,R0170,1202.51,1,17,0,0,0,3368.02,0.36,1744,0,0,0,0,103.0,0,0
T02051,2026-01-02T17:10:00+00:00,U0193,R0488,1175.3,0,17,0,0,0,3553.21,0.33,158,0,0,0,0,336.0,1,0
T02052,2026-01-02T17:11:00+00:00,U0069,R0398,1559.26,1,17,0,0,1,6926.61,0.23,1754,0,0,0,0,16.0,0,0
T02053,2026-01-02T17:12:00+00:00,U0140,R0241,4557.52,1,17,1,0,0,7568.2,0.6,1219,0,0,0,0,300.0,0,0
T02054,2026-01-02T17:13:00+00:00,U0065,R0419,904.28,1,17,0,0,0,5715.79,0.16,1869,0,0,0,0,285.0,0,0
T02055,2026-01-02T17:14:00+00:00,U0004,R0063,3679.89,1,17,0,0,0,4840.78,0.76,1108,0,0,0,0,525.0,0,0
T02056,2026-01-02T17:15:00+00:00,U0183,R0128,2954.54,1,17,0,0,0,4058.1,0.73,827,0,0,0,0,643.0,0,0
T02057,2026-01-02T17:16:00+00:00,U0114,R0127,4182.22,1,17,0,0,2,5046.37,0.83,447,0,0,0,0,38.0,0,0
T02058,2026-01-02T17:17:00+00:00,U0009,R0102,908.32,1,17,0,0,1,3058.66,0.3,1744,1,0,0,0,8.0,0,0
T02059,2026-01-02T17:18:00+00:00,U0198,R0049,7792.29,1,17,0,0,0,2352.35,3.31,1947,0,0,0,0,264.0,0,0
T02060,2026-01-02T17:19:00+00:00,U0054,R0243,3974.05,1,17,0,0,0,8121.04,0.49,712,0,0,0,0,300.0,0,0
T02061,2026-01-02T17:20:00+00:00,U0080,R0480,2847.26,1,17,0,0,1,4023.97,0.71,846,0,0,0,0,44.0,0,0
T02062,2026-01-02T17:21:00+00:00,U0162,R0373,882.86,1,17,0,0,0,7932.91,0.11,391,0,0,0,0,77.0,0,0
T02063,2026-01-02T17:22:00+00:00,U0141,R0267,4987.62,1,17,0,0,0,3384.2,1.47,113,0,0,0,0,62.0,0,0
T02064,2026-01-02T17:23:00+00:00,U0124,R0327,2869.18,1,17,0,0,0,2101.16,1.37,1661,0,0,0,0,124.0,0,0
T02065,2026-01-02T17:24:00+00:00,U0093,R0455,585.62,1,17,0,0,0,5702.02,0.1,403,0,0,0,0,71.0,0,0
T02066,2026-01-02T17:25:00+00:00,U0171,R0112,22571.6,1,17,1,1,0,6415.88,3.52,1154,0,0,0,0,661.0,0,1
T02067,2026-01-02T17:26:00+00:00,U0061,R0325,870.48,1,17,0,0,0,3794.04,0.23,255,0,0,0,0,111.0,0,0
T02068,2026-01-02T17:27:00+00:00,U0004,R0086,1034.68,1,17,0,0,1,4695.67,0.22,1108,0,0,0,0,13.0,0,0
T02069,2026-01-02T17:28:00+00:00,U0150,R0062,594.2,1,17,1,0,0,5183.02,0.11,1080,0,0,0,0,324.0,0,0
T02070,2026-01-02T17:29:00+00:00,U0063,R0005,5487.1,1,17,0,0,0,4593.8,1.19,1621,0,0,0,0,156.0,0,0
T02071,2026-01-02T17:30:00+00:00,U0149,R0402,1295.64,1,17,0,0,0,1901.16,0.68,1912,0,0,0,0,301.0,0,0
T02072,2026-01-02T17:31:00+00:00,U0177,R0306,504.97,1,17,0,0,0,1954.99,0.26,315,0,0,0,0,100.0,0,0
T02073,2026-01-02T17:32:00+00:00,U0198,R0046,901.85,1,17,0,0,1,2805.68,0.32,1947,0,0,0,0,14.0,0,0
T02074,2026-01-02T17:33:00+00:00,U0128,R0047,4192.46,1,17,0,0,1,3360.16,1.25,1107,0,0,0,0,25.0,0,0
T02075,2026-01-02T17:34:00+00:00,U0087,R0477,3226.32,1,17,0,0,0,2942.51,1.1,1811,0,0,0,0,88.0,0,0
T02076,2026-01-02T17:35:00+00:00,U0195,R0321,1352.66,1,17,1,0,0,2826.62,0.48,1578,0,0,0,0,408.0,0,0
T02077,2026-01-02T17:36:00+00:00,U0092,R0331,1644.32,1,17,0,0,0,4772.55,0.34,892,0,0,0,0,68.0,0,0
T02078,2026-01-02T17:37:00+00:00,U0138,R0406,25044.02,1,17,0,1,0,6226.46,4.02,1898,0,0,0,0,209.0,0,1
T02079,2026-01-02T17:38:00+00:00,U0125,R0120,1950.51,1,17,0,0,0,6050.45,0.32,499,0,0,0,0,109.0,0,0
T02080,2026-01-02T17:39:00+00:00,U0143,R0404,8035.7,1,17,0,0,0,2689.64,2.99,194,0,0,0,0,104.0,0,0
T02081,2026-01-02T17:40:00+00:00,U0089,R0413,1875.93,1,17,0,0,0,3663.76,0.51,622,0,0,0,0,104.0,0,0
T02082,2026-01-02T17:41:00+00:00,U0188,R0099,1338.4,1,17,0,0,0,3892.15,0.34,1681,0,0,0,0,711.0,0,0
T02083,2026-01-02T17:42:00+00:00,U0097,R0184,2057.43,1,17,0,0,1,2468.59,0.83,174,0,0,0,0,52.0,0,0
T02084,2026-01-02T17:43:00+00:00,U0065,R0461,2036.3,1,17,0,0,1,5278.38,0.39,1869,0,0,0,0,30.0,0,0
T02085,2026-01-02T17:44:00+00:00,U0181,R0225,1746.98,1,17,0,0,0,5244.98,0.33,215,0,0,0,0,184.0,0,0
T02086,2026-01-02T17:45:00+00:00,U0139,R0357,3910.72,1,17,1,0,0,2377.28,1.65,1504,0,0,0,0,68.0,0,0
T02087,2026-01-02T17:46:00+00:00,U0146,R0096,892.74,1,17,0,0,0,4776.02,0.19,1480,0,0,0,0,116.0,0,0
T02088,2026-01-02T17:47:00+00:00,U0083,R0375,3690.72,1,17,0,0,0,12199.59,0.3,313,0,0,0,0,367.0,0,0
T02089,2026-01-02T17:48:00+00:00,U0154,R0469,3774.39,1,17,1,0,0,3071.32,1.23,1010,0,0,0,0,195.0,0,0
T02090,2026-01-02T17:49:00+00:00,U0042,R0036,830.67,1,17,0,0,0,2640.24,0.31,914,0,0,0,0,211.0,0,0
T02091,2026-01-02T17:50:00+00:00,U0116,R0152,2257.93,1,17,0,0,1,6878.5,0.33,463,0,0,0,0,52.0,0,0
T02092,2026-01-02T17:51:00+00:00,U0139,R0188,277.92,1,17,0,0,1,2516.68,0.11,1504,1,0,0,0,6.0,0,0
T02093,2026-01-02T17:52:00+00:00,U0199,R0327,4652.95,1,17,0,0,0,5007.85,0.93,1451,0,0,0,0,178.0,0,0
T02094,2026-01-02T17:53:00+00:00,U0188,R0095,2076.17,1,17,0,0,1,3636.78,0.57,1681,0,0,0,0,12.0,0,0
T02095,2026-01-02T17:54:00+00:00,U0159,R0439,3427.06,1,17,0,0,0,4555.31,0.75,490,0,0,0,0,351.0,0,0
T02096,2026-01-02T17:55:00+00:00,U0159,R0123,6642.13,1,17,0,0,1,4442.49,1.5,490,1,0,0,0,1.0,0,0
T02097,2026-01-02T17:56:00+00:00,U0017,R0338,3103.01,1,17,0,0,0,3850.61,0.81,53,0,0,0,0,97.0,0,0
T02098,2026-01-02T17:57:00+00:00,U0100,R0098,4327.08,1,17,0,0,0,4739.13,0.91,1160,0,0,0,0,93.0,0,0
T02099,2026-01-02T17:58:00+00:00,U0128,R0393,1063.0,1,17,0,0,2,3443.39,0.31,1107,0,0,0,0,25.0,0,0
T02100,2026-01-02T17:59:00+00:00,U0157,R0145,1329.4,1,17,0,0,0,2792.25,0.48,793,0,0,0,0,143.0,0,0
T02101,2026-01-02T18:00:00+00:00,U0165,R0165,4161.59,1,18,0,0,0,6314.79,0.66,302,0,0,0,0,382.0,0,0
T02102,2026-01-02T18:01:00+00:00,U0134,R0338,4958.48,1,18,0,0,0,3828.51,1.3,723,0,0,0,0,249.0,0,0
T02103,2026-01-02T18:02:00+00:00,U0034,R0092,6686.66,1,18,0,0,0,2648.4,2.52,1925,0,0,0,0,438.0,0,0
T02104,2026-01-02T18:03:00+00:00,U0052,R0055,7915.29,1,18,0,0,0,3630.79,2.18,51,0,0,0,0,204.0,0,0
T02105,2026-01-02T18:04:00+00:00,U0026,R0017,7967.07,1,18,0,0,0,8855.63,0.9,407,0,0,0,0,151.0,0,0
T02106,2026-01-02T18:05:00+00:00,U0100,R0337,1108.21,1,18,0,0,1,4680.27,0.24,1160,1,0,0,0,8.0,0,0
T02107,2026-01-02T18:06:00+00:00,U0160,R0360,3024.71,1,18,0,0,0,2697.22,1.12,214,0,0,0,0,525.0,0,0
T02108,2026-01-02T18:07:00+00:00,U0013,R0188,2383.23,1,18,0,0,0,4565.56,0.52,869,0,0,0,0,423.0,0,0
T02109,2026-01-02T18:08:00+00:00,U0184,R0037,1779.55,1,18,0,0,0,3428.64,0.52,327,0,0,0,0,472.0,0,0
T02110,2026-01-02T18:09:00+00:00,U0054,R0336,3138.81,1,18,0,0,1,7706.34,0.41,712,0,0,0,0,50.0,0,0
T02111,2026-01-02T18:10:00+00:00,U0021,R0240,2834.14,1,18,0,0,0,6621.02,0.43,486,0,0,0,0,176.0,0,0
T02112,2026-01-02T18:11:00+00:00,U0016,R0185,2992.63,1,18,0,0,0,4119.9,0.73,1715,0,0,0,0,435.0,0,0
T02113,2026-01-02T18:12:00+00:00,U0107,R0421,1356.57,1,18,0,0,0,7583.61,0.18,1230,0,0,0,0,427.0,0,0
T02114,2026-01-02T18:13:00+00:00,U0182,R0030,4641.92,1,18,0,0,0,6173.93,0.75,269,0,0,0,0,251.0,0,0
T02115,2026-01-02T18:14:00+00:00,U0069,R0271,2163.3,1,18,0,0,0,6330.24,0.34,1754,0,0,0,0,63.0,0,0
T02116,2026-01-02T18:15:00+00:00,U0019,R0428,3670.48,1,18,0,0,0,6943.5,0.53,1302,0,0,0,0,127.0,0,0
T02117,2026-01-02T18:16:00+00:00,U0056,R0492,5047.36,1,18,0,1,0,4214.5,1.2,129,0,0,0,0,69.0,0,0
T02118,2026-01-02T18:17:00+00:00,U0026,R0372,7653.8,1,18,0,0,1,8774.85,0.87,407,0,0,0,0,13.0,0,0
T02119,2026-01-02T18:18:00+00:00,U0099,R0098,470.49,1,18,0,0,0,2977.66,0.16,828,0,0,0,0,591.0,0,0
T02120,2026-01-02T18:19:00+00:00,U0169,R0128,2635.3,1,18,0,0,0,3123.57,0.84,1949,0,0,0,0,243.0,0,0
T02121,2026-01-02T18:20:00+00:00,U0046,R0286,4826.49,1,18,0,0,0,5232.72,0.92,854,0,0,0,0,194.0,0,0
T02122,2026-01-02T18:21:00+00:00,U0107,R0383,1394.67,1,18,0,0,1,7017.51,0.2,1230,1,0,0,0,9.0,0,0
T02123,2026-01-02T18:22:00+00:00,U0164,R0296,16055.66,1,18,0,1,0,2886.49,5.56,1150,0,0,0,0,290.0,0,1
T02124,2026-01-02T18:23:00+00:00,U0118,R0360,557.08,1,18,0,0,0,3837.83,0.15,635,0,0,0,0,479.0,0,0
T02125,2026-01-02T18:24:00+00:00,U0027,R0086,2753.04,1,18,0,0,0,6109.84,0.45,1808,0,0,0,0,506.0,0,0
T02126,2026-01-02T18:25:00+00:00,U0141,R0206,1270.06,1,18,0,0,0,3491.09,0.36,113,0,0,0,0,63.0,0,0
T02127,2026-01-02T18:26:00+00:00,U0169,R0081,611.63,1,18,0,0,1,3088.69,0.2,1949,1,0,0,0,7.0,0,0
T02128,2026-01-02T18:27:00+00:00,U0154,R0227,2967.83,1,18,0,0,1,3135.24,0.95,1010,0,0,0,0,39.0,0,0
T02129,2026-01-02T18:28:00+00:00,U0081,R0282,2793.04,1,18,0,0,0,3497.65,0.8,1251,0,0,0,0,179.0,0,0
T02130,2026-01-02T18:29:00+00:00,U0084,R0433,3331.14,1,18,0,0,0,4202.17,0.79,1583,0,0,0,0,985.0,0,0
T02131,2026-01-02T18:30:00+00:00,U0196,R0325,5665.91,1,18,0,0,0,2550.12,2.22,219,0,0,0,0,98.0,0,0
T02132,2026-01-02T18:31:00+00:00,U0186,R0166,2335.64,1,18,0,0,0,3215.66,0.73,1731,0,0,0,0,371.0,0,0
T02133,2026-01-02T18:32:00+00:00,U0145,R0280,14723.55,1,18,1,1,0,2433.46,6.05,94,0,0,0,0,532.0,0,1
T02134,2026-01-02T18:33:00+00:00,U0197,R0282,728.89,1,18,0,0,0,6375.73,0.11,274,0,0,0,0,278.0,0,0
T02135,2026-01-02T18:34:00+00:00,U0066,R0185,3281.23,1,18,0,0,0,11288.9,0.29,532,0,0,0,0,162.0,0,0
T02136,2026-01-02T18:35:00+00:00,U0115,R0492,7184.05,1,18,0,1,0,3163.81,2.27,579,0,0,0,0,258.0,0,0
T02137,2026-01-02T18:36:00+00:00,U0186,R0018,966.65,1,18,0,0,1,3142.33,0.31,1731,1,0,0,0,5.0,0,0
T02138,2026-01-02T18:37:00+00:00,U0153,R0009,4790.96,1,18,0,0,0,2599.07,1.84,798,0,0,0,0,124.0,0,0
T02139,2026-01-02T18:38:00+00:00,U0078,R0004,3426.1,1,18,0,1,0,6471.31,0.53,797,0,0,0,0,391.0,0,0
T02140,2026-01-02T18:39:00+00:00,U0057,R0110,525.5,1,18,0,0,0,3488.93,0.15,459,0,0,0,0,254.0,0,0
T02141,2026-01-02T18:40:00+00:00,U0006,R0396,6079.63,1,18,0,0,0,6254.88,0.97,1386,0,0,0,0,99.0,0,0
T02142,2026-01-02T18:41:00+00:00,U0177,R0422,3615.92,1,18,0,1,0,1773.73,2.04,315,0,0,0,0,70.0,0,0
T02143,2026-01-02T18:42:00+00:00,U0142,R0262,1528.0,1,18,0,1,0,4368.9,0.35,1708,0,0,0,0,271.0,0,0
T02144,2026-01-02T18:43:00+00:00,U0147,R0080,3485.43,1,18,0,0,0,4214.37,0.83,1663,0,0,0,0,156.0,0,0
T02145,2026-01-02T18:44:00+00:00,U0118,R0183,2187.77,1,18,0,0,1,3427.74,0.64,635,0,0,0,0,21.0,0,0
T02146,2026-01-02T18:45:00+00:00,U0068,R0188,2631.56,1,18,0,0,0,4445.86,0.59,98,0,0,0,0,214.0,0,0
T02147,2026-01-02T18:46:00+00:00,U0064,R0120,804.93,1,18,0,0,0,4792.13,0.17,1159,0,0,0,0,214.0,0,0
T02148,2026-01-02T18:47:00+00:00,U0077,R0048,4520.51,1,18,0,0,0,4881.55,0.93,332,0,0,0,0,123.0,0,0
T02149,2026-01-02T18:48:00+00:00,U0146,R0470,6782.56,1,18,0,0,0,4560.28,1.49,1480,0,0,0,0,62.0,0,0
T02150,2026-01-02T18:49:00+00:00,U0020,R0371,1863.74,1,18,0,0,0,3198.21,0.58,1664,0,0,0,0,330.0,0,0
T02151,2026-01-02T18:50:00+00:00,U0124,R0089,553.53,1,18,0,0,0,2210.88,0.25,1661,0,0,0,0,87.0,0,0
T02152,2026-01-02T18:51:00+00:00,U0177,R0360,8794.87,1,18,0,0,1,1978.42,4.45,315,1,0,0,0,10.0,0,0
T02153,2026-01-02T18:52:00+00:00,U0025,R0305,1524.7,1,18,0,0,0,3059.84,0.5,1745,0,0,0,0,179.0,0,0
T02154,2026-01-02T18:53:00+00:00,U0010,R0375,1866.23,1,18,1,0,0,3306.7,0.56,1038,0,0,0,0,258.0,0,0
T02155,2026-01-02T18:54:00+00:00,U0098,R0041,2877.06,1,18,0,0,0,11579.83,0.25,938,0,0,0,0,171.0,0,0
T02156,2026-01-02T18:55:00+00:00,U0198,R0172,3151.47,1,18,0,0,0,2659.23,1.19,1947,0,0,0,0,83.0,0,0
T02157,2026-01-02T18:56:00+00:00,U0112,R0214,7224.17,1,18,0,0,0,3722.24,1.94,939,0,0,0,0,272.0,0,0
T02158,2026-01-02T18:57:00+00:00,U0031,R0446,2826.28,1,18,0,0,0,7880.51,0.36,1886,0,0,0,0,209.0,0,0
T02159,2026-01-02T18:58:00+00:00,U0192,R0335,3020.35,1,18,0,0,0,2822.65,1.07,887,0,0,0,0,963.0,0,0
T02160,2026-01-02T18:59:00+00:00,U0003,R0325,3108.12,1,18,0,0,0,4050.56,0.77,1486,0,0,0,0,193.0,0,0
T02161,2026-01-02T19:00:00+00:00,U0098,R0028,1692.48,1,19,0,0,1,10999.65,0.15,938,1,0,0,0,6.0,0,0
T02162,2026-01-02T19:01:00+00:00,U0011,R0164,373.33,1,19,0,0,0,2901.26,0.13,177,0,0,0,0,464.0,0,0
T02163,2026-01-02T19:02:00+00:00,U0039,R0168,929.83,1,19,0,1,0,3591.24,0.26,176,0,0,0,0,122.0,0,0
T02164,2026-01-02T19:03:00+00:00,U0057,R0079,3914.69,1,19,0,0,1,3159.66,1.24,459,0,0,0,0,24.0,0,0
T02165,2026-01-02T19:04:00+00:00,U0188,R0202,21038.23,1,19,1,0,0,3494.9,6.02,1681,0,0,0,0,71.0,0,1
T02166,2026-01-02T19:05:00+00:00,U0193,R0305,2173.7,1,19,0,1,0,3421.11,0.64,158,0,0,0,0,115.0,0,0
T02167,2026-01-02T19:06:00+00:00,U0024,R0114,3459.23,1,19,0,0,0,2568.2,1.35,1553,0,0,0,0,120.0,0,0
T02168,2026-01-02T19:07:00+00:00,U0101,R0076,2278.97,1,19,0,0,0,2908.54,0.78,1165,0,0,0,0,528.0,0,0
T02169,2026-01-02T19:08:00+00:00,U0022,R0244,1697.63,1,19,0,0,0,7333.05,0.23,887,0,0,0,0,166.0,0,0
T02170,2026-01-02T19:09:00+00:00,U0013,R0281,7582.1,1,19,0,0,0,4367.17,1.74,869,0,0,0,0,62.0,0,0
T02171,2026-01-02T19:10:00+00:00,U0022,R0205,250.91,1,19,0,0,1,6863.43,0.04,887,1,0,0,0,2.0,0,0
T02172,2026-01-02T19:11:00+00:00,U0199,R0358,6616.93,1,19,0,0,0,4972.36,1.33,1451,0,0,0,0,79.0,0,0
T02173,2026-01-02T19:12:00+00:00,U0035,R0247,1559.8,1,19,0,0,0,2221.78,0.7,1476,0,0,0,0,151.0,0,0
T02174,2026-01-02T19:13:00+00:00,U0125,R0203,2913.14,1,19,0,0,0,5708.79,0.51,499,0,0,0,0,95.0,0,0
T02175,2026-01-02T19:14:00+00:00,U0051,R0288,856.93,1,19,0,0,0,3201.49,0.27,60,0,0,0,0,210.0,0,0
T02176,2026-01-02T19:15:00+00:00,U0189,R0269,2962.9,1,19,0,0,0,3000.22,0.99,690,0,0,0,0,146.0,0,0
T02177,2026-01-02T19:16:00+00:00,U0019,R0137,789.24,1,19,0,0,0,6738.93,0.12,1302,0,0,0,0,61.0,0,0
T02178,2026-01-02T19:17:00+00:00,U0083,R0351,1888.8,1,19,0,0,0,11254.16,0.17,313,0,0,0,0,90.0,0,0
T02179,2026-01-02T19:18:00+00:00,U0023,R0058,2853.48,1,19,0,0,0,2640.32,1.08,1815,0,0,0,0,814.0,0,0
T02180,2026-01-02T19:19:00+00:00,U0109,R0188,2257.09,1,19,0,0,0,1716.98,1.31,579,0,0,0,0,148.0,0,0
T02181,2026-01-02T19:20:00+00:00,U0083,R0177,3377.56,1,19,0,0,1,10317.63,0.33,313,1,0,0,0,3.0,0,0
T02182,2026-01-02T19:21:00+00:00,U0007,R0395,830.06,1,19,0,0,0,8706.28,0.1,573,0,0,0,0,446.0,0,0
T02183,2026-01-02T19:22:00+00:00,U0090,R0316,2597.75,1,19,1,0,0,3771.36,0.69,150,0,0,0,0,205.0,0,0
T02184,2026-01-02T19:23:00+00:00,U0114,R0320,5534.61,1,19,0,0,0,4959.96,1.12,447,0,0,0,0,127.0,0,0
T02185,2026-01-02T19:24:00+00:00,U0012,R0474,22361.18,1,19,1,0,0,2429.39,9.2,476,0,0,0,0,331.0,0,1
T02186,2026-01-02T19:25:00+00:00,U0052,R0351,543.75,1,19,0,0,0,4020.29,0.14,51,0,0,0,0,82.0,0,0
T02187,2026-01-02T19:26:00+00:00,U0194,R0373,1807.74,1,19,0,0,0,5768.97,0.31,1773,0,0,0,0,545.0,0,0
T02188,2026-01-02T19:27:00+00:00,U0029,R0379,56165.75,1,19,0,0,0,931.48,60.3,316,0,0,0,0,150.0,0,1
T02189,2026-01-02T19:28:00+00:00,U0159,R0475,5185.39,1,19,0,0,0,4642.45,1.12,490,0,0,0,0,93.0,0,0
T02190,2026-01-02T19:29:00+00:00,U0074,R0008,6322.24,1,19,0,0,0,3300.74,1.92,589,0,0,0,0,301.0,0,0
T02191,2026-01-02T19:30:00+00:00,U0029,R0157,1286.14,1,19,0,0,1,19342.9,0.07,316,1,0,0,0,3.0,0,0
T02192,2026-01-02T19:31:00+00:00,U0006,R0170,1343.52,1,19,0,0,1,6232.97,0.22,1386,0,0,0,0,51.0,0,0
T02193,2026-01-02T19:32:00+00:00,U0138,R0109,5126.65,1,19,0,0,0,7402.56,0.69,1898,0,0,0,0,115.0,0,0
T02194,2026-01-02T19:33:00+00:00,U0134,R0385,1742.65,1,19,1,0,0,3969.76,0.44,723,0,0,0,0,92.0,0,0
T02195,2026-01-02T19:34:00+00:00,U0124,R0319,3721.64,1,19,0,0,1,2003.71,1.86,1661,0,0,0,0,44.0,0,0
T02196,2026-01-02T19:35:00+00:00,U0037,R0356,866.91,1,19,0,0,0,3774.17,0.23,132,0,0,0,0,358.0,0,0
T02197,2026-01-02T19:36:00+00:00,U0005,R0193,1841.54,1,19,0,0,0,4935.54,0.37,1114,0,0,0,0,353.0,0,0
T02198,2026-01-02T19:37:00+00:00,U0170,R0270,3131.23,1,19,0,0,0,3372.68,0.93,1804,0,0,0,0,201.0,0,0
T02199,2026-01-02T19:38:00+00:00,U0044,R0031,5489.32,1,19,0,0,0,6044.84,0.91,1950,0,0,0,0,191.0,0,0
T02200,2026-01-02T19:39:00+00:00,U0179,R0317,1195.2,1,19,1,0,0,4734.51,0.25,1145,0,0,0,0,187.0,0,0
T02201,2026-01-02T19:40:00+00:00,U0120,R0336,2564.96,1,19,0,0,0,7665.96,0.33,524,0,0,0,0,922.0,0,0
T02202,2026-01-02T19:41:00+00:00,U0018,R0199,2993.03,1,19,0,0,0,6132.5,0.49,74,0,0,0,0,165.0,0,0
T02203,2026-01-02T19:42:00+00:00,U0170,R0437,1453.25,1,19,0,0,1,3348.54,0.43,1804,1,0,0,0,5.0,0,0
T02204,2026-01-02T19:43:00+00:00,U0093,R0443,3661.53,1,19,0,0,0,5336.56,0.69,403,0,0,0,0,139.0,0,0
T02205,2026-01-02T19:44:00+00:00,U0075,R0445,1808.82,1,19,0,0,0,3323.32,0.54,86,0,0,0,0,179.0,0,0
T02206,2026-01-02T19:45:00+00:00,U0099,R0119,2675.76,1,19,0,0,0,2726.94,0.98,828,0,0,0,0,87.0,0,0
T02207,2026-01-02T19:46:00+00:00,U0131,R0364,748.74,1,19,0,0,0,7215.62,0.1,1810,0,0,0,0,367.0,0,0
T02208,2026-01-02T19:47:00+00:00,U0081,R0249,4517.71,1,19,0,0,0,3427.19,1.32,1251,0,0,0,0,79.0,0,0
T02209,2026-01-02T19:48:00+00:00,U0137,R0046,2942.41,1,19,0,0,0,4963.58,0.59,511,0,0,0,0,186.0,0,0
T02210,2026-01-02T19:49:00+00:00,U0129,R0495,7892.73,1,19,0,0,0,4901.37,1.61,375,0,0,0,0,301.0,0,0
T02211,2026-01-02T19:50:00+00:00,U0183,R0012,2427.38,1,19,0,0,0,3920.16,0.62,827,0,0,0,0,155.0,0,0
T02212,2026-01-02T19:51:00+00:00,U0136,R0157,660.43,1,19,0,0,0,2525.55,0.26,126,0,0,0,0,498.0,0,0
T02213,2026-01-02T19:52:00+00:00,U0101,R0382,5373.91,1,19,0,0,1,2818.6,1.91,1165,0,0,0,0,45.0,0,0
T02214,2026-01-02T19:53:00+00:00,U0089,R0351,4086.08,1,19,0,0,0,3536.06,1.16,622,0,0,0,0,133.0,0,0
T02215,2026-01-02T19:54:00+00:00,U0161,R0155,140.91,1,19,0,0,0,3332.51,0.04,1632,0,0,0,0,485.0,0,0
T02216,2026-01-02T19:55:00+00:00,U0129,R0142,1582.4,1,19,0,0,1,5150.65,0.31,375,1,0,0,0,6.0,0,0
T02217,2026-01-02T19:56:00+00:00,U0161,R0132,2690.95,1,19,0,0,1,3042.36,0.88,1632,1,0,0,0,2.0,0,0
T02218,2026-01-02T19:57:00+00:00,U0008,R0484,1215.39,1,19,0,0,0,4191.31,0.29,457,0,0,0,0,428.0,0,0
T02219,2026-01-02T19:58:00+00:00,U0072,R0116,5106.94,1,19,0,0,0,2506.56,2.04,1208,0,0,0,0,275.0,0,0
T02220,2026-01-02T19:59:00+00:00,U0101,R0337,3564.43,1,19,0,0,2,3138.02,1.14,1165,1,0,0,0,7.0,0,0
T02221,2026-01-02T20:00:00+00:00,U0187,R0196,2138.73,1,20,0,0,0,3347.07,0.64,1389,0,0,0,0,387.0,0,0
T02222,2026-01-02T20:01:00+00:00,U0174,R0314,5362.42,1,20,0,0,0,5161.18,1.04,1108,0,0,0,0,303.0,0,0
T02223,2026-01-02T20:02:00+00:00,U0176,R0117,3109.13,1,20,0,0,0,2814.81,1.1,1935,0,0,0,0,261.0,0,0
T02224,2026-01-02T20:03:00+00:00,U0147,R0079,1601.29,1,20,0,0,0,4173.87,0.38,1663,0,0,0,0,80.0,0,0
T02225,2026-01-02T20:04:00+00:00,U0080,R0466,39966.58,0,20,1,1,0,3893.23,10.27,846,0,0,0,0,164.0,1,1
T02226,2026-01-02T20:05:00+00:00,U0115,R0278,4551.13,1,20,0,0,0,3610.51,1.26,579,0,0,0,0,90.0,0,0
T02227,2026-01-02T20:06:00+00:00,U0168,R0071,1899.41,1,20,0,0,0,6031.17,0.31,820,0,0,0,0,735.0,0,0
T02228,2026-01-02T20:07:00+00:00,U0176,R0410,692.21,1,20,0,0,1,2831.16,0.24,1935,1,0,0,0,5.0,0,0
T02229,2026-01-02T20:08:00+00:00,U0036,R0159,3153.61,1,20,0,0,0,4796.86,0.66,219,0,0,0,0,410.0,0,0
T02230,2026-01-02T20:09:00+00:00,U0135,R0466,2667.34,1,20,0,0,0,3412.24,0.78,1258,0,0,0,0,214.0,0,0
T02231,2026-01-02T20:10:00+00:00,U0198,R0075,4166.73,1,20,0,0,0,2694.39,1.55,1947,0,0,0,0,75.0,0,0
T02232,2026-01-02T20:11:00+00:00,U0145,R0470,2789.77,1,20,0,0,0,3662.46,0.76,94,0,0,0,0,99.0,0,0
T02233,2026-01-02T20:12:00+00:00,U0018,R0286,1372.6,1,20,0,0,1,5891.0,0.23,74,0,0,0,0,31.0,0,0
T02234,2026-01-02T20:13:00+00:00,U0185,R0061,6172.54,1,20,0,0,0,3688.07,1.67,1483,0,0,0,0,271.0,0,0
T02235,2026-01-02T20:14:00+00:00,U0038,R0373,7513.35,1,20,0,0,0,2028.16,3.7,400,0,0,0,0,351.0,0,0
T02236,2026-01-02T20:15:00+00:00,U0082,R0451,3379.14,1,20,0,0,0,7370.48,0.46,212,0,0,0,0,529.0,0,0
T02237,2026-01-02T20:16:00+00:00,U0106,R0156,1289.65,1,20,0,0,0,2980.24,0.43,1381,0,0,0,0,209.0,0,0
T02238,2026-01-02T20:17:00+00:00,U0164,R0478,8059.88,1,20,0,0,0,3983.92,2.02,1150,0,0,0,0,115.0,0,0
T02239,2026-01-02T20:18:00+00:00,U0039,R0399,1649.35,1,20,0,0,0,3147.67,0.52,176,0,0,0,0,76.0,0,0
T02240,2026-01-02T20:19:00+00:00,U0034,R0095,1470.52,1,20,0,0,0,2959.04,0.5,1925,0,0,0,0,137.0,0,0
T02241,2026-01-02T20:20:00+00:00,U0157,R0316,3245.84,1,20,0,0,0,2609.39,1.24,793,0,0,0,0,141.0,0,0
T02242,2026-01-02T20:21:00+00:00,U0146,R0314,416.61,1,20,0,0,0,4677.24,0.09,1480,0,0,0,0,93.0,0,0
T02243,2026-01-02T20:22:00+00:00,U0060,R0119,1552.47,1,20,1,0,0,2999.31,0.52,1595,0,0,0,0,348.0,0,0
T02244,2026-01-02T20:23:00+00:00,U0092,R0041,4875.59,1,20,0,0,0,4564.0,1.07,892,0,0,0,0,167.0,0,0
T02245,2026-01-02T20:24:00+00:00,U0123,R0069,3381.98,1,20,1,0,0,2450.53,1.38,832,0,0,0,0,463.0,0,0
T02246,2026-01-02T20:25:00+00:00,U0155,R0241,13470.37,1,20,0,1,0,3655.66,3.68,1159,0,0,0,0,395.0,0,1
T02247,2026-01-02T20:26:00+00:00,U0096,R0095,7406.87,1,20,0,0,0,6116.37,1.21,322,0,0,0,0,765.0,0,0
T02248,2026-01-02T20:27:00+00:00,U0126,R0243,3099.49,1,20,0,0,0,6125.69,0.51,1797,0,0,0,0,208.0,0,0
T02249,2026-01-02T20:28:00+00:00,U0050,R0116,2368.07,0,20,0,0,0,2869.43,0.83,682,0,0,0,0,831.0,1,0
T02250,2026-01-02T20:29:00+00:00,U0196,R0497,18997.91,1,20,1,1,0,2939.59,6.46,219,0,0,0,0,119.0,0,1
T02251,2026-01-02T20:30:00+00:00,U0070,R0487,4022.79,1,20,0,0,0,4604.28,0.87,664,0,0,0,0,695.0,0,0
T02252,2026-01-02T20:31:00+00:00,U0191,R0344,1085.54,1,20,0,0,0,4389.67,0.25,982,0,0,0,0,814.0,0,0
T02253,2026-01-02T20:32:00+00:00,U0194,R0105,4202.54,1,20,0,0,0,5504.88,0.76,1773,0,0,0,0,66.0,0,0
T02254,2026-01-02T20:33:00+00:00,U0113,R0444,4389.37,1,20,0,0,0,2959.14,1.48,1440,0,0,0,0,210.0,0,0
T02255,2026-01-02T20:34:00+00:00,U0177,R0167,6984.57,1,20,0,0,0,2660.07,2.63,315,0,0,0,0,103.0,0,0
T02256,2026-01-02T20:35:00+00:00,U0064,R0219,1312.73,1,20,0,0,0,4582.27,0.29,1159,0,0,0,0,109.0,0,0
T02257,2026-01-02T20:36:00+00:00,U0011,R0312,7628.09,1,20,0,0,0,2690.6,2.84,177,0,0,0,0,95.0,0,0
T02258,2026-01-02T20:37:00+00:00,U0098,R0369,3863.75,1,20,0,0,0,10417.95,0.37,938,0,0,0,0,97.0,0,0
T02259,2026-01-02T20:38:00+00:00,U0157,R0481,4926.12,1,20,0,0,1,2680.11,1.84,793,0,0,0,0,18.0,0,0
T02260,2026-01-02T20:39:00+00:00,U0153,R0275,3335.13,1,20,0,0,0,2798.33,1.19,798,0,0,0,0,122.0,0,0
T02261,2026-01-02T20:40:00+00:00,U0181,R0403,1152.58,1,20,0,0,0,4995.13,0.23,215,0,0,0,0,176.0,0,0
T02262,2026-01-02T20:41:00+00:00,U0028,R0232,6757.96,1,20,0,0,0,3937.12,1.72,1290,0,0,0,0,478.0,0,0
T02263,2026-01-02T20:42:00+00:00,U0011,R0450,1169.06,1,20,0,0,1,3070.41,0.38,177,1,0,0,0,6.0,0,0
T02264,2026-01-02T20:43:00+00:00,U0133,R0276,4387.09,1,20,1,0,0,4266.23,1.03,257,0,0,0,0,295.0,0,0
T02265,2026-01-02T20:44:00+00:00,U0189,R0021,2265.43,1,20,0,0,0,2997.11,0.76,690,0,0,0,0,89.0,0,0
T02266,2026-01-02T20:45:00+00:00,U0133,R0392,1668.79,0,20,0,0,1,4275.53,0.39,257,1,0,0,0,2.0,1,0
T02267,2026-01-02T20:46:00+00:00,U0013,R0098,4928.21,1,20,0,0,0,4635.08,1.06,869,0,0,0,0,97.0,0,0
T02268,2026-01-02T20:47:00+00:00,U0102,R0453,7056.49,1,20,0,0,0,2394.63,2.95,1474,0,0,0,0,239.0,0,0
T02269,2026-01-02T20:48:00+00:00,U0074,R0237,396.78,1,20,0,0,0,3602.89,0.11,589,0,0,0,0,79.0,0,0
T02270,2026-01-02T20:49:00+00:00,U0076,R0314,872.59,1,20,0,0,0,3381.97,0.26,1540,0,0,0,0,696.0,0,0
T02271,2026-01-02T20:50:00+00:00,U0177,R0265,2434.62,1,20,0,0,1,3053.2,0.8,315,0,0,0,0,16.0,0,0
T02272,2026-01-02T20:51:00+00:00,U0119,R0425,4614.88,1,20,0,0,0,10746.87,0.43,112,0,0,0,0,971.0,0,0
T02273,2026-01-02T20:52:00+00:00,U0024,R0370,1630.22,1,20,0,0,0,2610.63,0.62,1553,0,0,0,0,106.0,0,0
T02274,2026-01-02T20:53:00+00:00,U0047,R0399,2006.98,1,20,0,0,0,5992.22,0.33,957,0,0,0,0,331.0,0,0
T02275,2026-01-02T20:54:00+00:00,U0179,R0280,1917.26,1,20,0,0,0,4341.25,0.44,1145,0,0,0,0,75.0,0,0
T02276,2026-01-02T20:55:00+00:00,U0106,R0166,1422.82,1,20,0,0,1,2874.58,0.49,1381,0,0,0,0,39.0,0,0
T02277,2026-01-02T20:56:00+00:00,U0046,R0233,3492.58,1,20,0,0,0,5205.64,0.67,854,0,0,0,0,156.0,0,0
T02278,2026-01-02T20:57:00+00:00,U0183,R0459,3895.88,1,20,1,0,0,3754.29,1.04,827,0,0,0,0,67.0,0,0
T02279,2026-01-02T20:58:00+00:00,U0117,R0047,3458.83,0,20,0,0,0,4662.87,0.74,876,0,0,0,0,373.0,1,0
T02280,2026-01-02T20:59:00+00:00,U0178,R0333,3623.91,1,20,0,0,0,4056.46,0.89,1860,0,0,0,0,246.0,0,0
T02281,2026-01-02T21:00:00+00:00,U0042,R0368,3511.0,1,21,0,0,0,2489.45,1.41,914,0,0,0,0,191.0,0,0
T02282,2026-01-02T21:01:00+00:00,U0024,R0059,447.32,1,21,0,0,1,2566.07,0.17,1553,1,0,0,0,9.0,0,0
T02283,2026-01-02T21:02:00+00:00,U0163,R0186,6598.31,1,21,0,0,0,3711.39,1.78,550,0,0,0,0,268.0,0,0
T02284,2026-01-02T21:03:00+00:00,U0182,R0197,608.16,1,21,0,0,0,6020.73,0.1,269,0,0,0,0,170.0,0,0
T02285,2026-01-02T21:04:00+00:00,U0131,R0314,3559.46,1,21,0,0,0,6568.93,0.54,1810,0,0,0,0,78.0,0,0
T02286,2026-01-02T21:05:00+00:00,U0097,R0282,1389.05,1,21,0,0,0,2431.21,0.57,174,0,0,0,0,203.0,0,0
T02287,2026-01-02T21:06:00+00:00,U0197,R0088,2272.11,1,21,0,0,0,5669.88,0.4,274,0,0,0,0,153.0,0,0
T02288,2026-01-02T21:07:00+00:00,U0145,R0447,286.85,1,21,0,1,1,3583.13,0.08,94,0,0,0,0,56.0,0,0
T02289,2026-01-02T21:08:00+00:00,U0039,R0084,1508.11,1,21,0,0,1,2933.62,0.51,176,0,0,0,0,50.0,0,0
T02290,2026-01-02T21:09:00+00:00,U0046,R0394,9097.3,1,21,0,0,1,5098.57,1.78,854,0,0,0,0,13.0,0,0
T02291,2026-01-02T21:10:00+00:00,U0108,R0158,3770.51,1,21,0,0,0,9521.86,0.4,1935,0,0,0,0,704.0,0,0
T02292,2026-01-02T21:11:00+00:00,U0197,R0493,990.56,1,21,0,0,1,5292.35,0.19,274,1,0,0,0,5.0,0,0
T02293,2026-01-02T21:12:00+00:00,U0161,R0093,1468.93,1,21,0,0,0,3013.08,0.49,1632,0,0,0,0,76.0,0,0
T02294,2026-01-02T21:13:00+00:00,U0034,R0492,2163.13,1,21,0,0,1,2852.71,0.76,1925,0,0,0,0,54.0,0,0
T02295,2026-01-02T21:14:00+00:00,U0160,R0392,4277.38,1,21,0,0,0,2729.97,1.57,214,0,0,0,0,188.0,0,0
T02296,2026-01-02T21:15:00+00:00,U0118,R0255,4033.08,1,21,1,0,0,3289.96,1.23,635,0,0,0,0,151.0,0,0
T02297,2026-01-02T21:16:00+00:00,U0140,R0414,2002.13,1,21,0,0,0,7336.61,0.27,1219,0,0,0,0,244.0,0,0
T02298,2026-01-02T21:17:00+00:00,U0127,R0122,2216.44,1,21,1,0,0,2439.7,0.91,675,0,0,0,0,357.0,0,1
T02299,2026-01-02T21:18:00+00:00,U0127,R0122,2216.44,0,21,0,1,1,2414.89,0.92,675,1,1,1,1,1.0,1,1
T02300,2026-01-02T21:19:00+00:00,U0127,R0122,2216.44,0,21,1,1,2,2395.05,0.93,675,2,2,2,2,1.0,2,1
T02301,2026-01-02T21:20:00+00:00,U0169,R0244,3680.39,0,21,0,0,0,2923.56,1.26,1949,0,0,0,0,174.0,1,0
T02302,2026-01-02T21:21:00+00:00,U0114,R0041,4472.98,1,21,0,0,0,5012.2,0.89,447,0,0,0,0,118.0,0,0
T02303,2026-01-02T21:22:00+00:00,U0002,R0126,2380.59,1,21,0,0,0,2858.21,0.83,1660,0,0,0,0,276.0,0,0
T02304,2026-01-02T21:23:00+00:00,U0072,R0318,4154.67,1,21,0,0,0,2939.96,1.41,1208,0,0,0,0,85.0,0,0
T02305,2026-01-02T21:24:00+00:00,U0054,R0026,5116.28,1,21,0,0,0,7291.11,0.7,712,0,0,0,0,195.0,0,0
T02306,2026-01-02T21:25:00+00:00,U0015,R0335,859.54,1,21,1,0,0,5179.86,0.17,1206,0,0,0,0,416.0,0,0
T02307,2026-01-02T21:26:00+00:00,U0038,R0438,9742.54,1,21,1,1,0,2942.36,3.31,400,0,0,0,0,72.0,0,1
T02308,2026-01-02T21:27:00+00:00,U0148,R0430,5715.27,1,21,0,0,0,3174.04,1.8,507,0,0,0,0,363.0,0,0
T02309,2026-01-02T21:28:00+00:00,U0085,R0472,4363.92,1,21,0,0,0,3077.53,1.42,652,0,0,0,0,485.0,0,0
T02310,2026-01-02T21:29:00+00:00,U0028,R0214,1547.8,1,21,0,0,1,4125.18,0.38,1290,0,0,0,0,48.0,0,0
T02311,2026-01-02T21:30:00+00:00,U0042,R0345,956.93,1,21,0,0,1,2568.03,0.37,914,0,0,0,0,30.0,0,0
T02312,2026-01-02T21:31:00+00:00,U0170,R0355,4365.01,1,21,0,0,0,3176.24,1.37,1804,0,0,0,0,109.0,0,0
T02313,2026-01-02T21:32:00+00:00,U0147,R0404,2894.73,1,21,0,0,0,4038.47,0.72,1663,0,0,0,0,89.0,0,0
T02314,2026-01-02T21:33:00+00:00,U0117,R0384,1114.32,1,21,0,0,1,4576.87,0.24,876,0,0,0,0,35.0,0,0
T02315,2026-01-02T21:34:00+00:00,U0010,R0048,6383.66,1,21,0,0,0,3195.89,2.0,1038,0,0,0,0,161.0,0,0
T02316,2026-01-02T21:35:00+00:00,U0083,R0189,4949.77,1,21,0,0,0,9686.71,0.51,313,0,0,0,0,135.0,0,0
T02317,2026-01-02T21:36:00+00:00,U0018,R0389,1947.64,1,21,0,0,0,5568.26,0.35,74,0,0,0,0,84.0,0,0
T02318,2026-01-02T21:37:00+00:00,U0141,R0034,4533.23,1,21,0,0,0,3352.28,1.35,113,0,0,0,0,192.0,0,0
T02319,2026-01-02T21:38:00+00:00,U0035,R0063,1103.67,1,21,0,1,0,2185.01,0.51,1476,0,0,0,0,146.0,0,0
T02320,2026-01-02T21:39:00+00:00,U0071,R0169,1883.85,1,21,0,0,0,8174.68,0.23,17,0,0,0,0,422.0,0,0
T02321,2026-01-02T21:40:00+00:00,U0135,R0108,931.13,1,21,0,0,0,3329.47,0.28,1258,0,0,0,0,91.0,0,0
T02322,2026-01-02T21:41:00+00:00,U0157,R0030,8507.22,1,21,0,1,0,2904.71,2.93,793,0,0,0,0,63.0,0,1
T02323,2026-01-02T21:42:00+00:00,U0187,R0323,15736.23,1,21,1,1,0,3246.37,4.85,1389,0,0,0,0,102.0,0,1
T02324,2026-01-02T21:43:00+00:00,U0023,R0248,4858.43,1,21,0,0,0,2675.84,1.82,1815,0,0,0,0,145.0,0,0
T02325,2026-01-02T21:44:00+00:00,U0155,R0479,2656.83,1,21,0,0,0,4882.5,0.54,1159,0,0,0,0,79.0,0,0
T02326,2026-01-02T21:45:00+00:00,U0181,R0148,1878.78,1,21,0,0,0,4738.96,0.4,215,0,0,0,0,65.0,0,0
T02327,2026-01-02T21:46:00+00:00,U0082,R0133,1691.53,1,21,0,0,0,7037.87,0.24,212,0,0,0,0,91.0,0,0
T02328,2026-01-02T21:47:00+00:00,U0160,R0182,538.38,1,21,0,1,1,2870.64,0.19,214,0,0,0,0,33.0,0,0
T02329,2026-01-02T21:48:00+00:00,U0158,R0289,6461.04,1,21,0,0,0,5301.06,1.22,1865,0,0,0,0,530.0,0,0
T02330,2026-01-02T21:49:00+00:00,U0187,R0324,2549.43,1,21,0,0,1,4207.13,0.61,1389,1,0,0,0,7.0,0,0
T02331,2026-01-02T21:50:00+00:00,U0047,R0453,33274.81,1,21,0,1,1,5549.41,6.0,957,0,0,0,0,57.0,0,1
T02332,2026-01-02T21:51:00+00:00,U0182,R0149,1114.99,1,21,0,0,1,5528.68,0.2,269,0,0,0,0,48.0,0,0
T02333,2026-01-02T21:52:00+00:00,U0001,R0061,256.38,1,21,0,0,0,3545.74,0.07,1905,0,0,0,0,312.0,0,0
T02334,2026-01-02T21:53:00+00:00,U0161,R0408,1414.16,1,21,0,0,1,2894.3,0.49,1632,0,0,0,0,41.0,0,0
T02335,2026-01-02T21:54:00+00:00,U0054,R0410,1270.18,1,21,0,0,1,7109.88,0.18,712,0,0,0,0,30.0,0,0
T02336,2026-01-02T21:55:00+00:00,U0107,R0212,5292.69,1,21,0,0,0,6548.94,0.81,1230,0,0,0,0,214.0,0,0
T02337,2026-01-02T21:56:00+00:00,U0090,R0287,1460.94,1,21,0,0,0,3664.67,0.4,150,0,0,0,0,154.0,0,0
T02338,2026-01-02T21:57:00+00:00,U0055,R0006,5134.99,1,21,0,1,0,3633.21,1.41,553,0,0,0,0,517.0,0,0
T02339,2026-01-02T21:58:00+00:00,U0177,R0145,6224.77,1,21,0,0,0,3001.65,2.07,315,0,0,0,0,68.0,0,0
T02340,2026-01-02T21:59:00+00:00,U0018,R0158,7374.92,1,21,0,0,1,5326.89,1.38,74,0,0,0,0,23.0,0,0
T02341,2026-01-02T22:00:00+00:00,U0141,R0166,2654.36,1,22,0,0,1,3421.75,0.78,113,0,0,0,0,23.0,0,0
T02342,2026-01-02T22:01:00+00:00,U0030,R0352,363.78,1,22,0,0,0,3083.82,0.12,229,0,0,0,0,425.0,0,0
T02343,2026-01-02T22:02:00+00:00,U0102,R0371,1068.44,1,22,0,0,0,2653.62,0.4,1474,0,0,0,0,75.0,0,0
T02344,2026-01-02T22:03:00+00:00,U0008,R0427,6214.21,1,22,0,0,0,3920.77,1.58,457,0,0,0,0,126.0,0,0
T02345,2026-01-02T22:04:00+00:00,U0085,R0427,2691.82,1,22,0,0,1,3148.99,0.85,652,0,0,0,0,36.0,0,0
T02346,2026-01-02T22:05:00+00:00,U0173,R0246,844.2,0,22,0,0,0,2797.77,0.3,1772,0,0,0,0,364.0,1,0
T02347,2026-01-02T22:06:00+00:00,U0010,R0331,3946.78,1,22,0,0,1,3423.59,1.15,1038,0,0,0,0,32.0,0,0
T02348,2026-01-02T22:07:00+00:00,U0040,R0322,1420.73,1,22,0,0,0,4364.86,0.33,1571,0,0,0,0,344.0,0,0
T02349,2026-01-02T22:08:00+00:00,U0138,R0459,8102.85,1,22,0,0,0,7268.68,1.11,1898,0,0,0,0,156.0,0,0
T02350,2026-01-02T22:09:00+00:00,U0106,R0476,1139.98,1,22,0,0,0,2789.18,0.41,1381,0,0,0,0,74.0,0,0
T02351,2026-01-02T22:10:00+00:00,U0134,R0154,926.63,1,22,1,0,0,3722.3,0.25,723,0,0,0,0,157.0,0,0
T02352,2026-01-02T22:11:00+00:00,U0174,R0162,658.51,1,22,0,0,0,5173.76,0.13,1108,0,0,0,0,130.0,0,0
T02353,2026-01-02T22:12:00+00:00,U0005,R0107,652.42,1,22,0,0,0,4591.77,0.14,1114,0,0,0,0,156.0,0,0
T02354,2026-01-02T22:13:00+00:00,U0085,R0410,28556.32,1,22,0,0,2,3124.93,9.14,652,1,0,0,0,9.0,0,1
T02355,2026-01-02T22:14:00+00:00,U0091,R0034,6947.06,1,22,0,0,0,3830.27,1.81,823,0,0,0,0,849.0,0,0
T02356,2026-01-02T22:15:00+00:00,U0072,R0431,4331.37,1,22,0,0,1,3113.49,1.39,1208,0,0,0,0,52.0,0,0
T02357,2026-01-02T22:16:00+00:00,U0097,R0321,4323.43,1,22,0,0,0,2344.37,1.84,174,0,0,0,0,71.0,0,0
T02358,2026-01-02T22:17:00+00:00,U0043,R0293,1927.19,1,22,0,0,0,3338.39,0.58,1004,0,0,0,0,359.0,0,0
T02359,2026-01-02T22:18:00+00:00,U0048,R0305,1289.12,1,22,0,0,0,5389.92,0.24,453,0,0,0,0,651.0,0,0
T02360,2026-01-02T22:19:00+00:00,U0193,R0158,9522.55,1,22,0,0,0,3355.45,2.84,158,0,0,0,0,194.0,0,0
T02361,2026-01-02T22:20:00+00:00,U0081,R0364,6843.0,1,22,0,0,0,3526.33,1.94,1251,0,0,0,0,153.0,0,0
T02362,2026-01-02T22:21:00+00:00,U0106,R0045,5146.99,1,22,0,0,1,2697.56,1.91,1381,0,0,0,0,12.0,0,0
T02363,2026-01-02T22:22:00+00:00,U0061,R0191,681.46,1,22,0,0,0,3528.26,0.19,255,0,0,0,0,296.0,0,0
T02364,2026-01-02T22:23:00+00:00,U0078,R0111,2366.95,1,22,0,0,0,6132.96,0.39,797,0,0,0,0,225.0,0,0
T02365,2026-01-02T22:24:00+00:00,U0045,R0058,1630.97,1,22,0,0,0,3173.17,0.51,1072,0,0,0,0,474.0,0,0
T02366,2026-01-02T22:25:00+00:00,U0010,R0399,887.42,1,22,0,0,2,3458.47,0.26,1038,0,0,0,0,19.0,0,0
T02367,2026-01-02T22:26:00+00:00,U0024,R0228,4809.76,1,22,0,0,0,2473.95,1.94,1553,0,0,0,0,85.0,0,0
T02368,2026-01-02T22:27:00+00:00,U0124,R0464,4656.82,1,22,0,0,0,2194.59,2.12,1661,0,0,0,0,173.0,0,0
T02369,2026-01-02T22:28:00+00:00,U0049,R0175,1265.16,1,22,0,0,0,2074.12,0.61,100,0,0,0,0,439.0,0,0
T02370,2026-01-02T22:29:00+00:00,U0188,R0448,9498.82,1,22,0,0,0,4956.85,1.92,1681,0,0,0,0,205.0,0,0
T02371,2026-01-02T22:30:00+00:00,U0199,R0168,1254.47,1,22,0,0,0,5121.86,0.24,1451,0,0,0,0,199.0,0,0
T02372,2026-01-02T22:31:00+00:00,U0026,R0421,973.82,1,22,0,0,0,8681.43,0.11,407,0,0,0,0,254.0,0,0
T02373,2026-01-02T22:32:00+00:00,U0133,R0347,4969.85,1,22,0,0,0,4089.33,1.22,257,0,0,0,0,107.0,0,0
T02374,2026-01-02T22:33:00+00:00,U0053,R0371,1887.73,1,22,0,0,0,1958.05,0.96,1252,0,0,0,0,567.0,0,0
T02375,2026-01-02T22:34:00+00:00,U0100,R0366,1052.79,1,22,0,0,0,4233.76,0.25,1160,0,0,0,0,269.0,0,0
T02376,2026-01-02T22:35:00+00:00,U0030,R0003,4507.56,1,22,0,0,1,2889.53,1.56,229,0,0,0,0,34.0,0,0
T02377,2026-01-02T22:36:00+00:00,U0012,R0352,1940.38,1,22,1,0,0,4090.37,0.47,476,0,0,0,0,192.0,0,0
T02378,2026-01-02T22:37:00+00:00,U0023,R0171,121.62,1,22,0,0,1,2987.64,0.04,1815,0,0,0,0,54.0,0,0
T02379,2026-01-02T22:38:00+00:00,U0012,R0053,6726.22,1,22,0,0,1,3924.98,1.71,476,1,0,0,0,2.0,0,0
T02380,2026-01-02T22:39:00+00:00,U0169,R0382,7092.44,1,22,0,0,0,2970.86,2.39,1949,0,0,0,0,79.0,0,0
T02381,2026-01-02T22:40:00+00:00,U0148,R0389,1040.9,1,22,0,0,0,3385.81,0.31,507,0,0,0,0,73.0,0,0
T02382,2026-01-02T22:41:00+00:00,U0054,R0165,586.12,1,22,0,0,1,6660.67,0.09,712,0,0,0,0,47.0,0,0
T02383,2026-01-02T22:42:00+00:00,U0074,R0142,4220.57,1,22,0,1,0,3311.42,1.27,589,0,0,0,0,114.0,0,1
T02384,2026-01-02T22:43:00+00:00,U0198,R0226,1103.34,1,22,0,0,0,2792.55,0.4,1947,0,0,0,0,153.0,0,0
T02385,2026-01-02T22:44:00+00:00,U0070,R0077,4454.24,1,22,0,0,0,4551.42,0.98,664,0,0,0,0,134.0,0,0
T02386,2026-01-02T22:45:00+00:00,U0030,R0008,5636.96,1,22,0,0,2,2997.4,1.88,229,1,0,0,0,10.0,0,0
T02387,2026-01-02T22:46:00+00:00,U0144,R0264,648.68,1,22,0,0,0,4962.56,0.13,685,0,0,0,0,484.0,0,0
T02388,2026-01-02T22:47:00+00:00,U0139,R0180,1507.79,1,22,0,0,0,2330.12,0.65,1504,0,0,0,0,296.0,0,0
T02389,2026-01-02T22:48:00+00:00,U0070,R0073,1878.24,1,22,1,1,1,4543.32,0.41,664,1,0,0,0,4.0,0,0
T02390,2026-01-02T22:49:00+00:00,U0073,R0294,1440.15,1,22,0,0,0,8020.77,0.18,1369,0,0,0,0,347.0,0,0
T02391,2026-01-02T22:50:00+00:00,U0019,R0160,2973.37,1,22,0,0,0,6388.95,0.47,1302,0,0,0,0,214.0,0,0
T02392,2026-01-02T22:51:00+00:00,U0087,R0277,2014.97,1,22,0,0,0,2983.05,0.68,1811,0,0,0,0,317.0,0,0
T02393,2026-01-02T22:52:00+00:00,U0034,R0015,3528.15,1,22,0,0,0,2806.74,1.26,1925,0,0,0,0,99.0,0,0
T02394,2026-01-02T22:53:00+00:00,U0173,R0026,3586.82,1,22,0,0,1,2620.17,1.37,1772,0,0,0,0,48.0,0,0
T02395,2026-01-02T22:54:00+00:00,U0014,R0045,6553.22,1,22,0,0,0,4151.39,1.58,608,0,0,0,0,629.0,0,0
T02396,2026-01-02T22:55:00+00:00,U0046,R0361,4978.32,1,22,0,0,0,5333.79,0.93,854,0,0,0,0,106.0,0,0
T02397,2026-01-02T22:56:00+00:00,U0152,R0323,33931.95,1,22,1,1,0,2721.93,12.47,1711,0,0,0,0,571.0,0,1
T02398,2026-01-02T22:57:00+00:00,U0180,R0229,46925.27,1,22,0,1,0,4344.98,10.8,793,0,0,0,0,400.0,0,1
T02399,2026-01-02T22:58:00+00:00,U0080,R0171,8051.3,1,22,0,0,0,7500.56,1.07,846,0,0,0,0,174.0,0,0
T02400,2026-01-02T22:59:00+00:00,U0183,R0389,2538.59,1,22,0,0,0,3768.45,0.67,827,0,0,0,0,122.0,0,0
T02401,2026-01-02T23:00:00+00:00,U0137,R0041,619.42,1,23,0,0,0,4739.01,0.13,511,0,0,0,0,192.0,0,0
T02402,2026-01-02T23:01:00+00:00,U0194,R0392,228.77,1,23,0,0,0,5423.49,0.04,1773,0,0,0,0,149.0,0,0
T02403,2026-01-02T23:02:00+00:00,U0034,R0048,1876.09,1,23,0,0,1,2851.83,0.66,1925,1,0,0,0,10.0,0,0
T02404,2026-01-02T23:03:00+00:00,U0179,R0240,4177.96,1,23,0,0,0,4098.85,1.02,1145,0,0,0,0,129.0,0,0
T02405,2026-01-02T23:04:00+00:00,U0080,R0351,775.94,1,23,0,0,1,7550.63,0.1,846,1,0,0,0,6.0,0,0
T02406,2026-01-02T23:05:00+00:00,U0197,R0239,1166.07,1,23,0,0,0,4862.17,0.24,274,0,0,0,0,114.0,0,0
T02407,2026-01-02T23:06:00+00:00,U0058,R0074,286.76,1,23,0,0,0,4854.71,0.06,1080,0,0,0,0,502.0,0,0
T02408,2026-01-02T23:07:00+00:00,U0158,R0133,1121.03,1,23,0,0,0,5373.56,0.21,1865,0,0,0,0,79.0,0,0
T02409,2026-01-02T23:08:00+00:00,U0101,R0094,44574.45,1,23,1,1,0,3185.4,13.99,1165,0,0,0,0,189.0,0,1
T02410,2026-01-02T23:09:00+00:00,U0171,R0170,4411.54,1,23,0,0,0,8723.84,0.51,1154,0,0,0,0,344.0,0,0
T02411,2026-01-02T23:10:00+00:00,U0084,R0233,2023.56,1,23,0,0,0,4129.58,0.49,1583,0,0,0,0,281.0,0,0
T02412,2026-01-02T23:11:00+00:00,U0017,R0244,8799.54,0,23,0,0,0,3757.16,2.34,53,0,0,0,0,315.0,1,0
T02413,2026-01-02T23:12:00+00:00,U0123,R0237,647.47,0,23,1,0,0,2605.77,0.25,832,0,0,0,0,168.0,1,0
T02414,2026-01-02T23:13:00+00:00,U0073,R0394,107.24,1,23,0,0,1,7472.39,0.01,1369,0,0,0,0,24.0,0,0
T02415,2026-01-02T23:14:00+00:00,U0148,R0066,1277.11,0,23,0,0,1,3205.43,0.4,507,0,0,0,0,34.0,1,0
T02416,2026-01-02T23:15:00+00:00,U0104,R0419,4052.9,1,23,0,0,0,2896.57,1.4,508,0,0,0,0,584.0,0,0
T02417,2026-01-02T23:16:00+00:00,U0028,R0167,640.85,1,23,0,0,0,3964.09,0.16,1290,0,0,0,0,107.0,0,0
T02418,2026-01-02T23:17:00+00:00,U0019,R0406,1427.23,1,23,0,0,1,6199.2,0.23,1302,0,0,0,0,27.0,0,0
T02419,2026-01-02T23:18:00+00:00,U0119,R0206,352.47,1,23,0,0,0,9870.87,0.04,112,0,0,0,0,147.0,0,0
T02420,2026-01-02T23:19:00+00:00,U0062,R0318,6704.83,1,23,0,0,0,4734.64,1.42,820,0,0,0,0,1202.0,0,0
T02421,2026-01-02T23:20:00+00:00,U0041,R0499,3539.16,1,23,0,0,0,3468.06,1.02,680,0,0,0,0,812.0,0,0
T02422,2026-01-02T23:21:00+00:00,U0017,R0175,2080.2,1,23,0,0,1,4317.43,0.48,53,1,0,0,0,10.0,0,0
T02423,2026-01-02T23:22:00+00:00,U0178,R0303,1731.97,1,23,0,0,0,4008.4,0.43,1860,0,0,0,0,143.0,0,0
T02424,2026-01-02T23:23:00+00:00,U0112,R0291,4467.86,1,23,0,0,0,4014.07,1.11,939,0,0,0,0,267.0,0,0
T02425,2026-01-02T23:24:00+00:00,U0140,R0356,382.6,1,23,0,0,0,6955.58,0.06,1219,0,0,0,0,128.0,0,0
T02426,2026-01-02T23:25:00+00:00,U0170,R0343,954.05,1,23,0,0,0,3275.3,0.29,1804,0,0,0,0,114.0,0,0
T02427,2026-01-02T23:26:00+00:00,U0183,R0294,1992.44,1,23,0,1,1,3656.65,0.54,827,0,0,0,0,27.0,0,0
T02428,2026-01-02T23:27:00+00:00,U0030,R0304,25406.06,1,23,1,0,2,3162.37,8.03,229,0,0,0,0,42.0,0,1
T02429,2026-01-02T23:28:00+00:00,U0084,R0285,481.39,1,23,0,0,1,3967.58,0.12,1583,0,0,0,0,18.0,0,0
T02430,2026-01-02T23:29:00+00:00,U0114,R0091,4117.88,1,23,0,1,0,4967.26,0.83,447,0,0,0,0,128.0,0,0
T02431,2026-01-02T23:30:00+00:00,U0104,R0036,3335.7,1,23,0,0,1,3025.05,1.1,508,0,0,0,0,15.0,0,0
T02432,2026-01-02T23:31:00+00:00,U0176,R0417,1105.11,1,23,0,0,0,2718.59,0.41,1935,0,0,0,0,204.0,0,0
T02433,2026-01-02T23:32:00+00:00,U0098,R0168,5280.29,1,23,1,0,0,10032.41,0.53,938,0,0,0,0,175.0,0,0
T02434,2026-01-02T23:33:00+00:00,U0170,R0032,30897.45,1,23,1,0,1,3096.74,9.98,1804,1,0,0,0,8.0,0,1
T02435,2026-01-02T23:34:00+00:00,U0036,R0455,3002.12,1,23,0,0,0,4705.57,0.64,219,0,0,0,0,206.0,0,0
T02436,2026-01-02T23:35:00+00:00,U0194,R0326,2480.24,1,23,0,0,1,5117.92,0.48,1773,0,0,0,0,34.0,0,0
T02437,2026-01-02T23:36:00+00:00,U0194,R0076,3438.47,1,23,0,0,2,4971.38,0.69,1773,1,0,0,0,1.0,0,0
T02438,2026-01-02T23:37:00+00:00,U0116,R0273,4261.05,1,23,0,0,0,6458.45,0.66,463,0,0,0,0,347.0,0,0
T02439,2026-01-02T23:38:00+00:00,U0158,R0296,2600.58,1,23,0,0,1,5123.41,0.51,1865,0,0,0,0,31.0,0,0
T02440,2026-01-02T23:39:00+00:00,U0053,R0349,4287.76,1,23,0,0,0,1950.23,2.2,1252,0,0,0,0,66.0,0,0
T02441,2026-01-02T23:40:00+00:00,U0077,R0292,5169.92,1,23,0,0,0,4841.43,1.07,332,0,0,0,0,293.0,0,0
T02442,2026-01-02T23:41:00+00:00,U0174,R0156,3643.23,1,23,0,0,0,4908.15,0.74,1108,0,0,0,0,90.0,0,0
T02443,2026-01-02T23:42:00+00:00,U0112,R0368,1245.77,1,23,1,0,1,4048.98,0.31,939,0,0,0,0,19.0,0,0
T02444,2026-01-02T23:43:00+00:00,U0089,R0046,1465.31,1,23,0,0,0,3572.73,0.41,622,0,0,0,0,230.0,0,0
T02445,2026-01-02T23:44:00+00:00,U0157,R0262,1256.98,1,23,0,0,0,3414.03,0.37,793,0,0,0,0,123.0,0,0
T02446,2026-01-02T23:45:00+00:00,U0033,R0437,4101.86,1,23,0,0,0,3063.65,1.34,1103,0,0,0,0,439.0,0,0
T02447,2026-01-02T23:46:00+00:00,U0095,R0462,772.42,1,23,0,0,0,2699.11,0.29,333,0,0,0,0,641.0,0,0
T02448,2026-01-02T23:47:00+00:00,U0014,R0001,2021.24,1,23,0,0,1,4351.54,0.46,608,0,0,0,0,53.0,0,0
T02449,2026-01-02T23:48:00+00:00,U0092,R0057,3009.09,1,23,0,0,0,4583.47,0.66,892,0,0,0,0,205.0,0,0
T02450,2026-01-02T23:49:00+00:00,U0008,R0121,3113.06,1,23,0,0,0,4111.89,0.76,457,0,0,0,0,106.0,0,0
T02451,2026-01-02T23:50:00+00:00,U0152,R0202,2790.37,1,23,0,1,1,7923.6,0.35,1711,0,0,0,0,54.0,0,0
T02452,2026-01-02T23:51:00+00:00,U0183,R0196,25784.19,1,23,1,1,2,3517.96,7.33,827,0,0,0,0,25.0,0,1
T02453,2026-01-02T23:52:00+00:00,U0112,R0280,3190.89,1,23,1,0,2,3848.75,0.83,939,1,0,0,0,10.0,0,0
T02454,2026-01-02T23:53:00+00:00,U0045,R0244,3102.87,1,23,0,0,0,3001.82,1.03,1072,0,0,0,0,89.0,0,0
T02455,2026-01-02T23:54:00+00:00,U0143,R0197,1211.12,1,23,0,0,0,3135.15,0.39,194,0,0,0,0,375.0,0,0
T02456,2026-01-02T23:55:00+00:00,U0093,R0431,5181.41,1,23,0,0,0,5224.89,0.99,403,0,0,0,0,252.0,0,0
T02457,2026-01-02T23:56:00+00:00,U0074,R0447,6931.77,1,23,0,0,0,3387.19,2.05,589,0,0,0,0,74.0,0,0
T02458,2026-01-02T23:57:00+00:00,U0035,R0006,140.82,1,23,0,0,0,2128.09,0.07,1476,0,0,0,0,139.0,0,0
T02459,2026-01-02T23:58:00+00:00,U0005,R0074,1385.25,1,23,0,0,0,4197.83,0.33,1114,0,0,0,0,106.0,0,0
T02460,2026-01-02T23:59:00+00:00,U0125,R0337,157.33,1,23,0,0,0,5493.74,0.03,499,0,0,0,0,286.0,0,0
T02461,2026-01-03T00:00:00+00:00,U0035,R0044,4001.51,1,0,0,0,1,2028.73,1.97,1476,1,0,0,0,3.0,0,0
T02462,2026-01-03T00:01:00+00:00,U0107,R0441,6868.72,1,0,0,0,0,6452.31,1.06,1230,0,0,0,0,126.0,0,0
T02463,2026-01-03T00:02:00+00:00,U0179,R0310,1625.74,0,0,1,0,1,4106.05,0.4,1145,0,0,0,0,59.0,1,0
T02464,2026-01-03T00:03:00+00:00,U0160,R0093,636.24,1,0,0,0,0,2676.29,0.24,214,0,0,0,0,136.0,0,0
T02465,2026-01-03T00:04:00+00:00,U0109,R0283,5538.24,1,0,0,0,0,1771.0,3.13,579,0,0,0,0,285.0,0,0
T02466,2026-01-03T00:05:00+00:00,U0099,R0182,4842.52,1,0,0,0,0,2722.29,1.78,828,0,0,0,0,260.0,0,0
T02467,2026-01-03T00:06:00+00:00,U0109,R0310,2654.42,1,0,0,0,1,2113.47,1.26,579,1,0,0,0,2.0,0,0
T02468,2026-01-03T00:07:00+00:00,U0128,R0434,4123.53,1,0,0,0,0,3226.99,1.28,1107,0,0,0,0,369.0,0,1
T02469,2026-01-03T00:08:00+00:00,U0128,R0434,4123.53,0,0,1,0,1,3301.7,1.25,1107,1,1,1,1,1.0,1,1
T02470,2026-01-03T00:09:00+00:00,U0128,R0434,4123.53,0,0,1,0,2,3364.92,1.23,1107,2,2,2,2,1.0,2,1
T02471,2026-01-03T00:10:00+00:00,U0183,R0257,199.67,0,0,0,0,2,5230.75,0.04,827,0,0,0,0,19.0,1,0
T02472,2026-01-03T00:11:00+00:00,U0140,R0296,1879.0,1,0,0,1,1,6517.38,0.29,1219,0,0,0,0,47.0,0,0
T02473,2026-01-03T00:12:00+00:00,U0010,R0291,3458.31,1,0,0,0,0,3297.78,1.05,1038,0,0,0,0,107.0,0,0
T02474,2026-01-03T00:13:00+00:00,U0095,R0058,788.84,1,0,0,0,1,2585.77,0.31,333,0,0,0,0,27.0,0,0
T02475,2026-01-03T00:14:00+00:00,U0177,R0041,4488.36,1,0,0,0,0,3249.59,1.38,315,0,0,0,0,136.0,0,0
T02476,2026-01-03T00:15:00+00:00,U0188,R0270,2118.93,1,0,1,0,0,5306.23,0.4,1681,0,0,0,0,106.0,0,0
T02477,2026-01-03T00:16:00+00:00,U0193,R0399,4912.43,1,0,0,0,0,3663.81,1.34,158,0,0,0,0,117.0,0,0
T02478,2026-01-03T00:17:00+00:00,U0133,R0041,2356.31,1,0,0,0,0,4148.03,0.57,257,0,0,0,0,105.0,0,0
T02479,2026-01-03T00:18:00+00:00,U0157,R0046,357.67,1,0,0,0,1,3234.27,0.11,793,0,0,0,0,34.0,0,0
T02480,2026-01-03T00:19:00+00:00,U0162,R0380,6974.94,1,0,0,0,0,6925.76,1.01,391,0,0,0,0,418.0,0,0
T02481,2026-01-03T00:20:00+00:00,U0172,R0040,5314.77,1,0,0,0,0,5313.43,1.0,1447,0,0,0,0,582.0,0,0
T02482,2026-01-03T00:21:00+00:00,U0139,R0409,8210.92,1,0,0,0,0,2266.86,3.62,1504,0,0,0,0,94.0,0,0
T02483,2026-01-03T00:22:00+00:00,U0157,R0028,3680.1,1,0,0,0,2,3013.0,1.22,793,1,0,0,0,4.0,0,0
T02484,2026-01-03T00:23:00+00:00,U0137,R0399,1609.84,1,0,0,0,0,4327.05,0.37,511,0,0,0,0,83.0,0,0
T02485,2026-01-03T00:24:00+00:00,U0117,R0263,1783.57,1,0,0,0,0,4346.03,0.41,876,0,0,0,0,171.0,0,0
T02486,2026-01-03T00:25:00+00:00,U0147,R0376,2404.32,1,0,1,0,0,3981.28,0.6,1663,0,0,0,0,173.0,0,0
T02487,2026-01-03T00:26:00+00:00,U0091,R0492,2675.66,1,0,0,0,0,4349.74,0.62,823,0,0,0,0,132.0,0,0
T02488,2026-01-03T00:27:00+00:00,U0076,R0149,363.16,1,0,0,1,0,3103.15,0.12,1540,0,0,0,0,218.0,0,0
T02489,2026-01-03T00:28:00+00:00,U0178,R0473,2732.02,1,0,0,0,0,3780.75,0.72,1860,0,0,0,0,66.0,0,0
T02490,2026-01-03T00:29:00+00:00,U0078,R0373,4000.33,1,0,0,0,0,5756.36,0.69,797,0,0,0,0,126.0,0,0
T02491,2026-01-03T00:30:00+00:00,U0067,R0032,3506.47,1,0,0,1,0,4052.38,0.87,1381,0,0,0,0,471.0,0,0
T02492,2026-01-03T00:31:00+00:00,U0149,R0087,4951.45,1,0,0,0,0,1814.65,2.73,1912,0,0,0,0,421.0,0,0
T02493,2026-01-03T00:32:00+00:00,U0169,R0150,2343.01,1,0,0,0,0,3213.3,0.73,1949,0,0,0,0,113.0,0,0
T02494,2026-01-03T00:33:00+00:00,U0160,R0014,33457.66,1,0,1,0,1,2519.36,13.28,214,0,0,0,0,30.0,0,1
T02495,2026-01-03T00:34:00+00:00,U0022,R0065,2045.0,1,0,0,0,0,6354.77,0.32,887,0,0,0,0,324.0,0,0
T02496,2026-01-03T00:35:00+00:00,U0072,R0130,1630.28,1,0,1,0,0,3265.73,0.5,1208,0,0,0,0,140.0,0,0
T02497,2026-01-03T00:36:00+00:00,U0072,R0141,915.9,1,0,0,0,1,3084.01,0.3,1208,1,0,0,0,1.0,0,0
T02498,2026-01-03T00:37:00+00:00,U0004,R0380,1429.67,1,0,0,0,0,4288.89,0.33,1108,0,0,0,0,430.0,0,0
T02499,2026-01-03T00:38:00+00:00,U0045,R0466,4192.57,1,0,0,0,1,3011.92,1.39,1072,0,0,0,0,45.0,0,0
T02500,2026-01-03T00:39:00+00:00,U0039,R0338,10793.73,1,0,1,0,0,2755.43,3.92,176,0,0,0,0,211.0,0,1
T02501,2026-01-03T00:40:00+00:00,U0045,R0134,1863.23,1,0,0,0,2,3119.25,0.6,1072,1,0,0,0,2.0,0,0
T02502,2026-01-03T00:41:00+00:00,U0061,R0249,4010.67,1,0,0,0,0,3291.03,1.22,255,0,0,0,0,139.0,0,0
T02503,2026-01-03T00:42:00+00:00,U0136,R0442,13825.12,1,0,1,0,0,2292.41,6.03,126,0,0,0,0,291.0,0,1
T02504,2026-01-03T00:43:00+00:00,U0022,R0496,1638.13,1,0,0,0,1,6046.93,0.27,887,1,0,0,0,9.0,0,0
T02505,2026-01-03T00:44:00+00:00,U0040,R0429,7229.01,1,0,0,0,0,4201.3,1.72,1571,0,0,0,0,157.0,0,0
T02506,2026-01-03T00:45:00+00:00,U0106,R0395,3772.39,1,0,0,0,0,2826.48,1.33,1381,0,0,0,0,144.0,0,0
T02507,2026-01-03T00:46:00+00:00,U0170,R0226,1587.35,1,0,0,0,0,5082.51,0.31,1804,0,0,0,0,73.0,0,0
T02508,2026-01-03T00:47:00+00:00,U0043,R0108,2228.68,1,0,0,0,0,3237.59,0.69,1004,0,0,0,0,150.0,0,0
T02509,2026-01-03T00:48:00+00:00,U0089,R0028,3821.35,0,0,0,0,0,3441.01,1.11,622,0,0,0,0,65.0,1,0
T02510,2026-01-03T00:49:00+00:00,U0194,R0420,2163.47,1,0,0,0,0,4890.7,0.44,1773,0,0,0,0,73.0,0,0
T02511,2026-01-03T00:50:00+00:00,U0043,R0238,2106.96,1,0,0,0,1,3170.33,0.66,1004,1,0,0,0,3.0,0,0
T02512,2026-01-03T00:51:00+00:00,U0078,R0244,6928.97,1,0,0,0,1,5596.72,1.24,797,0,0,0,0,22.0,0,0
T02513,2026-01-03T00:52:00+00:00,U0193,R0473,458.27,1,0,0,0,1,3723.27,0.12,158,0,0,0,0,36.0,0,0
T02514,2026-01-03T00:53:00+00:00,U0098,R0350,3970.65,1,0,0,0,0,9768.4,0.41,938,0,0,0,0,81.0,0,0
T02515,2026-01-03T00:54:00+00:00,U0122,R0135,5987.12,1,0,0,0,0,4054.19,1.48,1750,0,0,0,0,505.0,0,0
T02516,2026-01-03T00:55:00+00:00,U0112,R0007,6592.07,1,0,0,0,0,3804.89,1.73,939,0,0,0,0,63.0,0,0
T02517,2026-01-03T00:56:00+00:00,U0115,R0196,2855.85,1,0,0,0,0,3704.57,0.77,579,0,0,0,0,291.0,0,0
T02518,2026-01-03T00:57:00+00:00,U0136,R0350,2486.14,1,0,0,0,1,3573.82,0.7,126,0,0,0,0,15.0,0,0
T02519,2026-01-03T00:58:00+00:00,U0025,R0470,269.8,1,0,0,1,0,2752.81,0.1,1745,0,0,0,0,366.0,0,0
T02520,2026-01-03T00:59:00+00:00,U0091,R0490,3132.67,1,0,0,0,1,4110.58,0.76,823,0,0,0,0,33.0,0,0
T02521,2026-01-03T01:00:00+00:00,U0157,R0471,949.48,1,1,0,0,2,3060.65,0.31,793,0,0,0,0,38.0,0,0
T02522,2026-01-03T01:01:00+00:00,U0070,R0172,982.68,0,1,0,1,0,4338.31,0.23,664,0,0,0,0,133.0,1,0
T02523,2026-01-03T01:02:00+00:00,U0026,R0131,1210.98,1,1,0,0,0,8088.54,0.15,407,0,0,0,0,151.0,0,0
T02524,2026-01-03T01:03:00+00:00,U0101,R0237,4716.04,1,1,0,0,0,7324.3,0.64,1165,0,0,0,0,115.0,0,0
T02525,2026-01-03T01:04:00+00:00,U0192,R0124,3132.0,1,1,0,0,0,2840.62,1.1,887,0,0,0,0,366.0,0,0
T02526,2026-01-03T01:05:00+00:00,U0151,R0395,1223.65,1,1,0,0,0,3272.42,0.37,1656,0,0,0,0,610.0,0,0
T02527,2026-01-03T01:06:00+00:00,U0087,R0347,18499.38,1,1,0,0,0,2862.04,6.46,1811,0,0,0,0,135.0,0,1
T02528,2026-01-03T01:07:00+00:00,U0047,R0161,6714.32,1,1,0,0,0,8321.95,0.81,957,0,0,0,0,197.0,0,0
T02529,2026-01-03T01:08:00+00:00,U0173,R0005,1288.59,1,1,0,0,0,2700.73,0.48,1772,0,0,0,0,135.0,0,0
T02530,2026-01-03T01:09:00+00:00,U0004,R0211,7100.77,1,1,0,0,1,4002.97,1.77,1108,0,0,0,0,32.0,0,0
T02531,2026-01-03T01:10:00+00:00,U0027,R0351,4070.61,1,1,0,1,0,5736.86,0.71,1808,0,0,0,0,406.0,0,0
T02532,2026-01-03T01:11:00+00:00,U0057,R0372,3690.37,1,1,1,0,0,3235.17,1.14,459,0,0,0,0,368.0,0,0
T02533,2026-01-03T01:12:00+00:00,U0050,R0018,4169.27,1,1,0,1,0,2797.8,1.49,682,0,0,0,0,284.0,0,0
T02534,2026-01-03T01:13:00+00:00,U0024,R0030,1232.79,1,1,0,0,0,2571.27,0.48,1553,0,0,0,0,167.0,0,0
T02535,2026-01-03T01:14:00+00:00,U0169,R0458,490.99,1,1,0,0,1,3164.95,0.16,1949,0,0,0,0,42.0,0,0
T02536,2026-01-03T01:15:00+00:00,U0154,R0327,744.17,1,1,0,0,0,3121.29,0.24,1010,0,0,0,0,408.0,0,0
T02537,2026-01-03T01:16:00+00:00,U0031,R0045,1289.3,1,1,0,0,0,7158.48,0.18,1886,0,0,0,0,379.0,0,0
T02538,2026-01-03T01:17:00+00:00,U0034,R0193,312.08,1,1,0,0,0,2794.43,0.11,1925,0,0,0,0,135.0,0,0
T02539,2026-01-03T01:18:00+00:00,U0166,R0290,710.42,1,1,0,0,0,3973.7,0.18,1257,0,0,0,0,547.0,0,0
T02540,2026-01-03T01:19:00+00:00,U0048,R0459,4899.09,1,1,0,0,0,4877.32,1.0,453,0,0,0,0,181.0,0,0
T02541,2026-01-03T01:20:00+00:00,U0048,R0130,3826.61,1,1,0,0,1,4879.74,0.78,453,1,0,0,0,1.0,0,0
T02542,2026-01-03T01:21:00+00:00,U0170,R0480,4959.0,1,1,0,0,1,4849.5,1.02,1804,0,0,0,0,35.0,0,0
T02543,2026-01-03T01:22:00+00:00,U0117,R0473,3432.42,1,1,0,0,1,4185.88,0.82,876,0,0,0,0,58.0,0,0
T02544,2026-01-03T01:23:00+00:00,U0197,R0219,1773.12,1,1,0,0,0,4526.16,0.39,274,0,0,0,0,138.0,0,0
T02545,2026-01-03T01:24:00+00:00,U0171,R0395,2742.27,1,1,0,0,0,8184.8,0.34,1154,0,0,0,0,135.0,0,0
T02546,2026-01-03T01:25:00+00:00,U0066,R0083,1289.13,1,1,0,0,0,10488.13,0.12,532,0,0,0,0,411.0,0,0
T02547,2026-01-03T01:26:00+00:00,U0071,R0398,985.59,1,1,0,0,0,7804.63,0.13,17,0,0,0,0,227.0,0,0
T02548,2026-01-03T01:27:00+00:00,U0100,R0171,6598.91,1,1,0,0,0,3880.32,1.7,1160,0,0,0,0,173.0,0,0
T02549,2026-01-03T01:28:00+00:00,U0067,R0490,231.18,1,1,0,0,1,4018.26,0.06,1381,0,0,0,0,58.0,0,0
T02550,2026-01-03T01:29:00+00:00,U0046,R0226,2253.67,1,1,0,0,0,5314.04,0.42,854,0,0,0,0,154.0,0,0
T02551,2026-01-03T01:30:00+00:00,U0052,R0313,4435.61,1,1,0,0,0,3730.58,1.19,51,0,0,0,0,365.0,0,0
T02552,2026-01-03T01:31:00+00:00,U0166,R0252,3404.14,1,1,0,0,1,3831.82,0.89,1257,0,0,0,0,13.0,0,0
T02553,2026-01-03T01:32:00+00:00,U0139,R0394,6420.57,1,1,0,0,0,2691.44,2.39,1504,0,0,0,0,71.0,0,0
T02554,2026-01-03T01:33:00+00:00,U0158,R0330,5058.28,1,1,0,0,0,4983.25,1.02,1865,0,0,0,0,115.0,0,0
T02555,2026-01-03T01:34:00+00:00,U0114,R0367,1244.16,1,1,0,0,0,4901.93,0.25,447,0,0,0,0,125.0,0,0
T02556,2026-01-03T01:35:00+00:00,U0009,R0038,4271.61,1,1,0,0,0,2789.87,1.53,1744,0,0,0,0,498.0,0,0
T02557,2026-01-03T01:36:00+00:00,U0187,R0129,2449.98,1,1,0,0,0,4088.72,0.6,1389,0,0,0,0,227.0,0,0
T02558,2026-01-03T01:37:00+00:00,U0005,R0460,3758.1,1,1,0,0,0,3942.14,0.95,1114,0,0,0,0,99.0,0,0
T02559,2026-01-03T01:38:00+00:00,U0168,R0328,1920.99,1,1,0,0,0,5655.56,0.34,820,0,0,0,0,332.0,0,0
T02560,2026-01-03T01:39:00+00:00,U0010,R0341,6675.07,1,1,0,0,0,3307.22,2.02,1038,0,0,0,0,87.0,0,1
T02561,2026-01-03T01:40:00+00:00,U0010,R0341,6675.07,0,1,0,0,1,3494.33,1.91,1038,1,1,1,1,1.0,1,1
T02562,2026-01-03T01:41:00+00:00,U0010,R0341,6675.07,0,1,0,0,2,3661.73,1.82,1038,2,2,2,2,1.0,2,1
T02563,2026-01-03T01:42:00+00:00,U0039,R0359,409.87,1,1,0,0,0,3648.58,0.11,176,0,0,0,0,63.0,0,0
T02564,2026-01-03T01:43:00+00:00,U0101,R0295,4868.0,1,1,0,0,1,7087.19,0.69,1165,0,0,0,0,40.0,0,0
T02565,2026-01-03T01:44:00+00:00,U0182,R0482,6925.44,1,1,0,0,0,5160.87,1.34,269,0,0,0,0,233.0,0,1
T02566,2026-01-03T01:45:00+00:00,U0182,R0482,6925.44,0,1,0,0,1,5296.61,1.31,269,1,1,1,1,1.0,1,1
T02567,2026-01-03T01:46:00+00:00,U0182,R0482,6925.44,0,1,1,0,2,5412.95,1.28,269,2,2,2,2,1.0,2,1
T02568,2026-01-03T01:47:00+00:00,U0123,R0224,3073.54,1,1,0,0,0,2326.01,1.32,832,0,0,0,0,155.0,0,0
T02569,2026-01-03T01:48:00+00:00,U0187,R0400,5853.52,1,1,0,0,1,3979.47,1.47,1389,0,0,0,0,12.0,0,0
T02570,2026-01-03T01:49:00+00:00,U0018,R0277,6424.21,1,1,0,0,0,5454.89,1.18,74,0,0,0,0,230.0,0,0
T02571,2026-01-03T01:50:00+00:00,U0099,R0489,4767.85,1,1,0,0,0,2898.97,1.64,828,0,0,0,0,105.0,0,0
T02572,2026-01-03T01:51:00+00:00,U0200,R0247,1775.22,1,1,0,0,0,2868.95,0.62,1096,0,0,0,0,591.0,0,0
T02573,2026-01-03T01:52:00+00:00,U0138,R0479,1920.39,1,1,0,0,0,7315.02,0.26,1898,0,0,0,0,224.0,0,0
T02574,2026-01-03T01:53:00+00:00,U0086,R0350,2687.07,1,1,0,0,0,2221.94,1.21,1686,0,0,0,0,1069.0,0,0
T02575,2026-01-03T01:54:00+00:00,U0015,R0324,610.52,1,1,0,0,0,4747.83,0.13,1206,0,0,0,0,269.0,0,0
T02576,2026-01-03T01:55:00+00:00,U0166,R0047,350.89,1,1,0,0,2,3814.0,0.09,1257,0,0,0,0,24.0,0,0
T02577,2026-01-03T01:56:00+00:00,U0088,R0042,11035.21,1,1,1,1,0,10583.97,1.04,1812,0,0,0,0,651.0,0,1
T02578,2026-01-03T01:57:00+00:00,U0195,R0393,7814.73,1,1,0,0,0,2713.23,2.88,1578,0,0,0,0,502.0,0,0
T02579,2026-01-03T01:58:00+00:00,U0052,R0091,1133.37,1,1,0,0,1,3784.81,0.3,51,0,0,0,0,28.0,0,0
T02580,2026-01-03T01:59:00+00:00,U0099,R0339,1740.39,1,1,0,0,1,3042.73,0.57,828,1,0,0,0,9.0,0,0
T02581,2026-01-03T02:00:00+00:00,U0179,R0200,4429.7,1,2,0,0,0,3899.35,1.14,1145,0,0,0,0,118.0,0,0
T02582,2026-01-03T02:01:00+00:00,U0162,R0353,668.33,1,2,0,0,0,6931.91,0.1,391,0,0,0,0,102.0,0,0
T02583,2026-01-03T02:02:00+00:00,U0022,R0454,230.76,1,2,0,0,0,5753.01,0.04,887,0,0,0,0,79.0,0,0
T02584,2026-01-03T02:03:00+00:00,U0189,R0098,3957.19,1,2,0,0,0,2940.83,1.35,690,0,0,0,0,319.0,0,0
T02585,2026-01-03T02:04:00+00:00,U0050,R0013,1366.41,1,2,0,0,1,2969.24,0.46,682,0,0,0,0,52.0,0,0
T02586,2026-01-03T02:05:00+00:00,U0152,R0123,3916.1,1,2,0,0,0,7190.28,0.54,1711,0,0,0,0,135.0,0,0
T02587,2026-01-03T02:06:00+00:00,U0017,R0406,4919.23,1,2,0,0,0,4093.7,1.2,53,0,0,0,0,165.0,0,0
T02588,2026-01-03T02:07:00+00:00,U0079,R0256,1369.64,1,2,0,0,0,2375.89,0.58,128,0,0,0,0,1081.0,0,0
T02589,2026-01-03T02:08:00+00:00,U0116,R0495,6382.06,1,2,0,0,0,6275.33,1.02,463,0,0,0,0,151.0,0,0
T02590,2026-01-03T02:09:00+00:00,U0010,R0174,1466.55,1,2,1,0,3,3812.4,0.38,1038,0,0,0,0,28.0,0,0
T02591,2026-01-03T02:10:00+00:00,U0185,R0022,999.46,1,2,0,1,0,3853.7,0.26,1483,0,0,0,0,357.0,0,0
T02592,2026-01-03T02:11:00+00:00,U0055,R0414,8122.02,1,2,0,0,0,3758.36,2.16,553,0,0,0,0,254.0,0,0
T02593,2026-01-03T02:12:00+00:00,U0134,R0235,1166.53,1,2,0,0,0,3442.74,0.34,723,0,0,0,0,242.0,0,0
T02594,2026-01-03T02:13:00+00:00,U0138,R0077,2936.74,1,2,0,0,1,7031.09,0.42,1898,0,0,0,0,21.0,0,0
T02595,2026-01-03T02:14:00+00:00,U0060,R0474,2157.66,1,2,0,0,0,2818.46,0.77,1595,0,0,0,0,352.0,0,0
T02596,2026-01-03T02:15:00+00:00,U0189,R0073,7855.1,1,2,1,0,1,3013.42,2.61,690,0,0,0,0,12.0,0,1
T02597,2026-01-03T02:16:00+00:00,U0005,R0242,1224.62,1,2,0,0,1,3926.8,0.31,1114,0,0,0,0,39.0,0,0
T02598,2026-01-03T02:17:00+00:00,U0159,R0024,1951.35,1,2,0,0,0,4687.7,0.42,490,0,0,0,0,409.0,0,0
T02599,2026-01-03T02:18:00+00:00,U0167,R0067,1164.22,1,2,0,0,0,3093.4,0.38,1126,0,0,0,0,564.0,0,0
T02600,2026-01-03T02:19:00+00:00,U0162,R0026,6305.12,1,2,0,0,1,6235.96,1.01,391,0,0,0,0,18.0,0,0
T02601,2026-01-03T02:20:00+00:00,U0025,R0234,5486.24,1,2,0,0,0,2338.98,2.35,1745,0,0,0,0,82.0,0,0
T02602,2026-01-03T02:21:00+00:00,U0152,R0033,3062.36,1,2,0,0,1,6781.01,0.45,1711,0,0,0,0,16.0,0,0
T02603,2026-01-03T02:22:00+00:00,U0028,R0059,1355.49,1,2,0,0,0,3768.6,0.36,1290,0,0,0,0,186.0,0,0
T02604,2026-01-03T02:23:00+00:00,U0158,R0113,2120.66,1,2,0,0,1,4987.2,0.43,1865,0,0,0,0,50.0,0,0
T02605,2026-01-03T02:24:00+00:00,U0052,R0219,3614.2,1,2,0,0,2,3595.42,1.01,51,0,0,0,0,26.0,0,0
T02606,2026-01-03T02:25:00+00:00,U0189,R0348,3478.71,1,2,0,0,2,3336.2,1.04,690,1,0,0,0,10.0,0,0
T02607,2026-01-03T02:26:00+00:00,U0031,R0500,6567.32,1,2,0,0,0,6424.83,1.02,1886,0,0,0,0,70.0,0,0
T02608,2026-01-03T02:27:00+00:00,U0140,R0071,3187.52,1,2,0,0,0,6227.48,0.51,1219,0,0,0,0,136.0,0,0
T02609,2026-01-03T02:28:00+00:00,U0055,R0392,6414.17,1,2,0,0,1,4094.02,1.57,553,0,0,0,0,17.0,0,0
T02610,2026-01-03T02:29:00+00:00,U0045,R0172,609.32,1,2,0,1,0,3014.59,0.2,1072,0,0,0,0,109.0,0,0
T02611,2026-01-03T02:30:00+00:00,U0071,R0073,4013.94,1,2,0,1,0,7425.8,0.54,17,0,0,0,0,64.0,0,0
T02612,2026-01-03T02:31:00+00:00,U0044,R0357,914.47,1,2,0,0,0,5952.25,0.15,1950,0,0,0,0,413.0,0,0
T02613,2026-01-03T02:32:00+00:00,U0043,R0225,24307.8,1,2,0,1,0,3103.87,7.83,1004,0,0,0,0,102.0,0,1
T02614,2026-01-03T02:33:00+00:00,U0149,R0021,3960.19,1,2,0,0,0,2206.75,1.79,1912,0,0,0,0,122.0,0,0
T02615,2026-01-03T02:34:00+00:00,U0162,R0314,5636.44,1,2,1,0,2,6242.87,0.9,391,0,0,0,0,15.0,0,0
T02616,2026-01-03T02:35:00+00:00,U0041,R0009,2540.18,1,2,0,0,0,3473.53,0.73,680,0,0,0,0,195.0,0,0
T02617,2026-01-03T02:36:00+00:00,U0021,R0004,2912.18,1,2,0,0,0,6421.71,0.45,486,0,0,0,0,506.0,0,0
T02618,2026-01-03T02:37:00+00:00,U0023,R0362,2401.15,1,2,1,1,0,2629.39,0.91,1815,0,0,0,0,240.0,0,1
T02619,2026-01-03T02:38:00+00:00,U0023,R0362,2401.15,0,2,1,1,1,2604.03,0.92,1815,1,1,1,1,1.0,1,1
T02620,2026-01-03T02:39:00+00:00,U0023,R0362,2401.15,0,2,1,1,2,2583.74,0.93,1815,2,2,2,2,1.0,2,1
T02621,2026-01-03T02:40:00+00:00,U0073,R0214,2682.22,1,2,0,0,0,6905.84,0.39,1369,0,0,0,0,207.0,0,0
T02622,2026-01-03T02:41:00+00:00,U0198,R0244,6115.82,1,2,0,1,0,2686.97,2.28,1947,0,0,0,0,238.0,0,1
T02623,2026-01-03T02:42:00+00:00,U0053,R0074,20753.28,1,2,0,1,0,2183.98,9.5,1252,0,0,0,0,183.0,0,1
T02624,2026-01-03T02:43:00+00:00,U0134,R0231,1983.94,1,2,0,0,1,3235.81,0.61,723,0,0,0,0,31.0,0,0
T02625,2026-01-03T02:44:00+00:00,U0045,R0313,1699.55,1,2,0,1,1,2829.57,0.6,1072,0,0,0,0,15.0,0,0
T02626,2026-01-03T02:45:00+00:00,U0153,R0093,3813.01,1,2,0,0,0,2843.06,1.34,798,0,0,0,0,366.0,0,0
T02627,2026-01-03T02:46:00+00:00,U0157,R0487,499.08,1,2,0,0,0,2919.9,0.17,793,0,0,0,0,106.0,0,0
T02628,2026-01-03T02:47:00+00:00,U0078,R0179,2276.86,1,2,0,0,0,5707.74,0.4,797,0,0,0,0,116.0,0,0
T02629,2026-01-03T02:48:00+00:00,U0143,R0121,3583.14,1,2,0,0,0,2987.15,1.2,194,0,0,0,0,174.0,0,0
T02630,2026-01-03T02:49:00+00:00,U0136,R0049,10424.78,1,2,0,1,0,3465.05,3.01,126,0,0,0,0,112.0,0,1
T02631,2026-01-03T02:50:00+00:00,U0195,R0277,4094.69,1,2,0,0,1,3077.63,1.33,1578,0,0,0,0,53.0,0,0
T02632,2026-01-03T02:51:00+00:00,U0119,R0395,7994.96,1,2,1,1,0,8681.07,0.92,112,0,0,0,0,213.0,0,1
T02633,2026-01-03T02:52:00+00:00,U0054,R0142,5279.33,1,2,1,1,0,6226.77,0.85,712,0,0,0,0,251.0,0,1
T02634,2026-01-03T02:53:00+00:00,U0029,R0408,755.27,1,2,1,0,0,14828.71,0.05,316,0,0,0,0,443.0,0,0
T02635,2026-01-03T02:54:00+00:00,U0122,R0255,644.7,1,2,0,1,0,4202.87,0.15,1750,0,0,0,0,120.0,0,0
T02636,2026-01-03T02:55:00+00:00,U0172,R0473,642.42,1,2,0,0,0,5313.5,0.12,1447,0,0,0,0,155.0,0,0
T02637,2026-01-03T02:56:00+00:00,U0166,R0187,2221.67,1,2,0,0,0,3675.47,0.6,1257,0,0,0,0,61.0,0,0
T02638,2026-01-03T02:57:00+00:00,U0112,R0129,4407.04,1,2,0,0,0,3979.09,1.11,939,0,0,0,0,122.0,0,0
T02639,2026-01-03T02:58:00+00:00,U0195,R0233,4284.33,1,2,0,0,1,3145.43,1.36,1578,1,0,0,0,8.0,0,0
T02640,2026-01-03T02:59:00+00:00,U0190,R0027,860.82,1,2,0,0,0,2801.15,0.31,1087,0,0,0,0,674.0,0,0
T02641,2026-01-03T03:00:00+00:00,U0046,R0081,284.47,1,3,0,0,0,5152.97,0.06,854,0,0,0,0,91.0,0,0
T02642,2026-01-03T03:01:00+00:00,U0125,R0264,5602.33,1,3,0,0,0,5112.57,1.1,499,0,0,0,0,182.0,0,0
T02643,2026-01-03T03:02:00+00:00,U0061,R0370,4349.0,1,3,0,0,0,3346.38,1.3,255,0,0,0,0,141.0,0,0
T02644,2026-01-03T03:03:00+00:00,U0149,R0167,5802.02,1,3,0,0,1,2401.58,2.42,1912,0,0,0,0,30.0,0,0
T02645,2026-01-03T03:04:00+00:00,U0192,R0347,1123.88,1,3,0,0,0,2864.91,0.39,887,0,0,0,0,120.0,0,0
T02646,2026-01-03T03:05:00+00:00,U0059,R0399,22792.41,1,3,1,0,0,3604.36,6.32,75,0,0,0,0,656.0,0,1
T02647,2026-01-03T03:06:00+00:00,U0059,R0051,4461.92,1,3,0,0,1,6002.87,0.74,75,1,0,0,0,1.0,0,0
T02648,2026-01-03T03:07:00+00:00,U0106,R0446,6652.78,1,3,0,0,0,2873.77,2.31,1381,0,0,0,0,142.0,0,0
T02649,2026-01-03T03:08:00+00:00,U0057,R0038,5475.57,1,3,0,0,0,3276.55,1.67,459,0,0,0,0,117.0,0,0
T02650,2026-01-03T03:09:00+00:00,U0125,R0028,8089.47,1,3,0,0,1,5145.22,1.57,499,1,0,0,0,8.0,0,0
T02651,2026-01-03T03:10:00+00:00,U0038,R0111,2469.55,1,3,0,0,0,3913.81,0.63,400,0,0,0,0,344.0,0,0
T02652,2026-01-03T03:11:00+00:00,U0117,R0092,3503.06,1,3,0,0,0,4141.56,0.85,876,0,0,0,0,109.0,0,0
T02653,2026-01-03T03:12:00+00:00,U0035,R0235,1472.51,1,3,1,0,0,2122.67,0.69,1476,0,0,0,0,192.0,0,0
T02654,2026-01-03T03:13:00+00:00,U0162,R0184,13234.77,1,3,0,0,2,6187.74,2.14,391,0,0,0,0,39.0,0,1
T02655,2026-01-03T03:14:00+00:00,U0052,R0172,5953.37,1,3,0,0,1,3596.67,1.66,51,0,0,0,0,50.0,0,0
T02656,2026-01-03T03:15:00+00:00,U0178,R0292,2890.7,1,3,0,0,0,3685.41,0.78,1860,0,0,0,0,167.0,0,0
T02657,2026-01-03T03:16:00+00:00,U0035,R0057,3030.94,1,3,0,0,1,2093.12,1.45,1476,1,0,0,0,4.0,0,0
T02658,2026-01-03T03:17:00+00:00,U0118,R0215,3125.24,1,3,0,0,0,3364.28,0.93,635,0,0,0,0,362.0,0,0
T02659,2026-01-03T03:18:00+00:00,U0088,R0113,11413.63,1,3,0,0,0,10609.03,1.08,1812,0,0,0,0,82.0,0,1
T02660,2026-01-03T03:19:00+00:00,U0155,R0081,2322.84,1,3,0,0,0,4635.2,0.5,1159,0,0,0,0,335.0,0,0
T02661,2026-01-03T03:20:00+00:00,U0164,R0488,3156.32,1,3,1,0,0,4297.46,0.73,1150,0,0,0,0,423.0,0,0
T02662,2026-01-03T03:21:00+00:00,U0044,R0296,16054.55,1,3,1,0,1,5232.57,3.07,1950,0,0,0,0,50.0,0,1
T02663,2026-01-03T03:22:00+00:00,U0059,R0045,358.67,1,3,0,0,2,5831.65,0.06,75,0,0,0,0,16.0,0,0
T02664,2026-01-03T03:23:00+00:00,U0134,R0251,5846.15,1,3,0,0,1,3131.49,1.87,723,0,0,0,0,40.0,0,0
T02665,2026-01-03T03:24:00+00:00,U0056,R0303,10077.61,1,3,0,0,0,4278.57,2.36,129,0,0,0,0,548.0,0,1
T02666,2026-01-03T03:25:00+00:00,U0119,R0143,2476.85,1,3,0,0,1,8604.84,0.29,112,0,0,0,0,34.0,0,0
T02667,2026-01-03T03:26:00+00:00,U0110,R0377,644.58,1,3,0,0,0,2296.73,0.28,29,0,0,0,0,1438.0,0,0
T02668,2026-01-03T03:27:00+00:00,U0064,R0168,4344.17,1,3,0,0,0,4418.8,0.98,1159,0,0,0,0,412.0,0,0
T02669,2026-01-03T03:28:00+00:00,U0057,R0457,2863.94,1,3,0,0,1,3459.8,0.83,459,0,0,0,0,20.0,0,0
T02670,2026-01-03T03:29:00+00:00,U0039,R0468,1866.91,1,3,0,0,0,3324.71,0.56,176,0,0,0,0,107.0,0,0
T02671,2026-01-03T03:30:00+00:00,U0002,R0214,1364.89,1,3,0,0,0,2814.79,0.48,1660,0,0,0,0,368.0,0,0
T02672,2026-01-03T03:31:00+00:00,U0011,R0241,9241.64,1,3,0,0,0,2934.6,3.15,177,0,0,0,0,409.0,0,0
T02673,2026-01-03T03:32:00+00:00,U0130,R0018,23871.25,1,3,1,1,0,3584.35,6.66,708,0,0,0,0,765.0,0,1
T02674,2026-01-03T03:33:00+00:00,U0101,R0246,1184.3,1,3,0,0,0,6902.25,0.17,1165,0,0,0,0,110.0,0,0
T02675,2026-01-03T03:34:00+00:00,U0179,R0421,4836.29,1,3,0,0,0,3940.15,1.23,1145,0,0,0,0,94.0,0,0
T02676,2026-01-03T03:35:00+00:00,U0127,R0124,1748.84,1,3,0,0,0,2378.81,0.74,675,0,0,0,0,376.0,0,0
T02677,2026-01-03T03:36:00+00:00,U0193,R0007,1651.28,1,3,0,0,0,3574.86,0.46,158,0,0,0,0,164.0,0,0
T02678,2026-01-03T03:37:00+00:00,U0105,R0487,3875.32,1,3,0,1,0,4624.94,0.84,203,0,0,0,0,816.0,0,0
T02679,2026-01-03T03:38:00+00:00,U0092,R0152,4724.16,1,3,0,0,0,4490.86,1.05,892,0,0,0,0,230.0,0,0
T02680,2026-01-03T03:39:00+00:00,U0024,R0009,618.72,1,3,0,0,0,2517.73,0.25,1553,0,0,0,0,146.0,0,0
T02681,2026-01-03T03:40:00+00:00,U0079,R0083,602.27,1,3,0,0,0,2264.09,0.27,128,0,0,0,0,93.0,0,0
T02682,2026-01-03T03:41:00+00:00,U0147,R0383,9452.83,1,3,0,0,0,3906.19,2.42,1663,0,0,0,0,196.0,0,0
T02683,2026-01-03T03:42:00+00:00,U0117,R0238,5520.98,1,3,0,0,1,4106.09,1.34,876,0,0,0,0,31.0,0,0
T02684,2026-01-03T03:43:00+00:00,U0181,R0208,3399.97,1,3,0,0,0,4560.19,0.75,215,0,0,0,0,358.0,0,0
T02685,2026-01-03T03:44:00+00:00,U0095,R0321,1107.53,1,3,0,0,0,2485.94,0.45,333,0,0,0,0,211.0,0,0
T02686,2026-01-03T03:45:00+00:00,U0163,R0001,291.1,1,3,0,0,0,3933.46,0.07,550,0,0,0,0,403.0,0,0
T02687,2026-01-03T03:46:00+00:00,U0019,R0198,4726.19,1,3,1,0,0,5948.04,0.79,1302,0,0,0,0,269.0,0,0
T02688,2026-01-03T03:47:00+00:00,U0086,R0272,8487.26,1,3,0,0,0,2314.96,3.67,1686,0,0,0,0,114.0,0,0
T02689,2026-01-03T03:48:00+00:00,U0110,R0386,4722.74,1,3,0,0,1,2131.52,2.22,29,0,0,0,0,22.0,0,0
T02690,2026-01-03T03:49:00+00:00,U0157,R0278,3994.69,1,3,0,0,0,2768.6,1.44,793,0,0,0,0,63.0,0,0
T02691,2026-01-03T03:50:00+00:00,U0054,R0404,1754.42,1,3,1,0,1,6163.61,0.28,712,0,0,0,0,58.0,0,0
T02692,2026-01-03T03:51:00+00:00,U0159,R0451,1166.56,1,3,0,0,0,4477.21,0.26,490,0,0,0,0,94.0,0,0
T02693,2026-01-03T03:52:00+00:00,U0015,R0264,260.5,1,3,0,1,0,4371.71,0.06,1206,0,0,0,0,118.0,0,0
T02694,2026-01-03T03:53:00+00:00,U0173,R0187,889.75,1,3,0,0,0,2592.1,0.34,1772,0,0,0,0,165.0,0,0
T02695,2026-01-03T03:54:00+00:00,U0029,R0197,5692.05,1,3,0,0,0,12014.02,0.47,316,0,0,0,0,61.0,0,0
T02696,2026-01-03T03:55:00+00:00,U0159,R0021,5483.16,1,3,0,0,1,4240.73,1.29,490,1,0,0,0,4.0,0,0
T02697,2026-01-03T03:56:00+00:00,U0045,R0332,3784.96,1,3,0,0,0,2748.85,1.38,1072,0,0,0,0,72.0,0,0
T02698,2026-01-03T03:57:00+00:00,U0018,R0288,5647.11,1,3,0,0,0,5511.91,1.02,74,0,0,0,0,128.0,0,0
T02699,2026-01-03T03:58:00+00:00,U0053,R0071,3413.07,1,3,0,0,0,3872.1,0.88,1252,0,0,0,0,76.0,0,0
T02700,2026-01-03T03:59:00+00:00,U0062,R0277,3544.35,1,3,0,0,0,4898.83,0.72,820,0,0,0,0,280.0,0,0
T02701,2026-01-03T04:00:00+00:00,U0123,R0378,4392.56,1,4,0,0,0,2419.45,1.82,832,0,0,0,0,133.0,0,0
T02702,2026-01-03T04:01:00+00:00,U0149,R0447,1944.52,1,4,0,0,1,2741.62,0.71,1912,0,0,0,0,58.0,0,0
T02703,2026-01-03T04:02:00+00:00,U0054,R0386,4405.84,1,4,0,0,1,5888.03,0.75,712,0,0,0,0,12.0,0,0
T02704,2026-01-03T04:03:00+00:00,U0058,R0165,2679.75,0,4,0,0,0,4439.44,0.6,1080,0,0,0,0,297.0,1,0
T02705,2026-01-03T04:04:00+00:00,U0069,R0258,1113.46,1,4,0,0,0,5913.55,0.19,1754,0,0,0,0,590.0,0,0
T02706,2026-01-03T04:05:00+00:00,U0071,R0028,3545.25,1,4,0,0,0,7246.23,0.49,17,0,0,0,0,95.0,0,0
T02707,2026-01-03T04:06:00+00:00,U0089,R0232,1724.19,1,4,0,0,0,3463.39,0.5,622,0,0,0,0,198.0,0,0
T02708,2026-01-03T04:07:00+00:00,U0135,R0425,4571.39,1,4,0,0,0,3089.64,1.48,1258,0,0,0,0,387.0,0,0
T02709,2026-01-03T04:08:00+00:00,U0182,R0273,22861.0,1,4,1,1,0,5513.79,4.15,269,0,0,0,0,142.0,0,1
T02710,2026-01-03T04:09:00+00:00,U0137,R0461,5247.46,1,4,0,0,0,4080.03,1.29,511,0,0,0,0,226.0,0,0
T02711,2026-01-03T04:10:00+00:00,U0159,R0189,2462.74,1,4,0,0,2,4323.56,0.57,490,0,0,0,0,15.0,0,0
T02712,2026-01-03T04:11:00+00:00,U0178,R0415,1933.16,1,4,0,0,1,3619.19,0.53,1860,0,0,0,0,56.0,0,0
T02713,2026-01-03T04:12:00+00:00,U0017,R0097,1761.84,1,4,0,0,0,4168.75,0.42,53,0,0,0,0,126.0,0,0
T02714,2026-01-03T04:13:00+00:00,U0118,R0045,161.01,1,4,1,0,1,3342.55,0.05,635,0,0,0,0,56.0,0,0
T02715,2026-01-03T04:14:00+00:00,U0046,R0148,1891.15,1,4,0,0,0,4909.55,0.39,854,0,0,0,0,74.0,0,0
T02716,2026-01-03T04:15:00+00:00,U0020,R0056,2014.54,1,4,0,0,0,3109.25,0.65,1664,0,0,0,0,566.0,0,0
T02717,2026-01-03T04:16:00+00:00,U0029,R0357,10825.98,1,4,1,0,1,10960.36,0.99,316,0,0,0,0,22.0,0,1
T02718,2026-01-03T04:17:00+00:00,U0039,R0448,7014.51,1,4,0,0,1,3192.18,2.2,176,0,0,0,0,48.0,0,0
T02719,2026-01-03T04:18:00+00:00,U0161,R0012,6301.48,1,4,0,0,0,2788.57,2.26,1632,0,0,0,0,385.0,0,0
T02720,2026-01-03T04:19:00+00:00,U0175,R0278,1316.71,1,4,0,0,0,2445.54,0.54,1375,0,0,0,0,1229.0,0,0
T02721,2026-01-03T04:20:00+00:00,U0122,R0178,2651.52,1,4,1,0,0,3948.72,0.67,1750,0,0,0,0,86.0,0,0
T02722,2026-01-03T04:21:00+00:00,U0189,R0331,4495.57,0,4,0,0,0,3345.11,1.34,690,0,0,0,0,116.0,1,0
T02723,2026-01-03T04:22:00+00:00,U0049,R0033,2640.29,1,4,0,0,0,1984.24,1.33,100,0,0,0,0,354.0,0,0
T02724,2026-01-03T04:23:00+00:00,U0060,R0428,2609.95,1,4,0,0,0,2745.04,0.95,1595,0,0,0,0,129.0,0,0
T02725,2026-01-03T04:24:00+00:00,U0166,R0172,1125.06,0,4,0,0,0,3619.56,0.31,1257,0,0,0,0,88.0,1,0
T02726,2026-01-03T04:25:00+00:00,U0088,R0336,3848.91,1,4,1,0,0,10651.38,0.36,1812,0,0,0,0,67.0,0,0
T02727,2026-01-03T04:26:00+00:00,U0084,R0249,5443.84,1,4,0,0,0,3718.57,1.46,1583,0,0,0,0,298.0,0,0
T02728,2026-01-03T04:27:00+00:00,U0179,R0272,1477.56,1,4,0,0,1,4004.16,0.37,1145,0,0,0,0,53.0,0,0
T02729,2026-01-03T04:28:00+00:00,U0114,R0235,2058.07,1,4,0,0,0,4640.66,0.44,447,0,0,0,0,174.0,0,0
T02730,2026-01-03T04:29:00+00:00,U0034,R0460,4099.94,1,4,0,0,0,2656.53,1.54,1925,0,0,0,0,192.0,0,0
T02731,2026-01-03T04:30:00+00:00,U0044,R0405,1205.24,1,4,1,0,0,6585.32,0.18,1950,0,0,0,0,69.0,0,0
T02732,2026-01-03T04:31:00+00:00,U0124,R0191,1477.54,0,4,0,0,0,2440.81,0.61,1661,0,0,0,0,364.0,1,0
T02733,2026-01-03T04:32:00+00:00,U0198,R0433,3616.22,1,4,0,0,0,2888.67,1.25,1947,0,0,0,0,111.0,0,0
T02734,2026-01-03T04:33:00+00:00,U0091,R0146,3074.84,1,4,0,0,0,3988.35,0.77,823,0,0,0,0,214.0,0,0
T02735,2026-01-03T04:34:00+00:00,U0043,R0317,284.78,1,4,0,0,0,4351.16,0.07,1004,0,0,0,0,122.0,0,0
T02736,2026-01-03T04:35:00+00:00,U0183,R0275,2436.54,1,4,0,0,0,4871.39,0.5,827,0,0,0,0,265.0,0,0
T02737,2026-01-03T04:36:00+00:00,U0045,R0430,1414.27,1,4,0,0,1,2817.92,0.5,1072,0,0,0,0,40.0,0,0
T02738,2026-01-03T04:37:00+00:00,U0171,R0407,1145.29,1,4,0,0,0,7580.07,0.15,1154,0,0,0,0,193.0,0,0
T02739,2026-01-03T04:38:00+00:00,U0061,R0060,5408.29,1,4,0,0,0,3418.0,1.58,255,0,0,0,0,96.0,0,0
T02740,2026-01-03T04:39:00+00:00,U0082,R0295,1268.95,1,4,0,0,0,6626.61,0.19,212,0,0,0,0,413.0,0,0
T02741,2026-01-03T04:40:00+00:00,U0067,R0190,1866.18,1,4,0,0,0,3795.49,0.49,1381,0,0,0,0,192.0,0,0
T02742,2026-01-03T04:41:00+00:00,U0144,R0363,3449.02,1,4,0,0,0,4483.24,0.77,685,0,0,0,0,355.0,0,0
T02743,2026-01-03T04:42:00+00:00,U0082,R0177,22272.44,1,4,1,1,1,6243.92,3.57,212,1,0,0,0,3.0,0,1
T02744,2026-01-03T04:43:00+00:00,U0115,R0277,2050.92,1,4,0,0,0,3627.41,0.57,579,0,0,0,0,227.0,0,0
T02745,2026-01-03T04:44:00+00:00,U0137,R0155,2193.25,1,4,0,0,1,4177.31,0.53,511,0,0,0,0,35.0,0,0
T02746,2026-01-03T04:45:00+00:00,U0007,R0208,854.56,1,4,0,0,0,7831.14,0.11,573,0,0,0,0,564.0,0,0
T02747,2026-01-03T04:46:00+00:00,U0197,R0075,2878.53,1,4,0,0,0,4296.74,0.67,274,0,0,0,0,203.0,0,0
T02748,2026-01-03T04:47:00+00:00,U0082,R0080,8345.3,1,4,0,0,2,7312.49,1.14,212,2,0,0,0,5.0,0,0
T02749,2026-01-03T04:48:00+00:00,U0190,R0280,6047.54,1,4,1,1,0,2687.01,2.25,1087,0,0,0,0,109.0,0,1
T02750,2026-01-03T04:49:00+00:00,U0190,R0280,6047.54,0,4,0,0,1,2873.71,2.1,1087,1,1,1,1,1.0,1,1
T02751,2026-01-03T04:50:00+00:00,U0190,R0280,6047.54,0,4,1,1,2,3040.75,1.99,1087,2,2,2,2,1.0,2,1
T02752,2026-01-03T04:51:00+00:00,U0085,R0332,599.46,0,4,0,0,0,4396.5,0.14,652,0,0,0,0,398.0,1,0
T02753,2026-01-03T04:52:00+00:00,U0122,R0459,21449.2,1,4,0,0,1,3862.24,5.55,1750,0,0,0,0,32.0,0,1
T02754,2026-01-03T04:53:00+00:00,U0194,R0294,4257.81,1,4,0,0,0,4754.34,0.9,1773,0,0,0,0,244.0,0,0
T02755,2026-01-03T04:54:00+00:00,U0145,R0374,2076.32,1,4,0,0,0,3308.44,0.63,94,0,0,0,0,467.0,0,0
T02756,2026-01-03T04:55:00+00:00,U0114,R0174,1359.65,1,4,0,0,1,4468.49,0.3,447,0,0,0,0,27.0,0,0
T02757,2026-01-03T04:56:00+00:00,U0188,R0246,3037.77,1,4,0,0,0,5078.57,0.6,1681,0,0,0,0,281.0,0,0
T02758,2026-01-03T04:57:00+00:00,U0036,R0348,3824.26,1,4,0,0,0,4615.92,0.83,219,0,0,0,0,323.0,0,0
T02759,2026-01-03T04:58:00+00:00,U0079,R0013,834.27,1,4,0,0,0,2097.91,0.4,128,0,0,0,0,78.0,0,0
T02760,2026-01-03T04:59:00+00:00,U0057,R0229,2955.02,1,4,0,0,0,3413.97,0.87,459,0,0,0,0,91.0,0,0
T02761,2026-01-03T05:00:00+00:00,U0084,R0029,972.4,1,5,0,1,1,3833.59,0.25,1583,0,0,0,0,34.0,0,0
T02762,2026-01-03T05:01:00+00:00,U0050,R0299,471.07,1,5,0,0,0,2791.15,0.17,682,0,0,0,0,177.0,0,0
T02763,2026-01-03T05:02:00+00:00,U0197,R0143,4080.74,1,5,0,0,1,4187.65,0.97,274,0,0,0,0,16.0,0,0
T02764,2026-01-03T05:03:00+00:00,U0022,R0276,3541.33,1,5,0,0,0,5407.87,0.65,887,0,0,0,0,181.0,0,0
T02765,2026-01-03T05:04:00+00:00,U0174,R0344,5125.69,1,5,0,0,0,4837.88,1.06,1108,0,0,0,0,323.0,0,0
T02766,2026-01-03T05:05:00+00:00,U0132,R0202,434.22,1,5,0,0,0,7748.8,0.06,12,0,0,0,0,966.0,0,0
T02767,2026-01-03T05:06:00+00:00,U0082,R0309,1939.03,1,5,0,0,3,7377.04,0.26,212,0,0,0,0,19.0,0,0
T02768,2026-01-03T05:07:00+00:00,U0015,R0466,1967.33,1,5,0,0,0,4029.11,0.49,1206,0,0,0,0,75.0,0,0
T02769,2026-01-03T05:08:00+00:00,U0102,R0076,1871.32,1,5,0,0,0,2570.19,0.73,1474,0,0,0,0,426.0,0,0
T02770,2026-01-03T05:09:00+00:00,U0110,R0190,191.16,1,5,0,1,0,2367.08,0.08,29,0,0,0,0,81.0,0,0
T02771,2026-01-03T05:10:00+00:00,U0004,R0146,3720.02,1,5,0,0,0,4284.59,0.87,1108,0,0,0,0,241.0,0,0
T02772,2026-01-03T05:11:00+00:00,U0079,R0229,7444.61,1,5,0,0,1,1983.03,3.75,128,0,0,0,0,13.0,0,0
T02773,2026-01-03T05:12:00+00:00,U0023,R0111,5906.07,1,5,0,0,0,2567.14,2.3,1815,0,0,0,0,153.0,0,0
T02774,2026-01-03T05:13:00+00:00,U0114,R0380,777.95,1,5,0,0,2,4274.18,0.18,447,0,0,0,0,18.0,0,0
T02775,2026-01-03T05:14:00+00:00,U0114,R0148,3780.89,1,5,0,0,3,4068.52,0.93,447,1,0,0,0,1.0,0,0
T02776,2026-01-03T05:15:00+00:00,U0187,R0497,5690.68,1,5,0,0,0,4096.6,1.39,1389,0,0,0,0,207.0,0,0
T02777,2026-01-03T05:16:00+00:00,U0187,R0459,2109.79,1,5,1,0,1,4190.37,0.5,1389,1,0,0,0,1.0,0,0
T02778,2026-01-03T05:17:00+00:00,U0151,R0307,1653.54,1,5,0,0,0,3101.69,0.53,1656,0,0,0,0,252.0,0,0
T02779,2026-01-03T05:18:00+00:00,U0054,R0156,4778.67,1,5,0,0,0,5800.85,0.82,712,0,0,0,0,76.0,0,0
T02780,2026-01-03T05:19:00+00:00,U0135,R0172,2582.86,1,5,0,0,0,3224.34,0.8,1258,0,0,0,0,72.0,0,0
T02781,2026-01-03T05:20:00+00:00,U0152,R0388,8290.14,1,5,0,0,0,6367.83,1.3,1711,0,0,0,0,179.0,0,0
T02782,2026-01-03T05:21:00+00:00,U0002,R0210,3457.77,1,5,0,0,0,2693.97,1.28,1660,0,0,0,0,111.0,0,0
T02783,2026-01-03T05:22:00+00:00,U0070,R0213,7810.87,0,5,0,0,0,4098.62,1.91,664,0,0,0,0,261.0,1,0
T02784,2026-01-03T05:23:00+00:00,U0119,R0364,963.41,1,5,0,0,0,7992.04,0.12,112,0,0,0,0,118.0,0,0
T02785,2026-01-03T05:24:00+00:00,U0036,R0103,7217.55,0,5,0,0,1,4576.33,1.58,219,0,0,0,0,27.0,1,0
T02786,2026-01-03T05:25:00+00:00,U0098,R0149,8391.68,1,5,0,0,0,9463.26,0.89,938,0,0,0,0,272.0,0,1
T02787,2026-01-03T05:26:00+00:00,U0011,R0422,3121.58,1,5,0,0,0,3355.06,0.93,177,0,0,0,0,115.0,0,0
T02788,2026-01-03T05:27:00+00:00,U0150,R0156,8980.21,1,5,1,1,0,4609.42,1.95,1080,0,0,0,0,719.0,0,1
T02789,2026-01-03T05:28:00+00:00,U0190,R0238,924.11,1,5,0,0,3,3191.09,0.29,1087,0,0,0,0,38.0,0,0
T02790,2026-01-03T05:29:00+00:00,U0001,R0079,6627.71,1,5,0,0,0,3216.81,2.06,1905,0,0,0,0,457.0,0,0
T02791,2026-01-03T05:30:00+00:00,U0164,R0428,2794.73,1,5,0,0,0,4215.95,0.66,1150,0,0,0,0,130.0,0,0
T02792,2026-01-03T05:31:00+00:00,U0032,R0335,329.21,1,5,0,0,0,4489.84,0.07,1853,0,0,0,0,1148.0,0,0
T02793,2026-01-03T05:32:00+00:00,U0074,R0214,1613.33,1,5,0,0,0,3659.85,0.44,589,0,0,0,0,336.0,0,0
T02794,2026-01-03T05:33:00+00:00,U0177,R0331,2037.6,1,5,0,0,0,3338.07,0.61,315,0,0,0,0,319.0,0,0
T02795,2026-01-03T05:34:00+00:00,U0031,R0392,6229.13,1,5,0,0,0,6440.67,0.97,1886,0,0,0,0,188.0,0,0
T02796,2026-01-03T05:35:00+00:00,U0018,R0307,688.74,1,5,0,0,0,5519.42,0.12,74,0,0,0,0,98.0,0,0
T02797,2026-01-03T05:36:00+00:00,U0149,R0247,1645.5,1,5,0,0,0,2669.16,0.62,1912,0,0,0,0,95.0,0,0
T02798,2026-01-03T05:37:00+00:00,U0067,R0322,285.49,1,5,0,0,1,3688.31,0.08,1381,0,0,0,0,57.0,0,0
T02799,2026-01-03T05:38:00+00:00,U0178,R0419,1714.8,1,5,0,0,0,3489.49,0.49,1860,0,0,0,0,87.0,0,0
T02800,2026-01-03T05:39:00+00:00,U0132,R0376,2858.21,1,5,0,0,1,6834.47,0.42,12,0,0,0,0,34.0,0,0
T02801,2026-01-03T05:40:00+00:00,U0067,R0084,1109.8,1,5,0,0,2,3509.21,0.32,1381,1,0,0,0,3.0,0,0
T02802,2026-01-03T05:41:00+00:00,U0038,R0164,1385.69,1,5,1,0,0,3733.28,0.37,400,0,0,0,0,151.0,0,0
T02803,2026-01-03T05:42:00+00:00,U0178,R0070,8269.86,1,5,0,0,1,3362.73,2.46,1860,1,0,0,0,4.0,0,0
T02804,2026-01-03T05:43:00+00:00,U0014,R0140,2096.22,1,5,0,0,0,4172.29,0.5,608,0,0,0,0,356.0,0,0
T02805,2026-01-03T05:44:00+00:00,U0163,R0467,3856.3,1,5,0,0,0,3673.29,1.05,550,0,0,0,0,119.0,0,0
T02806,2026-01-03T05:45:00+00:00,U0013,R0149,6006.58,1,5,0,0,0,4657.63,1.29,869,0,0,0,0,539.0,0,0
T02807,2026-01-03T05:46:00+00:00,U0164,R0480,1144.39,1,5,0,0,1,4121.2,0.28,1150,0,0,0,0,16.0,0,0
T02808,2026-01-03T05:47:00+00:00,U0050,R0393,1390.86,1,5,0,0,1,2559.14,0.54,682,0,0,0,0,46.0,0,0
T02809,2026-01-03T05:48:00+00:00,U0196,R0049,2988.27,1,5,0,0,0,4723.85,0.63,219,0,0,0,0,559.0,0,0
T02810,2026-01-03T05:49:00+00:00,U0043,R0279,2443.33,1,5,0,0,0,4125.25,0.59,1004,0,0,0,0,75.0,0,0
T02811,2026-01-03T05:50:00+00:00,U0081,R0424,16662.67,1,5,1,1,0,3802.72,4.38,1251,0,0,0,0,450.0,0,1
T02812,2026-01-03T05:51:00+00:00,U0078,R0139,3519.4,1,5,0,0,0,5443.82,0.65,797,0,0,0,0,184.0,0,0
T02813,2026-01-03T05:52:00+00:00,U0177,R0186,1113.44,1,5,0,0,1,3251.37,0.34,315,0,0,0,0,19.0,0,0
T02814,2026-01-03T05:53:00+00:00,U0149,R0181,3383.86,1,5,0,0,1,2583.86,1.31,1912,0,0,0,0,17.0,0,0
T02815,2026-01-03T05:54:00+00:00,U0004,R0071,1579.22,1,5,1,0,1,4237.54,0.37,1108,0,0,0,0,44.0,0,0
T02816,2026-01-03T05:55:00+00:00,U0096,R0399,5574.13,1,5,0,0,0,6223.91,0.9,322,0,0,0,0,569.0,0,0
T02817,2026-01-03T05:56:00+00:00,U0088,R0472,1675.31,1,5,0,0,0,10311.26,0.16,1812,0,0,0,0,91.0,0,0
T02818,2026-01-03T05:57:00+00:00,U0027,R0112,1227.48,1,5,0,0,0,5570.24,0.22,1808,0,0,0,0,287.0,0,0
T02819,2026-01-03T05:58:00+00:00,U0057,R0426,6335.37,0,5,0,0,1,3381.18,1.87,459,0,0,0,0,59.0,1,0
T02820,2026-01-03T05:59:00+00:00,U0144,R0315,377.26,1,5,0,0,0,4379.82,0.09,685,0,0,0,0,78.0,0,0
T02821,2026-01-03T06:00:00+00:00,U0135,R0434,174.45,1,6,0,0,1,3170.89,0.06,1258,0,0,0,0,41.0,0,0
T02822,2026-01-03T06:01:00+00:00,U0142,R0360,1888.21,1,6,1,0,0,4179.51,0.45,1708,0,0,0,0,679.0,0,0
T02823,2026-01-03T06:02:00+00:00,U0030,R0214,5578.73,1,6,0,0,0,4470.82,1.25,229,0,0,0,0,395.0,0,0
T02824,2026-01-03T06:03:00+00:00,U0020,R0060,739.14,1,6,0,0,0,3040.83,0.24,1664,0,0,0,0,108.0,0,0
T02825,2026-01-03T06:04:00+00:00,U0005,R0246,684.87,1,6,0,0,0,3718.94,0.18,1114,0,0,0,0,228.0,0,0
T02826,2026-01-03T06:05:00+00:00,U0177,R0186,7491.12,0,6,0,1,2,3117.75,2.4,315,0,0,0,0,13.0,1,0
T02827,2026-01-03T06:06:00+00:00,U0114,R0456,663.6,1,6,0,0,2,4052.54,0.16,447,0,0,0,0,52.0,0,0
T02828,2026-01-03T06:07:00+00:00,U0134,R0391,5686.86,1,6,0,0,0,3340.31,1.7,723,0,0,0,0,164.0,0,0
T02829,2026-01-03T06:08:00+00:00,U0045,R0364,9092.16,1,6,0,0,0,2730.2,3.33,1072,0,0,0,0,92.0,0,0
T02830,2026-01-03T06:09:00+00:00,U0191,R0418,4583.32,1,6,0,0,0,4022.55,1.14,982,0,0,0,0,578.0,0,0
T02831,2026-01-03T06:10:00+00:00,U0033,R0439,2696.58,1,6,0,0,0,3143.51,0.86,1103,0,0,0,0,385.0,0,0
T02832,2026-01-03T06:11:00+00:00,U0177,R0117,3150.68,1,6,0,1,3,3375.01,0.93,315,1,0,0,0,6.0,0,0
T02833,2026-01-03T06:12:00+00:00,U0054,R0067,270.01,1,6,0,0,1,5744.06,0.05,712,0,0,0,0,54.0,0,0
T02834,2026-01-03T06:13:00+00:00,U0109,R0354,14527.86,0,6,0,1,0,2158.55,6.73,579,0,0,0,0,367.0,1,1
T02835,2026-01-03T06:14:00+00:00,U0029,R0040,5278.17,1,6,0,0,0,10941.16,0.48,316,0,0,0,0,118.0,0,0
T02836,2026-01-03T06:15:00+00:00,U0124,R0388,6389.67,1,6,1,1,0,2353.24,2.72,1661,0,0,0,0,104.0,0,1
T02837,2026-01-03T06:16:00+00:00,U0051,R0056,2792.45,1,6,0,1,0,2732.58,1.02,60,0,0,0,0,662.0,0,0
T02838,2026-01-03T06:17:00+00:00,U0169,R0263,3358.08,1,6,0,0,0,3024.22,1.11,1949,0,0,0,0,303.0,0,0
T02839,2026-01-03T06:18:00+00:00,U0121,R0061,1576.91,1,6,1,0,0,3560.91,0.44,418,0,0,0,0,1003.0,0,0
T02840,2026-01-03T06:19:00+00:00,U0012,R0034,1431.08,1,6,0,0,0,4125.07,0.35,476,0,0,0,0,461.0,0,0
T02841,2026-01-03T06:20:00+00:00,U0003,R0387,1107.09,1,6,0,0,0,3945.84,0.28,1486,0,0,0,0,681.0,0,0
T02842,2026-01-03T06:21:00+00:00,U0032,R0472,7474.06,1,6,0,0,1,3895.47,1.92,1853,0,0,0,0,50.0,0,0
T02843,2026-01-03T06:22:00+00:00,U0151,R0462,1649.73,1,6,0,0,0,2990.29,0.55,1656,0,0,0,0,65.0,0,0
T02844,2026-01-03T06:23:00+00:00,U0172,R0180,8798.87,1,6,0,0,0,5079.94,1.73,1447,0,0,0,0,208.0,0,1
T02845,2026-01-03T06:24:00+00:00,U0038,R0434,416.84,1,6,0,0,1,3472.43,0.12,400,0,0,0,0,43.0,0,0
T02846,2026-01-03T06:25:00+00:00,U0072,R0486,3041.06,1,6,0,0,0,2867.2,1.06,1208,0,0,0,0,349.0,0,0
T02847,2026-01-03T06:26:00+00:00,U0091,R0083,4436.19,1,6,0,1,0,3886.84,1.14,823,0,0,0,0,113.0,0,0
T02848,2026-01-03T06:27:00+00:00,U0200,R0374,5683.84,1,6,0,0,0,2777.8,2.05,1096,0,0,0,0,276.0,0,0
T02849,2026-01-03T06:28:00+00:00,U0130,R0292,4115.16,1,6,0,0,0,5274.92,0.78,708,0,0,0,0,176.0,0,0
T02850,2026-01-03T06:29:00+00:00,U0149,R0391,1019.97,1,6,0,0,2,2645.39,0.39,1912,0,0,0,0,36.0,0,0
T02851,2026-01-03T06:30:00+00:00,U0056,R0367,1559.67,1,6,0,0,0,4692.78,0.33,129,0,0,0,0,186.0,0,0
T02852,2026-01-03T06:31:00+00:00,U0073,R0088,7933.55,1,6,0,0,0,6604.15,1.2,1369,0,0,0,0,231.0,0,0
T02853,2026-01-03T06:32:00+00:00,U0138,R0003,2970.43,1,6,0,0,0,6826.38,0.44,1898,0,0,0,0,259.0,0,0
T02854,2026-01-03T06:33:00+00:00,U0026,R0474,2169.44,0,6,1,0,0,7597.28,0.29,407,0,0,0,0,331.0,1,0
T02855,2026-01-03T06:34:00+00:00,U0130,R0436,5762.29,1,6,0,0,1,5185.71,1.11,708,1,0,0,0,6.0,0,0
T02856,2026-01-03T06:35:00+00:00,U0094,R0358,2980.37,1,6,0,0,0,2713.09,1.1,768,0,0,0,0,1229.0,0,0
T02857,2026-01-03T06:36:00+00:00,U0113,R0345,2131.9,1,6,0,0,0,3089.16,0.69,1440,0,0,0,0,603.0,0,0
T02858,2026-01-03T06:37:00+00:00,U0047,R0428,1935.29,1,6,0,0,0,8175.8,0.24,957,0,0,0,0,330.0,0,0
T02859,2026-01-03T06:38:00+00:00,U0098,R0218,795.79,1,6,1,0,0,9409.68,0.08,938,0,0,0,0,73.0,0,0
T02860,2026-01-03T06:39:00+00:00,U0059,R0209,2859.03,1,6,0,0,0,5284.35,0.54,75,0,0,0,0,197.0,0,0
T02861,2026-01-03T06:40:00+00:00,U0081,R0064,1750.59,1,6,0,0,1,4791.94,0.37,1251,0,0,0,0,50.0,0,0
T02862,2026-01-03T06:41:00+00:00,U0134,R0070,15527.18,1,6,1,1,1,3507.92,4.43,723,0,0,0,0,34.0,0,1
T02863,2026-01-03T06:42:00+00:00,U0093,R0361,717.96,0,6,0,0,0,5222.17,0.14,403,0,0,0,0,407.0,1,0
T02864,2026-01-03T06:43:00+00:00,U0185,R0021,4386.09,1,6,0,0,0,3675.31,1.19,1483,0,0,0,0,273.0,0,0
T02865,2026-01-03T06:44:00+00:00,U0127,R0060,2691.77,0,6,0,0,0,2326.31,1.16,675,0,0,0,0,189.0,1,0
T02866,2026-01-03T06:45:00+00:00,U0117,R0308,4385.52,1,6,0,0,0,4180.56,1.05,876,0,0,0,0,183.0,0,0
T02867,2026-01-03T06:46:00+00:00,U0176,R0500,5910.69,1,6,0,0,0,2637.91,2.24,1935,0,0,0,0,435.0,0,0
T02868,2026-01-03T06:47:00+00:00,U0058,R0284,1111.07,1,6,0,0,0,4292.8,0.26,1080,0,0,0,0,164.0,0,0
T02869,2026-01-03T06:48:00+00:00,U0110,R0097,3132.8,1,6,0,0,0,2185.76,1.43,29,0,0,0,0,99.0,0,0
T02870,2026-01-03T06:49:00+00:00,U0122,R0481,639.67,1,6,0,0,0,4961.42,0.13,1750,0,0,0,0,117.0,0,0
T02871,2026-01-03T06:50:00+00:00,U0046,R0007,2335.71,1,6,0,0,0,4765.81,0.49,854,0,0,0,0,156.0,0,0
T02872,2026-01-03T06:51:00+00:00,U0126,R0345,3184.78,1,6,0,0,0,5947.68,0.54,1797,0,0,0,0,624.0,0,0
T02873,2026-01-03T06:52:00+00:00,U0113,R0268,4786.73,1,6,0,0,1,3009.39,1.59,1440,0,0,0,0,16.0,0,0
T02874,2026-01-03T06:53:00+00:00,U0022,R0062,664.84,1,6,0,0,0,5298.08,0.13,887,0,0,0,0,110.0,0,0
T02875,2026-01-03T06:54:00+00:00,U0103,R0356,10097.64,1,6,1,1,0,2671.45,3.78,145,0,0,0,0,915.0,0,1
T02876,2026-01-03T06:55:00+00:00,U0027,R0380,7175.36,1,6,0,0,1,5175.44,1.39,1808,0,0,0,0,58.0,0,0
T02877,2026-01-03T06:56:00+00:00,U0044,R0034,4341.11,1,6,0,0,0,5987.53,0.73,1950,0,0,0,0,146.0,0,0
T02878,2026-01-03T06:57:00+00:00,U0051,R0174,26406.8,1,6,1,0,1,2742.55,9.63,60,0,0,0,0,41.0,0,1
T02879,2026-01-03T06:58:00+00:00,U0104,R0063,383.84,1,6,0,0,0,3056.11,0.13,508,0,0,0,0,448.0,0,0
T02880,2026-01-03T06:59:00+00:00,U0109,R0372,5185.64,1,6,0,0,1,3110.04,1.67,579,0,0,0,0,46.0,0,0
T02881,2026-01-03T07:00:00+00:00,U0196,R0366,860.79,1,7,0,0,0,4550.29,0.19,219,0,0,0,0,72.0,0,0
T02882,2026-01-03T07:01:00+00:00,U0152,R0140,2342.53,1,7,0,0,0,6560.06,0.36,1711,0,0,0,0,101.0,0,0
T02883,2026-01-03T07:02:00+00:00,U0165,R0483,3592.81,1,7,0,0,0,6160.99,0.58,302,0,0,0,0,782.0,0,0
T02884,2026-01-03T07:03:00+00:00,U0122,R0342,7819.78,1,7,0,0,1,4707.2,1.66,1750,0,0,0,0,14.0,0,0
T02885,2026-01-03T07:04:00+00:00,U0104,R0249,773.1,1,7,0,1,1,2813.18,0.27,508,1,0,0,0,6.0,0,0
T02886,2026-01-03T07:05:00+00:00,U0038,R0394,4822.61,1,7,0,0,1,3166.88,1.52,400,0,0,0,0,41.0,0,0
T02887,2026-01-03T07:06:00+00:00,U0032,R0129,3254.73,1,7,0,0,1,4342.79,0.75,1853,0,0,0,0,45.0,0,0
T02888,2026-01-03T07:07:00+00:00,U0060,R0322,4632.63,1,7,0,0,0,2731.53,1.7,1595,0,0,0,0,164.0,0,0
T02889,2026-01-03T07:08:00+00:00,U0008,R0051,1919.74,1,7,0,0,0,4035.06,0.48,457,0,0,0,0,439.0,0,0
T02890,2026-01-03T07:09:00+00:00,U0018,R0256,1353.02,1,7,0,0,0,5265.17,0.26,74,0,0,0,0,94.0,0,0
T02891,2026-01-03T07:10:00+00:00,U0046,R0196,1334.03,1,7,0,0,1,4655.35,0.29,854,0,0,0,0,20.0,0,0
T02892,2026-01-03T07:11:00+00:00,U0084,R0079,4845.07,1,7,0,0,0,3654.76,1.33,1583,0,0,0,0,131.0,0,0
T02893,2026-01-03T07:12:00+00:00,U0160,R0050,1105.73,1,7,0,0,0,4729.24,0.23,214,0,0,0,0,399.0,0,0
T02894,2026-01-03T07:13:00+00:00,U0170,R0385,240.57,1,7,0,0,0,4856.34,0.05,1804,0,0,0,0,352.0,0,0
T02895,2026-01-03T07:14:00+00:00,U0127,R0406,1268.65,1,7,0,0,1,2354.42,0.54,675,0,0,0,0,30.0,0,0
T02896,2026-01-03T07:15:00+00:00,U0076,R0339,1485.79,1,7,0,0,0,2829.15,0.53,1540,0,0,0,0,408.0,0,0
T02897,2026-01-03T07:16:00+00:00,U0130,R0134,606.01,1,7,0,0,2,5226.9,0.12,708,0,0,0,0,42.0,0,0
T02898,2026-01-03T07:17:00+00:00,U0139,R0280,3044.76,1,7,0,0,0,2940.04,1.04,1504,0,0,0,0,345.0,0,0
T02899,2026-01-03T07:18:00+00:00,U0196,R0017,342.69,1,7,0,0,1,4214.88,0.08,219,0,0,0,0,18.0,0,0
T02900,2026-01-03T07:19:00+00:00,U0031,R0197,552.78,1,7,0,1,0,6419.51,0.09,1886,0,0,0,0,105.0,0,0
T02901,2026-01-03T07:20:00+00:00,U0097,R0227,2078.58,1,7,0,0,0,2496.6,0.83,174,0,0,0,0,544.0,0,0
T02902,2026-01-03T07:21:00+00:00,U0009,R0091,455.33,1,7,0,0,0,2954.51,0.15,1744,0,0,0,0,346.0,0,0
T02903,2026-01-03T07:22:00+00:00,U0200,R0156,5973.98,1,7,0,0,1,3001.34,1.99,1096,0,0,0,0,55.0,0,0
T02904,2026-01-03T07:23:00+00:00,U0043,R0252,630.09,1,7,0,1,0,4036.73,0.16,1004,0,0,0,0,94.0,0,0
T02905,2026-01-03T07:24:00+00:00,U0080,R0367,6856.88,1,7,0,0,0,6986.07,0.98,846,0,0,0,0,500.0,0,1
T02906,2026-01-03T07:25:00+00:00,U0196,R0057,1863.26,1,7,0,0,2,3892.2,0.48,219,1,0,0,0,7.0,0,0
T02907,2026-01-03T07:26:00+00:00,U0126,R0338,4227.48,1,7,0,0,1,5794.18,0.73,1797,0,0,0,0,35.0,0,0
T02908,2026-01-03T07:27:00+00:00,U0139,R0293,5704.46,1,7,0,0,1,2946.59,1.94,1504,1,0,0,0,10.0,0,0
T02909,2026-01-03T07:28:00+00:00,U0144,R0438,7960.38,1,7,1,0,0,4015.95,1.98,685,0,0,0,0,89.0,0,0
T02910,2026-01-03T07:29:00+00:00,U0015,R0201,5767.23,1,7,0,0,0,3870.51,1.49,1206,0,0,0,0,142.0,0,0
T02911,2026-01-03T07:30:00+00:00,U0152,R0498,6160.97,1,7,0,0,1,6176.65,1.0,1711,0,0,0,0,29.0,0,0
T02912,2026-01-03T07:31:00+00:00,U0174,R0181,2464.72,1,7,0,0,0,4853.03,0.51,1108,0,0,0,0,147.0,0,0
T02913,2026-01-03T07:32:00+00:00,U0073,R0165,5765.6,1,7,0,0,0,6692.78,0.86,1369,0,0,0,0,61.0,0,0
T02914,2026-01-03T07:33:00+00:00,U0152,R0024,15972.97,1,7,1,1,2,6175.34,2.59,1711,1,0,0,0,3.0,0,1
T02915,2026-01-03T07:34:00+00:00,U0094,R0179,1646.88,1,7,0,0,1,2746.5,0.6,768,0,0,0,0,59.0,0,0
T02916,2026-01-03T07:35:00+00:00,U0150,R0014,8277.51,1,7,1,1,0,5095.06,1.62,1080,0,0,0,0,128.0,0,1
T02917,2026-01-03T07:36:00+00:00,U0161,R0175,4174.85,1,7,1,0,0,3022.77,1.38,1632,0,0,0,0,198.0,0,1
T02918,2026-01-03T07:37:00+00:00,U0110,R0177,5430.64,1,7,0,0,1,2258.61,2.4,29,0,0,0,0,49.0,0,0
T02919,2026-01-03T07:38:00+00:00,U0106,R0180,5083.48,1,7,1,0,0,3053.73,1.66,1381,0,0,0,0,271.0,0,0
T02920,2026-01-03T07:39:00+00:00,U0063,R0127,4082.07,1,7,0,0,0,4693.06,0.87,1621,0,0,0,0,850.0,0,0
T02921,2026-01-03T07:40:00+00:00,U0080,R0304,1333.93,1,7,0,0,1,6976.13,0.19,846,0,0,0,0,16.0,0,0
T02922,2026-01-03T07:41:00+00:00,U0177,R0034,1517.07,1,7,0,0,0,3362.55,0.45,315,0,0,0,0,90.0,0,0
T02923,2026-01-03T07:42:00+00:00,U0030,R0173,3871.55,1,7,0,0,0,4532.37,0.85,229,0,0,0,0,100.0,0,0
T02924,2026-01-03T07:43:00+00:00,U0138,R0167,1256.35,1,7,0,0,0,6642.76,0.19,1898,0,0,0,0,71.0,0,0
T02925,2026-01-03T07:44:00+00:00,U0169,R0443,5151.53,1,7,0,1,0,3040.91,1.69,1949,0,0,0,0,87.0,0,0
T02926,2026-01-03T07:45:00+00:00,U0132,R0462,1211.04,1,7,1,0,0,6392.67,0.19,12,0,0,0,0,126.0,0,0
T02927,2026-01-03T07:46:00+00:00,U0006,R0357,601.45,1,7,0,0,0,5689.7,0.11,1386,0,0,0,0,735.0,0,0
T02928,2026-01-03T07:47:00+00:00,U0006,R0163,2808.46,1,7,0,1,1,5180.88,0.54,1386,1,0,0,0,1.0,0,0
T02929,2026-01-03T07:48:00+00:00,U0100,R0166,3250.16,1,7,0,0,0,4152.18,0.78,1160,0,0,0,0,381.0,0,0
T02930,2026-01-03T07:49:00+00:00,U0126,R0052,2222.81,1,7,0,0,2,5711.72,0.39,1797,0,0,0,0,23.0,0,0
T02931,2026-01-03T07:50:00+00:00,U0053,R0173,8991.12,1,7,0,0,0,3833.85,2.35,1252,0,0,0,0,232.0,0,0
T02932,2026-01-03T07:51:00+00:00,U0196,R0342,950.14,1,7,0,0,3,3736.13,0.25,219,0,0,0,0,26.0,0,0
T02933,2026-01-03T07:52:00+00:00,U0158,R0154,838.75,1,7,0,0,0,4843.88,0.17,1865,0,0,0,0,329.0,0,0
T02934,2026-01-03T07:53:00+00:00,U0112,R0104,2560.0,1,7,0,0,0,4004.26,0.64,939,0,0,0,0,296.0,0,0
T02935,2026-01-03T07:54:00+00:00,U0020,R0431,4122.92,1,7,0,0,0,2905.43,1.42,1664,0,0,0,0,111.0,0,0
T02936,2026-01-03T07:55:00+00:00,U0055,R0148,1746.27,1,7,0,0,0,4259.75,0.41,553,0,0,0,0,327.0,0,0
T02937,2026-01-03T07:56:00+00:00,U0077,R0294,4080.34,1,7,0,0,0,4874.28,0.84,332,0,0,0,0,496.0,0,0
T02938,2026-01-03T07:57:00+00:00,U0058,R0320,1836.11,1,7,0,0,0,4048.05,0.45,1080,0,0,0,0,70.0,0,0
T02939,2026-01-03T07:58:00+00:00,U0024,R0368,2892.17,1,7,1,0,0,2444.69,1.18,1553,0,0,0,0,259.0,0,0
T02940,2026-01-03T07:59:00+00:00,U0025,R0304,8465.46,1,7,0,0,0,2788.59,3.04,1745,0,0,0,0,339.0,0,0
T02941,2026-01-03T08:00:00+00:00,U0018,R0291,1990.55,1,8,0,0,1,5069.56,0.39,74,0,0,0,0,51.0,0,0
T02942,2026-01-03T08:01:00+00:00,U0122,R0219,1976.66,1,8,0,0,1,4880.12,0.41,1750,0,0,0,0,58.0,0,0
T02943,2026-01-03T08:02:00+00:00,U0020,R0334,2244.45,1,8,0,0,1,2973.07,0.75,1664,1,0,0,0,8.0,0,0
T02944,2026-01-03T08:03:00+00:00,U0130,R0412,1904.42,1,8,0,0,1,4918.84,0.39,708,0,0,0,0,47.0,0,0
T02945,2026-01-03T08:04:00+00:00,U0170,R0277,3650.64,1,8,0,0,1,4584.83,0.8,1804,0,0,0,0,51.0,0,0
T02946,2026-01-03T08:05:00+00:00,U0107,R0206,1424.79,1,8,0,0,0,6482.05,0.22,1230,0,0,0,0,484.0,0,0
T02947,2026-01-03T08:06:00+00:00,U0132,R0233,3189.53,1,8,0,0,1,5874.5,0.54,12,0,0,0,0,21.0,0,0
T02948,2026-01-03T08:07:00+00:00,U0141,R0093,648.07,1,8,0,0,0,3379.11,0.19,113,0,0,0,0,607.0,0,0
T02949,2026-01-03T08:08:00+00:00,U0161,R0361,8931.49,1,8,0,0,1,3094.77,2.89,1632,0,0,0,0,32.0,0,0
T02950,2026-01-03T08:09:00+00:00,U0048,R0296,5693.16,1,8,0,0,0,4774.42,1.19,453,0,0,0,0,409.0,0,0
T02951,2026-01-03T08:10:00+00:00,U0170,R0493,5854.9,1,8,0,0,2,4532.93,1.29,1804,1,0,0,0,6.0,0,0
T02952,2026-01-03T08:11:00+00:00,U0120,R0138,542.73,1,8,0,0,0,7099.19,0.08,524,0,0,0,0,751.0,0,0
T02953,2026-01-03T08:12:00+00:00,U0137,R0415,2986.73,1,8,0,0,0,4024.69,0.74,511,0,0,0,0,208.0,0,0
T02954,2026-01-03T08:13:00+00:00,U0197,R0465,8420.94,1,8,0,0,0,4180.01,2.01,274,0,0,0,0,191.0,0,0
T02955,2026-01-03T08:14:00+00:00,U0145,R0373,9311.94,1,8,0,1,0,3213.66,2.9,94,0,0,0,0,200.0,0,0
T02956,2026-01-03T08:15:00+00:00,U0134,R0103,673.24,1,8,0,0,0,4309.2,0.16,723,0,0,0,0,94.0,0,0
T02957,2026-01-03T08:16:00+00:00,U0038,R0124,5437.43,1,8,0,0,0,3317.4,1.64,400,0,0,0,0,71.0,0,0
T02958,2026-01-03T08:17:00+00:00,U0176,R0392,6173.72,1,8,0,0,0,2793.76,2.21,1935,0,0,0,0,91.0,0,0
T02959,2026-01-03T08:18:00+00:00,U0112,R0211,1407.2,1,8,0,0,1,3924.02,0.36,939,0,0,0,0,25.0,0,0
T02960,2026-01-03T08:19:00+00:00,U0017,R0325,1788.99,1,8,0,0,0,3968.18,0.45,53,0,0,0,0,247.0,0,0
T02961,2026-01-03T08:20:00+00:00,U0106,R0137,1435.9,1,8,0,0,1,3145.99,0.46,1381,0,0,0,0,42.0,0,0
T02962,2026-01-03T08:21:00+00:00,U0166,R0083,2473.52,1,8,0,0,0,3527.17,0.7,1257,0,0,0,0,237.0,0,0
T02963,2026-01-03T08:22:00+00:00,U0154,R0121,1576.58,1,8,0,0,0,2938.43,0.54,1010,0,0,0,0,427.0,0,0
T02964,2026-01-03T08:23:00+00:00,U0030,R0077,6213.44,1,8,0,0,1,4497.59,1.38,229,0,0,0,0,41.0,0,0
T02965,2026-01-03T08:24:00+00:00,U0063,R0409,5975.86,1,8,0,0,1,4631.96,1.29,1621,0,0,0,0,45.0,0,0
T02966,2026-01-03T08:25:00+00:00,U0119,R0249,2652.41,1,8,0,0,0,7353.07,0.36,112,0,0,0,0,182.0,0,0
T02967,2026-01-03T08:26:00+00:00,U0112,R0217,5103.92,1,8,0,1,2,3791.56,1.35,939,1,0,0,0,8.0,0,0
T02968,2026-01-03T08:27:00+00:00,U0010,R0104,3452.63,1,8,0,0,0,3700.69,0.93,1038,0,0,0,0,378.0,0,0
T02969,2026-01-03T08:28:00+00:00,U0035,R0015,1222.41,1,8,0,0,0,2133.89,0.57,1476,0,0,0,0,312.0,0,0
T02970,2026-01-03T08:29:00+00:00,U0072,R0338,2139.6,1,8,0,0,0,2883.0,0.74,1208,0,0,0,0,124.0,0,0
T02971,2026-01-03T08:30:00+00:00,U0165,R0437,11587.65,1,8,1,1,0,5989.78,1.93,302,0,0,0,0,88.0,0,1
T02972,2026-01-03T08:31:00+00:00,U0185,R0249,614.32,1,8,0,0,0,3717.12,0.17,1483,0,0,0,0,108.0,0,0
T02973,2026-01-03T08:32:00+00:00,U0015,R0441,3066.53,1,8,1,0,0,4005.99,0.77,1206,0,0,0,0,63.0,0,0
T02974,2026-01-03T08:33:00+00:00,U0081,R0309,2001.16,1,8,0,0,0,4574.7,0.44,1251,0,0,0,0,113.0,0,0
T02975,2026-01-03T08:34:00+00:00,U0017,R0462,874.31,1,8,0,0,1,3800.55,0.23,53,0,0,0,0,15.0,0,0
T02976,2026-01-03T08:35:00+00:00,U0094,R0344,434.7,1,8,0,0,0,2624.32,0.17,768,0,0,0,0,61.0,0,0
T02977,2026-01-03T08:36:00+00:00,U0024,R0204,3146.11,1,8,0,0,1,2461.27,1.28,1553,0,0,0,0,38.0,0,0
T02978,2026-01-03T08:37:00+00:00,U0186,R0432,676.23,1,8,0,0,0,2974.97,0.23,1731,0,0,0,0,841.0,0,0
T02979,2026-01-03T08:38:00+00:00,U0029,R0293,8526.93,1,8,0,0,0,10233.29,0.83,316,0,0,0,0,144.0,0,0
T02980,2026-01-03T08:39:00+00:00,U0031,R0268,676.83,1,8,0,0,0,5886.17,0.11,1886,0,0,0,0,80.0,0,0
T02981,2026-01-03T08:40:00+00:00,U0149,R0487,3583.63,1,8,0,0,0,2529.29,1.42,1912,0,0,0,0,131.0,0,0
T02982,2026-01-03T08:41:00+00:00,U0135,R0129,509.51,1,8,0,0,0,2940.39,0.17,1258,0,0,0,0,161.0,0,0
T02983,2026-01-03T08:42:00+00:00,U0024,R0122,6499.78,1,8,1,0,2,2485.73,2.61,1553,1,0,0,0,6.0,0,1
T02984,2026-01-03T08:43:00+00:00,U0198,R0414,5160.87,1,8,0,0,0,2929.09,1.76,1947,0,0,0,0,251.0,0,0
T02985,2026-01-03T08:44:00+00:00,U0150,R0378,3028.83,1,8,0,1,0,5413.31,0.56,1080,0,0,0,0,69.0,0,0
T02986,2026-01-03T08:45:00+00:00,U0192,R0381,1474.37,1,8,0,0,0,2730.98,0.54,887,0,0,0,0,341.0,0,0
T02987,2026-01-03T08:46:00+00:00,U0109,R0112,3646.3,1,8,0,0,0,3258.29,1.12,579,0,0,0,0,107.0,0,0
T02988,2026-01-03T08:47:00+00:00,U0045,R0110,1468.43,1,8,0,0,0,3104.43,0.47,1072,0,0,0,0,159.0,0,0
T02989,2026-01-03T08:48:00+00:00,U0113,R0210,4834.99,1,8,0,0,0,3146.11,1.54,1440,0,0,0,0,116.0,0,0
T02990,2026-01-03T08:49:00+00:00,U0151,R0029,4831.07,1,8,0,0,0,2894.54,1.67,1656,0,0,0,0,147.0,0,0
T02991,2026-01-03T08:50:00+00:00,U0096,R0359,508.26,1,8,0,0,0,6173.93,0.08,322,0,0,0,0,175.0,0,0
T02992,2026-01-03T08:51:00+00:00,U0082,R0280,8606.93,1,8,0,0,0,7057.16,1.22,212,0,0,0,0,225.0,0,0
T02993,2026-01-03T08:52:00+00:00,U0175,R0127,4588.66,1,8,0,0,0,2320.11,1.98,1375,0,0,0,0,273.0,0,0
T02994,2026-01-03T08:53:00+00:00,U0038,R0186,2751.04,1,8,0,0,1,3494.07,0.79,400,0,0,0,0,37.0,0,0
T02995,2026-01-03T08:54:00+00:00,U0095,R0421,1026.49,1,8,0,0,0,2413.39,0.43,333,0,0,0,0,310.0,0,0
T02996,2026-01-03T08:55:00+00:00,U0166,R0496,7791.1,1,8,0,0,1,3489.54,2.23,1257,0,0,0,0,34.0,0,0
T02997,2026-01-03T08:56:00+00:00,U0009,R0431,2842.28,1,8,0,1,0,2704.59,1.05,1744,0,0,0,0,95.0,0,0
T02998,2026-01-03T08:57:00+00:00,U0014,R0354,2976.12,1,8,0,0,0,4023.99,0.74,608,0,0,0,0,194.0,0,0
T02999,2026-01-03T08:58:00+00:00,U0172,R0123,2199.59,1,8,0,0,0,5257.04,0.42,1447,0,0,0,0,155.0,0,0
T03000,2026-01-03T08:59:00+00:00,U0099,R0159,252.16,1,8,0,0,0,2949.71,0.09,828,0,0,0,0,420.0,0,0
T03001,2026-01-03T09:00:00+00:00,U0180,R0186,3967.78,1,9,0,0,0,6849.7,0.58,793,0,0,0,0,603.0,0,0
T03002,2026-01-03T09:01:00+00:00,U0176,R0063,4596.4,1,9,0,0,1,2947.39,1.56,1935,0,0,0,0,44.0,0,0
T03003,2026-01-03T09:02:00+00:00,U0061,R0440,3604.06,1,9,0,0,0,3550.69,1.02,255,0,0,0,0,264.0,0,0
T03004,2026-01-03T09:03:00+00:00,U0003,R0466,1374.85,1,9,0,0,0,3661.97,0.38,1486,0,0,0,0,163.0,0,0
T03005,2026-01-03T09:04:00+00:00,U0066,R0155,3987.83,1,9,0,0,0,9651.86,0.41,532,0,0,0,0,459.0,0,0
T03006,2026-01-03T09:05:00+00:00,U0194,R0121,5870.8,1,9,0,0,0,4730.69,1.24,1773,0,0,0,0,252.0,0,0
T03007,2026-01-03T09:06:00+00:00,U0042,R0469,3901.7,1,9,0,0,0,2452.95,1.59,914,0,0,0,0,696.0,0,0
T03008,2026-01-03T09:07:00+00:00,U0082,R0451,1530.91,0,9,0,0,1,7143.26,0.21,212,0,0,0,0,16.0,1,0
T03009,2026-01-03T09:08:00+00:00,U0165,R0209,23402.65,1,9,0,0,1,6339.65,3.69,302,0,0,0,0,38.0,0,1
T03010,2026-01-03T09:09:00+00:00,U0071,R0444,2148.08,1,9,0,0,0,7061.18,0.3,17,0,0,0,0,304.0,0,0
T03011,2026-01-03T09:10:00+00:00,U0200,R0482,765.58,1,9,0,0,0,3213.67,0.24,1096,0,0,0,0,108.0,0,0
T03012,2026-01-03T09:11:00+00:00,U0189,R0212,1594.6,1,9,0,0,0,3412.78,0.47,690,0,0,0,0,290.0,0,0
T03013,2026-01-03T09:12:00+00:00,U0086,R0368,1008.4,1,9,0,0,0,3343.68,0.3,1686,0,0,0,0,325.0,0,0
T03014,2026-01-03T09:13:00+00:00,U0026,R0423,1144.24,1,9,0,0,0,7235.43,0.16,407,0,0,0,0,160.0,0,0
T03015,2026-01-03T09:14:00+00:00,U0067,R0260,12549.37,1,9,0,0,0,3389.24,3.7,1381,0,0,0,0,214.0,0,1
T03016,2026-01-03T09:15:00+00:00,U0108,R0309,454.19,1,9,0,0,0,8882.82,0.05,1935,0,0,0,0,725.0,0,0
T03017,2026-01-03T09:16:00+00:00,U0141,R0378,2817.99,1,9,0,0,0,3235.37,0.87,113,0,0,0,0,69.0,0,0
T03018,2026-01-03T09:17:00+00:00,U0178,R0015,4447.97,1,9,0,0,0,3689.87,1.21,1860,0,0,0,0,215.0,0,0
T03019,2026-01-03T09:18:00+00:00,U0165,R0329,3645.85,1,9,0,0,2,7343.35,0.5,302,1,0,0,0,10.0,0,0
T03020,2026-01-03T09:19:00+00:00,U0114,R0406,8515.77,1,9,0,0,0,3874.18,2.2,447,0,0,0,0,193.0,0,0
T03021,2026-01-03T09:20:00+00:00,U0001,R0206,5066.9,1,9,0,0,0,3526.89,1.44,1905,0,0,0,0,231.0,0,0
T03022,2026-01-03T09:21:00+00:00,U0079,R0161,3338.47,1,9,0,0,0,2438.16,1.37,128,0,0,0,0,250.0,0,0
T03023,2026-01-03T09:22:00+00:00,U0029,R0081,6791.78,1,9,0,0,1,10043.69,0.68,316,0,0,0,0,44.0,0,0
T03024,2026-01-03T09:23:00+00:00,U0183,R0497,636.89,1,9,0,0,0,4709.06,0.14,827,0,0,0,0,288.0,0,0
T03025,2026-01-03T09:24:00+00:00,U0167,R0391,557.72,1,9,0,0,0,2991.87,0.19,1126,0,0,0,0,426.0,0,0
T03026,2026-01-03T09:25:00+00:00,U0153,R0352,1640.63,1,9,0,0,0,2917.67,0.56,798,0,0,0,0,400.0,0,0
T03027,2026-01-03T09:26:00+00:00,U0082,R0232,7706.78,0,9,0,0,2,6847.87,1.13,212,0,0,0,0,19.0,1,0
T03028,2026-01-03T09:27:00+00:00,U0189,R0069,7011.51,1,9,0,0,1,3311.77,2.12,690,0,0,0,0,16.0,0,0
T03029,2026-01-03T09:28:00+00:00,U0176,R0304,2013.88,1,9,0,0,1,3019.09,0.67,1935,0,0,0,0,27.0,0,0
T03030,2026-01-03T09:29:00+00:00,U0073,R0102,1712.71,1,9,0,0,0,6634.83,0.26,1369,0,0,0,0,117.0,0,0
T03031,2026-01-03T09:30:00+00:00,U0095,R0094,1855.52,1,9,0,0,1,2344.05,0.79,333,0,0,0,0,36.0,0,0
T03032,2026-01-03T09:31:00+00:00,U0097,R0484,3803.48,1,9,0,0,0,2466.74,1.54,174,0,0,0,0,131.0,0,0
T03033,2026-01-03T09:32:00+00:00,U0147,R0115,6475.52,1,9,0,0,0,4158.31,1.56,1663,0,0,0,0,351.0,0,0
T03034,2026-01-03T09:33:00+00:00,U0006,R0473,2129.33,1,9,0,0,0,4965.2,0.43,1386,0,0,0,0,106.0,0,0
T03035,2026-01-03T09:34:00+00:00,U0157,R0321,439.62,1,9,0,0,0,2840.72,0.15,793,0,0,0,0,345.0,0,0
T03036,2026-01-03T09:35:00+00:00,U0023,R0499,4787.03,1,9,0,0,0,2845.39,1.68,1815,0,0,0,0,263.0,0,0
T03037,2026-01-03T09:36:00+00:00,U0068,R0360,1906.86,1,9,0,0,0,4345.07,0.44,98,0,0,0,0,891.0,0,0
T03038,2026-01-03T09:37:00+00:00,U0013,R0206,13113.33,1,9,1,1,0,4753.98,2.76,869,0,0,0,0,232.0,0,1
T03039,2026-01-03T09:38:00+00:00,U0154,R0134,4059.91,1,9,0,0,0,2841.16,1.43,1010,0,0,0,0,76.0,0,0
T03040,2026-01-03T09:39:00+00:00,U0095,R0088,1862.52,1,9,0,0,2,2320.79,0.8,333,1,0,0,0,9.0,0,0
T03041,2026-01-03T09:40:00+00:00,U0031,R0008,2443.23,1,9,0,0,0,5452.06,0.45,1886,0,0,0,0,61.0,0,0
T03042,2026-01-03T09:41:00+00:00,U0112,R0396,1759.5,1,9,0,0,0,3857.18,0.46,939,0,0,0,0,75.0,0,0
T03043,2026-01-03T09:42:00+00:00,U0117,R0424,2319.12,1,9,0,0,0,4190.8,0.55,876,0,0,0,0,177.0,0,0
T03044,2026-01-03T09:43:00+00:00,U0031,R0115,224.95,1,9,0,0,1,5220.61,0.04,1886,1,0,0,0,3.0,0,0
T03045,2026-01-03T09:44:00+00:00,U0049,R0485,1029.24,1,9,0,0,0,2049.84,0.5,100,0,0,0,0,322.0,0,0
T03046,2026-01-03T09:45:00+00:00,U0069,R0148,1747.46,1,9,0,0,0,5477.18,0.32,1754,0,0,0,0,341.0,0,0
T03047,2026-01-03T09:46:00+00:00,U0098,R0067,1379.99,1,9,0,0,0,8999.49,0.15,938,0,0,0,0,188.0,0,0
T03048,2026-01-03T09:47:00+00:00,U0053,R0308,3876.85,1,9,0,0,0,4230.56,0.92,1252,0,0,0,0,117.0,0,1
T03049,2026-01-03T09:48:00+00:00,U0073,R0373,589.33,1,9,0,0,1,6345.29,0.09,1369,0,0,0,0,19.0,0,0
T03050,2026-01-03T09:49:00+00:00,U0108,R0093,1828.35,1,9,0,0,1,8039.96,0.23,1935,0,0,0,0,34.0,0,0
T03051,2026-01-03T09:50:00+00:00,U0038,R0015,443.9,1,9,0,0,1,3436.91,0.13,400,0,0,0,0,57.0,0,0
T03052,2026-01-03T09:51:00+00:00,U0068,R0121,2388.89,1,9,0,0,1,4216.74,0.57,98,0,0,0,0,15.0,0,0
T03053,2026-01-03T09:52:00+00:00,U0064,R0190,2170.1,1,9,0,0,0,4415.24,0.49,1159,0,0,0,0,385.0,0,0
T03054,2026-01-03T09:53:00+00:00,U0166,R0235,3559.71,1,9,0,0,1,3637.87,0.98,1257,0,0,0,0,58.0,0,0
T03055,2026-01-03T09:54:00+00:00,U0121,R0069,2158.67,1,9,0,0,0,3419.2,0.63,418,0,0,0,0,216.0,0,0
T03056,2026-01-03T09:55:00+00:00,U0178,R0204,352.31,1,9,0,0,1,3737.25,0.09,1860,0,0,0,0,38.0,0,0
T03057,2026-01-03T09:56:00+00:00,U0183,R0197,636.59,1,9,0,0,1,4454.55,0.14,827,0,0,0,0,33.0,0,0
T03058,2026-01-03T09:57:00+00:00,U0189,R0306,6971.75,1,9,0,0,2,3506.5,1.99,690,0,0,0,0,30.0,0,0
T03059,2026-01-03T09:58:00+00:00,U0025,R0286,6283.75,0,9,0,0,0,3498.2,1.8,1745,0,0,0,0,119.0,1,0
T03060,2026-01-03T09:59:00+00:00,U0086,R0477,548.57,1,9,0,0,1,3010.07,0.18,1686,0,0,0,0,47.0,0,0
T03061,2026-01-03T10:00:00+00:00,U0091,R0311,3627.72,1,10,0,0,0,3941.78,0.92,823,0,0,0,0,214.0,0,0
T03062,2026-01-03T10:01:00+00:00,U0154,R0364,9113.14,1,10,0,0,1,2922.41,3.12,1010,0,0,0,0,23.0,0,0
T03063,2026-01-03T10:02:00+00:00,U0012,R0003,328.44,1,10,0,0,0,3945.47,0.08,476,0,0,0,0,223.0,0,0
T03064,2026-01-03T10:03:00+00:00,U0159,R0196,7417.37,1,10,0,0,0,4207.26,1.76,490,0,0,0,0,353.0,0,0
T03065,2026-01-03T10:04:00+00:00,U0102,R0344,5801.57,1,10,0,0,0,2535.25,2.29,1474,0,0,0,0,296.0,0,0
T03066,2026-01-03T10:05:00+00:00,U0144,R0022,8264.18,1,10,0,0,0,4344.65,1.9,685,0,0,0,0,157.0,0,0
T03067,2026-01-03T10:06:00+00:00,U0067,R0087,1932.47,1,10,0,0,1,3825.44,0.51,1381,0,0,0,0,52.0,0,0
T03068,2026-01-03T10:07:00+00:00,U0087,R0450,2965.35,1,10,0,0,0,4599.53,0.64,1811,0,0,0,0,541.0,0,0
T03069,2026-01-03T10:08:00+00:00,U0023,R0163,330.85,1,10,0,0,1,2994.74,0.11,1815,0,0,0,0,33.0,0,0
T03070,2026-01-03T10:09:00+00:00,U0111,R0073,1275.1,1,10,0,1,0,1625.43,0.78,877,0,0,0,0,1993.0,0,0
T03071,2026-01-03T10:10:00+00:00,U0081,R0023,1454.32,1,10,0,0,0,4403.13,0.33,1251,0,0,0,0,97.0,0,0
T03072,2026-01-03T10:11:00+00:00,U0128,R0447,1821.63,1,10,0,0,0,3419.11,0.53,1107,0,0,0,0,602.0,0,0
T03073,2026-01-03T10:12:00+00:00,U0072,R0383,2677.31,1,10,0,0,0,2821.05,0.95,1208,0,0,0,0,103.0,0,0
T03074,2026-01-03T10:13:00+00:00,U0111,R0145,504.96,1,10,0,0,1,1581.64,0.32,877,1,0,0,0,4.0,0,0
T03075,2026-01-03T10:14:00+00:00,U0068,R0314,7676.18,1,10,0,0,2,4125.35,1.86,98,0,0,0,0,23.0,0,0
T03076,2026-01-03T10:15:00+00:00,U0068,R0265,2857.0,1,10,0,0,3,4294.43,0.67,98,1,0,0,0,1.0,0,0
T03077,2026-01-03T10:16:00+00:00,U0043,R0162,6455.08,1,10,0,0,0,3866.4,1.67,1004,0,0,0,0,173.0,0,0
T03078,2026-01-03T10:17:00+00:00,U0126,R0392,4952.83,1,10,0,0,0,5537.28,0.89,1797,0,0,0,0,148.0,0,0
T03079,2026-01-03T10:18:00+00:00,U0143,R0437,2024.64,1,10,0,0,0,3029.72,0.67,194,0,0,0,0,450.0,0,0
T03080,2026-01-03T10:19:00+00:00,U0163,R0409,9367.21,1,10,1,0,0,3685.5,2.54,550,0,0,0,0,275.0,0,0
T03081,2026-01-03T10:20:00+00:00,U0049,R0077,6101.39,1,10,1,1,1,1957.06,3.12,100,0,0,0,0,36.0,0,1
T03082,2026-01-03T10:21:00+00:00,U0047,R0019,5973.54,1,10,0,0,0,7655.76,0.78,957,0,0,0,0,224.0,0,0
T03083,2026-01-03T10:22:00+00:00,U0042,R0362,2648.96,1,10,0,0,0,2549.53,1.04,914,0,0,0,0,76.0,0,0
T03084,2026-01-03T10:23:00+00:00,U0030,R0459,3154.87,1,10,1,0,0,4583.39,0.69,229,0,0,0,0,120.0,0,0
T03085,2026-01-03T10:24:00+00:00,U0011,R0227,3046.26,1,10,0,0,0,3340.47,0.91,177,0,0,0,0,298.0,0,0
T03086,2026-01-03T10:25:00+00:00,U0182,R0288,13022.44,1,10,1,1,0,6597.99,1.97,269,0,0,0,0,377.0,0,1
T03087,2026-01-03T10:26:00+00:00,U0127,R0058,2417.16,1,10,0,0,0,2276.87,1.06,675,0,0,0,0,192.0,0,0
T03088,2026-01-03T10:27:00+00:00,U0038,R0064,5371.95,1,10,0,0,1,3223.12,1.67,400,0,0,0,0,37.0,0,0
T03089,2026-01-03T10:28:00+00:00,U0053,R0445,1561.5,1,10,0,0,1,4205.3,0.37,1252,0,0,0,0,41.0,0,0
T03090,2026-01-03T10:29:00+00:00,U0044,R0384,19773.88,1,10,1,0,0,5822.89,3.4,1950,0,0,0,0,213.0,0,1
T03091,2026-01-03T10:30:00+00:00,U0070,R0289,3111.85,1,10,0,1,0,4346.11,0.72,664,0,0,0,0,308.0,0,0
T03092,2026-01-03T10:31:00+00:00,U0150,R0109,7990.79,1,10,0,0,0,5196.54,1.54,1080,0,0,0,0,107.0,0,0
T03093,2026-01-03T10:32:00+00:00,U0002,R0270,6479.96,1,10,0,1,0,2752.72,2.35,1660,0,0,0,0,311.0,0,0
T03094,2026-01-03T10:33:00+00:00,U0047,R0214,6263.54,1,10,0,0,1,7526.36,0.83,957,0,0,0,0,12.0,0,0
T03095,2026-01-03T10:34:00+00:00,U0064,R0394,3043.23,1,10,0,0,1,4313.19,0.71,1159,0,0,0,0,42.0,0,0
T03096,2026-01-03T10:35:00+00:00,U0025,R0455,1755.12,1,10,0,0,1,3807.7,0.46,1745,0,0,0,0,37.0,0,0
T03097,2026-01-03T10:36:00+00:00,U0073,R0349,35701.47,1,10,1,0,1,6025.52,5.93,1369,0,0,0,0,48.0,0,1
T03098,2026-01-03T10:37:00+00:00,U0032,R0202,2063.96,1,10,0,0,0,4221.89,0.49,1853,0,0,0,0,211.0,0,0
T03099,2026-01-03T10:38:00+00:00,U0028,R0429,279.72,1,10,0,0,0,3634.54,0.08,1290,0,0,0,0,496.0,0,0
T03100,2026-01-03T10:39:00+00:00,U0008,R0042,1469.55,1,10,0,0,0,3883.96,0.38,457,0,0,0,0,211.0,0,0
T03101,2026-01-03T10:40:00+00:00,U0182,R0338,1952.52,1,10,1,0,1,6975.9,0.28,269,0,0,0,0,15.0,0,0
T03102,2026-01-03T10:41:00+00:00,U0161,R0490,38941.59,1,10,1,1,0,3438.11,11.33,1632,0,0,0,0,153.0,0,1
T03103,2026-01-03T10:42:00+00:00,U0169,R0003,344.64,1,10,0,0,0,3141.42,0.11,1949,0,0,0,0,178.0,0,0
T03104,2026-01-03T10:43:00+00:00,U0012,R0336,1641.77,1,10,0,0,1,3719.41,0.44,476,0,0,0,0,41.0,0,0
T03105,2026-01-03T10:44:00+00:00,U0116,R0167,2715.64,1,10,0,0,0,6283.54,0.43,463,0,0,0,0,516.0,0,0
T03106,2026-01-03T10:45:00+00:00,U0188,R0465,22844.76,1,10,1,0,0,4942.51,4.62,1681,0,0,0,0,349.0,0,1
T03107,2026-01-03T10:46:00+00:00,U0146,R0067,5832.48,1,10,0,0,0,4464.21,1.31,1480,0,0,0,0,865.0,0,0
T03108,2026-01-03T10:47:00+00:00,U0013,R0411,282.65,1,10,0,0,0,5311.27,0.05,869,0,0,0,0,70.0,0,0
T03109,2026-01-03T10:48:00+00:00,U0083,R0409,30715.65,1,10,0,0,0,9291.97,3.31,313,0,0,0,0,793.0,0,1
T03110,2026-01-03T10:49:00+00:00,U0019,R0281,4706.17,1,10,0,0,0,5886.95,0.8,1302,0,0,0,0,423.0,0,0
T03111,2026-01-03T10:50:00+00:00,U0098,R0048,6490.9,1,10,0,0,0,8653.15,0.75,938,0,0,0,0,64.0,0,0
T03112,2026-01-03T10:51:00+00:00,U0046,R0123,585.64,1,10,0,0,0,4510.95,0.13,854,0,0,0,0,221.0,0,0
T03113,2026-01-03T10:52:00+00:00,U0103,R0046,1010.23,1,10,0,0,0,3290.3,0.31,145,0,0,0,0,238.0,0,0
T03114,2026-01-03T10:53:00+00:00,U0054,R0084,3325.65,1,10,0,0,0,5455.95,0.61,712,0,0,0,0,281.0,0,0
T03115,2026-01-03T10:54:00+00:00,U0104,R0146,3353.74,1,10,0,0,0,2643.17,1.27,508,0,0,0,0,230.0,0,0
T03116,2026-01-03T10:55:00+00:00,U0168,R0079,1768.4,1,10,0,0,0,5344.34,0.33,820,0,0,0,0,557.0,0,0
T03117,2026-01-03T10:56:00+00:00,U0126,R0411,2939.08,1,10,0,0,1,5509.45,0.53,1797,0,0,0,0,39.0,0,0
T03118,2026-01-03T10:57:00+00:00,U0080,R0463,5253.63,1,10,0,0,0,6573.12,0.8,846,0,0,0,0,197.0,0,0
T03119,2026-01-03T10:58:00+00:00,U0034,R0184,992.74,1,10,0,0,0,2732.49,0.36,1925,0,0,0,0,389.0,0,0
T03120,2026-01-03T10:59:00+00:00,U0095,R0263,2351.86,1,10,0,0,0,2299.96,1.02,333,0,0,0,0,80.0,0,0
T03121,2026-01-03T11:00:00+00:00,U0115,R0454,1324.04,1,11,0,0,0,3496.04,0.38,579,0,0,0,0,377.0,0,0
T03122,2026-01-03T11:01:00+00:00,U0069,R0289,6432.94,1,11,0,0,0,5166.37,1.25,1754,0,0,0,0,76.0,0,0
T03123,2026-01-03T11:02:00+00:00,U0024,R0388,13421.46,1,11,1,0,0,2624.14,5.11,1553,0,0,0,0,140.0,0,1
T03124,2026-01-03T11:03:00+00:00,U0095,R0315,1222.28,0,11,0,0,1,2302.21,0.53,333,1,0,0,0,4.0,1,0
T03125,2026-01-03T11:04:00+00:00,U0162,R0219,2072.46,1,11,0,0,0,6775.0,0.31,391,0,0,0,0,471.0,0,0
T03126,2026-01-03T11:05:00+00:00,U0132,R0175,2809.13,1,11,0,0,0,5630.42,0.5,12,0,0,0,0,179.0,0,0
T03127,2026-01-03T11:06:00+00:00,U0174,R0115,1473.73,1,11,0,0,0,4733.61,0.31,1108,0,0,0,0,215.0,0,0
T03128,2026-01-03T11:07:00+00:00,U0183,R0080,3840.19,1,11,0,0,0,4229.97,0.91,827,0,0,0,0,71.0,0,0
T03129,2026-01-03T11:08:00+00:00,U0135,R0323,6198.52,0,11,0,0,0,2766.76,2.24,1258,0,0,0,0,147.0,1,0
T03130,2026-01-03T11:09:00+00:00,U0022,R0149,33645.36,1,11,0,1,0,5040.67,6.67,887,0,0,0,0,256.0,0,1
T03131,2026-01-03T11:10:00+00:00,U0021,R0465,4619.95,1,11,1,0,0,6246.23,0.74,486,0,0,0,0,514.0,0,0
T03132,2026-01-03T11:11:00+00:00,U0077,R0077,1739.61,1,11,0,0,0,4802.11,0.36,332,0,0,0,0,195.0,0,0
T03133,2026-01-03T11:12:00+00:00,U0176,R0463,1859.9,1,11,0,0,0,2977.2,0.62,1935,0,0,0,0,104.0,0,0
T03134,2026-01-03T11:13:00+00:00,U0064,R0268,1482.79,1,11,0,0,1,4257.97,0.35,1159,0,0,0,0,39.0,0,0
T03135,2026-01-03T11:14:00+00:00,U0146,R0025,764.36,0,11,0,0,1,4529.37,0.17,1480,0,0,0,0,28.0,1,0
T03136,2026-01-03T11:15:00+00:00,U0012,R0263,3250.65,1,11,0,0,1,3597.19,0.9,476,0,0,0,0,32.0,0,0
T03137,2026-01-03T11:16:00+00:00,U0109,R0212,3683.23,1,11,0,0,0,3284.16,1.12,579,0,0,0,0,150.0,0,0
T03138,2026-01-03T11:17:00+00:00,U0170,R0369,7201.15,1,11,0,0,0,4602.5,1.56,1804,0,0,0,0,187.0,0,0
T03139,2026-01-03T11:18:00+00:00,U0065,R0182,531.53,1,11,0,0,0,5008.21,0.11,1869,0,0,0,0,1055.0,0,0
T03140,2026-01-03T11:19:00+00:00,U0021,R0394,31074.15,1,11,1,1,1,6168.79,5.04,486,1,0,0,0,9.0,0,1
T03141,2026-01-03T11:20:00+00:00,U0030,R0380,6099.99,1,11,0,0,1,4515.36,1.35,229,0,0,0,0,57.0,0,0
T03142,2026-01-03T11:21:00+00:00,U0046,R0403,6254.62,1,11,0,0,1,4347.39,1.44,854,0,0,0,0,30.0,0,0
T03143,2026-01-03T11:22:00+00:00,U0101,R0024,2310.14,1,11,0,0,0,6462.41,0.36,1165,0,0,0,0,469.0,0,0
T03144,2026-01-03T11:23:00+00:00,U0181,R0153,654.07,1,11,0,0,0,4491.95,0.15,215,0,0,0,0,460.0,0,0
T03145,2026-01-03T11:24:00+00:00,U0186,R0233,2375.17,1,11,0,0,0,2810.77,0.85,1731,0,0,0,0,167.0,0,0
T03146,2026-01-03T11:25:00+00:00,U0116,R0320,824.53,1,11,0,0,1,6028.69,0.14,463,0,0,0,0,41.0,0,0
T03147,2026-01-03T11:26:00+00:00,U0088,R0495,8425.44,1,11,0,0,0,9900.02,0.85,1812,0,0,0,0,330.0,0,0
T03148,2026-01-03T11:27:00+00:00,U0048,R0109,2205.45,1,11,0,0,0,4857.95,0.45,453,0,0,0,0,198.0,0,0
T03149,2026-01-03T11:28:00+00:00,U0192,R0310,2304.49,1,11,0,0,0,2641.22,0.87,887,0,0,0,0,163.0,0,0
T03150,2026-01-03T11:29:00+00:00,U0173,R0055,5346.52,1,11,0,0,0,2470.5,2.16,1772,0,0,0,0,456.0,0,0
T03151,2026-01-03T11:30:00+00:00,U0005,R0003,3523.95,1,11,0,0,0,3502.22,1.01,1114,0,0,0,0,326.0,0,0
T03152,2026-01-03T11:31:00+00:00,U0004,R0088,1413.54,1,11,0,0,0,4033.06,0.35,1108,0,0,0,0,337.0,0,0
T03153,2026-01-03T11:32:00+00:00,U0118,R0355,1244.07,1,11,0,0,0,3077.42,0.4,635,0,0,0,0,439.0,0,0
T03154,2026-01-03T11:33:00+00:00,U0169,R0495,4765.59,1,11,0,0,1,3014.29,1.58,1949,0,0,0,0,51.0,0,0
T03155,2026-01-03T11:34:00+00:00,U0186,R0250,1574.96,1,11,0,0,1,2781.73,0.57,1731,1,0,0,0,10.0,0,0
T03156,2026-01-03T11:35:00+00:00,U0158,R0185,6344.79,1,11,0,0,0,4653.16,1.36,1865,0,0,0,0,223.0,0,0
T03157,2026-01-03T11:36:00+00:00,U0177,R0346,5841.08,1,11,0,0,0,3265.42,1.79,315,0,0,0,0,235.0,0,0
T03158,2026-01-03T11:37:00+00:00,U0078,R0045,2852.17,1,11,0,0,0,5306.37,0.54,797,0,0,0,0,346.0,0,0
T03159,2026-01-03T11:38:00+00:00,U0004,R0098,4285.67,1,11,1,0,1,3845.95,1.11,1108,1,0,0,0,7.0,0,0
T03160,2026-01-03T11:39:00+00:00,U0005,R0357,7111.74,1,11,0,0,1,3503.67,2.03,1114,1,0,0,0,9.0,0,0
T03161,2026-01-03T11:40:00+00:00,U0007,R0108,5656.91,1,11,0,0,0,7133.49,0.79,573,0,0,0,0,415.0,0,0
T03162,2026-01-03T11:41:00+00:00,U0038,R0333,4873.85,1,11,0,0,0,3366.38,1.45,400,0,0,0,0,74.0,0,0
T03163,2026-01-03T11:42:00+00:00,U0161,R0440,11429.07,1,11,1,1,0,5410.52,2.11,1632,0,0,0,0,61.0,0,1
T03164,2026-01-03T11:43:00+00:00,U0049,R0045,4230.16,1,11,0,0,0,2302.42,1.84,100,0,0,0,0,83.0,0,0
T03165,2026-01-03T11:44:00+00:00,U0119,R0076,6955.63,1,11,0,0,0,6961.35,1.0,112,0,0,0,0,199.0,0,0
T03166,2026-01-03T11:45:00+00:00,U0006,R0060,14095.34,1,11,0,1,0,4728.88,2.98,1386,0,0,0,0,132.0,0,1
T03167,2026-01-03T11:46:00+00:00,U0040,R0379,4253.97,0,11,0,0,0,4360.65,0.98,1571,0,0,0,0,662.0,1,0
T03168,2026-01-03T11:47:00+00:00,U0125,R0242,923.52,1,11,0,0,0,5329.23,0.17,499,0,0,0,0,518.0,0,0
T03169,2026-01-03T11:48:00+00:00,U0116,R0300,1013.82,1,11,0,0,1,5681.75,0.18,463,0,0,0,0,23.0,0,0
T03170,2026-01-03T11:49:00+00:00,U0076,R0292,2239.21,1,11,0,0,0,2707.03,0.83,1540,0,0,0,0,274.0,0,0
T03171,2026-01-03T11:50:00+00:00,U0101,R0027,2249.52,1,11,0,0,1,6165.82,0.36,1165,0,0,0,0,28.0,0,0
T03172,2026-01-03T11:51:00+00:00,U0027,R0323,105.49,1,11,0,0,0,5342.1,0.02,1808,0,0,0,0,296.0,0,0
T03173,2026-01-03T11:52:00+00:00,U0111,R0213,2337.62,1,11,0,0,0,1462.01,1.6,877,0,0,0,0,99.0,0,0
T03174,2026-01-03T11:53:00+00:00,U0189,R0297,4214.04,1,11,0,0,0,3679.76,1.15,690,0,0,0,0,116.0,0,0
T03175,2026-01-03T11:54:00+00:00,U0142,R0149,6471.2,1,11,0,0,0,4036.3,1.6,1708,0,0,0,0,353.0,0,0
T03176,2026-01-03T11:55:00+00:00,U0103,R0249,856.52,1,11,0,0,0,3114.91,0.27,145,0,0,0,0,63.0,0,0
T03177,2026-01-03T11:56:00+00:00,U0186,R0314,850.98,1,11,0,0,2,2706.31,0.31,1731,0,0,0,0,22.0,0,0
T03178,2026-01-03T11:57:00+00:00,U0125,R0119,18431.9,0,11,1,0,1,5070.07,3.64,499,1,0,0,0,10.0,1,1
T03179,2026-01-03T11:58:00+00:00,U0136,R0010,623.69,1,11,0,0,0,4097.75,0.15,126,0,0,0,0,549.0,0,0
T03180,2026-01-03T11:59:00+00:00,U0081,R0284,1016.25,1,11,0,0,0,4218.83,0.24,1251,0,0,0,0,109.0,0,0
T03181,2026-01-03T12:00:00+00:00,U0166,R0214,24270.55,1,12,0,0,0,3635.26,6.68,1257,0,0,0,0,127.0,0,1
T03182,2026-01-03T12:01:00+00:00,U0030,R0254,7448.52,1,12,0,0,1,4587.39,1.62,229,0,0,0,0,41.0,0,0
T03183,2026-01-03T12:02:00+00:00,U0166,R0178,2378.19,1,12,0,0,1,4300.92,0.55,1257,1,0,0,0,2.0,0,0
T03184,2026-01-03T12:03:00+00:00,U0112,R0011,6789.01,1,12,0,0,0,3757.29,1.81,939,0,0,0,0,142.0,0,0
T03185,2026-01-03T12:04:00+00:00,U0186,R0099,1335.09,1,12,0,0,3,2597.17,0.51,1731,1,0,0,0,8.0,0,0
T03186,2026-01-03T12:05:00+00:00,U0113,R0119,3480.03,1,12,0,0,0,3266.74,1.07,1440,0,0,0,0,197.0,0,0
T03187,2026-01-03T12:06:00+00:00,U0151,R0466,2581.52,1,12,0,0,0,3023.64,0.85,1656,0,0,0,0,197.0,0,0
T03188,2026-01-03T12:07:00+00:00,U0155,R0437,2073.97,1,12,0,0,0,4403.97,0.47,1159,0,0,0,0,528.0,0,0
T03189,2026-01-03T12:08:00+00:00,U0169,R0240,4404.61,1,12,0,0,1,3090.44,1.43,1949,0,0,0,0,35.0,0,0
T03190,2026-01-03T12:09:00+00:00,U0076,R0371,516.78,1,12,0,1,1,2668.04,0.19,1540,0,0,0,0,20.0,0,0
T03191,2026-01-03T12:10:00+00:00,U0107,R0427,6418.87,1,12,0,1,0,6144.9,1.04,1230,0,0,0,0,245.0,0,0
T03192,2026-01-03T12:11:00+00:00,U0168,R0377,2560.52,1,12,0,0,0,5069.27,0.51,820,0,0,0,0,76.0,0,0
T03193,2026-01-03T12:12:00+00:00,U0121,R0410,1283.36,1,12,0,1,0,3335.16,0.38,418,0,0,0,0,138.0,0,0
T03194,2026-01-03T12:13:00+00:00,U0042,R0319,1570.57,1,12,0,0,0,2555.75,0.61,914,0,0,0,0,111.0,0,0
T03195,2026-01-03T12:14:00+00:00,U0177,R0384,3629.58,1,12,0,0,1,3394.2,1.07,315,0,0,0,0,38.0,0,0
T03196,2026-01-03T12:15:00+00:00,U0124,R0067,2025.84,1,12,0,0,0,2689.61,0.75,1661,0,0,0,0,360.0,0,0
T03197,2026-01-03T12:16:00+00:00,U0041,R0311,1632.97,1,12,0,0,0,3406.86,0.48,680,0,0,0,0,581.0,0,0
T03198,2026-01-03T12:17:00+00:00,U0107,R0483,735.17,1,12,0,0,1,6162.02,0.12,1230,1,0,0,0,7.0,0,0
T03199,2026-01-03T12:18:00+00:00,U0078,R0121,6900.52,1,12,0,0,1,5142.75,1.34,797,0,0,0,0,41.0,0,0
T03200,2026-01-03T12:19:00+00:00,U0013,R0010,44379.43,1,12,1,0,0,4996.98,8.88,869,0,0,0,0,92.0,0,1
T03201,2026-01-03T12:20:00+00:00,U0067,R0183,2129.65,1,12,0,0,0,3739.4,0.57,1381,0,0,0,0,134.0,0,0
T03202,2026-01-03T12:21:00+00:00,U0045,R0424,1823.43,1,12,0,0,0,3013.54,0.61,1072,0,0,0,0,214.0,0,0
T03203,2026-01-03T12:22:00+00:00,U0129,R0017,5183.14,1,12,0,0,0,4876.17,1.06,375,0,0,0,0,987.0,0,0
T03204,2026-01-03T12:23:00+00:00,U0087,R0221,3982.39,1,12,0,0,0,4436.11,0.9,1811,0,0,0,0,136.0,0,0
T03205,2026-01-03T12:24:00+00:00,U0059,R0062,5964.2,1,12,0,0,0,5063.87,1.18,75,0,0,0,0,345.0,0,0
T03206,2026-01-03T12:25:00+00:00,U0125,R0133,1939.75,1,12,0,0,2,5812.4,0.33,499,0,0,0,0,28.0,0,0
T03207,2026-01-03T12:26:00+00:00,U0091,R0394,4640.6,1,12,0,0,0,3913.23,1.19,823,0,0,0,0,146.0,0,0
T03208,2026-01-03T12:27:00+00:00,U0143,R0137,6409.42,1,12,0,0,0,2962.71,2.16,194,0,0,0,0,129.0,0,0
T03209,2026-01-03T12:28:00+00:00,U0177,R0448,45985.71,1,12,1,0,2,3405.41,13.5,315,0,0,0,0,14.0,0,1
T03210,2026-01-03T12:29:00+00:00,U0172,R0054,654.31,0,12,0,0,0,5118.06,0.13,1447,0,0,0,0,211.0,1,0
T03211,2026-01-03T12:30:00+00:00,U0113,R0410,344.6,1,12,0,0,1,3280.96,0.11,1440,0,0,0,0,25.0,0,0
T03212,2026-01-03T12:31:00+00:00,U0194,R0057,15518.96,1,12,0,1,0,4782.52,3.24,1773,0,0,0,0,206.0,0,1
T03213,2026-01-03T12:32:00+00:00,U0157,R0313,3156.49,1,12,0,0,0,2707.33,1.17,793,0,0,0,0,178.0,0,0
T03214,2026-01-03T12:33:00+00:00,U0027,R0422,28341.24,1,12,1,0,1,4939.28,5.74,1808,0,0,0,0,42.0,0,1
T03215,2026-01-03T12:34:00+00:00,U0130,R0054,6345.34,1,12,0,0,0,4730.44,1.34,708,0,0,0,0,271.0,0,0
T03216,2026-01-03T12:35:00+00:00,U0031,R0446,1046.08,0,12,0,0,0,4863.78,0.22,1886,0,0,0,0,172.0,1,0
T03217,2026-01-03T12:36:00+00:00,U0093,R0081,2556.39,1,12,0,0,0,4957.22,0.52,403,0,0,0,0,354.0,0,0
T03218,2026-01-03T12:37:00+00:00,U0182,R0227,6326.64,1,12,0,0,0,6696.82,0.94,269,0,0,0,0,117.0,0,0
T03219,2026-01-03T12:38:00+00:00,U0128,R0376,1963.27,1,12,0,0,0,3312.61,0.59,1107,0,0,0,0,147.0,0,0
T03220,2026-01-03T12:39:00+00:00,U0040,R0332,3285.97,1,12,0,0,1,4355.32,0.75,1571,0,0,0,0,53.0,0,0
T03221,2026-01-03T12:40:00+00:00,U0036,R0063,1811.25,0,12,0,0,0,4702.11,0.39,219,0,0,0,0,436.0,1,0
T03222,2026-01-03T12:41:00+00:00,U0113,R0497,20190.95,1,12,0,0,2,3097.44,6.52,1440,0,0,0,0,11.0,0,1
T03223,2026-01-03T12:42:00+00:00,U0197,R0004,9304.89,1,12,0,1,0,4462.74,2.09,274,0,0,0,0,269.0,0,1
T03224,2026-01-03T12:43:00+00:00,U0122,R0175,2065.88,1,12,0,0,0,4727.31,0.44,1750,0,0,0,0,282.0,0,0
T03225,2026-01-03T12:44:00+00:00,U0044,R0044,2060.12,1,12,0,0,0,7091.16,0.29,1950,0,0,0,0,135.0,0,0
T03226,2026-01-03T12:45:00+00:00,U0184,R0387,733.62,1,12,0,0,0,3222.5,0.23,327,0,0,0,0,1117.0,0,0
T03227,2026-01-03T12:46:00+00:00,U0162,R0341,4349.64,1,12,0,0,0,6413.26,0.68,391,0,0,0,0,102.0,0,0
T03228,2026-01-03T12:47:00+00:00,U0193,R0386,5126.66,1,12,0,0,0,3491.22,1.47,158,0,0,0,0,551.0,0,0
T03229,2026-01-03T12:48:00+00:00,U0059,R0071,3229.56,1,12,0,0,1,5138.9,0.63,75,0,0,0,0,24.0,0,0
T03230,2026-01-03T12:49:00+00:00,U0106,R0471,612.38,1,12,0,0,0,3071.64,0.2,1381,0,0,0,0,269.0,0,0
T03231,2026-01-03T12:50:00+00:00,U0118,R0488,4290.71,1,12,0,0,0,2936.39,1.46,635,0,0,0,0,78.0,0,0
T03232,2026-01-03T12:51:00+00:00,U0175,R0186,7976.58,1,12,0,0,0,2546.97,3.13,1375,0,0,0,0,239.0,0,0
T03233,2026-01-03T12:52:00+00:00,U0114,R0075,4138.13,1,12,0,0,0,4106.26,1.01,447,0,0,0,0,213.0,0,0
T03234,2026-01-03T12:53:00+00:00,U0184,R0413,4170.19,1,12,0,0,1,2945.96,1.42,327,1,0,0,0,8.0,0,0
T03235,2026-01-03T12:54:00+00:00,U0018,R0044,28284.15,1,12,1,1,0,4922.94,5.75,74,0,0,0,0,294.0,0,1
T03236,2026-01-03T12:55:00+00:00,U0103,R0396,2186.35,1,12,0,1,1,2953.6,0.74,145,0,0,0,0,60.0,0,1
T03237,2026-01-03T12:56:00+00:00,U0016,R0202,1018.53,1,12,0,0,0,4007.17,0.25,1715,0,0,0,0,1125.0,0,0
T03238,2026-01-03T12:57:00+00:00,U0170,R0473,12231.0,1,12,1,0,0,4732.44,2.58,1804,0,0,0,0,100.0,0,1
T03239,2026-01-03T12:58:00+00:00,U0148,R0030,8134.0,1,12,1,1,0,3067.7,2.65,507,0,0,0,0,824.0,0,0
T03240,2026-01-03T12:59:00+00:00,U0183,R0410,1742.73,1,12,0,0,0,4208.31,0.41,827,0,0,0,0,112.0,0,0
T03241,2026-01-03T13:00:00+00:00,U0134,R0499,5648.22,0,13,0,0,0,4081.95,1.38,723,0,0,0,0,285.0,1,0
T03242,2026-01-03T13:01:00+00:00,U0103,R0454,2281.08,1,13,0,0,1,2902.45,0.79,145,1,0,0,0,6.0,0,0
T03243,2026-01-03T13:02:00+00:00,U0142,R0448,3512.54,1,13,0,0,0,4179.53,0.84,1708,0,0,0,0,68.0,0,0
T03244,2026-01-03T13:03:00+00:00,U0191,R0161,1624.44,1,13,0,0,0,4078.62,0.4,982,0,0,0,0,414.0,0,0
T03245,2026-01-03T13:04:00+00:00,U0003,R0424,2585.5,1,13,0,0,0,3454.05,0.75,1486,0,0,0,0,241.0,0,0
T03246,2026-01-03T13:05:00+00:00,U0136,R0313,3773.54,1,13,0,0,0,3808.25,0.99,126,0,0,0,0,67.0,0,0
T03247,2026-01-03T13:06:00+00:00,U0180,R0207,3916.71,0,13,0,0,0,6689.59,0.59,793,0,0,0,0,246.0,1,0
T03248,2026-01-03T13:07:00+00:00,U0053,R0455,456.1,1,13,0,0,0,4029.04,0.11,1252,0,0,0,0,159.0,0,0
T03249,2026-01-03T13:08:00+00:00,U0159,R0334,418.18,1,13,0,0,0,4396.09,0.1,490,0,0,0,0,185.0,0,0
T03250,2026-01-03T13:09:00+00:00,U0089,R0455,5796.48,1,13,0,0,0,3366.76,1.72,622,0,0,0,0,543.0,0,0
T03251,2026-01-03T13:10:00+00:00,U0167,R0208,664.17,1,13,0,0,0,2870.16,0.23,1126,0,0,0,0,226.0,0,0
T03252,2026-01-03T13:11:00+00:00,U0078,R0044,1045.82,1,13,1,0,1,5252.61,0.2,797,0,0,0,0,53.0,0,0
T03253,2026-01-03T13:12:00+00:00,U0086,R0200,5321.37,1,13,0,0,0,2702.38,1.97,1686,0,0,0,0,193.0,0,0
T03254,2026-01-03T13:13:00+00:00,U0190,R0451,4564.05,1,13,0,0,0,3083.14,1.48,1087,0,0,0,0,465.0,0,0
T03255,2026-01-03T13:14:00+00:00,U0139,R0146,2526.61,1,13,0,0,0,3108.82,0.81,1504,0,0,0,0,347.0,0,0
T03256,2026-01-03T13:15:00+00:00,U0131,R0283,623.59,1,13,0,0,0,6295.34,0.1,1810,0,0,0,0,971.0,0,0
T03257,2026-01-03T13:16:00+00:00,U0088,R0388,4174.95,1,13,0,0,0,9833.0,0.42,1812,0,0,0,0,110.0,0,0
T03258,2026-01-03T13:17:00+00:00,U0006,R0015,1207.29,1,13,1,0,0,5449.38,0.22,1386,0,0,0,0,92.0,0,0
T03259,2026-01-03T13:18:00+00:00,U0139,R0304,4137.74,1,13,0,0,1,3076.47,1.34,1504,1,0,0,0,4.0,0,0
T03260,2026-01-03T13:19:00+00:00,U0199,R0156,2450.94,1,13,0,0,0,4799.58,0.51,1451,0,0,0,0,889.0,0,0
T03261,2026-01-03T13:20:00+00:00,U0130,R0057,4239.57,1,13,0,0,1,4825.43,0.88,708,0,0,0,0,46.0,0,0
T03262,2026-01-03T13:21:00+00:00,U0096,R0133,8610.3,1,13,0,0,0,5769.24,1.49,322,0,0,0,0,271.0,0,0
T03263,2026-01-03T13:22:00+00:00,U0091,R0064,3235.22,1,13,0,0,1,3973.84,0.81,823,0,0,0,0,56.0,0,0
T03264,2026-01-03T13:23:00+00:00,U0167,R0482,2191.86,1,13,1,0,1,2765.11,0.79,1126,0,0,0,0,13.0,0,0
T03265,2026-01-03T13:24:00+00:00,U0077,R0294,5927.02,0,13,0,0,0,4546.9,1.3,332,0,0,0,0,133.0,1,0
T03266,2026-01-03T13:25:00+00:00,U0117,R0174,3686.68,1,13,0,0,0,4101.68,0.9,876,0,0,0,0,223.0,0,0
T03267,2026-01-03T13:26:00+00:00,U0191,R0298,712.57,1,13,0,0,1,3855.52,0.18,982,0,0,0,0,23.0,0,0
T03268,2026-01-03T13:27:00+00:00,U0161,R0341,4174.34,1,13,0,0,0,5727.29,0.73,1632,0,0,0,0,105.0,0,0
T03269,2026-01-03T13:28:00+00:00,U0153,R0120,5023.82,1,13,0,0,0,2826.46,1.78,798,0,0,0,0,243.0,0,0
T03270,2026-01-03T13:29:00+00:00,U0073,R0342,35941.23,1,13,1,1,0,7587.41,4.74,1369,0,0,0,0,173.0,0,1
T03271,2026-01-03T13:30:00+00:00,U0184,R0294,3203.18,1,13,0,0,2,3068.38,1.04,327,0,0,0,0,37.0,0,0
T03272,2026-01-03T13:31:00+00:00,U0183,R0194,4869.71,1,13,0,0,1,4078.54,1.19,827,0,0,0,0,32.0,0,0
T03273,2026-01-03T13:32:00+00:00,U0064,R0054,3263.17,1,13,0,0,0,4142.34,0.79,1159,0,0,0,0,139.0,0,0
T03274,2026-01-03T13:33:00+00:00,U0150,R0099,970.68,1,13,0,1,0,5429.39,0.18,1080,0,0,0,0,182.0,0,0
T03275,2026-01-03T13:34:00+00:00,U0093,R0233,1438.84,1,13,0,0,1,4823.84,0.3,403,0,0,0,0,58.0,0,0
T03276,2026-01-03T13:35:00+00:00,U0183,R0218,2683.62,1,13,1,1,2,4118.1,0.65,827,1,0,0,0,4.0,0,0
T03277,2026-01-03T13:36:00+00:00,U0021,R0048,26350.99,1,13,1,0,0,7300.85,3.61,486,0,0,0,0,137.0,0,1
T03278,2026-01-03T13:37:00+00:00,U0034,R0244,890.65,1,13,0,0,0,2645.51,0.34,1925,0,0,0,0,159.0,0,0
T03279,2026-01-03T13:38:00+00:00,U0020,R0190,1390.73,1,13,1,0,0,2934.72,0.47,1664,0,0,0,0,336.0,0,0
T03280,2026-01-03T13:39:00+00:00,U0104,R0302,1696.34,1,13,0,0,0,2697.83,0.63,508,0,0,0,0,165.0,0,0
T03281,2026-01-03T13:40:00+00:00,U0200,R0203,1790.69,1,13,0,0,0,3050.47,0.59,1096,0,0,0,0,270.0,0,0
T03282,2026-01-03T13:41:00+00:00,U0150,R0256,729.92,1,13,0,0,1,5086.41,0.14,1080,1,0,0,0,8.0,0,0
T03283,2026-01-03T13:42:00+00:00,U0113,R0353,1529.16,1,13,0,0,0,4102.94,0.37,1440,0,0,0,0,61.0,0,0
T03284,2026-01-03T13:43:00+00:00,U0126,R0375,2558.61,1,13,0,0,0,5392.61,0.47,1797,0,0,0,0,167.0,0,0
T03285,2026-01-03T13:44:00+00:00,U0042,R0074,3079.46,1,13,0,0,0,2497.79,1.23,914,0,0,0,0,91.0,0,0
T03286,2026-01-03T13:45:00+00:00,U0125,R0365,1038.78,1,13,0,0,0,5608.57,0.19,499,0,0,0,0,80.0,0,0
T03287,2026-01-03T13:46:00+00:00,U0181,R0263,1687.8,1,13,0,0,0,4278.73,0.39,215,0,0,0,0,143.0,0,0
T03288,2026-01-03T13:47:00+00:00,U0031,R0356,7475.79,1,13,0,0,0,4609.27,1.62,1886,0,0,0,0,72.0,0,0
T03289,2026-01-03T13:48:00+00:00,U0122,R0017,6164.81,1,13,0,0,0,4594.24,1.34,1750,0,0,0,0,65.0,0,0
T03290,2026-01-03T13:49:00+00:00,U0144,R0190,7044.95,1,13,0,0,0,4646.16,1.52,685,0,0,0,0,224.0,0,0
T03291,2026-01-03T13:50:00+00:00,U0031,R0309,1561.23,1,13,0,0,1,4788.42,0.33,1886,1,0,0,0,3.0,0,0
T03292,2026-01-03T13:51:00+00:00,U0029,R0062,6728.96,1,13,0,0,0,9718.5,0.69,316,0,0,0,0,269.0,0,0
T03293,2026-01-03T13:52:00+00:00,U0075,R0021,6745.97,1,13,0,0,0,3171.87,2.13,86,0,0,0,0,1088.0,0,0
T03294,2026-01-03T13:53:00+00:00,U0031,R0191,2052.57,1,13,0,0,2,4598.59,0.45,1886,2,0,0,0,3.0,0,0
T03295,2026-01-03T13:54:00+00:00,U0096,R0156,2601.06,1,13,0,0,1,5958.64,0.44,322,0,0,0,0,33.0,0,0
T03296,2026-01-03T13:55:00+00:00,U0008,R0406,3121.93,1,13,0,0,0,3723.0,0.84,457,0,0,0,0,196.0,0,0
T03297,2026-01-03T13:56:00+00:00,U0151,R0216,930.31,1,13,0,0,0,2996.01,0.31,1656,0,0,0,0,110.0,0,0
T03298,2026-01-03T13:57:00+00:00,U0079,R0456,1662.35,1,13,0,0,0,2507.42,0.66,128,0,0,0,0,276.0,0,0
T03299,2026-01-03T13:58:00+00:00,U0047,R0420,3570.69,1,13,0,0,0,7436.16,0.48,957,0,0,0,0,205.0,0,0
T03300,2026-01-03T13:59:00+00:00,U0001,R0063,8839.46,1,13,0,0,0,3655.22,2.42,1905,0,0,0,0,279.0,0,0
T03301,2026-01-03T14:00:00+00:00,U0018,R0446,382.14,1,14,0,0,0,5984.82,0.06,74,0,0,0,0,66.0,0,0
T03302,2026-01-03T14:01:00+00:00,U0124,R0294,5167.64,1,14,0,0,0,2638.55,1.96,1661,0,0,0,0,106.0,0,0
T03303,2026-01-03T14:02:00+00:00,U0116,R0461,1718.13,1,14,0,0,0,5390.0,0.32,463,0,0,0,0,134.0,0,0
T03304,2026-01-03T14:03:00+00:00,U0097,R0244,36516.25,1,14,1,0,0,2555.86,14.29,174,0,0,0,0,272.0,0,1
T03305,2026-01-03T14:04:00+00:00,U0156,R0068,651.87,1,14,0,0,0,4091.96,0.16,1027,0,0,0,0,1326.0,0,0
T03306,2026-01-03T14:05:00+00:00,U0130,R0326,1217.49,1,14,1,0,1,4792.88,0.25,708,0,0,0,0,45.0,0,0
T03307,2026-01-03T14:06:00+00:00,U0116,R0342,739.79,1,14,0,0,1,5174.01,0.14,463,1,0,0,0,4.0,0,0
T03308,2026-01-03T14:07:00+00:00,U0187,R0167,2679.46,1,14,0,0,0,4074.78,0.66,1389,0,0,0,0,531.0,0,0
T03309,2026-01-03T14:08:00+00:00,U0160,R0341,2472.8,1,14,0,0,0,4487.67,0.55,214,0,0,0,0,416.0,0,0
T03310,2026-01-03T14:09:00+00:00,U0100,R0120,3864.73,1,14,0,0,0,4070.18,0.95,1160,0,0,0,0,381.0,0,0
T03311,2026-01-03T14:10:00+00:00,U0087,R0277,1149.05,0,14,0,0,0,4394.86,0.26,1811,0,0,0,0,107.0,1,0
T03312,2026-01-03T14:11:00+00:00,U0172,R0456,24139.28,1,14,1,1,0,4923.99,4.9,1447,0,0,0,0,102.0,0,1
T03313,2026-01-03T14:12:00+00:00,U0072,R0331,709.35,1,14,0,0,0,2810.0,0.25,1208,0,0,0,0,240.0,0,0
T03314,2026-01-03T14:13:00+00:00,U0043,R0363,2365.27,1,14,0,0,0,3989.67,0.59,1004,0,0,0,0,237.0,0,0
T03315,2026-01-03T14:14:00+00:00,U0162,R0408,4807.93,1,14,0,1,0,6265.86,0.77,391,0,0,0,0,88.0,0,0
T03316,2026-01-03T14:15:00+00:00,U0080,R0288,4167.85,1,14,0,0,0,6485.15,0.64,846,0,0,0,0,198.0,0,0
T03317,2026-01-03T14:16:00+00:00,U0165,R0287,908.15,1,14,0,0,0,7137.94,0.13,302,0,0,0,0,298.0,0,0
T03318,2026-01-03T14:17:00+00:00,U0159,R0278,5059.68,1,14,0,0,0,4175.1,1.21,490,0,0,0,0,69.0,0,0
T03319,2026-01-03T14:18:00+00:00,U0014,R0491,6488.7,1,14,0,0,0,3954.14,1.64,608,0,0,0,0,321.0,0,0
T03320,2026-01-03T14:19:00+00:00,U0049,R0385,1083.35,1,14,0,0,0,2450.71,0.44,100,0,0,0,0,156.0,0,0
T03321,2026-01-03T14:20:00+00:00,U0005,R0062,2064.2,1,14,0,0,0,3729.18,0.55,1114,0,0,0,0,161.0,0,0
T03322,2026-01-03T14:21:00+00:00,U0137,R0093,6116.87,1,14,0,0,0,3950.55,1.55,511,0,0,0,0,369.0,0,0
T03323,2026-01-03T14:22:00+00:00,U0071,R0403,5343.06,1,14,0,0,0,6827.22,0.78,17,0,0,0,0,313.0,0,0
T03324,2026-01-03T14:23:00+00:00,U0181,R0430,848.59,1,14,0,0,1,4142.37,0.2,215,0,0,0,0,37.0,0,0
T03325,2026-01-03T14:24:00+00:00,U0114,R0044,7356.98,1,14,0,0,0,4107.78,1.79,447,0,0,0,0,92.0,0,0
T03326,2026-01-03T14:25:00+00:00,U0156,R0165,351.24,1,14,0,0,1,3661.95,0.1,1027,0,0,0,0,21.0,0,0
T03327,2026-01-03T14:26:00+00:00,U0012,R0252,5488.03,1,14,0,0,0,3577.94,1.53,476,0,0,0,0,191.0,0,0
T03328,2026-01-03T14:27:00+00:00,U0006,R0175,19182.81,1,14,1,0,0,5146.37,3.73,1386,0,0,0,0,70.0,0,1
T03329,2026-01-03T14:28:00+00:00,U0107,R0013,11594.02,1,14,1,0,0,5842.8,1.98,1230,0,0,0,0,131.0,0,1
T03330,2026-01-03T14:29:00+00:00,U0082,R0196,2327.42,1,14,0,0,0,6890.81,0.34,212,0,0,0,0,303.0,0,0
T03331,2026-01-03T14:30:00+00:00,U0030,R0051,589.03,1,14,0,0,0,4711.79,0.13,229,0,0,0,0,149.0,0,0
T03332,2026-01-03T14:31:00+00:00,U0074,R0074,1471.99,1,14,0,0,0,3513.67,0.42,589,0,0,0,0,539.0,0,0
T03333,2026-01-03T14:32:00+00:00,U0197,R0046,5653.12,0,14,1,0,0,4765.37,1.19,274,0,0,0,0,110.0,1,0
T03334,2026-01-03T14:33:00+00:00,U0105,R0348,7071.57,1,14,0,0,0,4556.8,1.55,203,0,0,0,0,656.0,0,1
T03335,2026-01-03T14:34:00+00:00,U0158,R0493,960.54,1,14,0,0,0,4730.05,0.2,1865,0,0,0,0,179.0,0,0
T03336,2026-01-03T14:35:00+00:00,U0007,R0366,4900.25,1,14,0,0,0,6999.25,0.7,573,0,0,0,0,175.0,0,0
T03337,2026-01-03T14:36:00+00:00,U0100,R0051,2763.14,1,14,0,0,1,4053.06,0.68,1160,0,0,0,0,27.0,0,0
T03338,2026-01-03T14:37:00+00:00,U0106,R0458,3229.24,1,14,0,0,0,2969.17,1.09,1381,0,0,0,0,108.0,0,0
T03339,2026-01-03T14:38:00+00:00,U0097,R0483,4791.25,1,14,0,0,1,4678.38,1.02,174,0,0,0,0,35.0,0,0
T03340,2026-01-03T14:39:00+00:00,U0031,R0027,6882.89,1,14,0,0,3,4457.14,1.54,1886,0,0,0,0,46.0,0,0
T03341,2026-01-03T14:40:00+00:00,U0193,R0306,3442.55,1,14,0,1,0,3559.37,0.97,158,0,0,0,0,113.0,0,0
T03342,2026-01-03T14:41:00+00:00,U0127,R0261,2736.52,1,14,0,0,0,2286.22,1.2,675,0,0,0,0,255.0,0,0
T03343,2026-01-03T14:42:00+00:00,U0099,R0487,3116.12,1,14,0,0,0,2769.87,1.13,828,0,0,0,0,343.0,0,0
T03344,2026-01-03T14:43:00+00:00,U0016,R0163,23760.89,1,14,1,1,0,3735.48,6.36,1715,0,0,0,0,107.0,0,1
T03345,2026-01-03T14:44:00+00:00,U0105,R0034,1949.28,1,14,0,0,1,4766.36,0.41,203,0,0,0,0,11.0,0,0
T03346,2026-01-03T14:45:00+00:00,U0105,R0325,1185.44,1,14,1,0,2,4549.66,0.26,203,1,0,0,0,1.0,0,0
T03347,2026-01-03T14:46:00+00:00,U0005,R0138,3992.58,1,14,0,0,1,3631.24,1.1,1114,0,0,0,0,26.0,0,0
T03348,2026-01-03T14:47:00+00:00,U0151,R0346,37787.21,1,14,1,1,1,2874.5,13.15,1656,0,0,0,0,51.0,0,1
T03349,2026-01-03T14:48:00+00:00,U0196,R0285,3683.85,1,14,1,0,0,3537.13,1.04,219,0,0,0,0,417.0,0,0
T03350,2026-01-03T14:49:00+00:00,U0033,R0156,2112.9,1,14,0,0,0,3111.59,0.68,1103,0,0,0,0,519.0,0,0
T03351,2026-01-03T14:50:00+00:00,U0115,R0043,6521.8,1,14,0,0,0,3328.96,1.96,579,0,0,0,0,230.0,0,0
T03352,2026-01-03T14:51:00+00:00,U0129,R0105,4087.56,1,14,0,0,0,4898.09,0.83,375,0,0,0,0,149.0,0,0
T03353,2026-01-03T14:52:00+00:00,U0037,R0192,810.48,1,14,0,0,0,3580.35,0.23,132,0,0,0,0,1157.0,0,0
T03354,2026-01-03T14:53:00+00:00,U0044,R0401,5760.84,1,14,0,0,0,6671.91,0.86,1950,0,0,0,0,129.0,0,0
T03355,2026-01-03T14:54:00+00:00,U0109,R0493,9915.4,1,14,1,1,0,3309.1,3.0,579,0,0,0,0,218.0,0,1
T03356,2026-01-03T14:55:00+00:00,U0116,R0022,5406.39,1,14,1,0,2,4927.66,1.1,463,0,0,0,0,49.0,0,0
T03357,2026-01-03T14:56:00+00:00,U0119,R0493,4057.7,1,14,1,0,0,6960.91,0.58,112,0,0,0,0,192.0,0,1
T03358,2026-01-03T14:57:00+00:00,U0119,R0493,4057.7,0,14,1,0,1,6753.54,0.6,112,1,1,1,1,1.0,1,1
T03359,2026-01-03T14:58:00+00:00,U0119,R0493,4057.7,0,14,1,0,2,6573.82,0.62,112,2,2,2,2,1.0,2,1
T03360,2026-01-03T14:59:00+00:00,U0075,R0335,18014.22,1,14,0,0,0,3496.79,5.15,86,0,0,0,0,67.0,0,1
T03361,2026-01-03T15:00:00+00:00,U0001,R0031,39234.65,1,15,1,0,0,4054.01,9.68,1905,0,0,0,0,61.0,0,1
T03362,2026-01-03T15:01:00+00:00,U0124,R0140,3280.61,1,15,0,0,1,2819.2,1.16,1661,0,0,0,0,60.0,0,0
T03363,2026-01-03T15:02:00+00:00,U0175,R0195,863.01,1,15,0,0,0,3040.57,0.28,1375,0,0,0,0,131.0,0,0
T03364,2026-01-03T15:03:00+00:00,U0162,R0109,2537.55,1,15,0,0,1,6168.67,0.41,391,0,0,0,0,49.0,0,0
T03365,2026-01-03T15:04:00+00:00,U0131,R0145,5842.74,1,15,0,0,0,5822.69,1.0,1810,0,0,0,0,109.0,0,0
T03366,2026-01-03T15:05:00+00:00,U0190,R0274,5179.33,1,15,0,0,0,3150.45,1.64,1087,0,0,0,0,112.0,0,0
T03367,2026-01-03T15:06:00+00:00,U0077,R0046,644.06,1,15,0,0,0,4653.06,0.14,332,0,0,0,0,102.0,0,0
T03368,2026-01-03T15:07:00+00:00,U0032,R0426,5140.19,1,15,0,0,0,4006.1,1.28,1853,0,0,0,0,270.0,0,0
T03369,2026-01-03T15:08:00+00:00,U0143,R0144,659.11,1,15,0,0,0,3178.13,0.21,194,0,0,0,0,161.0,0,0
T03370,2026-01-03T15:09:00+00:00,U0054,R0313,783.03,1,15,0,0,0,5349.44,0.15,712,0,0,0,0,256.0,0,0
T03371,2026-01-03T15:10:00+00:00,U0082,R0453,2516.81,1,15,0,1,1,6673.51,0.38,212,0,0,0,0,41.0,0,0
T03372,2026-01-03T15:11:00+00:00,U0088,R0326,3249.88,1,15,0,0,0,9586.99,0.34,1812,0,0,0,0,115.0,0,0
T03373,2026-01-03T15:12:00+00:00,U0193,R0363,24533.51,1,15,1,0,1,3554.69,6.9,158,0,0,0,0,32.0,0,1
T03374,2026-01-03T15:13:00+00:00,U0063,R0340,1117.13,1,15,0,0,0,4754.13,0.23,1621,0,0,0,0,409.0,0,0
T03375,2026-01-03T15:14:00+00:00,U0088,R0108,3966.16,1,15,0,0,1,9322.95,0.43,1812,1,0,0,0,3.0,0,0
T03376,2026-01-03T15:15:00+00:00,U0154,R0169,5682.94,1,15,0,0,0,3309.33,1.72,1010,0,0,0,0,314.0,0,0
T03377,2026-01-03T15:16:00+00:00,U0178,R0069,1179.74,1,15,0,0,0,3538.14,0.33,1860,0,0,0,0,321.0,0,0
T03378,2026-01-03T15:17:00+00:00,U0001,R0312,1621.94,1,15,0,1,1,6566.91,0.25,1905,0,0,0,0,17.0,0,0
T03379,2026-01-03T15:18:00+00:00,U0003,R0345,3997.42,1,15,0,0,0,3381.67,1.18,1486,0,0,0,0,134.0,0,0
T03380,2026-01-03T15:19:00+00:00,U0143,R0459,8989.09,1,15,0,0,1,3029.95,2.97,194,0,0,0,0,11.0,0,0
T03381,2026-01-03T15:20:00+00:00,U0126,R0391,1980.25,1,15,0,0,0,5269.39,0.38,1797,0,0,0,0,97.0,0,0
T03382,2026-01-03T15:21:00+00:00,U0021,R0404,6328.94,1,15,0,0,0,8129.12,0.78,486,0,0,0,0,105.0,0,0
T03383,2026-01-03T15:22:00+00:00,U0167,R0040,3598.97,1,15,0,0,0,2739.06,1.31,1126,0,0,0,0,119.0,0,0
T03384,2026-01-03T15:23:00+00:00,U0172,R0228,8064.06,1,15,0,0,0,5724.62,1.41,1447,0,0,0,0,72.0,0,0
T03385,2026-01-03T15:24:00+00:00,U0091,R0498,3331.88,1,15,0,0,0,3917.03,0.85,823,0,0,0,0,122.0,0,0
T03386,2026-01-03T15:25:00+00:00,U0154,R0184,1579.56,1,15,0,0,1,3448.95,0.46,1010,1,0,0,0,10.0,0,0
T03387,2026-01-03T15:26:00+00:00,U0197,R0416,1941.56,1,15,0,0,1,4817.59,0.4,274,0,0,0,0,54.0,0,0
T03388,2026-01-03T15:27:00+00:00,U0003,R0064,4828.24,1,15,0,0,1,3429.03,1.41,1486,1,0,0,0,9.0,0,0
T03389,2026-01-03T15:28:00+00:00,U0050,R0228,1086.63,1,15,0,0,0,2452.93,0.44,682,0,0,0,0,581.0,0,0
T03390,2026-01-03T15:29:00+00:00,U0191,R0011,4746.37,1,15,0,1,0,3593.6,1.32,982,0,0,0,0,123.0,0,1
T03391,2026-01-03T15:30:00+00:00,U0191,R0011,4746.37,0,15,0,1,1,3682.28,1.29,982,1,1,1,1,1.0,1,1
T03392,2026-01-03T15:31:00+00:00,U0191,R0011,4746.37,0,15,1,1,2,3758.28,1.26,982,2,2,2,2,1.0,2,1
T03393,2026-01-03T15:32:00+00:00,U0175,R0472,5134.65,1,15,0,0,1,2859.1,1.8,1375,0,0,0,0,30.0,0,0
T03394,2026-01-03T15:33:00+00:00,U0050,R0047,4607.14,1,15,0,0,1,2339.07,1.97,682,1,0,0,0,5.0,0,0
T03395,2026-01-03T15:34:00+00:00,U0161,R0156,740.89,1,15,0,0,0,5649.64,0.13,1632,0,0,0,0,127.0,0,0
T03396,2026-01-03T15:35:00+00:00,U0057,R0120,5704.52,1,15,1,0,0,3578.13,1.59,459,0,0,0,0,577.0,0,0
T03397,2026-01-03T15:36:00+00:00,U0093,R0019,45411.48,1,15,0,0,0,4645.68,9.77,403,0,0,0,0,122.0,0,1
T03398,2026-01-03T15:37:00+00:00,U0181,R0362,410.84,1,15,0,0,0,3977.68,0.1,215,0,0,0,0,74.0,0,0
T03399,2026-01-03T15:38:00+00:00,U0002,R0101,6898.62,1,15,0,1,0,3018.95,2.29,1660,0,0,0,0,306.0,0,0
T03400,2026-01-03T15:39:00+00:00,U0164,R0203,7290.93,1,15,0,0,0,3935.15,1.85,1150,0,0,0,0,593.0,0,0
T03401,2026-01-03T15:40:00+00:00,U0072,R0292,4256.67,1,15,0,0,0,2659.95,1.6,1208,0,0,0,0,88.0,0,0
T03402,2026-01-03T15:41:00+00:00,U0044,R0283,703.47,1,15,0,0,1,6601.83,0.11,1950,0,0,0,0,48.0,0,0
T03403,2026-01-03T15:42:00+00:00,U0190,R0290,635.93,1,15,0,0,1,3238.67,0.2,1087,0,0,0,0,37.0,0,0
T03404,2026-01-03T15:43:00+00:00,U0155,R0290,215.33,1,15,0,0,0,4192.15,0.05,1159,0,0,0,0,216.0,0,0
T03405,2026-01-03T15:44:00+00:00,U0151,R0066,31585.46,1,15,1,0,1,4814.09,6.56,1656,0,0,0,0,57.0,0,1
T03406,2026-01-03T15:45:00+00:00,U0033,R0133,1256.84,1,15,0,0,1,3045.01,0.41,1103,0,0,0,0,56.0,0,0
T03407,2026-01-03T15:46:00+00:00,U0059,R0452,6541.1,1,15,0,0,0,4992.02,1.31,75,0,0,0,0,178.0,0,0
T03408,2026-01-03T15:47:00+00:00,U0071,R0099,2926.04,1,15,0,0,0,6759.76,0.43,17,0,0,0,0,85.0,0,0
T03409,2026-01-03T15:48:00+00:00,U0006,R0497,41554.64,1,15,1,1,0,6082.13,6.83,1386,0,0,0,0,81.0,0,1
T03410,2026-01-03T15:49:00+00:00,U0137,R0315,787.3,1,15,0,0,0,4094.97,0.19,511,0,0,0,0,88.0,0,0
T03411,2026-01-03T15:50:00+00:00,U0144,R0453,1614.36,1,15,0,0,0,4817.5,0.34,685,0,0,0,0,121.0,0,0
T03412,2026-01-03T15:51:00+00:00,U0110,R0329,1125.21,1,15,0,0,0,2485.18,0.45,29,0,0,0,0,494.0,0,0
T03413,2026-01-03T15:52:00+00:00,U0167,R0027,656.21,1,15,0,0,1,2776.44,0.24,1126,0,0,0,0,30.0,0,0
T03414,2026-01-03T15:53:00+00:00,U0083,R0222,1601.6,1,15,0,0,0,10939.94,0.15,313,0,0,0,0,305.0,0,0
T03415,2026-01-03T15:54:00+00:00,U0105,R0141,4952.34,1,15,0,0,0,4309.36,1.15,203,0,0,0,0,69.0,0,0
T03416,2026-01-03T15:55:00+00:00,U0133,R0239,2146.14,1,15,0,0,0,4036.05,0.53,257,0,0,0,0,938.0,0,0
T03417,2026-01-03T15:56:00+00:00,U0133,R0389,575.24,1,15,0,0,1,3924.88,0.15,257,1,0,0,0,1.0,0,0
T03418,2026-01-03T15:57:00+00:00,U0185,R0115,22855.84,1,15,1,0,0,3544.75,6.45,1483,0,0,0,0,446.0,0,1
T03419,2026-01-03T15:58:00+00:00,U0108,R0273,2181.48,1,15,0,1,0,7475.26,0.29,1935,0,0,0,0,369.0,0,0
T03420,2026-01-03T15:59:00+00:00,U0002,R0201,1081.78,1,15,0,1,1,3277.6,0.33,1660,0,0,0,0,21.0,0,0
T03421,2026-01-03T16:00:00+00:00,U0021,R0451,3021.87,1,16,0,0,1,8054.11,0.38,486,0,0,0,0,39.0,0,0
T03422,2026-01-03T16:01:00+00:00,U0007,R0378,3582.27,1,16,0,0,0,6824.34,0.52,573,0,0,0,0,86.0,0,0
T03423,2026-01-03T16:02:00+00:00,U0177,R0217,5761.73,1,16,0,0,0,5340.88,1.08,315,0,0,0,0,214.0,0,0
T03424,2026-01-03T16:03:00+00:00,U0064,R0101,634.24,1,16,0,0,0,4107.18,0.15,1159,0,0,0,0,151.0,0,0
T03425,2026-01-03T16:04:00+00:00,U0080,R0033,394.0,1,16,0,0,0,6340.32,0.06,846,0,0,0,0,109.0,0,0
T03426,2026-01-03T16:05:00+00:00,U0025,R0015,2713.52,1,16,0,0,0,3602.44,0.75,1745,0,0,0,0,330.0,0,0
T03427,2026-01-03T16:06:00+00:00,U0007,R0304,14744.02,1,16,0,0,1,6574.95,2.24,573,1,0,0,0,5.0,0,1
T03428,2026-01-03T16:07:00+00:00,U0086,R0431,2046.32,1,16,0,1,0,2993.38,0.68,1686,0,0,0,0,175.0,0,0
T03429,2026-01-03T16:08:00+00:00,U0028,R0243,6493.2,1,16,1,0,0,3457.97,1.88,1290,0,0,0,0,330.0,0,0
T03430,2026-01-03T16:09:00+00:00,U0088,R0427,2265.04,1,16,0,0,2,9108.68,0.25,1812,0,0,0,0,55.0,0,0
T03431,2026-01-03T16:10:00+00:00,U0086,R0267,5383.56,1,16,0,0,1,2898.67,1.86,1686,1,0,0,0,3.0,0,0
T03432,2026-01-03T16:11:00+00:00,U0019,R0398,2211.87,1,16,0,0,0,5830.72,0.38,1302,0,0,0,0,322.0,0,0
T03433,2026-01-03T16:12:00+00:00,U0113,R0392,6768.33,1,16,0,0,0,3959.95,1.71,1440,0,0,0,0,150.0,0,0
T03434,2026-01-03T16:13:00+00:00,U0115,R0297,2133.15,1,16,0,0,0,3557.02,0.6,579,0,0,0,0,83.0,0,0
T03435,2026-01-03T16:14:00+00:00,U0016,R0470,8354.81,1,16,0,0,0,5404.26,1.55,1715,0,0,0,0,91.0,0,0
T03436,2026-01-03T16:15:00+00:00,U0081,R0456,2940.88,1,16,1,0,0,4030.45,0.73,1251,0,0,0,0,256.0,0,0
T03437,2026-01-03T16:16:00+00:00,U0017,R0401,1317.59,1,16,0,0,0,3591.53,0.37,53,0,0,0,0,462.0,0,0
T03438,2026-01-03T16:17:00+00:00,U0114,R0029,5097.51,1,16,0,0,0,4255.47,1.2,447,0,0,0,0,113.0,0,0
T03439,2026-01-03T16:18:00+00:00,U0161,R0222,4764.71,1,16,0,0,1,5415.89,0.88,1632,0,0,0,0,44.0,0,0
T03440,2026-01-03T16:19:00+00:00,U0174,R0029,3943.86,1,16,0,0,0,4578.38,0.86,1108,0,0,0,0,313.0,0,0
T03441,2026-01-03T16:20:00+00:00,U0076,R0436,1572.2,1,16,0,1,0,2502.56,0.63,1540,0,0,0,0,251.0,0,0
T03442,2026-01-03T16:21:00+00:00,U0025,R0317,1109.55,1,16,0,0,1,3521.63,0.32,1745,0,0,0,0,16.0,0,0
T03443,2026-01-03T16:22:00+00:00,U0060,R0443,843.88,1,16,0,0,0,2904.35,0.29,1595,0,0,0,0,555.0,0,0
T03444,2026-01-03T16:23:00+00:00,U0169,R0320,5800.6,1,16,0,0,0,3145.19,1.84,1949,0,0,0,0,255.0,0,0
T03445,2026-01-03T16:24:00+00:00,U0099,R0238,3296.83,1,16,0,0,0,2791.51,1.18,828,0,0,0,0,102.0,0,0
T03446,2026-01-03T16:25:00+00:00,U0159,R0318,1888.52,1,16,0,0,0,4221.65,0.45,490,0,0,0,0,128.0,0,0
T03447,2026-01-03T16:26:00+00:00,U0167,R0481,1996.23,1,16,0,0,1,2688.1,0.74,1126,0,0,0,0,34.0,0,0
T03448,2026-01-03T16:27:00+00:00,U0007,R0233,5490.8,1,16,0,0,2,7158.45,0.77,573,0,0,0,0,21.0,0,0
T03449,2026-01-03T16:28:00+00:00,U0151,R0099,443.87,1,16,0,0,1,6223.11,0.07,1656,0,0,0,0,44.0,0,0
T03450,2026-01-03T16:29:00+00:00,U0004,R0305,7137.8,1,16,0,0,0,3875.26,1.84,1108,0,0,0,0,291.0,0,0
T03451,2026-01-03T16:30:00+00:00,U0152,R0405,1603.64,1,16,0,0,0,6929.0,0.23,1711,0,0,0,0,537.0,0,0
T03452,2026-01-03T16:31:00+00:00,U0147,R0065,7543.48,1,16,0,0,0,4259.06,1.77,1663,0,0,0,0,419.0,0,0
T03453,2026-01-03T16:32:00+00:00,U0066,R0182,2702.99,1,16,0,0,0,9179.86,0.29,532,0,0,0,0,448.0,0,0
T03454,2026-01-03T16:33:00+00:00,U0186,R0318,3203.35,1,16,0,0,0,2527.06,1.27,1731,0,0,0,0,269.0,0,0
T03455,2026-01-03T16:34:00+00:00,U0063,R0071,1441.17,1,16,0,0,0,4451.05,0.32,1621,0,0,0,0,81.0,0,0
T03456,2026-01-03T16:35:00+00:00,U0016,R0066,1805.94,1,16,1,0,1,5631.23,0.32,1715,0,0,0,0,21.0,0,0
T03457,2026-01-03T16:36:00+00:00,U0112,R0263,3911.07,1,16,0,0,0,3895.09,1.0,939,0,0,0,0,273.0,0,0
T03458,2026-01-03T16:37:00+00:00,U0194,R0184,1203.85,1,16,0,0,0,5249.32,0.23,1773,0,0,0,0,246.0,0,0
T03459,2026-01-03T16:38:00+00:00,U0139,R0398,2944.07,1,16,0,0,0,3132.33,0.94,1504,0,0,0,0,200.0,0,0
T03460,2026-01-03T16:39:00+00:00,U0121,R0159,7076.15,1,16,0,0,0,3206.92,2.21,418,0,0,0,0,267.0,0,0
T03461,2026-01-03T16:40:00+00:00,U0075,R0189,4229.64,1,16,0,0,0,4706.57,0.9,86,0,0,0,0,101.0,0,0
T03462,2026-01-03T16:41:00+00:00,U0133,R0301,2040.12,1,16,0,0,2,3738.79,0.55,257,0,0,0,0,45.0,0,0
T03463,2026-01-03T16:42:00+00:00,U0038,R0030,1823.71,1,16,0,0,0,3460.6,0.53,400,0,0,0,0,301.0,0,0
T03464,2026-01-03T16:43:00+00:00,U0144,R0440,1820.31,1,16,0,0,1,4603.96,0.4,685,0,0,0,0,53.0,0,0
T03465,2026-01-03T16:44:00+00:00,U0089,R0101,2281.58,1,16,1,1,0,3494.64,0.65,622,0,0,0,0,215.0,0,0
T03466,2026-01-03T16:45:00+00:00,U0164,R0466,5959.55,1,16,0,0,0,4132.55,1.44,1150,0,0,0,0,66.0,0,0
T03467,2026-01-03T16:46:00+00:00,U0018,R0175,4287.93,1,16,0,0,0,5741.22,0.75,74,0,0,0,0,166.0,0,0
T03468,2026-01-03T16:47:00+00:00,U0122,R0356,1304.16,1,16,0,0,0,4669.03,0.28,1750,0,0,0,0,179.0,0,0
T03469,2026-01-03T16:48:00+00:00,U0120,R0308,6677.42,1,16,0,0,0,6443.54,1.04,524,0,0,0,0,517.0,0,0
T03470,2026-01-03T16:49:00+00:00,U0149,R0290,4738.13,1,16,0,0,0,2599.58,1.82,1912,0,0,0,0,489.0,0,0
T03471,2026-01-03T16:50:00+00:00,U0158,R0154,5695.06,0,16,0,1,0,4566.16,1.25,1865,0,0,0,0,136.0,1,0
T03472,2026-01-03T16:51:00+00:00,U0042,R0054,8349.65,1,16,0,0,0,2530.11,3.3,914,0,0,0,0,187.0,0,0
T03473,2026-01-03T16:52:00+00:00,U0011,R0254,198.13,1,16,0,0,0,3323.17,0.06,177,0,0,0,0,388.0,0,0
T03474,2026-01-03T16:53:00+00:00,U0001,R0328,2821.58,1,16,0,1,0,6237.25,0.45,1905,0,0,0,0,96.0,0,0
T03475,2026-01-03T16:54:00+00:00,U0059,R0239,2022.14,1,16,0,0,0,5102.67,0.4,75,0,0,0,0,68.0,0,0
T03476,2026-01-03T16:55:00+00:00,U0062,R0247,1495.62,1,16,0,0,0,4794.64,0.31,820,0,0,0,0,776.0,0,0
T03477,2026-01-03T16:56:00+00:00,U0085,R0414,2108.02,1,16,0,0,0,4215.69,0.5,652,0,0,0,0,725.0,0,0
T03478,2026-01-03T16:57:00+00:00,U0053,R0205,1308.66,1,16,0,0,0,3805.74,0.34,1252,0,0,0,0,230.0,0,0
T03479,2026-01-03T16:58:00+00:00,U0002,R0186,2150.36,1,16,0,0,1,3140.36,0.68,1660,0,0,0,0,59.0,0,0
T03480,2026-01-03T16:59:00+00:00,U0092,R0016,3267.64,1,16,1,1,0,4503.82,0.73,892,0,0,0,0,801.0,0,1
T03481,2026-01-03T17:00:00+00:00,U0092,R0016,3267.64,0,17,1,0,1,4438.76,0.74,892,1,1,1,1,1.0,1,1
T03482,2026-01-03T17:01:00+00:00,U0092,R0016,3267.64,0,17,1,0,2,4380.2,0.75,892,2,2,2,2,1.0,2,1
T03483,2026-01-03T17:02:00+00:00,U0037,R0149,1100.21,1,17,0,0,0,3407.23,0.32,132,0,0,0,0,130.0,0,0
T03484,2026-01-03T17:03:00+00:00,U0162,R0300,539.27,1,17,0,0,0,5941.72,0.09,391,0,0,0,0,120.0,0,0
T03485,2026-01-03T17:04:00+00:00,U0093,R0023,1191.82,1,17,0,0,0,6683.97,0.18,403,0,0,0,0,88.0,0,0
T03486,2026-01-03T17:05:00+00:00,U0051,R0102,4072.87,1,17,0,0,0,6123.16,0.67,60,0,0,0,0,608.0,0,0
T03487,2026-01-03T17:06:00+00:00,U0057,R0454,2279.52,1,17,0,0,0,3711.03,0.61,459,0,0,0,0,91.0,0,0
T03488,2026-01-03T17:07:00+00:00,U0045,R0174,812.25,1,17,0,0,0,2950.9,0.28,1072,0,0,0,0,286.0,0,0
T03489,2026-01-03T17:08:00+00:00,U0063,R0092,996.89,1,17,0,0,1,4219.52,0.24,1621,0,0,0,0,34.0,0,0
T03490,2026-01-03T17:09:00+00:00,U0046,R0432,1506.08,1,17,0,0,0,4423.68,0.34,854,0,0,0,0,348.0,0,0
T03491,2026-01-03T17:10:00+00:00,U0026,R0011,1349.03,1,17,1,0,0,6854.73,0.2,407,0,0,0,0,477.0,0,0
T03492,2026-01-03T17:11:00+00:00,U0036,R0195,3724.3,1,17,0,0,0,4570.7,0.81,219,0,0,0,0,271.0,0,0
T03493,2026-01-03T17:12:00+00:00,U0029,R0174,902.95,1,17,0,0,0,9446.73,0.1,316,0,0,0,0,201.0,0,0
T03494,2026-01-03T17:13:00+00:00,U0079,R0234,4590.35,1,17,0,0,0,2447.05,1.88,128,0,0,0,0,196.0,0,0
T03495,2026-01-03T17:14:00+00:00,U0096,R0339,2613.31,1,17,0,0,0,5748.79,0.45,322,0,0,0,0,200.0,0,0
T03496,2026-01-03T17:15:00+00:00,U0135,R0410,1902.36,1,17,0,0,0,2995.54,0.64,1258,0,0,0,0,367.0,0,0
T03497,2026-01-03T17:16:00+00:00,U0112,R0450,3617.84,1,17,0,0,1,3895.79,0.93,939,0,0,0,0,40.0,0,0
T03498,2026-01-03T17:17:00+00:00,U0031,R0074,4023.7,1,17,0,0,0,4584.81,0.88,1886,0,0,0,0,158.0,0,0
T03499,2026-01-03T17:18:00+00:00,U0034,R0407,5654.39,1,17,0,0,0,2561.94,2.21,1925,0,0,0,0,221.0,0,0
T03500,2026-01-03T17:19:00+00:00,U0137,R0194,2875.28,1,17,0,0,0,3888.24,0.74,511,0,0,0,0,90.0,0,0
T03501,2026-01-03T17:20:00+00:00,U0082,R0307,341.3,1,17,0,0,0,6484.57,0.05,212,0,0,0,0,130.0,0,0
T03502,2026-01-03T17:21:00+00:00,U0163,R0126,3995.82,1,17,0,0,0,4040.6,0.99,550,0,0,0,0,422.0,0,0
T03503,2026-01-03T17:22:00+00:00,U0196,R0316,4256.63,1,17,0,0,0,3546.91,1.2,219,0,0,0,0,154.0,0,0
T03504,2026-01-03T17:23:00+00:00,U0138,R0151,645.76,1,17,0,0,0,6397.92,0.1,1898,0,0,0,0,580.0,0,0
T03505,2026-01-03T17:24:00+00:00,U0084,R0127,5038.13,1,17,0,0,0,3724.78,1.35,1583,0,0,0,0,613.0,0,0
T03506,2026-01-03T17:25:00+00:00,U0072,R0447,5009.04,1,17,0,0,0,2766.4,1.81,1208,0,0,0,0,105.0,0,0
T03507,2026-01-03T17:26:00+00:00,U0131,R0496,1546.85,1,17,0,0,0,5824.24,0.27,1810,0,0,0,0,142.0,0,0
T03508,2026-01-03T17:27:00+00:00,U0126,R0108,34580.4,1,17,1,0,0,5132.35,6.74,1797,0,0,0,0,127.0,0,1
T03509,2026-01-03T17:28:00+00:00,U0121,R0405,3559.59,1,17,0,0,1,3434.53,1.04,418,0,0,0,0,49.0,0,0
T03510,2026-01-03T17:29:00+00:00,U0017,R0086,6056.22,1,17,0,0,0,3439.93,1.76,53,0,0,0,0,73.0,0,0
T03511,2026-01-03T17:30:00+00:00,U0193,R0452,1666.54,1,17,0,0,0,4361.57,0.38,158,0,0,0,0,138.0,0,0
T03512,2026-01-03T17:31:00+00:00,U0131,R0192,2023.43,1,17,0,0,1,5518.71,0.37,1810,1,0,0,0,5.0,0,0
T03513,2026-01-03T17:32:00+00:00,U0119,R0092,7439.68,1,17,1,0,0,6416.56,1.16,112,0,0,0,0,154.0,0,0
T03514,2026-01-03T17:33:00+00:00,U0096,R0270,1071.47,1,17,0,0,1,5564.35,0.19,322,0,0,0,0,19.0,0,0
T03515,2026-01-03T17:34:00+00:00,U0184,R0490,3761.99,1,17,0,1,0,3080.64,1.22,327,0,0,0,0,244.0,0,0
T03516,2026-01-03T17:35:00+00:00,U0069,R0298,5843.68,1,17,0,0,0,5263.8,1.11,1754,0,0,0,0,394.0,0,0
T03517,2026-01-03T17:36:00+00:00,U0150,R0333,5335.04,1,17,0,0,0,4775.24,1.12,1080,0,0,0,0,235.0,0,0
T03518,2026-01-03T17:37:00+00:00,U0057,R0459,6804.74,1,17,0,0,1,3626.82,1.88,459,0,0,0,0,31.0,0,0
T03519,2026-01-03T17:38:00+00:00,U0061,R0203,4645.72,1,17,0,0,0,3554.02,1.31,255,0,0,0,0,516.0,0,0
T03520,2026-01-03T17:39:00+00:00,U0109,R0456,5704.47,1,17,0,0,0,3697.71,1.54,579,0,0,0,0,165.0,0,0
T03521,2026-01-03T17:40:00+00:00,U0041,R0479,2752.89,1,17,0,0,0,3288.6,0.84,680,0,0,0,0,324.0,0,0
T03522,2026-01-03T17:41:00+00:00,U0066,R0282,1291.92,1,17,0,0,0,8681.64,0.15,532,0,0,0,0,69.0,0,0
T03523,2026-01-03T17:42:00+00:00,U0193,R0044,35942.0,1,17,0,1,1,4261.75,8.43,158,0,0,0,0,12.0,0,1
T03524,2026-01-03T17:43:00+00:00,U0133,R0181,2797.2,1,17,0,1,0,3649.38,0.77,257,0,0,0,0,62.0,0,0
T03525,2026-01-03T17:44:00+00:00,U0011,R0239,223.73,1,17,0,1,1,3149.55,0.07,177,0,0,0,0,52.0,0,0
T03526,2026-01-03T17:45:00+00:00,U0087,R0219,9248.85,1,17,0,0,0,4124.38,2.24,1811,0,0,0,0,215.0,0,0
T03527,2026-01-03T17:46:00+00:00,U0111,R0210,2539.1,1,17,0,0,0,1549.57,1.64,877,0,0,0,0,354.0,0,0
T03528,2026-01-03T17:47:00+00:00,U0128,R0163,4161.78,1,17,0,0,0,3228.28,1.29,1107,0,0,0,0,309.0,0,0
T03529,2026-01-03T17:48:00+00:00,U0007,R0092,432.27,1,17,0,0,0,7047.27,0.06,573,0,0,0,0,81.0,0,0
T03530,2026-01-03T17:49:00+00:00,U0068,R0331,2785.37,1,17,0,0,0,4229.1,0.66,98,0,0,0,0,454.0,0,0
T03531,2026-01-03T17:50:00+00:00,U0022,R0151,5306.58,1,17,0,0,0,6546.18,0.81,887,0,0,0,0,401.0,0,0
T03532,2026-01-03T17:51:00+00:00,U0132,R0280,680.6,1,17,0,0,0,5395.31,0.13,12,0,0,0,0,406.0,0,0
T03533,2026-01-03T17:52:00+00:00,U0071,R0475,3218.77,1,17,0,1,0,6593.07,0.49,17,0,0,0,0,125.0,0,0
T03534,2026-01-03T17:53:00+00:00,U0031,R0037,3379.66,1,17,0,0,1,4556.76,0.74,1886,0,0,0,0,36.0,0,0
T03535,2026-01-03T17:54:00+00:00,U0140,R0103,367.28,1,17,0,0,0,6048.66,0.06,1219,0,0,0,0,927.0,0,0
T03536,2026-01-03T17:55:00+00:00,U0173,R0169,5592.87,1,17,0,0,0,2662.24,2.1,1772,0,0,0,0,386.0,0,0
T03537,2026-01-03T17:56:00+00:00,U0191,R0418,1840.78,0,17,0,0,0,3824.16,0.48,982,0,0,0,0,145.0,1,0
T03538,2026-01-03T17:57:00+00:00,U0071,R0098,1463.95,0,17,0,0,1,6452.48,0.23,17,1,0,0,0,5.0,1,0
T03539,2026-01-03T17:58:00+00:00,U0036,R0438,3035.67,1,17,0,0,1,4533.9,0.67,219,0,0,0,0,47.0,0,0
T03540,2026-01-03T17:59:00+00:00,U0190,R0279,1095.6,1,17,0,0,0,3130.22,0.35,1087,0,0,0,0,137.0,0,0
T03541,2026-01-03T18:00:00+00:00,U0003,R0395,4062.8,1,18,0,0,0,3528.98,1.15,1486,0,0,0,0,153.0,0,0
T03542,2026-01-03T18:01:00+00:00,U0089,R0401,940.28,1,18,0,0,0,3433.99,0.27,622,0,0,0,0,77.0,0,0
T03543,2026-01-03T18:02:00+00:00,U0104,R0421,7354.26,1,18,0,0,0,2626.3,2.8,508,0,0,0,0,263.0,0,0
T03544,2026-01-03T18:03:00+00:00,U0168,R0007,3858.24,1,18,0,0,0,4890.07,0.79,820,0,0,0,0,352.0,0,0
T03545,2026-01-03T18:04:00+00:00,U0132,R0390,4442.47,1,18,0,0,1,5032.64,0.88,12,0,0,0,0,13.0,0,0
T03546,2026-01-03T18:05:00+00:00,U0102,R0117,3223.85,1,18,0,0,0,2690.78,1.2,1474,0,0,0,0,481.0,0,0
T03547,2026-01-03T18:06:00+00:00,U0192,R0108,2413.06,1,18,0,0,0,2618.77,0.92,887,0,0,0,0,398.0,0,0
T03548,2026-01-03T18:07:00+00:00,U0133,R0301,4447.19,0,18,0,1,1,3606.77,1.23,257,0,0,0,0,24.0,1,0
T03549,2026-01-03T18:08:00+00:00,U0194,R0240,6022.14,1,18,0,0,0,5080.76,1.19,1773,0,0,0,0,91.0,0,0
T03550,2026-01-03T18:09:00+00:00,U0119,R0175,1080.06,1,18,0,0,1,6476.74,0.17,112,0,0,0,0,37.0,0,0
T03551,2026-01-03T18:10:00+00:00,U0081,R0434,1340.38,1,18,0,0,0,3969.91,0.34,1251,0,0,0,0,115.0,0,0
T03552,2026-01-03T18:11:00+00:00,U0198,R0483,4468.64,1,18,0,0,0,3046.55,1.47,1947,0,0,0,0,568.0,0,0
T03553,2026-01-03T18:12:00+00:00,U0054,R0225,4458.19,1,18,0,0,0,5131.99,0.87,712,0,0,0,0,183.0,0,0
T03554,2026-01-03T18:13:00+00:00,U0143,R0016,9235.82,1,18,0,0,0,3361.02,2.75,194,0,0,0,0,174.0,0,0
T03555,2026-01-03T18:14:00+00:00,U0148,R0448,1389.13,1,18,0,0,0,3405.45,0.41,507,0,0,0,0,316.0,0,0
T03556,2026-01-03T18:15:00+00:00,U0189,R0005,2461.97,1,18,0,0,0,3705.2,0.66,690,0,0,0,0,382.0,0,0
T03557,2026-01-03T18:16:00+00:00,U0169,R0428,2179.66,1,18,0,0,0,3251.41,0.67,1949,0,0,0,0,113.0,0,0
T03558,2026-01-03T18:17:00+00:00,U0058,R0215,2600.23,1,18,0,0,0,3890.06,0.67,1080,0,0,0,0,620.0,0,0
T03559,2026-01-03T18:18:00+00:00,U0193,R0207,2214.29,1,18,0,0,2,5393.19,0.41,158,0,0,0,0,36.0,0,0
T03560,2026-01-03T18:19:00+00:00,U0177,R0276,2608.16,1,18,0,0,0,5359.17,0.49,315,0,0,0,0,137.0,0,0
T03561,2026-01-03T18:20:00+00:00,U0151,R0012,7863.42,1,18,1,0,0,5934.15,1.33,1656,0,0,0,0,112.0,0,1
T03562,2026-01-03T18:21:00+00:00,U0009,R0473,469.32,1,18,0,0,0,2717.11,0.17,1744,0,0,0,0,565.0,0,0
T03563,2026-01-03T18:22:00+00:00,U0085,R0291,2076.28,1,18,0,1,0,4119.89,0.5,652,0,0,0,0,86.0,0,0
T03564,2026-01-03T18:23:00+00:00,U0155,R0468,606.34,1,18,0,1,0,3860.75,0.16,1159,0,0,0,0,160.0,0,0
T03565,2026-01-03T18:24:00+00:00,U0101,R0196,3491.07,1,18,0,0,0,5904.73,0.59,1165,0,0,0,0,394.0,0,0
T03566,2026-01-03T18:25:00+00:00,U0101,R0033,4358.57,1,18,0,0,1,5753.88,0.76,1165,1,0,0,0,1.0,0,0
T03567,2026-01-03T18:26:00+00:00,U0049,R0244,803.43,1,18,0,0,0,2353.04,0.34,100,0,0,0,0,247.0,0,0
T03568,2026-01-03T18:27:00+00:00,U0146,R0493,1913.5,1,18,0,0,0,4358.23,0.44,1480,0,0,0,0,433.0,0,0
T03569,2026-01-03T18:28:00+00:00,U0078,R0048,1871.14,1,18,0,0,0,5005.15,0.37,797,0,0,0,0,317.0,0,0
T03570,2026-01-03T18:29:00+00:00,U0173,R0284,1214.97,1,18,0,0,1,2845.4,0.43,1772,0,0,0,0,34.0,0,0
T03571,2026-01-03T18:30:00+00:00,U0177,R0309,1469.63,1,18,0,0,1,5244.55,0.28,315,0,0,0,0,11.0,0,0
T03572,2026-01-03T18:31:00+00:00,U0048,R0102,2767.77,1,18,1,1,0,4636.9,0.6,453,0,0,0,0,424.0,0,0
T03573,2026-01-03T18:32:00+00:00,U0099,R0146,1041.49,1,18,0,0,0,2821.24,0.37,828,0,0,0,0,128.0,0,0
T03574,2026-01-03T18:33:00+00:00,U0075,R0338,585.54,1,18,0,0,0,4669.89,0.13,86,0,0,0,0,113.0,0,0
T03575,2026-01-03T18:34:00+00:00,U0117,R0030,4338.59,1,18,0,0,0,4082.81,1.06,876,0,0,0,0,309.0,0,0
T03576,2026-01-03T18:35:00+00:00,U0003,R0088,4331.96,1,18,0,0,1,3564.57,1.22,1486,0,0,0,0,35.0,0,0
T03577,2026-01-03T18:36:00+00:00,U0106,R0201,2750.31,1,18,0,0,0,2979.57,0.92,1381,0,0,0,0,239.0,0,0
T03578,2026-01-03T18:37:00+00:00,U0029,R0067,1282.95,1,18,0,0,0,8734.75,0.15,316,0,0,0,0,85.0,0,0
T03579,2026-01-03T18:38:00+00:00,U0123,R0381,12876.43,1,18,1,1,0,2638.69,4.88,832,0,0,0,0,878.0,0,1
T03580,2026-01-03T18:39:00+00:00,U0053,R0067,1956.85,1,18,0,0,0,3658.85,0.53,1252,0,0,0,0,102.0,0,0
T03581,2026-01-03T18:40:00+00:00,U0080,R0222,7552.38,1,18,0,0,0,5990.54,1.26,846,0,0,0,0,156.0,0,0
T03582,2026-01-03T18:41:00+00:00,U0171,R0244,1487.4,1,18,0,0,0,6936.6,0.21,1154,0,0,0,0,844.0,0,0
T03583,2026-01-03T18:42:00+00:00,U0148,R0481,1722.72,1,18,0,0,1,3279.43,0.53,507,0,0,0,0,28.0,0,0
T03584,2026-01-03T18:43:00+00:00,U0052,R0258,3725.4,1,18,0,0,0,3743.97,1.0,51,0,0,0,0,929.0,0,0
T03585,2026-01-03T18:44:00+00:00,U0118,R0142,2717.93,1,18,0,0,0,3033.13,0.9,635,0,0,0,0,354.0,0,0
T03586,2026-01-03T18:45:00+00:00,U0037,R0229,3370.51,1,18,0,0,0,3271.53,1.03,132,0,0,0,0,103.0,0,0
T03587,2026-01-03T18:46:00+00:00,U0103,R0310,3395.7,1,18,0,0,0,2863.61,1.19,145,0,0,0,0,345.0,0,0
T03588,2026-01-03T18:47:00+00:00,U0135,R0169,756.95,1,18,0,0,0,2927.22,0.26,1258,0,0,0,0,92.0,0,0
T03589,2026-01-03T18:48:00+00:00,U0126,R0236,1021.11,1,18,0,0,0,6310.27,0.16,1797,0,0,0,0,81.0,0,0
T03590,2026-01-03T18:49:00+00:00,U0011,R0378,3015.69,1,18,0,0,0,2995.56,1.01,177,0,0,0,0,65.0,0,0
T03591,2026-01-03T18:50:00+00:00,U0166,R0452,2838.32,1,18,0,0,0,4240.83,0.67,1257,0,0,0,0,408.0,0,0
T03592,2026-01-03T18:51:00+00:00,U0089,R0359,5572.53,1,18,0,0,1,3315.24,1.68,622,0,0,0,0,50.0,0,0
T03593,2026-01-03T18:52:00+00:00,U0077,R0201,589.81,1,18,0,0,0,4366.7,0.14,332,0,0,0,0,226.0,0,0
T03594,2026-01-03T18:53:00+00:00,U0045,R0213,6202.07,1,18,0,0,0,2843.97,2.18,1072,0,0,0,0,106.0,0,0
T03595,2026-01-03T18:54:00+00:00,U0159,R0376,6307.06,1,18,0,0,0,4105.0,1.54,490,0,0,0,0,149.0,0,0
T03596,2026-01-03T18:55:00+00:00,U0099,R0467,842.8,1,18,0,0,1,2722.36,0.31,828,0,0,0,0,23.0,0,0
T03597,2026-01-03T18:56:00+00:00,U0179,R0292,803.14,1,18,0,0,0,3835.72,0.21,1145,0,0,0,0,869.0,0,0
T03598,2026-01-03T18:57:00+00:00,U0179,R0485,4947.26,0,18,0,0,1,3646.18,1.36,1145,1,0,0,0,1.0,1,0
T03599,2026-01-03T18:58:00+00:00,U0041,R0141,443.57,1,18,0,0,0,3255.12,0.14,680,0,0,0,0,78.0,0,0
T03600,2026-01-03T18:59:00+00:00,U0138,R0150,9263.91,1,18,0,0,0,6147.83,1.51,1898,0,0,0,0,96.0,0,0
T03601,2026-01-03T19:00:00+00:00,U0018,R0358,1606.19,1,19,0,0,0,5680.67,0.28,74,0,0,0,0,134.0,0,0
T03602,2026-01-03T19:01:00+00:00,U0056,R0466,2554.05,1,19,0,0,0,4483.91,0.57,129,0,0,0,0,751.0,0,0
T03603,2026-01-03T19:02:00+00:00,U0196,R0284,967.86,1,19,0,0,0,3591.27,0.27,219,0,0,0,0,100.0,0,0
T03604,2026-01-03T19:03:00+00:00,U0095,R0040,2896.34,1,19,0,0,0,2257.22,1.28,333,0,0,0,0,480.0,0,0
T03605,2026-01-03T19:04:00+00:00,U0130,R0393,2450.94,1,19,0,0,0,4604.7,0.53,708,0,0,0,0,299.0,0,0
T03606,2026-01-03T19:05:00+00:00,U0105,R0231,856.98,0,19,0,0,0,4352.23,0.2,203,0,0,0,0,191.0,1,0
T03607,2026-01-03T19:06:00+00:00,U0054,R0260,547.37,1,19,0,0,1,5101.36,0.11,712,0,0,0,0,54.0,0,0
T03608,2026-01-03T19:07:00+00:00,U0007,R0038,1374.52,1,19,1,0,0,6633.84,0.21,573,0,0,0,0,79.0,0,0
T03609,2026-01-03T19:08:00+00:00,U0173,R0384,1638.44,1,19,0,0,1,2749.49,0.6,1772,0,0,0,0,39.0,0,0
T03610,2026-01-03T19:09:00+00:00,U0088,R0382,7565.53,1,19,0,0,0,8845.46,0.86,1812,0,0,0,0,180.0,0,0
T03611,2026-01-03T19:10:00+00:00,U0050,R0204,6168.01,1,19,0,0,0,2513.54,2.45,682,0,0,0,0,217.0,0,0
T03612,2026-01-03T19:11:00+00:00,U0065,R0059,2757.25,1,19,0,0,0,4663.85,0.59,1869,0,0,0,0,473.0,0,0
T03613,2026-01-03T19:12:00+00:00,U0035,R0168,259.58,1,19,0,0,0,2095.92,0.12,1476,0,0,0,0,644.0,0,0
T03614,2026-01-03T19:13:00+00:00,U0119,R0249,984.38,0,19,1,0,0,6176.93,0.16,112,0,0,0,0,64.0,1,0
T03615,2026-01-03T19:14:00+00:00,U0022,R0281,2124.71,1,19,0,0,0,6484.2,0.33,887,0,0,0,0,84.0,0,0
T03616,2026-01-03T19:15:00+00:00,U0183,R0487,2791.48,1,19,0,0,0,4049.79,0.69,827,0,0,0,0,340.0,0,0
T03617,2026-01-03T19:16:00+00:00,U0121,R0421,2359.86,1,19,0,0,0,3441.47,0.69,418,0,0,0,0,108.0,0,0
T03618,2026-01-03T19:17:00+00:00,U0042,R0088,2908.5,1,19,0,0,0,2836.4,1.03,914,0,0,0,0,146.0,0,0
T03619,2026-01-03T19:18:00+00:00,U0156,R0052,1671.61,1,19,0,0,0,3294.09,0.51,1027,0,0,0,0,293.0,0,0
T03620,2026-01-03T19:19:00+00:00,U0032,R0274,538.02,1,19,0,0,0,4109.2,0.13,1853,0,0,0,0,252.0,0,0
T03621,2026-01-03T19:20:00+00:00,U0044,R0040,4541.9,1,19,0,0,0,6180.51,0.73,1950,0,0,0,0,219.0,0,0
T03622,2026-01-03T19:21:00+00:00,U0003,R0347,362.19,1,19,0,0,1,3612.53,0.1,1486,0,0,0,0,46.0,0,0
T03623,2026-01-03T19:22:00+00:00,U0113,R0184,1200.29,1,19,0,0,0,4107.76,0.29,1440,0,0,0,0,190.0,0,0
T03624,2026-01-03T19:23:00+00:00,U0183,R0018,1060.56,0,19,0,0,1,3992.6,0.27,827,1,0,0,0,8.0,1,0
T03625,2026-01-03T19:24:00+00:00,U0137,R0111,2318.29,1,19,0,0,0,3828.66,0.61,511,0,0,0,0,125.0,0,0
T03626,2026-01-03T19:25:00+00:00,U0013,R0429,4537.62,1,19,0,0,0,7313.6,0.62,869,0,0,0,0,426.0,0,0
T03627,2026-01-03T19:26:00+00:00,U0134,R0329,5662.17,1,19,0,1,0,4174.09,1.36,723,0,0,0,0,386.0,0,0
T03628,2026-01-03T19:27:00+00:00,U0169,R0460,3102.67,1,19,0,0,0,3210.19,0.97,1949,0,0,0,0,71.0,0,0
T03629,2026-01-03T19:28:00+00:00,U0177,R0158,1727.3,1,19,0,0,1,5093.55,0.34,315,0,0,0,0,58.0,0,0
T03630,2026-01-03T19:29:00+00:00,U0154,R0003,4665.38,1,19,0,0,0,3345.1,1.39,1010,0,0,0,0,244.0,0,0
T03631,2026-01-03T19:30:00+00:00,U0097,R0393,3270.32,1,19,0,0,0,4685.02,0.7,174,0,0,0,0,292.0,0,0
T03632,2026-01-03T19:31:00+00:00,U0064,R0192,458.93,1,19,0,0,0,3973.6,0.12,1159,0,0,0,0,208.0,0,0
T03633,2026-01-03T19:32:00+00:00,U0052,R0047,7006.18,1,19,0,0,1,3742.87,1.87,51,0,0,0,0,49.0,0,0
T03634,2026-01-03T19:33:00+00:00,U0008,R0008,727.66,1,19,0,0,0,3685.43,0.2,457,0,0,0,0,338.0,0,0
T03635,2026-01-03T19:34:00+00:00,U0050,R0349,1501.21,1,19,0,0,1,2774.57,0.54,682,0,0,0,0,24.0,0,0
T03636,2026-01-03T19:35:00+00:00,U0057,R0491,1365.95,1,19,0,0,0,3803.37,0.36,459,0,0,0,0,118.0,0,0
T03637,2026-01-03T19:36:00+00:00,U0171,R0086,2735.14,1,19,0,0,1,6441.21,0.42,1154,0,0,0,0,55.0,0,0
T03638,2026-01-03T19:37:00+00:00,U0012,R0213,18338.6,1,19,0,1,0,3678.47,4.99,476,0,0,0,0,311.0,0,1
T03639,2026-01-03T19:38:00+00:00,U0084,R0166,5133.49,1,19,0,0,0,3797.74,1.35,1583,0,0,0,0,134.0,0,0
T03640,2026-01-03T19:39:00+00:00,U0049,R0320,3281.77,1,19,0,0,0,2249.73,1.46,100,0,0,0,0,73.0,0,0
T03641,2026-01-03T19:40:00+00:00,U0139,R0203,1392.32,1,19,0,0,0,3122.92,0.45,1504,0,0,0,0,182.0,0,0
T03642,2026-01-03T19:41:00+00:00,U0031,R0119,6785.04,1,19,0,0,0,4500.71,1.51,1886,0,0,0,0,108.0,0,0
T03643,2026-01-03T19:42:00+00:00,U0092,R0166,5274.22,1,19,0,0,0,4327.22,1.22,892,0,0,0,0,161.0,0,0
T03644,2026-01-03T19:43:00+00:00,U0103,R0335,13772.69,1,19,1,1,1,2894.91,4.76,145,0,0,0,0,57.0,0,1
T03645,2026-01-03T19:44:00+00:00,U0100,R0109,4782.02,1,19,0,0,0,3953.83,1.21,1160,0,0,0,0,308.0,0,0
T03646,2026-01-03T19:45:00+00:00,U0017,R0337,3664.38,1,19,0,0,0,3603.45,1.02,53,0,0,0,0,136.0,0,0
T03647,2026-01-03T19:46:00+00:00,U0167,R0320,5199.84,1,19,0,0,0,2660.43,1.95,1126,0,0,0,0,200.0,0,0
T03648,2026-01-03T19:47:00+00:00,U0018,R0454,5165.15,1,19,0,0,1,5517.69,0.94,74,0,0,0,0,47.0,0,0
T03649,2026-01-03T19:48:00+00:00,U0078,R0393,6046.78,1,19,0,0,0,4831.04,1.25,797,0,0,0,0,80.0,0,0
T03650,2026-01-03T19:49:00+00:00,U0027,R0365,1666.89,1,19,0,0,0,6610.85,0.25,1808,0,0,0,0,436.0,0,0
T03651,2026-01-03T19:50:00+00:00,U0146,R0088,6225.53,1,19,0,0,0,4251.94,1.46,1480,0,0,0,0,83.0,0,0
T03652,2026-01-03T19:51:00+00:00,U0025,R0308,1247.32,1,19,0,1,0,3320.63,0.38,1745,0,0,0,0,210.0,0,0
T03653,2026-01-03T19:52:00+00:00,U0162,R0357,2468.98,1,19,0,0,0,5623.93,0.44,391,0,0,0,0,169.0,0,0
T03654,2026-01-03T19:53:00+00:00,U0198,R0356,7969.62,1,19,0,0,0,3117.65,2.56,1947,0,0,0,0,102.0,0,0
T03655,2026-01-03T19:54:00+00:00,U0045,R0326,36206.37,1,19,0,0,0,3003.88,12.05,1072,0,0,0,0,61.0,0,1
T03656,2026-01-03T19:55:00+00:00,U0177,R0163,2018.0,1,19,0,0,1,4964.08,0.41,315,0,0,0,0,27.0,0,0
T03657,2026-01-03T19:56:00+00:00,U0171,R0247,2319.24,1,19,0,0,1,6132.37,0.38,1154,0,0,0,0,20.0,0,0
T03658,2026-01-03T19:57:00+00:00,U0005,R0312,6205.06,1,19,0,0,0,3651.31,1.7,1114,0,0,0,0,311.0,0,0
T03659,2026-01-03T19:58:00+00:00,U0115,R0196,1010.64,0,19,1,0,0,3462.1,0.29,579,0,0,0,0,225.0,1,0
T03660,2026-01-03T19:59:00+00:00,U0190,R0120,5420.52,1,19,0,0,0,3048.83,1.78,1087,0,0,0,0,120.0,0,1
T03661,2026-01-03T20:00:00+00:00,U0181,R0007,1581.63,1,20,0,0,0,3807.83,0.42,215,0,0,0,0,263.0,0,0
T03662,2026-01-03T20:01:00+00:00,U0158,R0389,1191.59,1,20,0,0,0,4613.19,0.26,1865,0,0,0,0,191.0,0,0
T03663,2026-01-03T20:02:00+00:00,U0080,R0122,763.71,1,20,0,0,0,6077.31,0.13,846,0,0,0,0,82.0,0,0
T03664,2026-01-03T20:03:00+00:00,U0194,R0125,8591.35,1,20,0,0,0,5118.41,1.68,1773,0,0,0,0,115.0,0,0
T03665,2026-01-03T20:04:00+00:00,U0016,R0071,1692.88,1,20,1,0,0,5357.99,0.32,1715,0,0,0,0,209.0,0,0
T03666,2026-01-03T20:05:00+00:00,U0076,R0104,2717.0,1,20,0,0,0,2436.11,1.12,1540,0,0,0,0,225.0,0,0
T03667,2026-01-03T20:06:00+00:00,U0053,R0329,6822.15,1,20,0,0,0,3564.29,1.91,1252,0,0,0,0,87.0,0,0
T03668,2026-01-03T20:07:00+00:00,U0186,R0307,1573.43,1,20,0,0,0,2562.65,0.61,1731,0,0,0,0,214.0,0,0
T03669,2026-01-03T20:08:00+00:00,U0114,R0379,19518.0,1,20,0,1,0,4292.08,4.55,447,0,0,0,0,231.0,0,1
T03670,2026-01-03T20:09:00+00:00,U0035,R0143,6841.58,1,20,0,0,1,2022.46,3.38,1476,0,0,0,0,57.0,0,0
T03671,2026-01-03T20:10:00+00:00,U0195,R0021,3528.53,1,20,0,0,0,3216.61,1.1,1578,0,0,0,0,1032.0,0,0
T03672,2026-01-03T20:11:00+00:00,U0107,R0332,5331.33,1,20,0,0,0,6162.31,0.87,1230,0,0,0,0,343.0,0,0
T03673,2026-01-03T20:12:00+00:00,U0193,R0013,4666.84,1,20,0,0,0,5283.57,0.88,158,0,0,0,0,114.0,0,0
T03674,2026-01-03T20:13:00+00:00,U0188,R0170,6664.04,1,20,0,0,0,6061.4,1.1,1681,0,0,0,0,568.0,0,0
T03675,2026-01-03T20:14:00+00:00,U0053,R0277,3542.68,1,20,0,0,1,3735.76,0.95,1252,1,0,0,0,8.0,0,0
T03676,2026-01-03T20:15:00+00:00,U0171,R0128,2135.63,1,20,0,0,2,5839.06,0.37,1154,0,0,0,0,19.0,0,0
T03677,2026-01-03T20:16:00+00:00,U0179,R0369,342.0,1,20,0,0,0,3722.72,0.09,1145,0,0,0,0,79.0,0,0
T03678,2026-01-03T20:17:00+00:00,U0098,R0267,2922.68,1,20,0,0,0,8559.14,0.34,938,0,0,0,0,567.0,0,0
T03679,2026-01-03T20:18:00+00:00,U0114,R0323,4716.11,1,20,0,0,1,4926.49,0.96,447,1,0,0,0,10.0,0,0
T03680,2026-01-03T20:19:00+00:00,U0126,R0036,4426.34,1,20,1,1,0,6106.84,0.72,1797,0,0,0,0,91.0,0,1
T03681,2026-01-03T20:20:00+00:00,U0126,R0036,4426.34,0,20,1,0,1,6044.6,0.73,1797,1,1,1,1,1.0,1,1
T03682,2026-01-03T20:21:00+00:00,U0126,R0036,4426.34,0,20,0,1,2,5986.8,0.74,1797,2,2,2,2,1.0,2,1
T03683,2026-01-03T20:22:00+00:00,U0014,R0325,4723.66,1,20,0,0,0,4112.55,1.15,608,0,0,0,0,364.0,0,0
T03684,2026-01-03T20:23:00+00:00,U0053,R0065,27542.25,1,20,0,1,2,3726.11,7.39,1252,1,0,0,0,9.0,0,1
T03685,2026-01-03T20:24:00+00:00,U0152,R0282,7142.23,1,20,0,1,0,6548.62,1.09,1711,0,0,0,0,234.0,0,1
T03686,2026-01-03T20:25:00+00:00,U0053,R0121,2552.89,1,20,0,0,3,4860.21,0.53,1252,1,0,0,0,2.0,0,0
T03687,2026-01-03T20:26:00+00:00,U0110,R0372,2743.27,1,20,0,0,0,2394.52,1.15,29,0,0,0,0,275.0,0,0
T03688,2026-01-03T20:27:00+00:00,U0043,R0370,860.38,0,20,0,0,0,3915.83,0.22,1004,0,0,0,0,374.0,1,0
T03689,2026-01-03T20:28:00+00:00,U0109,R0091,830.58,1,20,0,0,0,3809.19,0.22,579,0,0,0,0,169.0,0,0
T03690,2026-01-03T20:29:00+00:00,U0078,R0147,4241.61,1,20,1,0,1,4895.03,0.87,797,0,0,0,0,41.0,0,1
T03691,2026-01-03T20:30:00+00:00,U0163,R0104,569.66,1,20,0,0,0,4037.97,0.14,550,0,0,0,0,189.0,0,0
T03692,2026-01-03T20:31:00+00:00,U0124,R0041,4244.3,1,20,0,0,0,2849.96,1.49,1661,0,0,0,0,330.0,0,0
T03693,2026-01-03T20:32:00+00:00,U0093,R0204,3196.83,1,20,0,0,0,6422.44,0.5,403,0,0,0,0,208.0,0,0
T03694,2026-01-03T20:33:00+00:00,U0121,R0226,5811.73,1,20,0,0,0,3384.55,1.72,418,0,0,0,0,77.0,0,0
T03695,2026-01-03T20:34:00+00:00,U0157,R0377,1004.78,1,20,0,0,0,2730.97,0.37,793,0,0,0,0,482.0,0,0
T03696,2026-01-03T20:35:00+00:00,U0040,R0420,5823.86,1,20,0,0,0,4304.4,1.35,1571,0,0,0,0,476.0,0,0
T03697,2026-01-03T20:36:00+00:00,U0124,R0011,764.13,1,20,1,0,1,2937.11,0.26,1661,1,0,0,0,5.0,0,0
T03698,2026-01-03T20:37:00+00:00,U0110,R0438,4452.76,1,20,0,0,1,2416.31,1.84,29,0,0,0,0,11.0,0,0
T03699,2026-01-03T20:38:00+00:00,U0077,R0305,2196.78,1,20,0,0,0,4114.91,0.53,332,0,0,0,0,106.0,0,0
T03700,2026-01-03T20:39:00+00:00,U0142,R0373,4240.13,1,20,0,0,0,4142.48,1.02,1708,0,0,0,0,457.0,0,0
T03701,2026-01-03T20:40:00+00:00,U0098,R0238,1558.99,1,20,0,0,1,8324.29,0.19,938,0,0,0,0,23.0,0,0
T03702,2026-01-03T20:41:00+00:00,U0073,R0193,4449.73,1,20,0,0,0,9005.1,0.49,1369,0,0,0,0,432.0,0,0
T03703,2026-01-03T20:42:00+00:00,U0124,R0037,2012.72,1,20,0,0,2,2809.29,0.72,1661,1,0,0,0,6.0,0,0
T03704,2026-01-03T20:43:00+00:00,U0184,R0241,2461.54,1,20,0,0,0,3137.42,0.78,327,0,0,0,0,189.0,0,0
T03705,2026-01-03T20:44:00+00:00,U0049,R0003,2041.46,1,20,0,0,0,2314.23,0.88,100,0,0,0,0,65.0,0,0
T03706,2026-01-03T20:45:00+00:00,U0129,R0374,1048.88,1,20,0,0,0,4844.06,0.22,375,0,0,0,0,354.0,0,0
T03707,2026-01-03T20:46:00+00:00,U0126,R0208,1148.63,1,20,0,0,3,5932.99,0.19,1797,0,0,0,0,25.0,0,0
T03708,2026-01-03T20:47:00+00:00,U0102,R0497,2238.06,1,20,1,0,0,2715.01,0.82,1474,0,0,0,0,162.0,0,0
T03709,2026-01-03T20:48:00+00:00,U0099,R0251,2579.09,1,20,0,0,0,2623.44,0.98,828,0,0,0,0,113.0,0,0
T03710,2026-01-03T20:49:00+00:00,U0151,R0037,4528.18,1,20,0,0,0,6026.02,0.75,1656,0,0,0,0,149.0,0,0
T03711,2026-01-03T20:50:00+00:00,U0010,R0472,3610.67,1,20,0,0,0,3689.42,0.98,1038,0,0,0,0,743.0,0,0
T03712,2026-01-03T20:51:00+00:00,U0145,R0084,1895.98,1,20,0,0,0,3649.25,0.52,94,0,0,0,0,757.0,0,0
T03713,2026-01-03T20:52:00+00:00,U0112,R0491,534.31,1,20,0,0,0,3884.21,0.14,939,0,0,0,0,216.0,0,0
T03714,2026-01-03T20:53:00+00:00,U0193,R0370,674.29,1,20,0,0,1,5263.02,0.13,158,0,0,0,0,41.0,0,0
T03715,2026-01-03T20:54:00+00:00,U0182,R0251,3230.18,1,20,0,0,0,6677.34,0.48,269,0,0,0,0,497.0,0,0
T03716,2026-01-03T20:55:00+00:00,U0095,R0357,3094.65,1,20,1,0,0,2282.78,1.36,333,0,0,0,0,112.0,0,0
T03717,2026-01-03T20:56:00+00:00,U0099,R0475,4788.66,1,20,0,0,1,2621.22,1.83,828,1,0,0,0,8.0,0,0
T03718,2026-01-03T20:57:00+00:00,U0064,R0125,2651.82,1,20,0,0,0,3843.43,0.69,1159,0,0,0,0,86.0,0,0
T03719,2026-01-03T20:58:00+00:00,U0093,R0324,36061.31,1,20,0,1,1,6275.82,5.75,403,0,0,0,0,26.0,0,1
T03720,2026-01-03T20:59:00+00:00,U0008,R0358,1213.58,1,20,0,0,0,3511.45,0.35,457,0,0,0,0,86.0,0,0
T03721,2026-01-03T21:00:00+00:00,U0038,R0134,1324.09,1,21,0,0,0,3364.31,0.39,400,0,0,0,0,258.0,0,0
T03722,2026-01-03T21:01:00+00:00,U0175,R0076,1210.17,1,21,0,0,0,3034.15,0.4,1375,0,0,0,0,329.0,0,0
T03723,2026-01-03T21:02:00+00:00,U0155,R0297,2600.93,1,21,0,1,0,3610.41,0.72,1159,0,0,0,0,159.0,0,0
T03724,2026-01-03T21:03:00+00:00,U0042,R0007,8730.14,1,21,0,0,0,2840.01,3.07,914,0,0,0,0,106.0,0,0
T03725,2026-01-03T21:04:00+00:00,U0024,R0330,7033.51,1,21,0,0,0,2984.05,2.36,1553,0,0,0,0,602.0,0,0
T03726,2026-01-03T21:05:00+00:00,U0099,R0204,2379.08,1,21,0,0,2,2724.43,0.87,828,1,0,0,0,9.0,0,0
T03727,2026-01-03T21:06:00+00:00,U0021,R0266,1085.25,1,21,0,0,0,7852.82,0.14,486,0,0,0,0,306.0,0,0
T03728,2026-01-03T21:07:00+00:00,U0109,R0085,37651.16,1,21,0,0,1,3652.43,10.31,579,0,0,0,0,39.0,0,1
T03729,2026-01-03T21:08:00+00:00,U0065,R0355,3939.5,1,21,0,0,0,4527.66,0.87,1869,0,0,0,0,117.0,0,0
T03730,2026-01-03T21:09:00+00:00,U0137,R0338,2185.25,1,21,0,0,0,3744.75,0.58,511,0,0,0,0,105.0,0,0
T03731,2026-01-03T21:10:00+00:00,U0151,R0158,1281.63,1,21,0,0,1,5957.93,0.22,1656,0,0,0,0,21.0,0,0
T03732,2026-01-03T21:11:00+00:00,U0193,R0449,1056.87,1,21,0,0,2,5114.99,0.21,158,0,0,0,0,18.0,0,0
T03733,2026-01-03T21:12:00+00:00,U0023,R0056,2876.03,1,21,0,0,0,2804.47,1.03,1815,0,0,0,0,664.0,0,0
T03734,2026-01-03T21:13:00+00:00,U0199,R0409,876.19,1,21,0,0,0,4618.92,0.19,1451,0,0,0,0,474.0,0,0
T03735,2026-01-03T21:14:00+00:00,U0037,R0138,1462.25,1,21,0,0,0,3277.03,0.45,132,0,0,0,0,149.0,0,0
T03736,2026-01-03T21:15:00+00:00,U0192,R0204,4297.44,1,21,0,0,0,2605.92,1.65,887,0,0,0,0,189.0,0,0
T03737,2026-01-03T21:16:00+00:00,U0002,R0087,4037.06,1,21,0,1,0,3082.12,1.31,1660,0,0,0,0,258.0,0,0
T03738,2026-01-03T21:17:00+00:00,U0001,R0050,4639.24,1,21,0,0,0,6023.77,0.77,1905,0,0,0,0,264.0,0,0
T03739,2026-01-03T21:18:00+00:00,U0179,R0214,4218.66,1,21,0,0,0,3534.9,1.19,1145,0,0,0,0,62.0,0,0
T03740,2026-01-03T21:19:00+00:00,U0168,R0148,3937.54,1,21,0,1,0,4821.29,0.82,820,0,0,0,0,196.0,0,0
T03741,2026-01-03T21:20:00+00:00,U0044,R0091,475.02,1,21,0,0,0,6071.27,0.08,1950,0,0,0,0,120.0,0,0
T03742,2026-01-03T21:21:00+00:00,U0181,R0069,3015.07,1,21,0,0,0,3706.64,0.81,215,0,0,0,0,81.0,0,0
T03743,2026-01-03T21:22:00+00:00,U0047,R0258,713.51,1,21,0,0,0,7178.46,0.1,957,0,0,0,0,444.0,0,0
T03744,2026-01-03T21:23:00+00:00,U0116,R0291,7740.67,1,21,0,0,0,4952.86,1.56,463,0,0,0,0,388.0,0,0
T03745,2026-01-03T21:24:00+00:00,U0048,R0103,1230.1,1,21,0,0,0,4493.12,0.27,453,0,0,0,0,173.0,0,0
T03746,2026-01-03T21:25:00+00:00,U0047,R0415,3989.74,1,21,0,0,1,6774.4,0.59,957,1,0,0,0,3.0,0,0
T03747,2026-01-03T21:26:00+00:00,U0067,R0462,3953.52,1,21,0,0,0,3669.41,1.08,1381,0,0,0,0,546.0,0,0
T03748,2026-01-03T21:27:00+00:00,U0113,R0321,2804.84,1,21,0,0,0,3962.39,0.71,1440,0,0,0,0,125.0,0,0
T03749,2026-01-03T21:28:00+00:00,U0028,R0445,2586.96,1,21,0,1,0,3609.73,0.72,1290,0,0,0,0,320.0,0,0
T03750,2026-01-03T21:29:00+00:00,U0021,R0151,2776.89,1,21,0,0,1,7592.53,0.37,486,0,0,0,0,23.0,0,0
T03751,2026-01-03T21:30:00+00:00,U0032,R0142,1664.71,1,21,0,0,0,3811.6,0.44,1853,0,0,0,0,131.0,0,0
T03752,2026-01-03T21:31:00+00:00,U0008,R0300,2382.8,1,21,1,0,1,3383.79,0.7,457,0,0,0,0,32.0,0,0
T03753,2026-01-03T21:32:00+00:00,U0125,R0345,6616.63,1,21,0,0,0,5380.08,1.23,499,0,0,0,0,467.0,0,0
T03754,2026-01-03T21:33:00+00:00,U0003,R0032,1102.37,1,21,0,0,0,3421.33,0.32,1486,0,0,0,0,132.0,0,0
T03755,2026-01-03T21:34:00+00:00,U0002,R0341,3910.75,1,21,0,0,1,3135.17,1.25,1660,0,0,0,0,18.0,0,0
T03756,2026-01-03T21:35:00+00:00,U0011,R0050,2121.9,1,21,0,0,0,2996.57,0.71,177,0,0,0,0,166.0,0,0
T03757,2026-01-03T21:36:00+00:00,U0002,R0193,781.35,0,21,0,0,2,3175.99,0.25,1660,1,0,0,0,2.0,1,0
T03758,2026-01-03T21:37:00+00:00,U0195,R0137,6688.21,1,21,0,0,0,3234.96,2.07,1578,0,0,0,0,87.0,0,0
T03759,2026-01-03T21:38:00+00:00,U0122,R0388,2370.52,1,21,0,0,0,4516.08,0.52,1750,0,0,0,0,291.0,0,0
T03760,2026-01-03T21:39:00+00:00,U0110,R0173,6264.87,1,21,0,0,0,2536.1,2.47,29,0,0,0,0,62.0,0,0
T03761,2026-01-03T21:40:00+00:00,U0088,R0162,19771.45,1,21,0,1,0,8798.05,2.25,1812,0,0,0,0,151.0,0,1
T03762,2026-01-03T21:41:00+00:00,U0093,R0341,2831.7,1,21,0,0,1,7570.84,0.37,403,0,0,0,0,43.0,0,0
T03763,2026-01-03T21:42:00+00:00,U0157,R0030,5620.26,0,21,0,0,0,2644.66,2.13,793,0,0,0,0,68.0,1,0
T03764,2026-01-03T21:43:00+00:00,U0085,R0413,3552.8,1,21,0,0,0,4031.03,0.88,652,0,0,0,0,201.0,0,0
T03765,2026-01-03T21:44:00+00:00,U0117,R0446,1396.76,1,21,0,0,0,4093.93,0.34,876,0,0,0,0,190.0,0,0
T03766,2026-01-03T21:45:00+00:00,U0186,R0428,4996.26,1,21,0,0,0,2513.19,1.99,1731,0,0,0,0,98.0,0,0
T03767,2026-01-03T21:46:00+00:00,U0036,R0014,7498.76,1,21,0,0,0,4471.48,1.68,219,0,0,0,0,228.0,0,0
T03768,2026-01-03T21:47:00+00:00,U0136,R0144,2928.21,1,21,0,0,0,3805.58,0.77,126,0,0,0,0,522.0,0,0
T03769,2026-01-03T21:48:00+00:00,U0193,R0418,7185.65,1,21,0,0,2,4988.18,1.44,158,0,0,0,0,37.0,0,0
T03770,2026-01-03T21:49:00+00:00,U0116,R0317,3585.61,1,21,0,0,1,5092.25,0.7,463,0,0,0,0,26.0,0,0
T03771,2026-01-03T21:50:00+00:00,U0122,R0264,1426.61,1,21,0,0,1,4422.79,0.32,1750,0,0,0,0,12.0,0,0
T03772,2026-01-03T21:51:00+00:00,U0049,R0002,6472.37,1,21,0,0,0,2298.19,2.82,100,0,0,0,0,67.0,0,0
T03773,2026-01-03T21:52:00+00:00,U0083,R0009,6022.66,1,21,0,0,0,10272.92,0.59,313,0,0,0,0,359.0,0,0
T03774,2026-01-03T21:53:00+00:00,U0012,R0497,1415.84,1,21,0,0,0,4411.48,0.32,476,0,0,0,0,136.0,0,0
T03775,2026-01-03T21:54:00+00:00,U0084,R0348,9487.84,1,21,0,1,0,3868.05,2.45,1583,0,0,0,0,136.0,0,0
T03776,2026-01-03T21:55:00+00:00,U0156,R0249,2873.72,1,21,0,1,0,3131.84,0.92,1027,0,0,0,0,157.0,0,0
T03777,2026-01-03T21:56:00+00:00,U0157,R0407,5819.44,1,21,0,0,1,2786.35,2.09,793,0,0,0,0,14.0,0,0
T03778,2026-01-03T21:57:00+00:00,U0110,R0481,359.57,1,21,0,0,1,2743.26,0.13,29,0,0,0,0,18.0,0,0
T03779,2026-01-03T21:58:00+00:00,U0122,R0338,2265.67,1,21,0,0,2,4297.95,0.53,1750,1,0,0,0,8.0,0,0
T03780,2026-01-03T21:59:00+00:00,U0026,R0376,2966.29,1,21,0,0,0,6530.86,0.45,407,0,0,0,0,289.0,0,0
T03781,2026-01-03T22:00:00+00:00,U0156,R0100,2375.19,1,22,0,0,1,3108.38,0.76,1027,1,0,0,0,5.0,0,0
T03782,2026-01-03T22:01:00+00:00,U0134,R0449,1355.74,1,22,0,0,0,4256.76,0.32,723,0,0,0,0,155.0,0,0
T03783,2026-01-03T22:02:00+00:00,U0184,R0259,5249.72,1,22,0,0,0,3085.43,1.7,327,0,0,0,0,79.0,0,0
T03784,2026-01-03T22:03:00+00:00,U0128,R0408,1775.29,1,22,0,0,0,3283.19,0.54,1107,0,0,0,0,256.0,0,0
T03785,2026-01-03T22:04:00+00:00,U0173,R0281,16731.0,1,22,1,1,0,2687.77,6.22,1772,0,0,0,0,176.0,0,1
T03786,2026-01-03T22:05:00+00:00,U0120,R0087,1298.19,1,22,0,0,0,6464.8,0.2,524,0,0,0,0,317.0,0,0
T03787,2026-01-03T22:06:00+00:00,U0030,R0247,1535.87,1,22,0,0,0,4540.01,0.34,229,0,0,0,0,456.0,0,0
T03788,2026-01-03T22:07:00+00:00,U0062,R0125,5362.29,1,22,0,0,0,4558.99,1.18,820,0,0,0,0,312.0,0,0
T03789,2026-01-03T22:08:00+00:00,U0193,R0484,4420.5,1,22,0,0,2,5054.77,0.87,158,0,0,0,0,20.0,0,0
T03790,2026-01-03T22:09:00+00:00,U0023,R0055,1708.85,1,22,0,0,1,2809.24,0.61,1815,0,0,0,0,57.0,0,0
T03791,2026-01-03T22:10:00+00:00,U0184,R0015,1734.24,1,22,0,0,1,3240.02,0.54,327,1,0,0,0,8.0,0,0
T03792,2026-01-03T22:11:00+00:00,U0084,R0463,1496.42,1,22,0,0,1,4149.04,0.36,1583,0,0,0,0,17.0,0,0
T03793,2026-01-03T22:12:00+00:00,U0072,R0113,4346.46,1,22,0,0,0,2906.56,1.5,1208,0,0,0,0,287.0,0,0
T03794,2026-01-03T22:13:00+00:00,U0171,R0244,3354.27,0,22,0,0,0,5574.53,0.6,1154,0,0,0,0,118.0,1,0
T03795,2026-01-03T22:14:00+00:00,U0172,R0064,6231.2,1,22,0,0,0,5818.2,1.07,1447,0,0,0,0,411.0,0,0
T03796,2026-01-03T22:15:00+00:00,U0137,R0325,2481.48,1,22,0,0,0,3662.67,0.68,511,0,0,0,0,66.0,0,0
T03797,2026-01-03T22:16:00+00:00,U0024,R0408,6928.72,1,22,0,0,0,3114.68,2.22,1553,0,0,0,0,72.0,0,0
T03798,2026-01-03T22:17:00+00:00,U0058,R0478,6854.05,1,22,0,0,0,3804.07,1.8,1080,0,0,0,0,240.0,0,0
T03799,2026-01-03T22:18:00+00:00,U0154,R0034,5130.62,1,22,0,0,0,3414.58,1.5,1010,0,0,0,0,169.0,0,0
T03800,2026-01-03T22:19:00+00:00,U0097,R0467,2401.52,1,22,0,0,0,4606.43,0.52,174,0,0,0,0,169.0,0,0
T03801,2026-01-03T22:20:00+00:00,U0189,R0372,8651.77,1,22,0,0,0,3648.69,2.37,690,0,0,0,0,245.0,0,0
T03802,2026-01-03T22:21:00+00:00,U0165,R0402,1669.54,1,22,0,1,0,6810.05,0.25,302,0,0,0,0,485.0,0,0
T03803,2026-01-03T22:22:00+00:00,U0112,R0414,950.84,1,22,0,1,0,3750.21,0.25,939,0,0,0,0,90.0,0,0
T03804,2026-01-03T22:23:00+00:00,U0067,R0060,720.76,1,22,0,0,1,3681.25,0.2,1381,0,0,0,0,57.0,0,0
T03805,2026-01-03T22:24:00+00:00,U0029,R0046,650.25,1,22,1,0,0,8161.53,0.08,316,0,0,0,0,227.0,0,0
T03806,2026-01-03T22:25:00+00:00,U0152,R0480,6565.59,1,22,0,0,0,6588.19,1.0,1711,0,0,0,0,121.0,0,0
T03807,2026-01-03T22:26:00+00:00,U0030,R0294,6161.83,1,22,0,0,1,4419.84,1.39,229,0,0,0,0,20.0,0,0
T03808,2026-01-03T22:27:00+00:00,U0081,R0489,5414.59,1,22,0,0,0,3831.52,1.41,1251,0,0,0,0,257.0,0,0
T03809,2026-01-03T22:28:00+00:00,U0189,R0001,3444.31,1,22,0,1,1,3866.22,0.89,690,1,0,0,0,8.0,0,0
T03810,2026-01-03T22:29:00+00:00,U0152,R0275,4128.34,1,22,0,0,1,6586.78,0.63,1711,1,0,0,0,4.0,0,0
T03811,2026-01-03T22:30:00+00:00,U0100,R0217,7206.05,1,22,1,0,0,4012.99,1.8,1160,0,0,0,0,166.0,0,0
T03812,2026-01-03T22:31:00+00:00,U0094,R0409,2311.17,1,22,0,0,0,2405.36,0.96,768,0,0,0,0,836.0,0,0
T03813,2026-01-03T22:32:00+00:00,U0033,R0267,1832.76,1,22,0,0,0,2933.25,0.62,1103,0,0,0,0,407.0,0,0
T03814,2026-01-03T22:33:00+00:00,U0152,R0114,9745.98,1,22,0,0,2,6442.17,1.51,1711,2,0,0,0,4.0,0,1
T03815,2026-01-03T22:34:00+00:00,U0003,R0276,770.8,1,22,0,0,0,3292.5,0.23,1486,0,0,0,0,61.0,0,0
T03816,2026-01-03T22:35:00+00:00,U0081,R0075,1309.64,1,22,0,0,1,3910.67,0.33,1251,1,0,0,0,8.0,0,0
T03817,2026-01-03T22:36:00+00:00,U0076,R0429,752.34,1,22,0,0,0,2454.83,0.31,1540,0,0,0,0,151.0,0,0
T03818,2026-01-03T22:37:00+00:00,U0175,R0234,3205.84,1,22,0,0,0,2903.86,1.1,1375,0,0,0,0,96.0,0,0
T03819,2026-01-03T22:38:00+00:00,U0073,R0075,2163.14,1,22,0,0,0,8788.18,0.25,1369,0,0,0,0,117.0,0,0
T03820,2026-01-03T22:39:00+00:00,U0180,R0018,2310.17,1,22,0,0,0,6543.65,0.35,793,0,0,0,0,573.0,0,0
T03821,2026-01-03T22:40:00+00:00,U0080,R0258,927.2,1,22,0,0,0,5797.64,0.16,846,0,0,0,0,158.0,0,0
T03822,2026-01-03T22:41:00+00:00,U0032,R0141,828.36,1,22,0,0,0,3646.46,0.23,1853,0,0,0,0,71.0,0,0
T03823,2026-01-03T22:42:00+00:00,U0181,R0294,1965.81,1,22,0,0,0,3676.57,0.53,215,0,0,0,0,81.0,0,0
T03824,2026-01-03T22:43:00+00:00,U0056,R0254,4925.74,1,22,0,0,0,4363.29,1.13,129,0,0,0,0,222.0,0,0
T03825,2026-01-03T22:44:00+00:00,U0097,R0031,5228.65,1,22,0,0,1,4490.38,1.16,174,0,0,0,0,25.0,0,0
T03826,2026-01-03T22:45:00+00:00,U0086,R0079,376.87,1,22,0,0,0,3124.57,0.12,1686,0,0,0,0,395.0,0,0
T03827,2026-01-03T22:46:00+00:00,U0054,R0435,586.17,1,22,0,0,0,4903.36,0.12,712,0,0,0,0,220.0,0,0
T03828,2026-01-03T22:47:00+00:00,U0058,R0359,2441.1,1,22,0,0,1,3994.69,0.61,1080,0,0,0,0,30.0,0,0
T03829,2026-01-03T22:48:00+00:00,U0199,R0092,486.84,1,22,0,0,0,4351.58,0.11,1451,0,0,0,0,95.0,0,0
T03830,2026-01-03T22:49:00+00:00,U0187,R0201,4922.36,1,22,1,0,0,4001.34,1.23,1389,0,0,0,0,522.0,0,0
T03831,2026-01-03T22:50:00+00:00,U0169,R0468,3488.18,1,22,1,0,0,3206.21,1.09,1949,0,0,0,0,203.0,0,0
T03832,2026-01-03T22:51:00+00:00,U0006,R0281,2627.18,1,22,0,0,0,8299.16,0.32,1386,0,0,0,0,423.0,0,0
T03833,2026-01-03T22:52:00+00:00,U0109,R0348,3715.91,1,22,0,0,0,5352.36,0.69,579,0,0,0,0,105.0,0,0
T03834,2026-01-03T22:53:00+00:00,U0090,R0388,1199.64,1,22,0,0,0,3481.02,0.34,150,0,0,0,0,1497.0,0,0
T03835,2026-01-03T22:54:00+00:00,U0019,R0271,3155.67,0,22,0,0,0,5666.23,0.56,1302,0,0,0,0,403.0,1,0
T03836,2026-01-03T22:55:00+00:00,U0073,R0357,3279.88,1,22,0,0,1,8487.04,0.39,1369,0,0,0,0,17.0,0,0
T03837,2026-01-03T22:56:00+00:00,U0180,R0439,482.72,1,22,0,0,1,6331.98,0.08,793,0,0,0,0,17.0,0,0
T03838,2026-01-03T22:57:00+00:00,U0025,R0068,2931.57,1,22,0,0,0,3161.14,0.93,1745,0,0,0,0,186.0,0,0
T03839,2026-01-03T22:58:00+00:00,U0149,R0444,1079.79,1,22,0,0,0,2733.24,0.4,1912,0,0,0,0,369.0,0,0
T03840,2026-01-03T22:59:00+00:00,U0182,R0156,4845.12,1,22,0,0,0,6504.98,0.74,269,0,0,0,0,125.0,0,0
T03841,2026-01-03T23:00:00+00:00,U0042,R0296,3525.28,1,23,0,0,0,3120.49,1.13,914,0,0,0,0,117.0,0,0
T03842,2026-01-03T23:01:00+00:00,U0179,R0248,6628.61,1,23,1,1,0,3570.89,1.86,1145,0,0,0,0,103.0,0,1
T03843,2026-01-03T23:02:00+00:00,U0038,R0108,508.27,1,23,0,0,0,3250.96,0.16,400,0,0,0,0,122.0,0,0
T03844,2026-01-03T23:03:00+00:00,U0192,R0101,212.82,1,23,0,0,0,2705.42,0.08,887,0,0,0,0,108.0,0,0
T03845,2026-01-03T23:04:00+00:00,U0003,R0186,1150.38,1,23,0,0,1,3159.78,0.36,1486,0,0,0,0,30.0,0,0
T03846,2026-01-03T23:05:00+00:00,U0148,R0053,4165.99,1,23,0,0,0,3187.86,1.31,507,0,0,0,0,263.0,0,0
T03847,2026-01-03T23:06:00+00:00,U0038,R0193,275.93,1,23,0,0,1,3106.61,0.09,400,1,0,0,0,4.0,0,0
T03848,2026-01-03T23:07:00+00:00,U0110,R0348,1602.18,1,23,0,0,0,2617.8,0.61,29,0,0,0,0,70.0,0,0
T03849,2026-01-03T23:08:00+00:00,U0015,R0050,1595.83,1,23,0,0,0,3943.36,0.4,1206,0,0,0,0,876.0,0,0
T03850,2026-01-03T23:09:00+00:00,U0122,R0092,3126.92,1,23,0,0,0,4216.66,0.74,1750,0,0,0,0,71.0,0,0
T03851,2026-01-03T23:10:00+00:00,U0031,R0264,1865.65,1,23,0,0,0,4604.54,0.41,1886,0,0,0,0,209.0,0,0
T03852,2026-01-03T23:11:00+00:00,U0152,R0223,5313.03,1,23,1,0,3,6625.71,0.8,1711,0,0,0,0,38.0,0,0
T03853,2026-01-03T23:12:00+00:00,U0161,R0370,9595.13,1,23,1,1,0,5386.29,1.78,1632,0,0,0,0,414.0,0,1
T03854,2026-01-03T23:13:00+00:00,U0009,R0061,920.02,1,23,0,0,0,2529.79,0.36,1744,0,0,0,0,292.0,0,0
T03855,2026-01-03T23:14:00+00:00,U0126,R0155,1116.83,1,23,0,0,0,5773.52,0.19,1797,0,0,0,0,148.0,0,0
T03856,2026-01-03T23:15:00+00:00,U0045,R0335,2571.91,1,23,0,0,0,4513.08,0.57,1072,0,0,0,0,201.0,0,0
T03857,2026-01-03T23:16:00+00:00,U0199,R0355,1341.23,1,23,0,0,1,4093.93,0.33,1451,0,0,0,0,28.0,0,0
T03858,2026-01-03T23:17:00+00:00,U0172,R0338,7848.13,1,23,0,0,0,5834.09,1.35,1447,0,0,0,0,63.0,0,0
T03859,2026-01-03T23:18:00+00:00,U0119,R0443,6344.89,1,23,0,0,0,5903.63,1.07,112,0,0,0,0,245.0,0,0
T03860,2026-01-03T23:19:00+00:00,U0098,R0141,1723.4,1,23,0,0,0,8053.68,0.21,938,0,0,0,0,159.0,0,0
T03861,2026-01-03T23:20:00+00:00,U0114,R0189,1143.93,1,23,0,0,0,4918.08,0.23,447,0,0,0,0,182.0,0,0
T03862,2026-01-03T23:21:00+00:00,U0030,R0043,2061.87,1,23,0,0,1,4486.84,0.46,229,0,0,0,0,55.0,0,0
T03863,2026-01-03T23:22:00+00:00,U0165,R0343,42368.28,1,23,1,0,0,6553.03,6.47,302,0,0,0,0,61.0,0,1
T03864,2026-01-03T23:23:00+00:00,U0058,R0012,1902.56,1,23,0,0,1,3903.31,0.49,1080,0,0,0,0,36.0,0,0
T03865,2026-01-03T23:24:00+00:00,U0147,R0246,5052.64,1,23,0,0,0,4395.91,1.15,1663,0,0,0,0,413.0,0,0
T03866,2026-01-03T23:25:00+00:00,U0191,R0049,8381.57,1,23,0,0,0,3700.2,2.27,982,0,0,0,0,329.0,0,0
T03867,2026-01-03T23:26:00+00:00,U0047,R0197,3955.41,1,23,0,0,0,6610.6,0.6,957,0,0,0,0,121.0,0,0
T03868,2026-01-03T23:27:00+00:00,U0166,R0360,2655.12,1,23,0,0,0,4198.33,0.63,1257,0,0,0,0,277.0,0,0
T03869,2026-01-03T23:28:00+00:00,U0147,R0065,50222.8,0,23,1,1,1,4422.18,11.36,1663,1,0,0,0,4.0,1,1
T03870,2026-01-03T23:29:00+00:00,U0017,R0366,1504.94,1,23,0,0,0,3607.04,0.42,53,0,0,0,0,224.0,0,0
T03871,2026-01-03T23:30:00+00:00,U0138,R0095,2079.99,1,23,0,0,0,6277.67,0.33,1898,0,0,0,0,271.0,0,0
T03872,2026-01-03T23:31:00+00:00,U0180,R0011,3018.6,1,23,0,0,2,6053.44,0.5,793,0,0,0,0,35.0,0,0
T03873,2026-01-03T23:32:00+00:00,U0138,R0402,631.52,1,23,0,0,1,6109.76,0.1,1898,1,0,0,0,2.0,0,0
T03874,2026-01-03T23:33:00+00:00,U0126,R0033,1455.83,1,23,0,0,1,5623.3,0.26,1797,0,0,0,0,19.0,0,0
T03875,2026-01-03T23:34:00+00:00,U0150,R0276,1026.18,1,23,0,0,0,4812.56,0.21,1080,0,0,0,0,358.0,0,0
T03876,2026-01-03T23:35:00+00:00,U0167,R0064,1500.07,1,23,0,0,0,2758.1,0.54,1126,0,0,0,0,229.0,0,0
T03877,2026-01-03T23:36:00+00:00,U0054,R0495,28875.22,1,23,1,0,1,4723.48,6.11,712,0,0,0,0,50.0,0,1
T03878,2026-01-03T23:37:00+00:00,U0031,R0093,9302.6,1,23,0,0,1,4485.46,2.07,1886,0,0,0,0,27.0,0,0
T03879,2026-01-03T23:38:00+00:00,U0178,R0093,1732.05,1,23,0,1,0,3407.12,0.51,1860,0,0,0,0,502.0,0,0
T03880,2026-01-03T23:39:00+00:00,U0115,R0410,2579.77,1,23,1,1,0,3308.88,0.78,579,0,0,0,0,221.0,0,1
T03881,2026-01-03T23:40:00+00:00,U0115,R0410,2579.77,0,23,0,0,1,3265.99,0.79,579,1,1,1,1,1.0,1,1
T03882,2026-01-03T23:41:00+00:00,U0115,R0410,2579.77,0,23,1,0,2,3227.87,0.8,579,2,2,2,2,1.0,2,1
T03883,2026-01-03T23:42:00+00:00,U0011,R0066,20323.29,1,23,0,0,0,2954.92,6.88,177,0,0,0,0,127.0,0,1
T03884,2026-01-03T23:43:00+00:00,U0168,R0083,9441.89,1,23,0,1,0,4766.05,1.98,820,0,0,0,0,144.0,0,0
T03885,2026-01-03T23:44:00+00:00,U0066,R0436,33432.95,1,23,0,1,0,8153.8,4.1,532,0,0,0,0,363.0,0,1
T03886,2026-01-03T23:45:00+00:00,U0022,R0064,3993.91,1,23,0,0,0,6276.61,0.64,887,0,0,0,0,271.0,0,0
T03887,2026-01-03T23:46:00+00:00,U0094,R0495,7841.49,1,23,1,0,0,2396.8,3.27,768,0,0,0,0,75.0,0,0
T03888,2026-01-03T23:47:00+00:00,U0109,R0484,3039.93,1,23,0,0,1,5274.44,0.58,579,0,0,0,0,55.0,0,0
T03889,2026-01-03T23:48:00+00:00,U0064,R0154,1016.43,1,23,0,0,0,3800.87,0.27,1159,0,0,0,0,171.0,0,0
T03890,2026-01-03T23:49:00+00:00,U0133,R0464,1485.46,1,23,0,0,0,3646.79,0.41,257,0,0,0,0,342.0,0,0
T03891,2026-01-03T23:50:00+00:00,U0169,R0274,464.43,1,23,0,1,1,3216.28,0.14,1949,0,0,0,0,60.0,0,0
T03892,2026-01-03T23:51:00+00:00,U0148,R0252,1769.17,1,23,1,0,1,3242.2,0.55,507,0,0,0,0,46.0,0,0
T03893,2026-01-03T23:52:00+00:00,U0134,R0467,1867.21,1,23,0,0,0,4104.07,0.45,723,0,0,0,0,111.0,0,0
T03894,2026-01-03T23:53:00+00:00,U0091,R0311,1578.65,0,23,0,0,0,3875.23,0.41,823,0,0,0,0,509.0,1,0
T03895,2026-01-03T23:54:00+00:00,U0054,R0353,2965.12,0,23,0,0,1,5689.55,0.52,712,0,0,0,0,18.0,1,0
T03896,2026-01-03T23:55:00+00:00,U0012,R0122,712.47,1,23,0,0,0,4268.83,0.17,476,0,0,0,0,122.0,0,0
T03897,2026-01-03T23:56:00+00:00,U0037,R0154,1857.52,1,23,0,0,0,3181.51,0.58,132,0,0,0,0,162.0,0,0
T03898,2026-01-03T23:57:00+00:00,U0056,R0491,5797.33,1,23,0,0,0,4396.38,1.32,129,0,0,0,0,74.0,0,0
T03899,2026-01-03T23:58:00+00:00,U0142,R0111,6379.31,1,23,0,0,0,4147.62,1.54,1708,0,0,0,0,199.0,0,0
T03900,2026-01-03T23:59:00+00:00,U0072,R0066,2309.93,1,23,0,0,0,2991.26,0.77,1208,0,0,0,0,107.0,0,0
T03901,2026-01-04T00:00:00+00:00,U0109,R0039,8294.55,1,0,0,1,1,5172.87,1.6,579,0,0,0,0,13.0,0,0
T03902,2026-01-04T00:01:00+00:00,U0067,R0196,3396.71,1,0,0,0,0,3562.83,0.95,1381,0,0,0,0,98.0,0,0
T03903,2026-01-04T00:02:00+00:00,U0042,R0205,7358.43,1,0,0,0,0,3138.89,2.34,914,0,0,0,0,62.0,0,0
T03904,2026-01-04T00:03:00+00:00,U0066,R0347,1014.81,1,0,0,0,1,9839.08,0.1,532,0,0,0,0,19.0,0,0
T03905,2026-01-04T00:04:00+00:00,U0178,R0074,1929.63,1,0,0,0,1,3318.95,0.58,1860,0,0,0,0,26.0,0,0
T03906,2026-01-04T00:05:00+00:00,U0019,R0323,645.0,1,0,1,1,0,5557.07,0.12,1302,0,0,0,0,71.0,0,0
T03907,2026-01-04T00:06:00+00:00,U0163,R0357,4697.17,1,0,0,0,0,3845.28,1.22,550,0,0,0,0,216.0,0,0
T03908,2026-01-04T00:07:00+00:00,U0183,R0191,447.91,1,0,0,0,0,3865.12,0.12,827,0,0,0,0,284.0,0,0
T03909,2026-01-04T00:08:00+00:00,U0166,R0421,5662.63,1,0,0,0,1,4152.94,1.36,1257,0,0,0,0,41.0,0,0
T03910,2026-01-04T00:09:00+00:00,U0042,R0215,3736.72,1,0,0,0,1,3322.35,1.12,914,1,0,0,0,7.0,0,0
T03911,2026-01-04T00:10:00+00:00,U0081,R0404,5534.02,1,0,0,0,0,3786.81,1.46,1251,0,0,0,0,95.0,0,0
T03912,2026-01-04T00:11:00+00:00,U0007,R0494,1599.51,1,0,0,1,0,6324.46,0.25,573,0,0,0,0,304.0,0,0
T03913,2026-01-04T00:12:00+00:00,U0020,R0139,2691.78,1,0,0,1,0,2857.52,0.94,1664,0,0,0,0,634.0,0,1
T03914,2026-01-04T00:13:00+00:00,U0029,R0351,6867.78,1,0,0,0,0,7625.01,0.9,316,0,0,0,0,109.0,0,0
T03915,2026-01-04T00:14:00+00:00,U0017,R0169,41215.95,1,0,1,0,1,3490.25,11.81,53,0,0,0,0,45.0,0,1
T03916,2026-01-04T00:15:00+00:00,U0093,R0466,1961.93,1,0,0,0,0,7373.38,0.27,403,0,0,0,0,154.0,0,0
T03917,2026-01-04T00:16:00+00:00,U0070,R0075,22657.88,1,0,1,1,0,4268.97,5.31,664,0,0,0,0,826.0,0,1
T03918,2026-01-04T00:17:00+00:00,U0058,R0141,5091.37,1,0,0,0,1,3792.15,1.34,1080,0,0,0,0,54.0,0,0
T03919,2026-01-04T00:18:00+00:00,U0097,R0497,1593.07,1,0,1,1,0,4527.29,0.35,174,0,0,0,0,94.0,0,1
T03920,2026-01-04T00:19:00+00:00,U0097,R0497,1593.07,0,0,1,1,1,4387.57,0.36,174,1,1,1,1,1.0,1,1
T03921,2026-01-04T00:20:00+00:00,U0097,R0497,1593.07,0,0,1,1,2,4260.55,0.37,174,2,2,2,2,1.0,2,1
T03922,2026-01-04T00:21:00+00:00,U0027,R0401,4394.7,1,0,0,0,0,6281.25,0.7,1808,0,0,0,0,272.0,0,0
T03923,2026-01-04T00:22:00+00:00,U0045,R0270,6536.93,1,0,0,0,0,4428.68,1.48,1072,0,0,0,0,67.0,0,0
T03924,2026-01-04T00:23:00+00:00,U0079,R0302,3134.87,1,0,0,0,0,2589.94,1.21,128,0,0,0,0,430.0,0,0
T03925,2026-01-04T00:24:00+00:00,U0126,R0049,3011.74,1,0,0,0,1,5493.07,0.55,1797,0,0,0,0,51.0,0,0
T03926,2026-01-04T00:25:00+00:00,U0180,R0293,2416.02,1,0,0,0,1,5915.49,0.41,793,0,0,0,0,54.0,0,0
T03927,2026-01-04T00:26:00+00:00,U0142,R0139,2864.43,1,0,0,0,1,4259.2,0.67,1708,0,0,0,0,28.0,0,0
T03928,2026-01-04T00:27:00+00:00,U0013,R0088,6556.17,1,0,0,0,0,7159.38,0.92,869,0,0,0,0,302.0,0,0
T03929,2026-01-04T00:28:00+00:00,U0193,R0200,2822.46,0,0,0,0,0,5036.11,0.56,158,0,0,0,0,140.0,1,0
T03930,2026-01-04T00:29:00+00:00,U0190,R0348,6534.61,1,0,0,0,0,3140.05,2.08,1087,0,0,0,0,270.0,0,0
T03931,2026-01-04T00:30:00+00:00,U0137,R0283,3944.89,1,0,0,0,0,3603.61,1.09,511,0,0,0,0,135.0,0,0
T03932,2026-01-04T00:31:00+00:00,U0104,R0245,5232.9,1,0,0,0,0,2941.49,1.78,508,0,0,0,0,389.0,0,0
T03933,2026-01-04T00:32:00+00:00,U0067,R0005,1450.64,1,0,0,0,1,3556.44,0.41,1381,0,0,0,0,31.0,0,0
T03934,2026-01-04T00:33:00+00:00,U0183,R0080,1477.46,0,0,0,0,1,3722.73,0.4,827,0,0,0,0,26.0,1,0
T03935,2026-01-04T00:34:00+00:00,U0037,R0194,2100.8,1,0,0,0,1,3115.31,0.67,132,0,0,0,0,38.0,0,0
T03936,2026-01-04T00:35:00+00:00,U0069,R0028,636.82,1,0,0,0,0,5305.22,0.12,1754,0,0,0,0,420.0,0,0
T03937,2026-01-04T00:36:00+00:00,U0164,R0499,3357.18,1,0,0,0,0,4234.05,0.79,1150,0,0,0,0,471.0,0,0
T03938,2026-01-04T00:37:00+00:00,U0200,R0128,1029.28,1,0,1,0,0,2971.73,0.35,1096,0,0,0,0,657.0,0,0
T03939,2026-01-04T00:38:00+00:00,U0108,R0362,768.82,1,0,0,0,0,7034.12,0.11,1935,0,0,0,0,520.0,0,0
T03940,2026-01-04T00:39:00+00:00,U0113,R0182,3835.6,1,0,0,0,0,3907.27,0.98,1440,0,0,0,0,192.0,0,0
T03941,2026-01-04T00:40:00+00:00,U0129,R0147,1079.11,1,0,1,0,0,4606.86,0.23,375,0,0,0,0,235.0,0,0
T03942,2026-01-04T00:41:00+00:00,U0110,R0267,2688.7,1,0,1,0,0,2567.02,1.05,29,0,0,0,0,94.0,0,0
T03943,2026-01-04T00:42:00+00:00,U0059,R0157,1563.65,1,0,0,0,0,4897.3,0.32,75,0,0,0,0,468.0,0,0
T03944,2026-01-04T00:43:00+00:00,U0023,R0486,1968.59,1,0,0,0,0,2740.46,0.72,1815,0,0,0,0,154.0,0,0
T03945,2026-01-04T00:44:00+00:00,U0198,R0161,597.58,1,0,0,0,0,3348.7,0.18,1947,0,0,0,0,291.0,0,0
T03946,2026-01-04T00:45:00+00:00,U0163,R0041,4537.96,1,0,0,1,1,3890.12,1.17,550,0,0,0,0,39.0,0,0
T03947,2026-01-04T00:46:00+00:00,U0062,R0484,5112.39,1,0,0,0,0,4612.55,1.11,820,0,0,0,0,159.0,0,0
T03948,2026-01-04T00:47:00+00:00,U0148,R0030,6244.97,0,0,0,0,1,3164.67,1.97,507,0,0,0,0,56.0,1,0
T03949,2026-01-04T00:48:00+00:00,U0074,R0284,5879.03,1,0,0,0,0,3377.56,1.74,589,0,0,0,0,617.0,0,0
T03950,2026-01-04T00:49:00+00:00,U0003,R0493,4757.0,1,0,0,0,0,3059.31,1.55,1486,0,0,0,0,105.0,0,0
T03951,2026-01-04T00:50:00+00:00,U0174,R0261,627.04,1,0,0,0,0,4549.54,0.14,1108,0,0,0,0,511.0,0,0
T03952,2026-01-04T00:51:00+00:00,U0035,R0246,2492.26,1,0,0,0,0,2207.81,1.13,1476,0,0,0,0,282.0,0,0
T03953,2026-01-04T00:52:00+00:00,U0176,R0347,3159.18,1,0,0,0,0,2932.51,1.08,1935,0,0,0,0,820.0,0,0
T03954,2026-01-04T00:53:00+00:00,U0179,R0064,5061.11,1,0,0,0,0,3723.77,1.36,1145,0,0,0,0,112.0,0,0
T03955,2026-01-04T00:54:00+00:00,U0158,R0098,5344.69,1,0,0,0,0,4476.33,1.19,1865,0,0,0,0,293.0,0,0
T03956,2026-01-04T00:55:00+00:00,U0191,R0004,1694.64,1,0,0,0,0,3975.57,0.43,982,0,0,0,0,90.0,0,0
T03957,2026-01-04T00:56:00+00:00,U0180,R0274,3346.75,1,0,0,0,1,5763.34,0.58,793,0,0,0,0,31.0,0,0
T03958,2026-01-04T00:57:00+00:00,U0063,R0379,3445.12,1,0,1,0,0,3989.33,0.86,1621,0,0,0,0,469.0,0,0
T03959,2026-01-04T00:58:00+00:00,U0136,R0351,2476.96,1,0,0,0,0,3742.91,0.66,126,0,0,0,0,191.0,0,0
T03960,2026-01-04T00:59:00+00:00,U0156,R0230,2072.48,1,0,0,0,0,3047.28,0.68,1027,0,0,0,0,179.0,0,0
T03961,2026-01-04T01:00:00+00:00,U0173,R0477,1095.13,1,1,0,0,0,3426.89,0.32,1772,0,0,0,0,176.0,0,0
T03962,2026-01-04T01:01:00+00:00,U0135,R0463,6064.27,1,1,0,0,0,2799.55,2.17,1258,0,0,0,0,374.0,0,0
T03963,2026-01-04T01:02:00+00:00,U0020,R0188,13096.91,1,1,1,0,1,2849.63,4.6,1664,0,0,0,0,50.0,0,1
T03964,2026-01-04T01:03:00+00:00,U0132,R0181,2304.86,1,1,0,0,0,4990.48,0.46,12,0,0,0,0,419.0,0,0
T03965,2026-01-04T01:04:00+00:00,U0109,R0254,4540.72,1,1,0,0,0,5308.59,0.86,579,0,0,0,0,64.0,0,0
T03966,2026-01-04T01:05:00+00:00,U0096,R0497,1213.8,1,1,0,0,0,5314.75,0.23,322,0,0,0,0,452.0,0,0
T03967,2026-01-04T01:06:00+00:00,U0174,R0128,2259.12,1,1,0,0,1,4379.0,0.52,1108,0,0,0,0,16.0,0,0
T03968,2026-01-04T01:07:00+00:00,U0197,R0440,6557.71,1,1,0,0,0,4657.81,1.41,274,0,0,0,0,581.0,0,0
T03969,2026-01-04T01:08:00+00:00,U0077,R0248,931.03,1,1,0,0,0,3995.03,0.23,332,0,0,0,0,270.0,0,0
T03970,2026-01-04T01:09:00+00:00,U0055,R0002,3388.76,1,1,0,0,0,4092.18,0.83,553,0,0,0,0,1034.0,0,0
T03971,2026-01-04T01:10:00+00:00,U0146,R0202,2878.82,1,1,0,0,0,4334.17,0.66,1480,0,0,0,0,320.0,0,0
T03972,2026-01-04T01:11:00+00:00,U0079,R0476,978.48,1,1,0,0,1,2624.0,0.37,128,0,0,0,0,48.0,0,0
T03973,2026-01-04T01:12:00+00:00,U0165,R0264,6789.47,1,1,0,0,0,8258.52,0.82,302,0,0,0,0,110.0,0,0
T03974,2026-01-04T01:13:00+00:00,U0010,R0479,794.67,1,1,0,0,0,3685.99,0.22,1038,0,0,0,0,263.0,0,0
T03975,2026-01-04T01:14:00+00:00,U0159,R0435,4119.43,1,1,0,0,0,4209.86,0.98,490,0,0,0,0,380.0,0,0
T03976,2026-01-04T01:15:00+00:00,U0092,R0004,4908.87,1,1,0,0,0,4370.27,1.12,892,0,0,0,0,333.0,0,0
T03977,2026-01-04T01:16:00+00:00,U0085,R0153,4280.34,1,1,0,0,0,4011.11,1.07,652,0,0,0,0,213.0,0,0
T03978,2026-01-04T01:17:00+00:00,U0002,R0180,7643.49,1,1,0,0,0,3056.26,2.5,1660,0,0,0,0,221.0,0,0
T03979,2026-01-04T01:18:00+00:00,U0048,R0206,1288.89,1,1,0,0,0,4260.05,0.3,453,0,0,0,0,234.0,0,0
T03980,2026-01-04T01:19:00+00:00,U0026,R0221,50702.22,1,1,0,1,0,6332.83,8.01,407,0,0,0,0,200.0,0,1
T03981,2026-01-04T01:20:00+00:00,U0022,R0271,867.81,1,1,0,0,0,6172.85,0.14,887,0,0,0,0,95.0,0,0
T03982,2026-01-04T01:21:00+00:00,U0040,R0211,852.8,1,1,0,0,0,4373.46,0.19,1571,0,0,0,0,286.0,0,0
T03983,2026-01-04T01:22:00+00:00,U0125,R0004,2376.23,1,1,0,0,0,5438.97,0.44,499,0,0,0,0,230.0,0,0
T03984,2026-01-04T01:23:00+00:00,U0169,R0129,4572.38,1,1,0,0,0,3121.38,1.46,1949,0,0,0,0,93.0,0,0
T03985,2026-01-04T01:24:00+00:00,U0102,R0192,5021.36,1,1,0,0,0,2694.28,1.86,1474,0,0,0,0,277.0,0,0
T03986,2026-01-04T01:25:00+00:00,U0110,R0457,17278.23,1,1,0,0,1,2572.81,6.72,29,0,0,0,0,44.0,0,1
T03987,2026-01-04T01:26:00+00:00,U0069,R0056,8647.68,1,1,0,1,1,4993.99,1.73,1754,0,0,0,0,51.0,0,1
T03988,2026-01-04T01:27:00+00:00,U0169,R0430,1552.73,1,1,0,0,1,3169.75,0.49,1949,1,0,0,0,4.0,0,0
T03989,2026-01-04T01:28:00+00:00,U0036,R0182,2332.21,1,1,0,0,0,4592.57,0.51,219,0,0,0,0,222.0,0,0
T03990,2026-01-04T01:29:00+00:00,U0002,R0184,3935.76,1,1,0,0,1,3274.7,1.2,1660,0,0,0,0,12.0,0,0
T03991,2026-01-04T01:30:00+00:00,U0182,R0102,2467.45,1,1,0,0,0,6425.94,0.38,269,0,0,0,0,151.0,0,0
T03992,2026-01-04T01:31:00+00:00,U0073,R0021,2081.12,1,1,0,0,0,8260.64,0.25,1369,0,0,0,0,156.0,0,0
T03993,2026-01-04T01:32:00+00:00,U0108,R0381,6649.12,1,1,0,0,1,6552.17,1.01,1935,0,0,0,0,54.0,0,0
T03994,2026-01-04T01:33:00+00:00,U0009,R0083,6372.18,1,1,0,0,0,2405.96,2.65,1744,0,0,0,0,140.0,0,0
T03995,2026-01-04T01:34:00+00:00,U0123,R0492,4971.29,1,1,0,0,0,3662.46,1.36,832,0,0,0,0,416.0,0,0
T03996,2026-01-04T01:35:00+00:00,U0069,R0061,2698.92,1,1,1,0,2,5222.35,0.52,1754,1,0,0,0,9.0,0,0
T03997,2026-01-04T01:36:00+00:00,U0141,R0254,1710.08,1,1,0,0,0,3214.51,0.53,113,0,0,0,0,980.0,0,0
T03998,2026-01-04T01:37:00+00:00,U0183,R0066,3622.08,1,1,0,0,0,3632.92,1.0,827,0,0,0,0,64.0,0,0
T03999,2026-01-04T01:38:00+00:00,U0196,R0400,4308.76,0,1,0,0,0,3436.95,1.25,219,0,0,0,0,396.0,1,0
T04000,2026-01-04T01:39:00+00:00,U0129,R0372,1478.01,1,1,0,0,1,4399.35,0.34,375,0,0,0,0,59.0,0,0
T04001,2026-01-04T01:40:00+00:00,U0100,R0068,23778.78,1,1,1,0,0,4225.86,5.63,1160,0,0,0,0,190.0,0,1
T04002,2026-01-04T01:41:00+00:00,U0028,R0406,1576.43,1,1,0,0,0,3561.03,0.44,1290,0,0,0,0,253.0,0,0
T04003,2026-01-04T01:42:00+00:00,U0040,R0177,32389.07,1,1,1,0,1,4220.39,7.67,1571,0,0,0,0,21.0,0,1
T04004,2026-01-04T01:43:00+00:00,U0197,R0351,3646.22,1,1,0,0,1,4757.81,0.77,274,0,0,0,0,36.0,0,0
T04005,2026-01-04T01:44:00+00:00,U0174,R0425,2358.95,1,1,0,0,2,4290.67,0.55,1108,0,0,0,0,38.0,0,0
T04006,2026-01-04T01:45:00+00:00,U0153,R0378,1652.75,1,1,1,0,0,2972.95,0.56,798,0,0,0,0,737.0,0,0
T04007,2026-01-04T01:46:00+00:00,U0123,R0149,2196.67,1,1,0,1,1,3781.45,0.58,832,0,0,0,0,12.0,0,1
T04008,2026-01-04T01:47:00+00:00,U0123,R0149,2196.67,0,1,1,0,2,3649.38,0.6,832,1,1,1,1,1.0,1,1
T04009,2026-01-04T01:48:00+00:00,U0123,R0149,2196.67,0,1,1,0,3,3537.63,0.62,832,2,2,2,2,1.0,2,1
T04010,2026-01-04T01:49:00+00:00,U0022,R0390,5500.49,1,1,0,0,1,5942.2,0.93,887,0,0,0,0,29.0,0,0
T04011,2026-01-04T01:50:00+00:00,U0159,R0079,3442.06,1,1,0,0,1,4205.75,0.82,490,0,0,0,0,36.0,0,0
T04012,2026-01-04T01:51:00+00:00,U0048,R0128,5572.75,1,1,0,0,1,4061.97,1.37,453,0,0,0,0,33.0,0,0
T04013,2026-01-04T01:52:00+00:00,U0030,R0443,1212.69,1,1,0,1,0,4397.03,0.28,229,0,0,0,0,151.0,0,0
T04014,2026-01-04T01:53:00+00:00,U0180,R0127,6937.56,1,1,0,0,1,5662.65,1.23,793,0,0,0,0,57.0,0,0
T04015,2026-01-04T01:54:00+00:00,U0110,R0102,200.74,1,1,0,0,1,3241.24,0.06,29,0,0,0,0,29.0,0,0
T04016,2026-01-04T01:55:00+00:00,U0027,R0359,724.83,1,1,0,0,0,6163.34,0.12,1808,0,0,0,0,94.0,0,0
T04017,2026-01-04T01:56:00+00:00,U0157,R0093,49383.86,1,1,1,1,0,2924.22,16.89,793,0,0,0,0,240.0,0,1
T04018,2026-01-04T01:57:00+00:00,U0152,R0323,2553.43,0,1,0,0,0,6556.62,0.39,1711,0,0,0,0,166.0,1,0
T04019,2026-01-04T01:58:00+00:00,U0059,R0062,4044.62,0,1,0,0,0,4688.95,0.86,75,0,0,0,0,76.0,1,0
T04020,2026-01-04T01:59:00+00:00,U0010,R0141,2046.07,1,1,0,0,1,3565.52,0.57,1038,0,0,0,0,46.0,0,0
T04021,2026-01-04T02:00:00+00:00,U0038,R0219,2302.76,1,2,0,0,0,2965.08,0.78,400,0,0,0,0,174.0,0,0
T04022,2026-01-04T02:01:00+00:00,U0052,R0047,2218.08,0,2,0,0,0,3924.17,0.57,51,0,0,0,0,389.0,1,0
T04023,2026-01-04T02:02:00+00:00,U0098,R0209,4877.4,1,2,0,0,0,7810.2,0.62,938,0,0,0,0,163.0,0,0
T04024,2026-01-04T02:03:00+00:00,U0180,R0325,13768.13,1,2,0,1,1,5713.65,2.41,793,1,0,0,0,10.0,0,1
T04025,2026-01-04T02:04:00+00:00,U0057,R0173,6052.17,1,2,0,0,0,3675.09,1.65,459,0,0,0,0,389.0,0,0
T04026,2026-01-04T02:05:00+00:00,U0016,R0262,370.54,1,2,0,0,0,5113.65,0.07,1715,0,0,0,0,361.0,0,0
T04027,2026-01-04T02:06:00+00:00,U0014,R0156,6442.96,1,2,0,0,0,4148.49,1.55,608,0,0,0,0,344.0,0,0
T04028,2026-01-04T02:07:00+00:00,U0094,R0144,3333.43,1,2,0,0,0,2850.52,1.17,768,0,0,0,0,141.0,0,0
T04029,2026-01-04T02:08:00+00:00,U0183,R0215,2361.82,1,2,0,0,1,3632.51,0.65,827,0,0,0,0,31.0,0,0
T04030,2026-01-04T02:09:00+00:00,U0013,R0094,4678.06,1,2,0,0,0,7127.63,0.66,869,0,0,0,0,102.0,0,0
T04031,2026-01-04T02:10:00+00:00,U0014,R0339,2826.25,1,2,1,0,1,4275.97,0.66,608,1,0,0,0,4.0,0,0
T04032,2026-01-04T02:11:00+00:00,U0055,R0147,2210.07,1,2,0,0,0,4048.22,0.55,553,0,0,0,0,62.0,0,0
T04033,2026-01-04T02:12:00+00:00,U0156,R0052,3744.66,0,2,0,0,0,2972.29,1.26,1027,0,0,0,0,73.0,1,0
T04034,2026-01-04T02:13:00+00:00,U0065,R0486,8320.18,1,2,0,0,0,4488.45,1.85,1869,0,0,0,0,305.0,0,0
T04035,2026-01-04T02:14:00+00:00,U0086,R0156,1193.89,0,2,0,0,0,2895.6,0.41,1686,0,0,0,0,209.0,1,0
T04036,2026-01-04T02:15:00+00:00,U0172,R0007,4173.36,1,2,0,1,0,5908.68,0.71,1447,0,0,0,0,178.0,0,0
T04037,2026-01-04T02:16:00+00:00,U0198,R0442,4441.93,1,2,0,0,0,3223.65,1.38,1947,0,0,0,0,92.0,0,0
T04038,2026-01-04T02:17:00+00:00,U0093,R0380,6497.21,1,2,0,0,0,7156.92,0.91,403,0,0,0,0,122.0,0,0
T04039,2026-01-04T02:18:00+00:00,U0191,R0399,2155.21,1,2,0,0,0,3848.85,0.56,982,0,0,0,0,83.0,0,0
T04040,2026-01-04T02:19:00+00:00,U0155,R0191,5127.42,1,2,0,0,0,3538.3,1.45,1159,0,0,0,0,317.0,0,0
T04041,2026-01-04T02:20:00+00:00,U0071,R0108,5503.57,1,2,1,1,0,6252.94,0.88,17,0,0,0,0,503.0,0,1
T04042,2026-01-04T02:21:00+00:00,U0023,R0455,3676.24,1,2,0,0,0,2695.06,1.36,1815,0,0,0,0,98.0,0,0
T04043,2026-01-04T02:22:00+00:00,U0162,R0381,2817.53,1,2,0,0,0,5448.65,0.52,391,0,0,0,0,390.0,0,0
T04044,2026-01-04T02:23:00+00:00,U0011,R0301,819.84,1,2,0,0,0,3744.39,0.22,177,0,0,0,0,161.0,0,0
T04045,2026-01-04T02:24:00+00:00,U0168,R0419,12074.18,1,2,0,1,0,5041.1,2.4,820,0,0,0,0,161.0,0,1
T04046,2026-01-04T02:25:00+00:00,U0181,R0229,2754.1,1,2,0,0,0,3605.29,0.76,215,0,0,0,0,223.0,0,0
T04047,2026-01-04T02:26:00+00:00,U0020,R0483,1276.97,1,2,0,0,0,3315.42,0.39,1664,0,0,0,0,84.0,0,0
T04048,2026-01-04T02:27:00+00:00,U0088,R0155,5518.03,1,2,0,1,0,9189.96,0.6,1812,0,0,0,0,287.0,0,1
T04049,2026-01-04T02:28:00+00:00,U0195,R0104,6419.74,1,2,0,0,0,3426.81,1.87,1578,0,0,0,0,291.0,0,0
T04050,2026-01-04T02:29:00+00:00,U0040,R0023,2649.12,1,2,0,0,1,5394.09,0.49,1571,0,0,0,0,47.0,0,0
T04051,2026-01-04T02:30:00+00:00,U0108,R0282,271.53,1,2,0,0,1,6559.1,0.04,1935,0,0,0,0,58.0,0,0
T04052,2026-01-04T02:31:00+00:00,U0195,R0437,3539.49,1,2,0,0,1,3584.33,0.99,1578,1,0,0,0,3.0,0,0
T04053,2026-01-04T02:32:00+00:00,U0144,R0500,2564.05,1,2,0,0,0,4429.98,0.58,685,0,0,0,0,589.0,0,0
T04054,2026-01-04T02:33:00+00:00,U0094,R0230,2877.33,1,2,0,0,1,2887.67,1.0,768,0,0,0,0,26.0,0,0
T04055,2026-01-04T02:34:00+00:00,U0031,R0467,1436.14,1,2,0,0,0,4686.17,0.31,1886,0,0,0,0,177.0,0,0
T04056,2026-01-04T02:35:00+00:00,U0124,R0215,3060.19,1,2,0,1,0,2765.03,1.11,1661,0,0,0,0,353.0,0,0
T04057,2026-01-04T02:36:00+00:00,U0129,R0405,1805.86,1,2,0,0,1,4237.05,0.43,375,0,0,0,0,57.0,0,0
T04058,2026-01-04T02:37:00+00:00,U0154,R0141,6140.87,1,2,0,0,0,3500.39,1.75,1010,0,0,0,0,259.0,0,0
T04059,2026-01-04T02:38:00+00:00,U0034,R0149,3328.7,1,2,0,0,0,2702.51,1.23,1925,0,0,0,0,560.0,0,0
T04060,2026-01-04T02:39:00+00:00,U0145,R0032,3695.71,1,2,0,0,0,3532.37,1.05,94,0,0,0,0,348.0,0,0
T04061,2026-01-04T02:40:00+00:00,U0178,R0098,3680.99,1,2,0,0,0,3249.49,1.13,1860,0,0,0,0,156.0,0,0
T04062,2026-01-04T02:41:00+00:00,U0102,R0254,2370.64,1,2,0,0,0,2791.24,0.85,1474,0,0,0,0,77.0,0,0
T04063,2026-01-04T02:42:00+00:00,U0132,R0498,710.56,1,2,0,0,0,4811.44,0.15,12,0,0,0,0,99.0,0,0
T04064,2026-01-04T02:43:00+00:00,U0113,R0385,3706.67,1,2,0,0,0,3904.01,0.95,1440,0,0,0,0,124.0,0,0
T04065,2026-01-04T02:44:00+00:00,U0144,R0400,5935.18,1,2,0,0,1,4320.22,1.37,685,0,0,0,0,12.0,0,0
T04066,2026-01-04T02:45:00+00:00,U0156,R0140,9785.1,1,2,1,0,1,3027.46,3.23,1027,0,0,0,0,33.0,0,1
T04067,2026-01-04T02:46:00+00:00,U0001,R0082,5907.57,1,2,0,0,0,5942.33,0.99,1905,0,0,0,0,329.0,0,0
T04068,2026-01-04T02:47:00+00:00,U0152,R0357,3952.13,1,2,0,0,1,6356.46,0.62,1711,0,0,0,0,50.0,0,0
T04069,2026-01-04T02:48:00+00:00,U0132,R0234,2213.95,1,2,0,0,1,4555.14,0.49,12,1,0,0,0,6.0,0,1
T04070,2026-01-04T02:49:00+00:00,U0132,R0234,2213.95,0,2,1,1,2,4417.42,0.5,12,2,1,1,1,1.0,1,1
T04071,2026-01-04T02:50:00+00:00,U0132,R0234,2213.95,0,2,1,1,3,4295.01,0.52,12,3,2,2,2,1.0,2,1
T04072,2026-01-04T02:51:00+00:00,U0185,R0269,1738.25,1,2,0,0,0,4561.12,0.38,1483,0,0,0,0,654.0,0,0
T04073,2026-01-04T02:52:00+00:00,U0057,R0152,676.55,1,2,0,0,1,3793.94,0.18,459,0,0,0,0,48.0,0,0
T04074,2026-01-04T02:53:00+00:00,U0142,R0061,3430.69,1,2,0,1,0,4192.78,0.82,1708,0,0,0,0,147.0,0,1
T04075,2026-01-04T02:54:00+00:00,U0012,R0274,2431.03,1,2,0,0,0,4107.18,0.59,476,0,0,0,0,179.0,0,0
T04076,2026-01-04T02:55:00+00:00,U0011,R0328,5851.2,1,2,0,0,1,3617.23,1.62,177,0,0,0,0,32.0,0,0
T04077,2026-01-04T02:56:00+00:00,U0072,R0475,263.12,1,2,0,0,0,2953.41,0.09,1208,0,0,0,0,177.0,0,0
T04078,2026-01-04T02:57:00+00:00,U0014,R0329,1289.62,1,2,0,0,2,4199.66,0.31,608,0,0,0,0,47.0,0,0
T04079,2026-01-04T02:58:00+00:00,U0054,R0274,6073.78,1,2,0,0,0,5584.76,1.09,712,0,0,0,0,184.0,0,0
T04080,2026-01-04T02:59:00+00:00,U0167,R0178,1693.73,1,2,0,0,0,2711.5,0.62,1126,0,0,0,0,204.0,0,0
T04081,2026-01-04T03:00:00+00:00,U0095,R0167,2089.93,1,3,0,0,0,2314.01,0.9,333,0,0,0,0,365.0,0,0
T04082,2026-01-04T03:01:00+00:00,U0181,R0453,1630.42,1,3,0,0,1,3571.24,0.46,215,0,0,0,0,36.0,0,0
T04083,2026-01-04T03:02:00+00:00,U0185,R0069,6727.85,1,3,0,1,1,4419.98,1.52,1483,0,0,0,0,11.0,0,0
T04084,2026-01-04T03:03:00+00:00,U0157,R0151,881.89,1,3,0,0,0,4944.21,0.18,793,0,0,0,0,67.0,0,0
T04085,2026-01-04T03:04:00+00:00,U0015,R0321,4587.44,1,3,1,1,0,3796.64,1.21,1206,0,0,0,0,236.0,0,1
T04086,2026-01-04T03:05:00+00:00,U0092,R0113,4934.81,1,3,0,0,0,4393.69,1.12,892,0,0,0,0,110.0,0,0
T04087,2026-01-04T03:06:00+00:00,U0072,R0091,561.97,1,3,0,0,1,2811.82,0.2,1208,1,0,0,0,10.0,0,0
T04088,2026-01-04T03:07:00+00:00,U0005,R0276,2667.69,1,3,0,0,0,3785.72,0.7,1114,0,0,0,0,430.0,0,0
T04089,2026-01-04T03:08:00+00:00,U0200,R0481,508.84,1,3,0,0,0,2857.47,0.18,1096,0,0,0,0,151.0,0,0
T04090,2026-01-04T03:09:00+00:00,U0028,R0370,3200.62,1,3,0,0,0,3470.82,0.92,1290,0,0,0,0,88.0,0,0
T04091,2026-01-04T03:10:00+00:00,U0098,R0485,2520.51,1,3,0,0,0,7701.58,0.33,938,0,0,0,0,68.0,0,0
T04092,2026-01-04T03:11:00+00:00,U0161,R0325,1576.66,1,3,0,0,0,5569.29,0.28,1632,0,0,0,0,239.0,0,0
T04093,2026-01-04T03:12:00+00:00,U0053,R0419,3227.93,1,3,0,0,0,4755.33,0.68,1252,0,0,0,0,407.0,0,0
T04094,2026-01-04T03:13:00+00:00,U0084,R0138,183.95,1,3,0,0,0,4022.72,0.05,1583,0,0,0,0,302.0,0,0
T04095,2026-01-04T03:14:00+00:00,U0162,R0414,2703.2,1,3,0,0,1,5310.17,0.51,391,0,0,0,0,52.0,0,0
T04096,2026-01-04T03:15:00+00:00,U0102,R0080,1719.7,1,3,0,0,1,2774.42,0.62,1474,0,0,0,0,34.0,0,0
T04097,2026-01-04T03:16:00+00:00,U0187,R0372,4002.13,1,3,0,0,0,4047.4,0.99,1389,0,0,0,0,267.0,0,0
T04098,2026-01-04T03:17:00+00:00,U0038,R0462,1339.34,1,3,0,0,0,2933.54,0.46,400,0,0,0,0,77.0,0,0
T04099,2026-01-04T03:18:00+00:00,U0127,R0093,7521.54,1,3,0,0,0,2314.37,3.25,675,0,0,0,0,757.0,0,0
T04100,2026-01-04T03:19:00+00:00,U0046,R0097,6966.09,1,3,0,0,0,4311.47,1.62,854,0,0,0,0,610.0,0,1
T04101,2026-01-04T03:20:00+00:00,U0187,R0093,3740.45,1,3,0,1,1,4045.24,0.92,1389,1,0,0,0,4.0,0,0
T04102,2026-01-04T03:21:00+00:00,U0006,R0159,1188.7,1,3,0,0,0,7965.52,0.15,1386,0,0,0,0,270.0,0,0
T04103,2026-01-04T03:22:00+00:00,U0046,R0419,15399.7,1,3,1,0,1,4409.79,3.49,854,1,0,0,0,3.0,0,1
T04104,2026-01-04T03:23:00+00:00,U0156,R0097,7922.18,1,3,0,0,1,3477.97,2.28,1027,0,0,0,0,38.0,0,0
T04105,2026-01-04T03:24:00+00:00,U0019,R0219,6606.22,1,3,0,0,0,5352.4,1.23,1302,0,0,0,0,199.0,0,0
T04106,2026-01-04T03:25:00+00:00,U0166,R0497,1559.56,1,3,0,0,0,4196.08,0.37,1257,0,0,0,0,197.0,0,0
T04107,2026-01-04T03:26:00+00:00,U0186,R0270,3406.31,1,3,0,0,0,2631.43,1.29,1731,0,0,0,0,341.0,0,0
T04108,2026-01-04T03:27:00+00:00,U0193,R0414,3402.73,1,3,0,0,0,4972.87,0.68,158,0,0,0,0,179.0,0,0
T04109,2026-01-04T03:28:00+00:00,U0026,R0194,1327.63,1,3,0,0,0,8668.06,0.15,407,0,0,0,0,129.0,0,0
T04110,2026-01-04T03:29:00+00:00,U0029,R0424,516.25,1,3,0,0,0,7574.53,0.07,316,0,0,0,0,196.0,0,0
T04111,2026-01-04T03:30:00+00:00,U0165,R0479,3635.76,1,3,0,0,0,8191.74,0.44,302,0,0,0,0,138.0,0,0
T04112,2026-01-04T03:31:00+00:00,U0064,R0395,834.86,1,3,0,0,0,3704.86,0.23,1159,0,0,0,0,223.0,0,0
T04113,2026-01-04T03:32:00+00:00,U0037,R0481,1866.8,1,3,0,0,0,3067.0,0.61,132,0,0,0,0,178.0,0,0
T04114,2026-01-04T03:33:00+00:00,U0004,R0406,3081.26,1,3,0,0,0,4079.17,0.76,1108,0,0,0,0,664.0,0,0
T04115,2026-01-04T03:34:00+00:00,U0028,R0278,3826.23,1,3,0,0,1,3459.07,1.11,1290,0,0,0,0,25.0,0,0
T04116,2026-01-04T03:35:00+00:00,U0087,R0437,2837.56,1,3,0,0,0,4518.57,0.63,1811,0,0,0,0,590.0,0,0
T04117,2026-01-04T03:36:00+00:00,U0052,R0072,1459.23,1,3,0,0,0,3834.38,0.38,51,0,0,0,0,95.0,0,0
T04118,2026-01-04T03:37:00+00:00,U0145,R0457,4684.03,1,3,0,0,1,3542.58,1.32,94,0,0,0,0,58.0,0,0
T04119,2026-01-04T03:38:00+00:00,U0042,R0158,4019.39,1,3,0,1,0,3339.61,1.2,914,0,0,0,0,209.0,0,0
T04120,2026-01-04T03:39:00+00:00,U0040,R0125,7326.24,1,3,0,0,0,5284.29,1.39,1571,0,0,0,0,70.0,0,0
T04121,2026-01-04T03:40:00+00:00,U0178,R0137,830.57,1,3,0,0,1,3270.04,0.25,1860,0,0,0,0,60.0,0,0
T04122,2026-01-04T03:41:00+00:00,U0032,R0011,3759.53,1,3,0,0,0,3445.16,1.09,1853,0,0,0,0,300.0,0,0
T04123,2026-01-04T03:42:00+00:00,U0027,R0279,2400.18,1,3,0,0,0,5843.43,0.41,1808,0,0,0,0,107.0,0,0
T04124,2026-01-04T03:43:00+00:00,U0131,R0454,2582.09,1,3,0,0,0,5285.69,0.49,1810,0,0,0,0,612.0,0,0
T04125,2026-01-04T03:44:00+00:00,U0037,R0001,6122.93,1,3,0,1,1,3012.45,2.03,132,0,0,0,0,12.0,0,1
T04126,2026-01-04T03:45:00+00:00,U0007,R0117,9536.1,1,3,1,1,0,6061.97,1.57,573,0,0,0,0,214.0,0,1
T04127,2026-01-04T03:46:00+00:00,U0038,R0181,3361.93,1,3,0,0,1,2861.07,1.18,400,0,0,0,0,29.0,0,0
T04128,2026-01-04T03:47:00+00:00,U0058,R0472,4290.21,1,3,0,0,0,3860.53,1.11,1080,0,0,0,0,210.0,0,0
T04129,2026-01-04T03:48:00+00:00,U0099,R0352,2067.65,1,3,0,0,0,2708.73,0.76,828,0,0,0,0,403.0,0,0
T04130,2026-01-04T03:49:00+00:00,U0029,R0252,2109.86,1,3,0,0,1,7133.39,0.3,316,0,0,0,0,20.0,0,0
T04131,2026-01-04T03:50:00+00:00,U0029,R0115,3697.2,1,3,0,0,2,6837.88,0.54,316,1,0,0,0,1.0,0,0
T04132,2026-01-04T03:51:00+00:00,U0073,R0183,3313.82,1,3,0,0,0,8003.16,0.41,1369,0,0,0,0,140.0,0,0
T04133,2026-01-04T03:52:00+00:00,U0086,R0061,30655.47,1,3,1,1,0,2764.7,11.09,1686,0,0,0,0,98.0,0,1
T04134,2026-01-04T03:53:00+00:00,U0022,R0459,2544.73,1,3,0,0,0,5923.79,0.43,887,0,0,0,0,124.0,0,0
T04135,2026-01-04T03:54:00+00:00,U0039,R0092,6494.48,1,3,0,1,0,3510.71,1.85,176,0,0,0,0,1417.0,0,1
T04136,2026-01-04T03:55:00+00:00,U0086,R0308,1583.27,1,3,0,0,1,4756.89,0.33,1686,1,0,0,0,3.0,0,0
T04137,2026-01-04T03:56:00+00:00,U0109,R0077,8449.4,1,3,0,0,0,5276.6,1.6,579,0,0,0,0,172.0,0,0
T04138,2026-01-04T03:57:00+00:00,U0176,R0155,1775.33,1,3,0,0,0,2941.23,0.6,1935,0,0,0,0,185.0,0,0
T04139,2026-01-04T03:58:00+00:00,U0074,R0179,1430.91,1,3,0,0,0,3533.9,0.4,589,0,0,0,0,190.0,0,0
T04140,2026-01-04T03:59:00+00:00,U0070,R0470,633.8,1,3,0,0,0,5350.67,0.12,664,0,0,0,0,223.0,0,0
T04141,2026-01-04T04:00:00+00:00,U0095,R0478,1046.57,1,4,0,0,1,2305.71,0.45,333,0,0,0,0,60.0,0,0
T04142,2026-01-04T04:01:00+00:00,U0183,R0409,5302.79,1,4,0,0,0,3585.44,1.48,827,0,0,0,0,113.0,0,0
T04143,2026-01-04T04:02:00+00:00,U0001,R0442,1919.93,1,4,0,0,0,5940.4,0.32,1905,0,0,0,0,76.0,0,0
T04144,2026-01-04T04:03:00+00:00,U0039,R0399,1572.16,0,4,0,0,1,3740.23,0.42,176,1,0,0,0,9.0,1,0
T04145,2026-01-04T04:04:00+00:00,U0082,R0076,2161.6,1,4,0,0,0,6217.47,0.35,212,0,0,0,0,644.0,0,0
T04146,2026-01-04T04:05:00+00:00,U0185,R0408,4760.33,1,4,0,0,0,4529.87,1.05,1483,0,0,0,0,63.0,0,0
T04147,2026-01-04T04:06:00+00:00,U0123,R0418,2639.31,1,4,0,0,0,3441.85,0.77,832,0,0,0,0,138.0,0,0
T04148,2026-01-04T04:07:00+00:00,U0148,R0219,5099.9,1,4,0,0,0,3318.69,1.54,507,0,0,0,0,200.0,0,0
T04149,2026-01-04T04:08:00+00:00,U0072,R0075,1617.2,1,4,1,0,0,2699.32,0.6,1208,0,0,0,0,62.0,0,0
T04150,2026-01-04T04:09:00+00:00,U0033,R0094,1851.21,1,4,0,1,0,2868.51,0.65,1103,0,0,0,0,337.0,0,0
T04151,2026-01-04T04:10:00+00:00,U0091,R0164,2677.63,1,4,0,0,0,3722.12,0.72,823,0,0,0,0,257.0,0,0
T04152,2026-01-04T04:11:00+00:00,U0124,R0356,1739.21,1,4,1,0,0,2780.57,0.63,1661,0,0,0,0,96.0,0,0
T04153,2026-01-04T04:12:00+00:00,U0155,R0407,1878.1,1,4,0,0,0,3644.24,0.52,1159,0,0,0,0,113.0,0,0
T04154,2026-01-04T04:13:00+00:00,U0036,R0411,1438.41,1,4,0,0,0,4505.63,0.32,219,0,0,0,0,165.0,0,0
T04155,2026-01-04T04:14:00+00:00,U0063,R0197,1346.16,1,4,1,0,0,3953.05,0.34,1621,0,0,0,0,197.0,0,0
T04156,2026-01-04T04:15:00+00:00,U0128,R0276,6473.97,1,4,0,0,0,3199.41,2.02,1107,0,0,0,0,372.0,0,0
T04157,2026-01-04T04:16:00+00:00,U0137,R0275,3289.81,1,4,0,0,0,3619.86,0.91,511,0,0,0,0,226.0,0,0
T04158,2026-01-04T04:17:00+00:00,U0099,R0043,3879.51,1,4,0,0,1,2680.86,1.45,828,0,0,0,0,29.0,0,0
T04159,2026-01-04T04:18:00+00:00,U0108,R0270,361.03,1,4,0,0,0,6139.92,0.06,1935,0,0,0,0,108.0,0,0
T04160,2026-01-04T04:19:00+00:00,U0178,R0416,4374.52,1,4,0,0,1,3159.15,1.38,1860,0,0,0,0,39.0,0,0
T04161,2026-01-04T04:20:00+00:00,U0180,R0045,2096.2,1,4,0,0,0,6023.44,0.35,793,0,0,0,0,137.0,0,0
T04162,2026-01-04T04:21:00+00:00,U0001,R0105,5160.74,1,4,0,0,1,5728.79,0.9,1905,0,0,0,0,19.0,0,0
T04163,2026-01-04T04:22:00+00:00,U0005,R0186,2846.37,1,4,0,0,0,3729.82,0.76,1114,0,0,0,0,75.0,0,0
T04164,2026-01-04T04:23:00+00:00,U0035,R0472,3955.18,1,4,0,0,0,2218.35,1.78,1476,0,0,0,0,212.0,0,0
T04165,2026-01-04T04:24:00+00:00,U0090,R0185,4966.7,1,4,0,0,0,3305.53,1.5,150,0,0,0,0,331.0,0,0
T04166,2026-01-04T04:25:00+00:00,U0200,R0420,1125.26,1,4,0,1,0,2726.99,0.41,1096,0,0,0,0,77.0,0,0
T04167,2026-01-04T04:26:00+00:00,U0118,R0074,3597.55,0,4,1,0,0,3012.11,1.19,635,0,0,0,0,582.0,1,0
T04168,2026-01-04T04:27:00+00:00,U0142,R0498,1180.42,1,4,0,0,0,4158.14,0.28,1708,0,0,0,0,94.0,0,0
T04169,2026-01-04T04:28:00+00:00,U0108,R0125,2315.76,1,4,0,0,1,5778.74,0.4,1935,1,0,0,0,10.0,0,0
T04170,2026-01-04T04:29:00+00:00,U0058,R0029,691.89,1,4,1,0,1,3882.02,0.18,1080,0,0,0,0,42.0,0,0
T04171,2026-01-04T04:30:00+00:00,U0031,R0493,4766.01,1,4,0,0,0,4556.17,1.05,1886,0,0,0,0,116.0,0,0
T04172,2026-01-04T04:31:00+00:00,U0037,R0194,822.17,0,4,0,0,2,3147.69,0.26,132,0,0,0,0,47.0,1,0
T04173,2026-01-04T04:32:00+00:00,U0179,R0495,6047.95,1,4,0,0,0,3787.46,1.6,1145,0,0,0,0,219.0,0,0
T04174,2026-01-04T04:33:00+00:00,U0014,R0360,4173.09,1,4,0,0,0,4054.16,1.03,608,0,0,0,0,96.0,0,0
T04175,2026-01-04T04:34:00+00:00,U0149,R0038,1677.27,1,4,0,0,0,2635.98,0.64,1912,0,0,0,0,336.0,0,0
T04176,2026-01-04T04:35:00+00:00,U0153,R0446,1728.08,1,4,0,0,0,2890.43,0.6,798,0,0,0,0,170.0,0,0
T04177,2026-01-04T04:36:00+00:00,U0038,R0188,4490.24,1,4,0,0,1,2882.85,1.56,400,0,0,0,0,50.0,0,0
T04178,2026-01-04T04:37:00+00:00,U0063,R0040,2202.61,1,4,0,0,1,3790.12,0.58,1621,0,0,0,0,23.0,0,0
T04179,2026-01-04T04:38:00+00:00,U0107,R0077,4556.98,1,4,0,0,0,6118.57,0.74,1230,0,0,0,0,507.0,0,0
T04180,2026-01-04T04:39:00+00:00,U0121,R0381,7702.28,1,4,0,0,0,3505.91,2.2,418,0,0,0,0,486.0,0,0
T04181,2026-01-04T04:40:00+00:00,U0136,R0358,653.15,1,4,0,0,0,3658.51,0.18,126,0,0,0,0,222.0,0,0
T04182,2026-01-04T04:41:00+00:00,U0121,R0211,933.52,1,4,0,0,1,3705.73,0.25,418,1,0,0,0,2.0,0,0
T04183,2026-01-04T04:42:00+00:00,U0114,R0401,10444.93,1,4,1,1,0,4772.92,2.19,447,0,0,0,0,322.0,0,1
T04184,2026-01-04T04:43:00+00:00,U0004,R0147,3214.26,1,4,0,0,0,4020.47,0.8,1108,0,0,0,0,70.0,0,0
T04185,2026-01-04T04:44:00+00:00,U0016,R0452,3556.67,1,4,0,1,0,4817.21,0.74,1715,0,0,0,0,159.0,0,0
T04186,2026-01-04T04:45:00+00:00,U0155,R0385,1615.3,1,4,0,1,1,3533.86,0.46,1159,0,0,0,0,33.0,0,0
T04187,2026-01-04T04:46:00+00:00,U0042,R0006,3819.16,1,4,0,0,0,3366.8,1.13,914,0,0,0,0,68.0,0,0
T04188,2026-01-04T04:47:00+00:00,U0109,R0349,7944.21,1,4,0,0,1,5403.51,1.47,579,0,0,0,0,51.0,0,0
T04189,2026-01-04T04:48:00+00:00,U0117,R0284,2123.78,1,4,0,0,0,3981.55,0.53,876,0,0,0,0,424.0,0,0
T04190,2026-01-04T04:49:00+00:00,U0067,R0471,1844.33,1,4,0,0,0,3478.44,0.53,1381,0,0,0,0,257.0,0,0
T04191,2026-01-04T04:50:00+00:00,U0079,R0364,3751.68,1,4,1,0,0,2527.2,1.48,128,0,0,0,0,219.0,0,0
T04192,2026-01-04T04:51:00+00:00,U0041,R0140,42991.14,1,4,0,1,0,3089.73,13.91,680,0,0,0,0,593.0,0,1
T04193,2026-01-04T04:52:00+00:00,U0134,R0194,5526.29,1,4,0,0,0,3992.23,1.38,723,0,0,0,0,300.0,0,0
T04194,2026-01-04T04:53:00+00:00,U0033,R0381,3003.14,1,4,0,0,1,2811.99,1.07,1103,0,0,0,0,44.0,0,0
T04195,2026-01-04T04:54:00+00:00,U0159,R0029,5769.17,1,4,0,1,0,4172.54,1.38,490,0,0,0,0,184.0,0,0
T04196,2026-01-04T04:55:00+00:00,U0048,R0422,4082.16,1,4,0,0,0,4156.4,0.98,453,0,0,0,0,184.0,0,0
T04197,2026-01-04T04:56:00+00:00,U0144,R0310,5643.81,1,4,0,0,0,4409.94,1.28,685,0,0,0,0,132.0,0,0
T04198,2026-01-04T04:57:00+00:00,U0178,R0240,1360.02,1,4,0,0,1,3211.99,0.42,1860,0,0,0,0,38.0,0,0
T04199,2026-01-04T04:58:00+00:00,U0168,R0329,928.1,1,4,0,0,0,5431.83,0.17,820,0,0,0,0,154.0,0,0
T04200,2026-01-04T04:59:00+00:00,U0098,R0085,2649.11,1,4,0,0,0,7516.54,0.35,938,0,0,0,0,109.0,0,0
T04201,2026-01-04T05:00:00+00:00,U0096,R0332,466.47,1,5,0,0,0,5098.91,0.09,322,0,0,0,0,235.0,0,0
T04202,2026-01-04T05:01:00+00:00,U0070,R0056,4583.45,1,5,0,0,0,5088.62,0.9,664,0,0,0,0,62.0,0,0
T04203,2026-01-04T05:02:00+00:00,U0093,R0309,1791.47,0,5,0,0,0,7131.55,0.25,403,0,0,0,0,165.0,1,0
T04204,2026-01-04T05:03:00+00:00,U0086,R0015,1068.3,1,5,0,0,0,4545.32,0.24,1686,0,0,0,0,68.0,0,0
T04205,2026-01-04T05:04:00+00:00,U0042,R0278,894.67,1,5,0,0,1,3384.2,0.26,914,0,0,0,0,18.0,0,0
T04206,2026-01-04T05:05:00+00:00,U0055,R0306,7507.32,1,5,0,0,0,3940.09,1.91,553,0,0,0,0,174.0,0,0
T04207,2026-01-04T05:06:00+00:00,U0080,R0097,5021.2,1,5,0,0,0,5554.12,0.9,846,0,0,0,0,386.0,0,0
T04208,2026-01-04T05:07:00+00:00,U0164,R0476,2097.72,1,5,0,0,0,4187.9,0.5,1150,0,0,0,0,271.0,0,0
T04209,2026-01-04T05:08:00+00:00,U0069,R0044,3023.26,1,5,0,0,0,5073.91,0.6,1754,0,0,0,0,213.0,0,0
T04210,2026-01-04T05:09:00+00:00,U0145,R0023,3946.5,1,5,0,0,0,3609.72,1.09,94,0,0,0,0,92.0,0,0
T04211,2026-01-04T05:10:00+00:00,U0124,R0024,1820.83,1,5,0,0,1,2728.5,0.67,1661,0,0,0,0,59.0,0,0
T04212,2026-01-04T05:11:00+00:00,U0024,R0484,3347.0,1,5,0,0,0,3233.87,1.03,1553,0,0,0,0,415.0,0,0
T04213,2026-01-04T05:12:00+00:00,U0092,R0385,5381.6,1,5,1,0,0,4416.23,1.22,892,0,0,0,0,127.0,0,0
T04214,2026-01-04T05:13:00+00:00,U0102,R0257,1916.48,1,5,0,0,0,2733.85,0.7,1474,0,0,0,0,118.0,0,0
T04215,2026-01-04T05:14:00+00:00,U0193,R0201,858.28,1,5,0,1,0,4929.25,0.17,158,0,0,0,0,107.0,0,0
T04216,2026-01-04T05:15:00+00:00,U0034,R0360,7925.31,1,5,0,0,0,2729.73,2.9,1925,0,0,0,0,157.0,0,0
T04217,2026-01-04T05:16:00+00:00,U0085,R0209,2035.33,1,5,0,1,0,4021.88,0.51,652,0,0,0,0,240.0,0,0
T04218,2026-01-04T05:17:00+00:00,U0129,R0052,2457.84,1,5,0,0,0,4109.09,0.6,375,0,0,0,0,161.0,0,0
T04219,2026-01-04T05:18:00+00:00,U0199,R0077,1702.95,1,5,0,1,0,3921.89,0.43,1451,0,0,0,0,362.0,0,0
T04220,2026-01-04T05:19:00+00:00,U0098,R0245,1295.69,1,5,0,0,1,7348.7,0.18,938,0,0,0,0,20.0,0,0
T04221,2026-01-04T05:20:00+00:00,U0010,R0149,4277.24,1,5,0,0,0,3504.74,1.22,1038,0,0,0,0,201.0,0,0
T04222,2026-01-04T05:21:00+00:00,U0175,R0238,20815.7,1,5,0,1,0,2923.99,7.12,1375,0,0,0,0,404.0,0,1
T04223,2026-01-04T05:22:00+00:00,U0161,R0048,2433.43,1,5,0,0,0,5402.93,0.45,1632,0,0,0,0,131.0,0,0
T04224,2026-01-04T05:23:00+00:00,U0060,R0453,913.56,1,5,0,0,0,2732.65,0.33,1595,0,0,0,0,781.0,0,0
T04225,2026-01-04T05:24:00+00:00,U0175,R0335,6075.82,1,5,0,0,1,4042.23,1.5,1375,1,0,0,0,3.0,0,0
T04226,2026-01-04T05:25:00+00:00,U0184,R0083,2437.67,1,5,0,0,0,3139.63,0.78,327,0,0,0,0,435.0,0,0
T04227,2026-01-04T05:26:00+00:00,U0129,R0265,2314.82,1,5,0,0,1,4026.53,0.57,375,1,0,0,0,9.0,0,0
T04228,2026-01-04T05:27:00+00:00,U0156,R0334,7674.63,1,5,0,0,0,3755.74,2.04,1027,0,0,0,0,124.0,0,0
T04229,2026-01-04T05:28:00+00:00,U0197,R0175,7226.63,1,5,0,0,0,4702.23,1.54,274,0,0,0,0,225.0,0,0
T04230,2026-01-04T05:29:00+00:00,U0034,R0174,4695.4,1,5,0,0,1,2946.22,1.59,1925,0,0,0,0,14.0,0,0
T04231,2026-01-04T05:30:00+00:00,U0160,R0439,7018.43,1,5,0,0,0,4361.74,1.61,214,0,0,0,0,922.0,0,0
T04232,2026-01-04T05:31:00+00:00,U0011,R0457,4420.87,1,5,0,0,0,3710.32,1.19,177,0,0,0,0,156.0,0,0
T04233,2026-01-04T05:32:00+00:00,U0175,R0199,4211.56,1,5,0,0,2,4161.85,1.01,1375,1,0,0,0,8.0,0,0
T04234,2026-01-04T05:33:00+00:00,U0157,R0311,4950.25,1,5,0,0,0,4774.94,1.04,793,0,0,0,0,150.0,0,1
T04235,2026-01-04T05:34:00+00:00,U0040,R0291,6526.48,1,5,0,0,0,5362.82,1.22,1571,0,0,0,0,115.0,0,0
T04236,2026-01-04T05:35:00+00:00,U0128,R0050,3135.97,1,5,0,0,0,3371.76,0.93,1107,0,0,0,0,80.0,0,0
T04237,2026-01-04T05:36:00+00:00,U0037,R0393,9670.88,1,5,0,0,0,3050.79,3.17,132,0,0,0,0,65.0,0,0
T04238,2026-01-04T05:37:00+00:00,U0141,R0445,7208.08,1,5,0,0,0,3142.87,2.29,113,0,0,0,0,241.0,0,0
T04239,2026-01-04T05:38:00+00:00,U0023,R0256,2394.99,1,5,0,0,0,2749.57,0.87,1815,0,0,0,0,197.0,0,0
T04240,2026-01-04T05:39:00+00:00,U0081,R0087,2856.65,1,5,0,0,0,3866.23,0.74,1251,0,0,0,0,329.0,0,0
T04241,2026-01-04T05:40:00+00:00,U0042,R0035,7154.68,1,5,0,0,2,3292.0,2.17,914,0,0,0,0,36.0,0,0
T04242,2026-01-04T05:41:00+00:00,U0094,R0181,969.26,1,5,0,0,0,2886.93,0.34,768,0,0,0,0,188.0,0,0
T04243,2026-01-04T05:42:00+00:00,U0046,R0364,7721.34,1,5,0,0,0,4802.28,1.61,854,0,0,0,0,140.0,0,0
T04244,2026-01-04T05:43:00+00:00,U0067,R0243,1139.22,1,5,0,0,1,3420.08,0.33,1381,0,0,0,0,54.0,0,0
T04245,2026-01-04T05:44:00+00:00,U0196,R0449,1281.4,1,5,0,0,0,3485.38,0.37,219,0,0,0,0,246.0,0,0
T04246,2026-01-04T05:45:00+00:00,U0036,R0482,1716.29,1,5,0,0,0,4392.03,0.39,219,0,0,0,0,92.0,0,0
T04247,2026-01-04T05:46:00+00:00,U0146,R0250,4394.38,1,5,0,0,0,4275.96,1.03,1480,0,0,0,0,276.0,0,0
T04248,2026-01-04T05:47:00+00:00,U0074,R0206,5524.27,1,5,0,0,0,3410.19,1.62,589,0,0,0,0,109.0,0,0
T04249,2026-01-04T05:48:00+00:00,U0159,R0470,3241.48,1,5,0,0,1,4239.07,0.76,490,0,0,0,0,54.0,0,0
T04250,2026-01-04T05:49:00+00:00,U0113,R0188,2335.07,1,5,0,0,0,3895.43,0.6,1440,0,0,0,0,186.0,0,0
T04251,2026-01-04T05:50:00+00:00,U0160,R0488,2877.94,1,5,0,0,1,4518.02,0.64,214,0,0,0,0,20.0,0,0
T04252,2026-01-04T05:51:00+00:00,U0022,R0350,4035.12,1,5,0,0,0,5788.63,0.7,887,0,0,0,0,118.0,0,0
T04253,2026-01-04T05:52:00+00:00,U0116,R0135,3040.35,1,5,0,0,0,5020.51,0.61,463,0,0,0,0,483.0,0,0
T04254,2026-01-04T05:53:00+00:00,U0175,R0022,1394.52,1,5,0,0,3,4164.61,0.33,1375,0,0,0,0,21.0,0,0
T04255,2026-01-04T05:54:00+00:00,U0165,R0030,4649.44,1,5,1,1,0,7993.66,0.58,302,0,0,0,0,144.0,0,0
T04256,2026-01-04T05:55:00+00:00,U0063,R0359,3705.33,1,5,0,1,0,3696.74,1.0,1621,0,0,0,0,78.0,0,0
T04257,2026-01-04T05:56:00+00:00,U0003,R0080,14033.49,1,5,1,0,0,3140.15,4.47,1486,0,0,0,0,307.0,0,1
T04258,2026-01-04T05:57:00+00:00,U0075,R0193,5583.08,1,5,0,0,0,4378.15,1.28,86,0,0,0,0,684.0,0,0
T04259,2026-01-04T05:58:00+00:00,U0103,R0438,2594.28,1,5,0,0,0,3499.23,0.74,145,0,0,0,0,615.0,0,0
T04260,2026-01-04T05:59:00+00:00,U0100,R0448,4182.97,1,5,0,0,0,5447.92,0.77,1160,0,0,0,0,259.0,0,0
T04261,2026-01-04T06:00:00+00:00,U0024,R0179,674.99,1,6,0,0,1,3237.3,0.21,1553,0,0,0,0,49.0,0,0
T04262,2026-01-04T06:01:00+00:00,U0165,R0274,280.99,1,6,0,0,1,7854.31,0.04,302,1,0,0,0,7.0,0,0
T04263,2026-01-04T06:02:00+00:00,U0120,R0056,7554.04,1,6,0,0,0,6034.25,1.25,524,0,0,0,0,477.0,0,0
T04264,2026-01-04T06:03:00+00:00,U0188,R0056,1275.16,1,6,0,0,0,6096.85,0.21,1681,0,0,0,0,590.0,0,0
T04265,2026-01-04T06:04:00+00:00,U0102,R0394,2178.65,1,6,0,0,1,2703.58,0.81,1474,0,0,0,0,51.0,0,0
T04266,2026-01-04T06:05:00+00:00,U0103,R0169,565.65,1,6,0,0,1,3451.6,0.16,145,1,0,0,0,7.0,0,0
T04267,2026-01-04T06:06:00+00:00,U0088,R0310,1409.04,1,6,0,0,0,9063.34,0.16,1812,0,0,0,0,219.0,0,0
T04268,2026-01-04T06:07:00+00:00,U0180,R0380,8389.07,1,6,1,0,0,5877.98,1.43,793,0,0,0,0,107.0,0,1
T04269,2026-01-04T06:08:00+00:00,U0072,R0233,1498.52,1,6,0,0,0,2647.79,0.57,1208,0,0,0,0,120.0,0,0
T04270,2026-01-04T06:09:00+00:00,U0040,R0486,6861.15,1,6,1,0,1,5405.92,1.27,1571,0,0,0,0,35.0,0,1
T04271,2026-01-04T06:10:00+00:00,U0164,R0110,1559.06,1,6,0,0,0,4083.39,0.38,1150,0,0,0,0,63.0,0,0
T04272,2026-01-04T06:11:00+00:00,U0009,R0308,3746.16,1,6,0,0,0,2689.27,1.39,1744,0,0,0,0,278.0,0,0
T04273,2026-01-04T06:12:00+00:00,U0016,R0480,1538.38,1,6,0,0,0,4743.06,0.32,1715,0,0,0,0,88.0,0,0
T04274,2026-01-04T06:13:00+00:00,U0111,R0243,2201.9,1,6,0,0,0,1639.53,1.34,877,0,0,0,0,747.0,0,0
T04275,2026-01-04T06:14:00+00:00,U0055,R0445,14800.01,1,6,0,1,0,4138.27,3.58,553,0,0,0,0,69.0,0,1
T04276,2026-01-04T06:15:00+00:00,U0195,R0351,3418.9,1,6,0,1,0,3582.09,0.95,1578,0,0,0,0,224.0,0,0
T04277,2026-01-04T06:16:00+00:00,U0065,R0326,6770.17,1,6,0,0,0,4727.94,1.43,1869,0,0,0,0,243.0,0,0
T04278,2026-01-04T06:17:00+00:00,U0037,R0036,3536.59,1,6,0,1,1,3315.59,1.07,132,0,0,0,0,41.0,0,0
T04279,2026-01-04T06:18:00+00:00,U0021,R0153,2245.32,1,6,1,0,0,7414.17,0.3,486,0,0,0,0,529.0,0,1
T04280,2026-01-04T06:19:00+00:00,U0116,R0447,1967.35,1,6,0,0,1,4930.5,0.4,463,0,0,0,0,27.0,0,0
T04281,2026-01-04T06:20:00+00:00,U0055,R0343,6051.39,1,6,0,0,1,4699.42,1.29,553,1,0,0,0,6.0,0,0
T04282,2026-01-04T06:21:00+00:00,U0048,R0426,1423.86,1,6,0,0,0,4152.03,0.34,453,0,0,0,0,86.0,0,0
T04283,2026-01-04T06:22:00+00:00,U0110,R0176,1769.46,1,6,0,0,0,3109.05,0.57,29,0,0,0,0,268.0,0,0
T04284,2026-01-04T06:23:00+00:00,U0077,R0085,1229.38,1,6,0,0,0,3814.79,0.32,332,0,0,0,0,315.0,0,0
T04285,2026-01-04T06:24:00+00:00,U0108,R0247,1606.03,1,6,0,0,0,5575.04,0.29,1935,0,0,0,0,116.0,0,0
T04286,2026-01-04T06:25:00+00:00,U0177,R0402,2128.58,1,6,0,0,0,4854.97,0.44,315,0,0,0,0,630.0,0,0
T04287,2026-01-04T06:26:00+00:00,U0179,R0224,526.17,1,6,0,0,0,3890.21,0.14,1145,0,0,0,0,114.0,0,0
T04288,2026-01-04T06:27:00+00:00,U0178,R0293,1080.41,1,6,0,0,0,3134.83,0.34,1860,0,0,0,0,90.0,0,0
T04289,2026-01-04T06:28:00+00:00,U0003,R0288,18293.9,1,6,1,1,1,3635.3,5.03,1486,0,0,0,0,32.0,0,1
T04290,2026-01-04T06:29:00+00:00,U0153,R0102,1199.18,1,6,1,0,0,2822.06,0.42,798,0,0,0,0,114.0,0,0
T04291,2026-01-04T06:30:00+00:00,U0171,R0297,2711.62,1,6,0,0,0,5426.51,0.5,1154,0,0,0,0,497.0,0,0
T04292,2026-01-04T06:31:00+00:00,U0083,R0341,5100.58,1,6,0,0,0,9989.57,0.51,313,0,0,0,0,519.0,0,0
T04293,2026-01-04T06:32:00+00:00,U0188,R0381,1085.8,1,6,0,0,1,5828.98,0.19,1681,0,0,0,0,29.0,0,0
T04294,2026-01-04T06:33:00+00:00,U0188,R0163,1841.7,1,6,0,0,2,5579.34,0.33,1681,1,0,0,0,1.0,0,0
T04295,2026-01-04T06:34:00+00:00,U0118,R0479,4072.14,1,6,0,0,0,3048.7,1.34,635,0,0,0,0,128.0,0,0
T04296,2026-01-04T06:35:00+00:00,U0082,R0059,9043.46,1,6,0,0,0,6048.48,1.5,212,0,0,0,0,151.0,0,0
T04297,2026-01-04T06:36:00+00:00,U0173,R0209,1243.41,1,6,0,0,0,3310.3,0.38,1772,0,0,0,0,336.0,0,0
T04298,2026-01-04T06:37:00+00:00,U0185,R0002,669.33,1,6,0,0,0,4540.35,0.15,1483,0,0,0,0,152.0,0,0
T04299,2026-01-04T06:38:00+00:00,U0033,R0325,825.55,1,6,0,0,0,2822.05,0.29,1103,0,0,0,0,105.0,0,0
T04300,2026-01-04T06:39:00+00:00,U0149,R0050,1610.98,1,6,0,1,0,2582.72,0.62,1912,0,0,0,0,125.0,0,0
T04301,2026-01-04T06:40:00+00:00,U0191,R0097,1634.48,1,6,0,0,0,3759.71,0.43,982,0,0,0,0,262.0,0,0
T04302,2026-01-04T06:41:00+00:00,U0140,R0397,520.98,1,6,0,0,0,5733.03,0.09,1219,0,0,0,0,767.0,0,0
T04303,2026-01-04T06:42:00+00:00,U0097,R0111,2413.21,1,6,0,0,0,4144.57,0.58,174,0,0,0,0,382.0,0,0
T04304,2026-01-04T06:43:00+00:00,U0049,R0498,7175.01,1,6,0,0,0,2530.09,2.84,100,0,0,0,0,532.0,0,0
T04305,2026-01-04T06:44:00+00:00,U0004,R0190,3969.93,1,6,0,0,0,3975.68,1.0,1108,0,0,0,0,121.0,0,0
T04306,2026-01-04T06:45:00+00:00,U0005,R0155,1374.45,1,6,0,0,0,3687.75,0.37,1114,0,0,0,0,143.0,0,0
T04307,2026-01-04T06:46:00+00:00,U0129,R0420,4494.03,1,6,0,0,0,3945.02,1.14,375,0,0,0,0,80.0,0,0
T04308,2026-01-04T06:47:00+00:00,U0180,R0256,2047.22,1,6,0,0,1,5967.66,0.34,793,0,0,0,0,40.0,0,0
T04309,2026-01-04T06:48:00+00:00,U0117,R0212,5177.04,1,6,1,0,0,3907.24,1.32,876,0,0,0,0,120.0,0,0
T04310,2026-01-04T06:49:00+00:00,U0091,R0425,2671.44,1,6,0,0,0,3656.84,0.73,823,0,0,0,0,159.0,0,0
T04311,2026-01-04T06:50:00+00:00,U0134,R0499,780.86,0,6,0,1,0,4065.28,0.19,723,0,0,0,0,118.0,2,0
T04312,2026-01-04T06:51:00+00:00,U0030,R0475,5442.14,1,6,0,0,0,4283.3,1.27,229,0,0,0,0,299.0,0,0
T04313,2026-01-04T06:52:00+00:00,U0110,R0192,1521.93,1,6,0,0,1,3053.23,0.5,29,0,0,0,0,30.0,0,0
T04314,2026-01-04T06:53:00+00:00,U0153,R0084,4981.22,1,6,0,0,1,2731.9,1.82,798,0,0,0,0,24.0,0,0
T04315,2026-01-04T06:54:00+00:00,U0098,R0146,1647.44,1,6,0,0,0,7146.93,0.23,938,0,0,0,0,95.0,0,0
T04316,2026-01-04T06:55:00+00:00,U0177,R0349,5655.87,1,6,1,0,1,4757.6,1.19,315,0,0,0,0,30.0,0,0
T04317,2026-01-04T06:56:00+00:00,U0073,R0360,1763.45,1,6,0,0,0,7815.59,0.23,1369,0,0,0,0,185.0,0,0
T04318,2026-01-04T06:57:00+00:00,U0026,R0045,1552.95,1,6,0,0,0,8301.04,0.19,407,0,0,0,0,209.0,0,0
T04319,2026-01-04T06:58:00+00:00,U0027,R0046,2520.47,1,6,0,0,0,5652.14,0.45,1808,0,0,0,0,196.0,0,0
T04320,2026-01-04T06:59:00+00:00,U0158,R0478,2320.29,1,6,0,0,0,4509.73,0.51,1865,0,0,0,0,365.0,0,0
T04321,2026-01-04T07:00:00+00:00,U0128,R0384,4813.22,1,7,0,0,0,3359.97,1.43,1107,0,0,0,0,85.0,0,0
T04322,2026-01-04T07:01:00+00:00,U0140,R0052,2178.56,1,7,0,0,1,5458.71,0.4,1219,0,0,0,0,20.0,0,0
T04323,2026-01-04T07:02:00+00:00,U0129,R0298,1725.73,1,7,0,0,1,3969.97,0.43,375,0,0,0,0,16.0,0,0
T04324,2026-01-04T07:03:00+00:00,U0171,R0149,3689.22,1,7,0,0,1,5256.83,0.7,1154,0,0,0,0,33.0,0,0
T04325,2026-01-04T07:04:00+00:00,U0055,R0115,1416.14,1,7,0,0,2,4767.02,0.3,553,0,0,0,0,44.0,0,0
T04326,2026-01-04T07:05:00+00:00,U0142,R0196,1395.11,1,7,0,0,0,4028.68,0.35,1708,0,0,0,0,158.0,0,0
T04327,2026-01-04T07:06:00+00:00,U0121,R0487,4312.09,1,7,0,0,0,3579.72,1.2,418,0,0,0,0,145.0,0,0
T04328,2026-01-04T07:07:00+00:00,U0119,R0212,8559.38,1,7,0,0,0,5925.7,1.44,112,0,0,0,0,469.0,0,0
T04329,2026-01-04T07:08:00+00:00,U0166,R0361,3867.19,1,7,0,0,0,4122.84,0.94,1257,0,0,0,0,223.0,0,0
T04330,2026-01-04T07:09:00+00:00,U0102,R0004,6340.2,1,7,1,0,0,2684.83,2.36,1474,0,0,0,0,65.0,0,1
T04331,2026-01-04T07:10:00+00:00,U0058,R0260,2578.62,1,7,0,0,0,3730.11,0.69,1080,0,0,0,0,161.0,0,0
T04332,2026-01-04T07:11:00+00:00,U0169,R0136,3202.49,1,7,0,0,0,3117.59,1.03,1949,0,0,0,0,344.0,0,0
T04333,2026-01-04T07:12:00+00:00,U0107,R0345,8307.6,1,7,0,0,0,6040.49,1.38,1230,0,0,0,0,154.0,0,0
T04334,2026-01-04T07:13:00+00:00,U0107,R0017,1909.14,1,7,0,0,1,6148.45,0.31,1230,1,0,0,0,1.0,0,0
T04335,2026-01-04T07:14:00+00:00,U0040,R0405,1057.91,1,7,0,0,0,5457.89,0.19,1571,0,0,0,0,65.0,0,0
T04336,2026-01-04T07:15:00+00:00,U0133,R0420,3146.73,1,7,0,0,0,3548.55,0.89,257,0,0,0,0,446.0,0,0
T04337,2026-01-04T07:16:00+00:00,U0082,R0172,6831.04,1,7,0,0,1,6168.27,1.11,212,0,0,0,0,41.0,0,0
T04338,2026-01-04T07:17:00+00:00,U0147,R0221,238.24,1,7,0,0,0,6183.74,0.04,1663,0,0,0,0,469.0,0,0
T04339,2026-01-04T07:18:00+00:00,U0101,R0099,5237.28,1,7,0,0,0,5671.8,0.92,1165,0,0,0,0,773.0,0,0
T04340,2026-01-04T07:19:00+00:00,U0101,R0425,1518.52,1,7,0,0,1,5647.66,0.27,1165,1,0,0,0,1.0,0,0
T04341,2026-01-04T07:20:00+00:00,U0148,R0220,171.76,1,7,0,1,0,3403.51,0.05,507,0,0,0,0,193.0,0,0
T04342,2026-01-04T07:21:00+00:00,U0163,R0200,2255.77,1,7,0,0,0,3922.51,0.58,550,0,0,0,0,396.0,0,0
T04343,2026-01-04T07:22:00+00:00,U0045,R0207,1534.52,1,7,0,0,0,4516.53,0.34,1072,0,0,0,0,420.0,0,0
T04344,2026-01-04T07:23:00+00:00,U0133,R0082,6351.63,1,7,0,0,1,3531.08,1.8,257,1,0,0,0,8.0,0,0
T04345,2026-01-04T07:24:00+00:00,U0026,R0364,5602.44,1,7,0,1,1,7979.7,0.7,407,0,0,0,0,27.0,0,0
T04346,2026-01-04T07:25:00+00:00,U0130,R0061,2650.65,1,7,0,0,0,4497.02,0.59,708,0,0,0,0,741.0,0,0
T04347,2026-01-04T07:26:00+00:00,U0101,R0432,922.41,1,7,0,0,2,5430.34,0.17,1165,2,0,0,0,7.0,0,0
T04348,2026-01-04T07:27:00+00:00,U0067,R0429,2765.34,1,7,0,0,0,3341.43,0.83,1381,0,0,0,0,104.0,0,0
T04349,2026-01-04T07:28:00+00:00,U0083,R0105,991.07,1,7,0,0,1,9684.01,0.1,313,0,0,0,0,57.0,0,0
T04350,2026-01-04T07:29:00+00:00,U0007,R0224,1636.77,1,7,0,0,0,6244.82,0.26,573,0,0,0,0,224.0,0,0
T04351,2026-01-04T07:30:00+00:00,U0198,R0304,879.14,1,7,0,0,0,3276.62,0.27,1947,0,0,0,0,314.0,0,0
T04352,2026-01-04T07:31:00+00:00,U0159,R0363,895.05,1,7,0,0,0,4199.17,0.21,490,0,0,0,0,103.0,0,0
T04353,2026-01-04T07:32:00+00:00,U0021,R0293,1230.25,1,7,0,0,0,7229.57,0.17,486,0,0,0,0,74.0,0,0
T04354,2026-01-04T07:33:00+00:00,U0191,R0376,5358.95,1,7,0,0,1,3653.45,1.47,982,0,0,0,0,53.0,0,0
T04355,2026-01-04T07:34:00+00:00,U0117,R0325,4199.31,1,7,0,0,1,3956.08,1.06,876,0,0,0,0,46.0,0,0
T04356,2026-01-04T07:35:00+00:00,U0092,R0096,6434.82,1,7,0,0,0,4454.85,1.44,892,0,0,0,0,143.0,0,0
T04357,2026-01-04T07:36:00+00:00,U0057,R0153,2653.74,1,7,0,0,0,3645.49,0.73,459,0,0,0,0,284.0,0,0
T04358,2026-01-04T07:37:00+00:00,U0063,R0372,824.25,1,7,0,0,0,3697.21,0.22,1621,0,0,0,0,102.0,0,0
T04359,2026-01-04T07:38:00+00:00,U0097,R0395,2281.12,1,7,0,0,1,4072.43,0.56,174,0,0,0,0,56.0,0,0
T04360,2026-01-04T07:39:00+00:00,U0014,R0141,4267.3,1,7,0,0,0,4059.83,1.05,608,0,0,0,0,186.0,0,0
T04361,2026-01-04T07:40:00+00:00,U0037,R0322,372.16,1,7,0,0,0,3324.09,0.11,132,0,0,0,0,83.0,0,0
T04362,2026-01-04T07:41:00+00:00,U0149,R0444,3480.71,0,7,0,0,0,2531.57,1.37,1912,0,0,0,0,62.0,1,0
T04363,2026-01-04T07:42:00+00:00,U0118,R0475,6369.46,1,7,0,0,0,3108.91,2.05,635,0,0,0,0,68.0,0,0
T04364,2026-01-04T07:43:00+00:00,U0028,R0073,524.74,1,7,0,0,0,3474.37,0.15,1290,0,0,0,0,249.0,0,0
T04365,2026-01-04T07:44:00+00:00,U0047,R0048,1242.12,1,7,0,0,0,6463.09,0.19,957,0,0,0,0,498.0,0,0
T04366,2026-01-04T07:45:00+00:00,U0093,R0468,7870.5,1,7,1,1,0,6933.77,1.14,403,0,0,0,0,163.0,0,0
T04367,2026-01-04T07:46:00+00:00,U0101,R0052,8508.47,1,7,0,0,3,5204.94,1.63,1165,0,0,0,0,20.0,0,0
T04368,2026-01-04T07:47:00+00:00,U0006,R0212,31380.97,1,7,1,0,0,7589.03,4.14,1386,0,0,0,0,266.0,0,1
T04369,2026-01-04T07:48:00+00:00,U0161,R0040,6664.87,0,7,0,0,0,5284.15,1.26,1632,0,0,0,0,146.0,1,0
T04370,2026-01-04T07:49:00+00:00,U0108,R0193,1611.62,1,7,0,0,0,5354.54,0.3,1935,0,0,0,0,85.0,0,0
T04371,2026-01-04T07:50:00+00:00,U0163,R0466,471.75,1,7,0,0,1,3843.14,0.12,550,0,0,0,0,29.0,0,0
T04372,2026-01-04T07:51:00+00:00,U0042,R0093,2018.26,0,7,0,0,0,3429.95,0.59,914,0,0,0,0,131.0,1,0
T04373,2026-01-04T07:52:00+00:00,U0046,R0338,6590.75,1,7,0,0,0,4902.94,1.34,854,0,0,0,0,130.0,0,0
T04374,2026-01-04T07:53:00+00:00,U0156,R0438,193.32,1,7,0,0,0,3986.26,0.05,1027,0,0,0,0,146.0,0,0
T04375,2026-01-04T07:54:00+00:00,U0088,R0178,6392.45,1,7,0,0,0,8808.2,0.73,1812,0,0,0,0,108.0,0,0
T04376,2026-01-04T07:55:00+00:00,U0158,R0308,8570.67,1,7,0,0,1,4428.64,1.94,1865,0,0,0,0,56.0,0,0
T04377,2026-01-04T07:56:00+00:00,U0041,R0268,989.61,1,7,0,0,0,5306.48,0.19,680,0,0,0,0,185.0,0,0
T04378,2026-01-04T07:57:00+00:00,U0032,R0099,802.85,1,7,0,1,0,3466.12,0.23,1853,0,0,0,0,256.0,0,0
T04379,2026-01-04T07:58:00+00:00,U0138,R0012,921.89,1,7,0,0,0,5899.06,0.16,1898,0,0,0,0,506.0,0,0
T04380,2026-01-04T07:59:00+00:00,U0195,R0079,48787.98,1,7,1,0,0,3574.32,13.65,1578,0,0,0,0,104.0,0,1
T04381,2026-01-04T08:00:00+00:00,U0094,R0059,3376.79,1,8,0,0,0,2759.08,1.22,768,0,0,0,0,139.0,0,0
T04382,2026-01-04T08:01:00+00:00,U0008,R0168,1967.09,1,8,0,0,0,3331.1,0.59,457,0,0,0,0,630.0,0,0
T04383,2026-01-04T08:02:00+00:00,U0022,R0373,37515.15,1,8,1,0,0,5721.19,6.56,887,0,0,0,0,131.0,0,1
T04384,2026-01-04T08:03:00+00:00,U0033,R0138,1330.35,1,8,1,0,0,2722.23,0.49,1103,0,0,0,0,85.0,0,0
T04385,2026-01-04T08:04:00+00:00,U0052,R0489,7279.92,1,8,0,0,0,3715.62,1.96,51,0,0,0,0,268.0,0,0
T04386,2026-01-04T08:05:00+00:00,U0182,R0283,5736.68,1,8,0,0,0,6246.01,0.92,269,0,0,0,0,395.0,0,0
T04387,2026-01-04T08:06:00+00:00,U0120,R0382,1089.69,1,8,0,0,0,6151.16,0.18,524,0,0,0,0,124.0,0,0
T04388,2026-01-04T08:07:00+00:00,U0112,R0263,7027.35,0,8,0,0,0,3642.54,1.93,939,0,0,0,0,585.0,1,0
T04389,2026-01-04T08:08:00+00:00,U0050,R0129,3836.16,1,8,0,0,0,2689.68,1.43,682,0,0,0,0,754.0,0,0
T04390,2026-01-04T08:09:00+00:00,U0176,R0434,1000.15,1,8,0,0,0,2898.05,0.35,1935,0,0,0,0,252.0,0,0
T04391,2026-01-04T08:10:00+00:00,U0072,R0493,2470.28,1,8,0,0,0,2595.55,0.95,1208,0,0,0,0,122.0,0,0
T04392,2026-01-04T08:11:00+00:00,U0150,R0407,3737.68,1,8,0,0,0,4575.91,0.82,1080,0,0,0,0,517.0,0,0
T04393,2026-01-04T08:12:00+00:00,U0080,R0085,50488.43,1,8,1,1,0,5528.75,9.13,846,0,0,0,0,186.0,0,1
T04394,2026-01-04T08:13:00+00:00,U0185,R0250,2124.11,1,8,0,0,0,4372.04,0.49,1483,0,0,0,0,96.0,0,0
T04395,2026-01-04T08:14:00+00:00,U0115,R0217,341.14,1,8,0,0,0,3193.76,0.11,579,0,0,0,0,513.0,0,0
T04396,2026-01-04T08:15:00+00:00,U0070,R0418,3920.2,1,8,0,0,0,5062.03,0.77,664,0,0,0,0,194.0,0,0
T04397,2026-01-04T08:16:00+00:00,U0028,R0311,659.56,1,8,0,0,1,3356.39,0.2,1290,0,0,0,0,33.0,0,0
T04398,2026-01-04T08:17:00+00:00,U0052,R0291,653.05,1,8,0,0,1,3885.35,0.17,51,0,0,0,0,13.0,0,0
T04399,2026-01-04T08:18:00+00:00,U0162,R0420,4629.13,1,8,0,0,0,5179.83,0.89,391,0,0,0,0,304.0,0,0
T04400,2026-01-04T08:19:00+00:00,U0043,R0456,9773.89,1,8,0,0,0,3782.99,2.58,1004,0,0,0,0,712.0,0,0
T04401,2026-01-04T08:20:00+00:00,U0131,R0130,3904.81,1,8,0,0,0,5116.72,0.76,1810,0,0,0,0,277.0,0,0
T04402,2026-01-04T08:21:00+00:00,U0076,R0310,32558.0,1,8,1,0,0,2348.43,13.86,1540,0,0,0,0,585.0,0,1
T04403,2026-01-04T08:22:00+00:00,U0166,R0487,22157.63,1,8,1,1,0,4115.93,5.38,1257,0,0,0,0,74.0,0,1
T04404,2026-01-04T08:23:00+00:00,U0091,R0204,3812.43,1,8,0,0,0,3598.88,1.06,823,0,0,0,0,94.0,0,0
T04405,2026-01-04T08:24:00+00:00,U0047,R0415,1745.85,0,8,0,0,1,6188.3,0.28,957,0,0,0,0,40.0,1,0
T04406,2026-01-04T08:25:00+00:00,U0048,R0184,1002.38,1,8,0,0,0,4000.47,0.25,453,0,0,0,0,124.0,0,0
T04407,2026-01-04T08:26:00+00:00,U0056,R0337,3207.67,1,8,0,0,0,4474.21,0.72,129,0,0,0,0,509.0,0,0
T04408,2026-01-04T08:27:00+00:00,U0038,R0400,239.82,1,8,0,0,0,2949.83,0.08,400,0,0,0,0,231.0,0,0
T04409,2026-01-04T08:28:00+00:00,U0003,R0164,242.12,1,8,0,0,0,4272.63,0.06,1486,0,0,0,0,120.0,0,0
T04410,2026-01-04T08:29:00+00:00,U0184,R0169,1382.5,1,8,0,1,0,3095.76,0.45,327,0,0,0,0,184.0,0,0
T04411,2026-01-04T08:30:00+00:00,U0146,R0408,516.38,1,8,0,0,0,4280.51,0.12,1480,0,0,0,0,164.0,0,0
T04412,2026-01-04T08:31:00+00:00,U0060,R0288,2155.59,1,8,0,0,0,2592.72,0.83,1595,0,0,0,0,188.0,0,0
T04413,2026-01-04T08:32:00+00:00,U0073,R0309,1493.8,1,8,0,1,0,7582.81,0.2,1369,0,0,0,0,96.0,0,0
T04414,2026-01-04T08:33:00+00:00,U0056,R0053,7217.69,1,8,0,0,1,4407.55,1.64,129,1,0,0,0,7.0,0,0
T04415,2026-01-04T08:34:00+00:00,U0184,R0312,3859.22,1,8,0,0,1,2994.98,1.29,327,1,0,0,0,5.0,0,0
T04416,2026-01-04T08:35:00+00:00,U0172,R0039,4379.35,1,8,0,0,0,5846.7,0.75,1447,0,0,0,0,380.0,0,0
T04417,2026-01-04T08:36:00+00:00,U0166,R0216,178.8,1,8,0,0,1,4590.71,0.04,1257,0,0,0,0,14.0,0,0
T04418,2026-01-04T08:37:00+00:00,U0112,R0163,2422.57,1,8,0,0,1,3767.91,0.64,939,0,0,0,0,30.0,0,0
T04419,2026-01-04T08:38:00+00:00,U0051,R0101,4492.6,1,8,0,0,0,5866.88,0.77,60,0,0,0,0,933.0,0,0
T04420,2026-01-04T08:39:00+00:00,U0127,R0256,5776.48,1,8,0,0,0,2620.67,2.2,675,0,0,0,0,321.0,0,0
T04421,2026-01-04T08:40:00+00:00,U0071,R0216,4592.46,0,8,0,0,0,6224.12,0.74,17,0,0,0,0,380.0,1,0
T04422,2026-01-04T08:41:00+00:00,U0116,R0088,996.67,1,8,0,1,0,4801.67,0.21,463,0,0,0,0,142.0,0,0
T04423,2026-01-04T08:42:00+00:00,U0152,R0197,3544.49,1,8,0,0,0,6241.97,0.57,1711,0,0,0,0,355.0,0,0
T04424,2026-01-04T08:43:00+00:00,U0006,R0146,3321.98,1,8,0,0,1,8841.24,0.38,1386,0,0,0,0,56.0,0,0
T04425,2026-01-04T08:44:00+00:00,U0148,R0003,1911.46,1,8,1,0,0,3256.61,0.59,507,0,0,0,0,84.0,0,0
T04426,2026-01-04T08:45:00+00:00,U0073,R0068,1590.31,1,8,0,0,1,7357.29,0.22,1369,0,0,0,0,13.0,0,0
T04427,2026-01-04T08:46:00+00:00,U0104,R0019,1913.94,1,8,0,0,0,3084.71,0.62,508,0,0,0,0,495.0,0,0
T04428,2026-01-04T08:47:00+00:00,U0136,R0021,2842.17,1,8,0,0,0,3470.68,0.82,126,0,0,0,0,247.0,0,0
T04429,2026-01-04T08:48:00+00:00,U0005,R0036,2233.62,1,8,0,0,0,3582.6,0.62,1114,0,0,0,0,123.0,0,0
T04430,2026-01-04T08:49:00+00:00,U0107,R0371,3647.75,1,8,0,0,0,5955.76,0.61,1230,0,0,0,0,96.0,0,0
T04431,2026-01-04T08:50:00+00:00,U0082,R0386,1686.82,1,8,0,0,0,6193.77,0.27,212,0,0,0,0,94.0,0,0
T04432,2026-01-04T08:51:00+00:00,U0021,R0285,640.44,1,8,0,0,0,7022.7,0.09,486,0,0,0,0,79.0,0,0
T04433,2026-01-04T08:52:00+00:00,U0127,R0314,6622.76,1,8,0,0,1,2795.99,2.37,675,0,0,0,0,13.0,0,0
T04434,2026-01-04T08:53:00+00:00,U0077,R0357,1456.96,1,8,0,0,0,3671.16,0.4,332,0,0,0,0,150.0,0,0
T04435,2026-01-04T08:54:00+00:00,U0127,R0435,1364.7,1,8,0,0,2,2997.4,0.46,675,1,0,0,0,2.0,0,0
T04436,2026-01-04T08:55:00+00:00,U0032,R0432,565.65,1,8,0,0,1,3299.67,0.17,1853,0,0,0,0,58.0,0,0
T04437,2026-01-04T08:56:00+00:00,U0159,R0053,5161.35,1,8,0,0,0,4072.08,1.27,490,0,0,0,0,85.0,0,0
T04438,2026-01-04T08:57:00+00:00,U0013,R0423,2046.29,1,8,0,0,0,7005.15,0.29,869,0,0,0,0,408.0,0,0
T04439,2026-01-04T08:58:00+00:00,U0027,R0166,672.11,1,8,0,0,0,5487.32,0.12,1808,0,0,0,0,120.0,0,0
T04440,2026-01-04T08:59:00+00:00,U0186,R0224,5194.2,1,8,0,0,0,2666.65,1.95,1731,0,0,0,0,333.0,0,0
T04441,2026-01-04T09:00:00+00:00,U0023,R0098,1921.15,1,9,1,1,0,2730.91,0.7,1815,0,0,0,0,202.0,0,0
T04442,2026-01-04T09:01:00+00:00,U0095,R0418,2862.71,1,9,0,1,0,2260.74,1.27,333,0,0,0,0,301.0,0,0
T04443,2026-01-04T09:02:00+00:00,U0002,R0479,1216.09,1,9,0,0,0,3304.75,0.37,1660,0,0,0,0,453.0,0,0
T04444,2026-01-04T09:03:00+00:00,U0014,R0133,8585.98,1,9,0,0,0,4069.26,2.11,608,0,0,0,0,84.0,0,0
T04445,2026-01-04T09:04:00+00:00,U0012,R0057,3244.95,1,9,0,0,0,4034.3,0.8,476,0,0,0,0,370.0,0,0
T04446,2026-01-04T09:05:00+00:00,U0078,R0039,3598.77,1,9,0,0,0,4862.36,0.74,797,0,0,0,0,756.0,0,0
T04447,2026-01-04T09:06:00+00:00,U0177,R0314,1211.27,1,9,0,0,0,4788.57,0.25,315,0,0,0,0,131.0,0,0
T04448,2026-01-04T09:07:00+00:00,U0098,R0139,3528.95,0,9,0,0,0,6969.53,0.51,938,0,0,0,0,133.0,1,0
T04449,2026-01-04T09:08:00+00:00,U0036,R0299,7361.61,1,9,0,0,0,4296.47,1.71,219,0,0,0,0,203.0,0,0
T04450,2026-01-04T09:09:00+00:00,U0033,R0164,4895.54,1,9,0,1,0,2655.95,1.84,1103,0,0,0,0,66.0,0,0
T04451,2026-01-04T09:10:00+00:00,U0193,R0300,3846.41,1,9,0,0,0,4819.22,0.8,158,0,0,0,0,236.0,0,0
T04452,2026-01-04T09:11:00+00:00,U0106,R0327,894.27,1,9,0,0,0,2970.75,0.3,1381,0,0,0,0,875.0,0,0
T04453,2026-01-04T09:12:00+00:00,U0032,R0268,731.17,1,9,0,1,1,3138.84,0.23,1853,0,0,0,0,17.0,0,0
T04454,2026-01-04T09:13:00+00:00,U0148,R0245,4330.95,1,9,0,0,1,3198.12,1.35,507,0,0,0,0,29.0,0,0
T04455,2026-01-04T09:14:00+00:00,U0072,R0165,5118.31,1,9,0,0,0,2590.11,1.98,1208,0,0,0,0,64.0,0,0
T04456,2026-01-04T09:15:00+00:00,U0124,R0116,562.32,1,9,0,0,0,2685.28,0.21,1661,0,0,0,0,245.0,0,0
T04457,2026-01-04T09:16:00+00:00,U0197,R0152,20750.85,1,9,1,1,0,4822.44,4.3,274,0,0,0,0,228.0,0,1
T04458,2026-01-04T09:17:00+00:00,U0091,R0286,1008.09,1,9,0,0,1,3610.74,0.28,823,0,0,0,0,54.0,0,0
T04459,2026-01-04T09:18:00+00:00,U0063,R0338,2322.21,1,9,0,0,0,3546.01,0.65,1621,0,0,0,0,101.0,0,0
T04460,2026-01-04T09:19:00+00:00,U0053,R0356,2612.91,1,9,0,0,0,4688.92,0.56,1252,0,0,0,0,367.0,0,0
T04461,2026-01-04T09:20:00+00:00,U0127,R0031,3046.55,1,9,0,0,3,2915.77,1.04,675,0,0,0,0,26.0,0,0
T04462,2026-01-04T09:21:00+00:00,U0172,R0111,1842.83,1,9,0,0,1,5796.11,0.32,1447,0,0,0,0,46.0,0,0
T04463,2026-01-04T09:22:00+00:00,U0099,R0097,6061.11,1,9,0,0,0,2730.8,2.22,828,0,0,0,0,305.0,0,0
T04464,2026-01-04T09:23:00+00:00,U0088,R0107,3426.15,1,9,0,0,0,8730.27,0.39,1812,0,0,0,0,89.0,0,0
T04465,2026-01-04T09:24:00+00:00,U0195,R0271,3708.05,1,9,0,0,0,5629.48,0.66,1578,0,0,0,0,85.0,0,0
T04466,2026-01-04T09:25:00+00:00,U0081,R0390,4053.9,1,9,0,0,0,3822.34,1.06,1251,0,0,0,0,226.0,0,0
T04467,2026-01-04T09:26:00+00:00,U0182,R0233,770.32,1,9,0,0,0,6223.86,0.12,269,0,0,0,0,81.0,0,0
T04468,2026-01-04T09:27:00+00:00,U0130,R0055,840.33,0,9,0,0,0,4409.09,0.19,708,0,0,0,0,122.0,1,0
T04469,2026-01-04T09:28:00+00:00,U0057,R0470,3850.58,1,9,0,0,0,3600.42,1.07,459,0,0,0,0,112.0,0,0
T04470,2026-01-04T09:29:00+00:00,U0116,R0445,8915.44,1,9,0,1,1,4643.13,1.92,463,0,0,0,0,48.0,0,0
T04471,2026-01-04T09:30:00+00:00,U0052,R0400,1379.65,1,9,1,0,0,3738.42,0.37,51,0,0,0,0,73.0,0,0
T04472,2026-01-04T09:31:00+00:00,U0018,R0143,475.05,1,9,1,0,0,5504.13,0.09,74,0,0,0,0,824.0,0,0
T04473,2026-01-04T09:32:00+00:00,U0176,R0158,1905.01,1,9,0,0,0,2830.27,0.67,1935,0,0,0,0,83.0,0,0
T04474,2026-01-04T09:33:00+00:00,U0148,R0332,1147.44,1,9,0,0,2,3245.32,0.35,507,0,0,0,0,20.0,0,0
T04475,2026-01-04T09:34:00+00:00,U0119,R0449,2170.93,1,9,0,0,0,6051.11,0.36,112,0,0,0,0,147.0,0,0
T04476,2026-01-04T09:35:00+00:00,U0029,R0124,1542.37,1,9,0,0,0,6663.4,0.23,316,0,0,0,0,345.0,0,0
T04477,2026-01-04T09:36:00+00:00,U0118,R0096,4951.15,1,9,1,0,0,3290.05,1.5,635,0,0,0,0,114.0,0,0
T04478,2026-01-04T09:37:00+00:00,U0122,R0339,3277.8,1,9,0,0,0,4174.75,0.79,1750,0,0,0,0,628.0,0,0
T04479,2026-01-04T09:38:00+00:00,U0091,R0136,1111.1,1,9,0,0,1,3473.76,0.32,823,0,0,0,0,21.0,0,0
T04480,2026-01-04T09:39:00+00:00,U0141,R0044,3225.75,1,9,0,0,0,3327.65,0.97,113,0,0,0,0,242.0,0,0
T04481,2026-01-04T09:40:00+00:00,U0055,R0078,1975.95,1,9,0,0,0,4607.45,0.43,553,0,0,0,0,156.0,0,0
T04482,2026-01-04T09:41:00+00:00,U0111,R0261,2913.07,1,9,0,0,0,1686.39,1.73,877,0,0,0,0,208.0,0,0
T04483,2026-01-04T09:42:00+00:00,U0113,R0140,5205.57,1,9,0,0,0,3830.41,1.36,1440,0,0,0,0,233.0,0,0
T04484,2026-01-04T09:43:00+00:00,U0013,R0333,2027.0,1,9,0,0,1,6769.01,0.3,869,0,0,0,0,46.0,0,0
T04485,2026-01-04T09:44:00+00:00,U0109,R0100,899.59,1,9,0,0,0,5501.23,0.16,579,0,0,0,0,297.0,0,0
T04486,2026-01-04T09:45:00+00:00,U0104,R0091,1687.6,1,9,0,0,1,3015.84,0.56,508,0,0,0,0,59.0,0,0
T04487,2026-01-04T09:46:00+00:00,U0136,R0312,266.44,1,9,0,0,1,3433.71,0.08,126,0,0,0,0,59.0,0,0
T04488,2026-01-04T09:47:00+00:00,U0111,R0056,582.04,1,9,0,0,1,1780.75,0.33,877,1,0,0,0,6.0,0,0
T04489,2026-01-04T09:48:00+00:00,U0166,R0128,2137.83,1,9,0,0,0,4477.59,0.48,1257,0,0,0,0,72.0,0,0
T04490,2026-01-04T09:49:00+00:00,U0057,R0059,1893.36,1,9,0,0,1,3611.29,0.52,459,0,0,0,0,21.0,0,0
T04491,2026-01-04T09:50:00+00:00,U0010,R0295,2324.91,1,9,0,0,0,3534.45,0.66,1038,0,0,0,0,270.0,0,0
T04492,2026-01-04T09:51:00+00:00,U0017,R0273,6918.22,1,9,0,0,0,5475.82,1.26,53,0,0,0,0,577.0,0,0
T04493,2026-01-04T09:52:00+00:00,U0058,R0452,2063.7,1,9,0,0,0,3677.77,0.56,1080,0,0,0,0,162.0,0,0
T04494,2026-01-04T09:53:00+00:00,U0184,R0208,5961.89,1,9,0,0,0,3042.99,1.96,327,0,0,0,0,79.0,0,0
T04495,2026-01-04T09:54:00+00:00,U0026,R0113,3189.95,1,9,0,0,0,7871.65,0.41,407,0,0,0,0,150.0,0,0
T04496,2026-01-04T09:55:00+00:00,U0178,R0138,903.04,1,9,0,0,0,3052.65,0.3,1860,0,0,0,0,208.0,0,0
T04497,2026-01-04T09:56:00+00:00,U0044,R0403,15980.86,1,9,1,1,0,5721.51,2.79,1950,0,0,0,0,756.0,0,1
T04498,2026-01-04T09:57:00+00:00,U0164,R0148,859.11,1,9,0,0,0,3963.18,0.22,1150,0,0,0,0,227.0,0,0
T04499,2026-01-04T09:58:00+00:00,U0074,R0376,5572.2,1,9,0,0,0,3527.64,1.58,589,0,0,0,0,251.0,0,0
T04500,2026-01-04T09:59:00+00:00,U0048,R0258,4762.5,1,9,1,1,0,3842.67,1.24,453,0,0,0,0,94.0,0,1
T04501,2026-01-04T10:00:00+00:00,U0048,R0258,4762.5,0,10,1,0,1,3888.66,1.22,453,1,1,1,1,1.0,1,1
T04502,2026-01-04T10:01:00+00:00,U0048,R0258,4762.5,0,10,1,1,2,3930.27,1.21,453,2,2,2,2,1.0,2,1
T04503,2026-01-04T10:02:00+00:00,U0160,R0245,8828.92,1,10,0,0,0,4426.9,1.99,214,0,0,0,0,252.0,0,0
T04504,2026-01-04T10:03:00+00:00,U0177,R0123,3480.04,1,10,0,0,1,4669.33,0.75,315,0,0,0,0,57.0,0,0
T04505,2026-01-04T10:04:00+00:00,U0175,R0036,4365.17,1,10,0,0,0,4018.82,1.09,1375,0,0,0,0,251.0,0,0
T04506,2026-01-04T10:05:00+00:00,U0086,R0461,4137.83,1,10,0,0,0,4328.01,0.96,1686,0,0,0,0,302.0,0,0
T04507,2026-01-04T10:06:00+00:00,U0004,R0342,445.77,1,10,0,0,0,3975.38,0.11,1108,0,0,0,0,202.0,0,0
T04508,2026-01-04T10:07:00+00:00,U0086,R0011,2188.54,1,10,0,0,1,4316.82,0.51,1686,1,0,0,0,2.0,0,0
T04509,2026-01-04T10:08:00+00:00,U0068,R0452,3545.23,1,10,0,0,0,4166.33,0.85,98,0,0,0,0,979.0,0,0
T04510,2026-01-04T10:09:00+00:00,U0174,R0390,43119.18,1,10,1,1,0,4213.4,10.23,1108,0,0,0,0,505.0,0,1
T04511,2026-01-04T10:10:00+00:00,U0153,R0181,5363.28,1,10,0,0,0,2850.29,1.88,798,0,0,0,0,197.0,0,0
T04512,2026-01-04T10:11:00+00:00,U0150,R0001,2182.56,1,10,0,1,0,4526.6,0.48,1080,0,0,0,0,120.0,0,0
T04513,2026-01-04T10:12:00+00:00,U0064,R0242,4207.97,1,10,0,0,0,3609.19,1.17,1159,0,0,0,0,401.0,0,0
T04514,2026-01-04T10:13:00+00:00,U0005,R0291,694.68,1,10,0,0,0,3523.95,0.2,1114,0,0,0,0,85.0,0,0
T04515,2026-01-04T10:14:00+00:00,U0075,R0428,7710.24,1,10,1,0,0,4458.48,1.73,86,0,0,0,0,257.0,0,0
T04516,2026-01-04T10:15:00+00:00,U0129,R0086,8245.91,1,10,0,0,0,3872.4,2.13,375,0,0,0,0,193.0,0,0
T04517,2026-01-04T10:16:00+00:00,U0199,R0049,2515.76,1,10,0,0,0,3791.36,0.66,1451,0,0,0,0,298.0,0,0
T04518,2026-01-04T10:17:00+00:00,U0189,R0172,2600.13,1,10,0,0,0,3848.64,0.68,690,0,0,0,0,709.0,0,0
T04519,2026-01-04T10:18:00+00:00,U0189,R0180,7118.84,1,10,0,0,1,3798.7,1.87,690,1,0,0,0,1.0,0,0
T04520,2026-01-04T10:19:00+00:00,U0066,R0340,4280.75,1,10,0,0,0,9287.56,0.46,532,0,0,0,0,616.0,0,0
T04521,2026-01-04T10:20:00+00:00,U0094,R0235,5571.18,1,10,0,0,0,2797.69,1.99,768,0,0,0,0,140.0,0,0
T04522,2026-01-04T10:21:00+00:00,U0091,R0155,5454.11,1,10,0,0,1,3355.63,1.63,823,0,0,0,0,43.0,0,0
T04523,2026-01-04T10:22:00+00:00,U0133,R0397,7698.55,1,10,0,0,0,3648.6,2.11,257,0,0,0,0,179.0,0,0
T04524,2026-01-04T10:23:00+00:00,U0153,R0248,8072.02,1,10,0,0,1,2975.94,2.71,798,0,0,0,0,13.0,0,0
T04525,2026-01-04T10:24:00+00:00,U0176,R0266,3213.34,1,10,0,0,1,2798.36,1.15,1935,0,0,0,0,52.0,0,0
T04526,2026-01-04T10:25:00+00:00,U0006,R0076,1501.04,1,10,0,0,0,8565.27,0.18,1386,0,0,0,0,102.0,0,0
T04527,2026-01-04T10:26:00+00:00,U0057,R0338,1218.03,1,10,0,0,2,3539.71,0.34,459,0,0,0,0,37.0,0,0
T04528,2026-01-04T10:27:00+00:00,U0092,R0255,42136.34,1,10,0,0,0,4531.0,9.3,892,0,0,0,0,172.0,0,1
T04529,2026-01-04T10:28:00+00:00,U0148,R0380,1140.01,1,10,0,0,1,3161.41,0.36,507,0,0,0,0,55.0,0,0
T04530,2026-01-04T10:29:00+00:00,U0111,R0185,796.51,1,10,0,0,2,1695.13,0.47,877,0,0,0,0,42.0,0,0
T04531,2026-01-04T10:30:00+00:00,U0023,R0100,5782.75,1,10,0,1,0,2690.42,2.15,1815,0,0,0,0,90.0,0,0
T04532,2026-01-04T10:31:00+00:00,U0097,R0328,3489.38,1,10,0,0,0,4000.78,0.87,174,0,0,0,0,173.0,0,0
T04533,2026-01-04T10:32:00+00:00,U0071,R0450,245.22,1,10,0,0,0,6163.68,0.04,17,0,0,0,0,112.0,0,0
T04534,2026-01-04T10:33:00+00:00,U0140,R0461,2175.7,1,10,0,0,0,5294.7,0.41,1219,0,0,0,0,212.0,0,0
T04535,2026-01-04T10:34:00+00:00,U0135,R0090,5661.91,1,10,1,1,0,2980.93,1.9,1258,0,0,0,0,573.0,0,1
T04536,2026-01-04T10:35:00+00:00,U0174,R0179,3085.05,1,10,0,0,1,5709.77,0.54,1108,0,0,0,0,26.0,0,0
T04537,2026-01-04T10:36:00+00:00,U0101,R0302,6926.45,1,10,0,0,0,5362.25,1.29,1165,0,0,0,0,170.0,0,0
T04538,2026-01-04T10:37:00+00:00,U0071,R0159,7704.16,1,10,0,0,1,5952.31,1.29,17,1,0,0,0,5.0,0,0
T04539,2026-01-04T10:38:00+00:00,U0149,R0267,6936.54,1,10,0,0,0,2579.03,2.69,1912,0,0,0,0,177.0,0,0
T04540,2026-01-04T10:39:00+00:00,U0157,R0063,6571.99,1,10,0,0,0,4781.96,1.37,793,0,0,0,0,306.0,0,0
T04541,2026-01-04T10:40:00+00:00,U0117,R0291,3655.58,1,10,0,0,0,3965.09,0.92,876,0,0,0,0,186.0,0,0
T04542,2026-01-04T10:41:00+00:00,U0089,R0148,2653.4,1,10,0,0,0,3417.85,0.78,622,0,0,0,0,950.0,0,0
T04543,2026-01-04T10:42:00+00:00,U0003,R0256,5287.7,1,10,0,0,0,4104.7,1.29,1486,0,0,0,0,134.0,0,0
T04544,2026-01-04T10:43:00+00:00,U0038,R0239,2155.07,1,10,0,0,0,2841.42,0.76,400,0,0,0,0,136.0,0,0
T04545,2026-01-04T10:44:00+00:00,U0134,R0495,679.21,1,10,0,0,0,3915.99,0.17,723,0,0,0,0,234.0,0,0
T04546,2026-01-04T10:45:00+00:00,U0143,R0341,7429.55,1,10,0,0,0,3670.22,2.02,194,0,0,0,0,992.0,0,0
T04547,2026-01-04T10:46:00+00:00,U0125,R0148,3895.78,1,10,0,0,0,5299.75,0.74,499,0,0,0,0,564.0,0,0
T04548,2026-01-04T10:47:00+00:00,U0076,R0008,4074.24,1,10,0,0,0,4125.46,0.99,1540,0,0,0,0,146.0,0,0
T04549,2026-01-04T10:48:00+00:00,U0056,R0145,4062.44,1,10,0,0,0,4548.06,0.89,129,0,0,0,0,135.0,0,0
T04550,2026-01-04T10:49:00+00:00,U0032,R0028,948.4,1,10,0,0,0,3005.08,0.32,1853,0,0,0,0,97.0,0,0
T04551,2026-01-04T10:50:00+00:00,U0002,R0221,4711.98,1,10,0,0,0,3213.94,1.47,1660,0,0,0,0,108.0,0,0
T04552,2026-01-04T10:51:00+00:00,U0001,R0026,2179.54,1,10,0,0,0,5700.39,0.38,1905,0,0,0,0,390.0,0,0
T04553,2026-01-04T10:52:00+00:00,U0090,R0450,3447.7,1,10,0,0,0,3424.19,1.01,150,0,0,0,0,388.0,0,0
T04554,2026-01-04T10:53:00+00:00,U0129,R0341,5374.34,1,10,0,0,1,4054.63,1.33,375,0,0,0,0,38.0,0,0
T04555,2026-01-04T10:54:00+00:00,U0144,R0080,4246.42,1,10,0,0,0,4474.88,0.95,685,0,0,0,0,358.0,0,0
T04556,2026-01-04T10:55:00+00:00,U0183,R0139,1467.21,1,10,0,0,0,3646.78,0.4,827,0,0,0,0,414.0,0,0
T04557,2026-01-04T10:56:00+00:00,U0188,R0101,7323.05,1,10,0,0,0,5392.46,1.36,1681,0,0,0,0,263.0,0,0
T04558,2026-01-04T10:57:00+00:00,U0021,R0149,3262.42,1,10,0,0,0,6809.96,0.48,486,0,0,0,0,126.0,0,0
T04559,2026-01-04T10:58:00+00:00,U0122,R0478,4473.74,1,10,0,0,0,4141.53,1.08,1750,0,0,0,0,81.0,0,0
T04560,2026-01-04T10:59:00+00:00,U0174,R0327,2531.26,1,10,0,0,2,5612.56,0.45,1108,0,0,0,0,24.0,0,0
T04561,2026-01-04T11:00:00+00:00,U0103,R0496,4525.61,1,11,0,0,0,3307.3,1.37,145,0,0,0,0,295.0,0,0
T04562,2026-01-04T11:01:00+00:00,U0067,R0472,4799.35,1,11,0,1,0,3322.23,1.44,1381,0,0,0,0,214.0,0,1
T04563,2026-01-04T11:02:00+00:00,U0080,R0089,2641.91,1,11,0,0,0,7572.37,0.35,846,0,0,0,0,170.0,0,0
T04564,2026-01-04T11:03:00+00:00,U0174,R0449,2981.33,1,11,0,0,3,5502.52,0.54,1108,1,0,0,0,4.0,0,0
T04565,2026-01-04T11:04:00+00:00,U0149,R0072,4968.77,1,11,0,0,1,2786.53,1.78,1912,0,0,0,0,26.0,0,0
T04566,2026-01-04T11:05:00+00:00,U0052,R0129,2724.17,1,11,0,1,0,3635.87,0.75,51,0,0,0,0,95.0,0,0
T04567,2026-01-04T11:06:00+00:00,U0142,R0103,1549.64,1,11,0,0,0,3918.94,0.4,1708,0,0,0,0,241.0,0,0
T04568,2026-01-04T11:07:00+00:00,U0022,R0153,4961.0,1,11,0,1,0,6898.74,0.72,887,0,0,0,0,185.0,0,0
T04569,2026-01-04T11:08:00+00:00,U0161,R0237,5107.84,1,11,1,0,0,5337.25,0.96,1632,0,0,0,0,200.0,0,0
T04570,2026-01-04T11:09:00+00:00,U0097,R0401,1985.36,1,11,0,0,1,3981.11,0.5,174,0,0,0,0,38.0,0,0
T04571,2026-01-04T11:10:00+00:00,U0112,R0050,350.34,1,11,0,0,0,3719.86,0.09,939,0,0,0,0,153.0,0,0
T04572,2026-01-04T11:11:00+00:00,U0114,R0356,2582.17,1,11,0,0,0,4982.99,0.52,447,0,0,0,0,389.0,0,0
T04573,2026-01-04T11:12:00+00:00,U0176,R0365,311.88,1,11,0,0,1,2812.19,0.11,1935,0,0,0,0,48.0,0,0
T04574,2026-01-04T11:13:00+00:00,U0091,R0219,1431.0,1,11,0,0,1,3455.56,0.41,823,0,0,0,0,52.0,0,0
T04575,2026-01-04T11:14:00+00:00,U0106,R0237,4257.44,1,11,0,0,0,2893.85,1.47,1381,0,0,0,0,123.0,0,0
T04576,2026-01-04T11:15:00+00:00,U0144,R0014,890.63,1,11,0,0,1,4463.46,0.2,685,0,0,0,0,21.0,0,0
T04577,2026-01-04T11:16:00+00:00,U0108,R0046,647.49,1,11,0,1,0,5157.54,0.13,1935,0,0,0,0,207.0,0,0
T04578,2026-01-04T11:17:00+00:00,U0158,R0465,3553.99,1,11,0,0,0,4576.57,0.78,1865,0,0,0,0,202.0,0,0
T04579,2026-01-04T11:18:00+00:00,U0063,R0298,6669.75,1,11,0,0,0,3484.82,1.91,1621,0,0,0,0,120.0,0,0
T04580,2026-01-04T11:19:00+00:00,U0033,R0318,912.12,1,11,1,0,0,2757.75,0.33,1103,0,0,0,0,130.0,0,0
T04581,2026-01-04T11:20:00+00:00,U0145,R0450,6124.09,1,11,0,0,0,3628.43,1.69,94,0,0,0,0,371.0,0,0
T04582,2026-01-04T11:21:00+00:00,U0194,R0433,983.95,1,11,1,0,0,5251.99,0.19,1773,0,0,0,0,918.0,0,0
T04583,2026-01-04T11:22:00+00:00,U0104,R0344,2913.22,1,11,0,0,0,2942.05,0.99,508,0,0,0,0,97.0,0,0
T04584,2026-01-04T11:23:00+00:00,U0196,R0448,2438.88,1,11,1,1,0,3369.38,0.72,219,0,0,0,0,339.0,0,1
T04585,2026-01-04T11:24:00+00:00,U0196,R0448,2438.88,0,11,0,1,1,3322.86,0.73,219,1,1,1,1,1.0,1,1
T04586,2026-01-04T11:25:00+00:00,U0196,R0448,2438.88,0,11,0,0,2,3280.76,0.74,219,2,2,2,2,1.0,2,1
T04587,2026-01-04T11:26:00+00:00,U0014,R0044,1546.99,1,11,0,0,0,4265.64,0.36,608,0,0,0,0,143.0,0,0
T04588,2026-01-04T11:27:00+00:00,U0167,R0055,8171.44,1,11,0,0,0,2675.15,3.05,1126,0,0,0,0,508.0,0,0
T04589,2026-01-04T11:28:00+00:00,U0025,R0421,1238.71,1,11,0,0,0,3144.74,0.39,1745,0,0,0,0,751.0,0,0
T04590,2026-01-04T11:29:00+00:00,U0124,R0354,35229.37,1,11,1,1,0,2588.78,13.61,1661,0,0,0,0,134.0,0,1
T04591,2026-01-04T11:30:00+00:00,U0016,R0063,2694.7,1,11,0,0,0,4565.02,0.59,1715,0,0,0,0,318.0,0,0
T04592,2026-01-04T11:31:00+00:00,U0173,R0262,5299.51,0,11,0,0,0,3211.88,1.65,1772,0,0,0,0,295.0,1,0
T04593,2026-01-04T11:32:00+00:00,U0014,R0360,7689.43,0,11,0,0,1,4152.36,1.85,608,1,0,0,0,6.0,1,1
T04594,2026-01-04T11:33:00+00:00,U0037,R0288,3692.74,1,11,0,0,0,3214.76,1.15,132,0,0,0,0,233.0,0,0
T04595,2026-01-04T11:34:00+00:00,U0127,R0070,858.52,1,11,0,0,0,2921.99,0.29,675,0,0,0,0,134.0,0,0
T04596,2026-01-04T11:35:00+00:00,U0173,R0328,1122.59,1,11,0,0,1,3306.77,0.34,1772,1,0,0,0,4.0,0,0
T04597,2026-01-04T11:36:00+00:00,U0078,R0322,13156.72,1,11,0,1,0,4802.19,2.74,797,0,0,0,0,151.0,0,1
T04598,2026-01-04T11:37:00+00:00,U0002,R0413,1093.17,1,11,0,0,1,3276.36,0.33,1660,0,0,0,0,47.0,0,0
T04599,2026-01-04T11:38:00+00:00,U0177,R0103,3203.33,1,11,0,0,0,4630.96,0.69,315,0,0,0,0,95.0,0,0
T04600,2026-01-04T11:39:00+00:00,U0001,R0079,8038.19,0,11,0,1,1,5532.73,1.45,1905,0,0,0,0,48.0,1,0
T04601,2026-01-04T11:40:00+00:00,U0031,R0267,7547.93,1,11,0,0,0,4564.24,1.65,1886,0,0,0,0,430.0,0,0
T04602,2026-01-04T11:41:00+00:00,U0053,R0054,8316.52,1,11,0,0,0,4602.42,1.81,1252,0,0,0,0,142.0,0,0
T04603,2026-01-04T11:42:00+00:00,U0130,R0228,106.0,1,11,0,0,0,4246.88,0.02,708,0,0,0,0,135.0,0,0
T04604,2026-01-04T11:43:00+00:00,U0032,R0154,4058.63,1,11,0,0,1,2896.84,1.4,1853,0,0,0,0,54.0,0,0
T04605,2026-01-04T11:44:00+00:00,U0048,R0420,2805.98,1,11,0,0,0,3968.1,0.71,453,0,0,0,0,103.0,0,0
T04606,2026-01-04T11:45:00+00:00,U0140,R0134,586.68,1,11,0,0,0,5146.18,0.11,1219,0,0,0,0,72.0,0,0
T04607,2026-01-04T11:46:00+00:00,U0175,R0225,6339.42,1,11,0,0,0,4036.13,1.57,1375,0,0,0,0,102.0,0,0
T04608,2026-01-04T11:47:00+00:00,U0158,R0064,3735.55,1,11,0,0,1,4541.31,0.82,1865,0,0,0,0,30.0,0,0
T04609,2026-01-04T11:48:00+00:00,U0163,R0012,764.5,1,11,0,0,0,3689.9,0.21,550,0,0,0,0,238.0,0,0
T04610,2026-01-04T11:49:00+00:00,U0191,R0337,31265.86,1,11,1,1,0,3734.67,8.37,982,0,0,0,0,256.0,0,1
T04611,2026-01-04T11:50:00+00:00,U0131,R0380,2116.35,1,11,0,0,0,5045.43,0.42,1810,0,0,0,0,210.0,0,0
T04612,2026-01-04T11:51:00+00:00,U0052,R0244,492.29,1,11,0,0,1,3597.88,0.14,51,0,0,0,0,46.0,0,0
T04613,2026-01-04T11:52:00+00:00,U0075,R0342,1367.4,1,11,0,0,0,4661.71,0.29,86,0,0,0,0,98.0,0,0
T04614,2026-01-04T11:53:00+00:00,U0151,R0253,4638.27,1,11,0,0,0,5754.62,0.81,1656,0,0,0,0,883.0,0,0
T04615,2026-01-04T11:54:00+00:00,U0071,R0201,5600.33,1,11,0,0,0,6012.72,0.93,17,0,0,0,0,77.0,0,0
T04616,2026-01-04T11:55:00+00:00,U0028,R0238,2065.45,1,11,0,0,0,3252.66,0.64,1290,0,0,0,0,219.0,0,0
T04617,2026-01-04T11:56:00+00:00,U0109,R0076,312.98,1,11,0,0,0,5330.8,0.06,579,0,0,0,0,132.0,0,0
T04618,2026-01-04T11:57:00+00:00,U0118,R0062,5979.44,1,11,0,0,0,3377.47,1.77,635,0,0,0,0,141.0,0,0
T04619,2026-01-04T11:58:00+00:00,U0003,R0298,2709.04,1,11,0,0,0,4152.02,0.65,1486,0,0,0,0,76.0,0,0
T04620,2026-01-04T11:59:00+00:00,U0166,R0334,350.62,1,11,0,0,0,4419.09,0.08,1257,0,0,0,0,131.0,0,0
T04621,2026-01-04T12:00:00+00:00,U0159,R0228,2348.84,1,12,0,0,0,4112.43,0.57,490,0,0,0,0,184.0,0,0
T04622,2026-01-04T12:01:00+00:00,U0091,R0493,935.28,1,12,0,0,1,3363.53,0.28,823,0,0,0,0,48.0,0,0
T04623,2026-01-04T12:02:00+00:00,U0186,R0235,4971.48,1,12,0,0,0,2776.55,1.79,1731,0,0,0,0,183.0,0,0
T04624,2026-01-04T12:03:00+00:00,U0041,R0184,4585.64,1,12,0,0,0,5079.27,0.9,680,0,0,0,0,247.0,0,0
T04625,2026-01-04T12:04:00+00:00,U0129,R0108,1100.95,1,12,0,1,0,4107.42,0.27,375,0,0,0,0,71.0,0,0
T04626,2026-01-04T12:05:00+00:00,U0181,R0269,4146.16,1,12,0,1,0,3496.59,1.19,215,0,0,0,0,544.0,0,0
T04627,2026-01-04T12:06:00+00:00,U0017,R0090,1380.29,1,12,0,0,0,5547.94,0.25,53,0,0,0,0,135.0,0,0
T04628,2026-01-04T12:07:00+00:00,U0091,R0336,1249.62,1,12,0,0,2,3257.95,0.38,823,1,0,0,0,6.0,0,0
T04629,2026-01-04T12:08:00+00:00,U0087,R0236,2816.99,1,12,0,0,0,4398.49,0.64,1811,0,0,0,0,513.0,0,0
T04630,2026-01-04T12:09:00+00:00,U0036,R0143,6367.53,1,12,1,0,0,4402.16,1.45,219,0,0,0,0,181.0,0,0
T04631,2026-01-04T12:10:00+00:00,U0169,R0156,3591.44,1,12,0,0,0,3120.24,1.15,1949,0,0,0,0,299.0,0,0
T04632,2026-01-04T12:11:00+00:00,U0018,R0470,3082.25,1,12,0,0,0,5317.87,0.58,74,0,0,0,0,160.0,0,0
T04633,2026-01-04T12:12:00+00:00,U0124,R0193,9254.28,1,12,0,0,1,4007.93,2.31,1661,0,0,0,0,43.0,0,0
T04634,2026-01-04T12:13:00+00:00,U0156,R0338,1881.52,1,12,0,0,0,3775.54,0.5,1027,0,0,0,0,260.0,0,0
T04635,2026-01-04T12:14:00+00:00,U0182,R0475,1252.8,1,12,0,0,0,5996.63,0.21,269,0,0,0,0,168.0,0,0
T04636,2026-01-04T12:15:00+00:00,U0169,R0270,1095.48,1,12,0,0,1,3134.52,0.35,1949,1,0,0,0,5.0,0,0
T04637,2026-01-04T12:16:00+00:00,U0179,R0166,1519.57,1,12,0,0,0,3743.94,0.41,1145,0,0,0,0,350.0,0,0
T04638,2026-01-04T12:17:00+00:00,U0149,R0179,2480.21,1,12,0,0,0,2885.72,0.86,1912,0,0,0,0,73.0,0,0
T04639,2026-01-04T12:18:00+00:00,U0104,R0035,2184.0,1,12,0,0,1,2940.53,0.74,508,0,0,0,0,56.0,0,0
T04640,2026-01-04T12:19:00+00:00,U0188,R0082,3954.59,1,12,0,0,0,5484.39,0.72,1681,0,0,0,0,83.0,0,0
T04641,2026-01-04T12:20:00+00:00,U0171,R0055,1025.89,1,12,0,0,0,5164.62,0.2,1154,0,0,0,0,317.0,0,0
T04642,2026-01-04T12:21:00+00:00,U0174,R0244,6279.05,1,12,0,0,0,5415.58,1.16,1108,0,0,0,0,78.0,0,0
T04643,2026-01-04T12:22:00+00:00,U0060,R0396,5614.66,1,12,0,0,0,2561.49,2.19,1595,0,0,0,0,231.0,0,0
T04644,2026-01-04T12:23:00+00:00,U0188,R0408,1717.51,0,12,0,0,1,5414.85,0.32,1681,1,0,0,0,4.0,1,0
T04645,2026-01-04T12:24:00+00:00,U0045,R0373,3150.42,1,12,0,0,0,4397.25,0.72,1072,0,0,0,0,302.0,0,0
T04646,2026-01-04T12:25:00+00:00,U0194,R0499,7629.41,1,12,0,0,0,5093.91,1.5,1773,0,0,0,0,64.0,0,0
T04647,2026-01-04T12:26:00+00:00,U0017,R0032,593.75,1,12,0,0,1,5349.48,0.11,53,0,0,0,0,20.0,0,0
T04648,2026-01-04T12:27:00+00:00,U0030,R0020,1058.55,1,12,0,0,0,4323.26,0.24,229,0,0,0,0,336.0,0,0
T04649,2026-01-04T12:28:00+00:00,U0019,R0227,7563.44,1,12,0,0,0,5402.56,1.4,1302,0,0,0,0,544.0,0,0
T04650,2026-01-04T12:29:00+00:00,U0156,R0324,907.11,1,12,0,0,1,3675.85,0.25,1027,0,0,0,0,16.0,0,0
T04651,2026-01-04T12:30:00+00:00,U0045,R0165,3177.57,1,12,0,0,1,4349.29,0.73,1072,1,0,0,0,6.0,0,0
T04652,2026-01-04T12:31:00+00:00,U0116,R0194,2191.58,1,12,0,0,0,4814.02,0.46,463,0,0,0,0,182.0,0,0
T04653,2026-01-04T12:32:00+00:00,U0164,R0294,4137.32,1,12,0,0,0,3822.09,1.08,1150,0,0,0,0,155.0,0,0
T04654,2026-01-04T12:33:00+00:00,U0051,R0130,684.4,1,12,0,0,0,5714.18,0.12,60,0,0,0,0,235.0,0,0
T04655,2026-01-04T12:34:00+00:00,U0174,R0147,5212.28,1,12,0,0,1,5444.36,0.96,1108,0,0,0,0,13.0,0,0
T04656,2026-01-04T12:35:00+00:00,U0190,R0083,866.31,1,12,0,0,0,3265.78,0.27,1087,0,0,0,0,726.0,0,0
T04657,2026-01-04T12:36:00+00:00,U0136,R0415,5107.94,1,12,0,0,0,3257.75,1.57,126,0,0,0,0,170.0,0,0
T04658,2026-01-04T12:37:00+00:00,U0023,R0299,1874.02,1,12,0,0,0,2837.67,0.66,1815,0,0,0,0,127.0,0,0
T04659,2026-01-04T12:38:00+00:00,U0172,R0050,2984.78,1,12,0,0,0,5664.33,0.53,1447,0,0,0,0,197.0,0,0
T04660,2026-01-04T12:39:00+00:00,U0036,R0458,1857.83,1,12,0,0,1,4467.68,0.42,219,0,0,0,0,30.0,0,0
T04661,2026-01-04T12:40:00+00:00,U0199,R0209,3688.03,1,12,1,0,0,3720.49,0.99,1451,0,0,0,0,144.0,0,1
T04662,2026-01-04T12:41:00+00:00,U0199,R0209,3688.03,0,12,0,1,1,3718.78,0.99,1451,1,1,1,1,1.0,1,1
T04663,2026-01-04T12:42:00+00:00,U0199,R0209,3688.03,0,12,1,0,2,3717.25,0.99,1451,2,2,2,2,1.0,2,1
T04664,2026-01-04T12:43:00+00:00,U0019,R0175,340.52,1,12,0,0,1,5485.67,0.06,1302,0,0,0,0,15.0,0,0
T04665,2026-01-04T12:44:00+00:00,U0187,R0491,1399.53,1,12,0,0,0,4031.39,0.35,1389,0,0,0,0,564.0,0,0
T04666,2026-01-04T12:45:00+00:00,U0165,R0271,4060.2,1,12,0,0,0,7551.38,0.54,302,0,0,0,0,404.0,0,0
T04667,2026-01-04T12:46:00+00:00,U0054,R0293,4247.48,1,12,0,0,0,5602.87,0.76,712,0,0,0,0,588.0,0,0
T04668,2026-01-04T12:47:00+00:00,U0129,R0181,1345.55,1,12,0,0,1,3991.78,0.34,375,0,0,0,0,43.0,0,0
T04669,2026-01-04T12:48:00+00:00,U0144,R0437,4185.56,1,12,0,0,0,4293.32,0.97,685,0,0,0,0,93.0,0,0
T04670,2026-01-04T12:49:00+00:00,U0018,R0225,478.86,1,12,0,0,1,5238.02,0.09,74,0,0,0,0,38.0,0,0
T04671,2026-01-04T12:50:00+00:00,U0097,R0448,3541.86,1,12,0,0,0,3907.19,0.91,174,0,0,0,0,101.0,0,0
T04672,2026-01-04T12:51:00+00:00,U0021,R0066,3056.9,1,12,0,0,0,6695.52,0.46,486,0,0,0,0,114.0,0,0
T04673,2026-01-04T12:52:00+00:00,U0077,R0052,1009.61,1,12,0,0,0,3554.62,0.28,332,0,0,0,0,239.0,0,0
T04674,2026-01-04T12:53:00+00:00,U0060,R0027,2048.2,1,12,0,0,1,2765.04,0.74,1595,0,0,0,0,31.0,0,0
T04675,2026-01-04T12:54:00+00:00,U0085,R0012,5351.86,1,12,0,0,0,3945.47,1.36,652,0,0,0,0,458.0,0,0
T04676,2026-01-04T12:55:00+00:00,U0075,R0473,319.08,1,12,0,0,0,4467.93,0.07,86,0,0,0,0,63.0,0,0
T04677,2026-01-04T12:56:00+00:00,U0100,R0361,7779.98,1,12,0,0,0,5373.51,1.45,1160,0,0,0,0,417.0,0,0
T04678,2026-01-04T12:57:00+00:00,U0041,R0496,6002.25,1,12,0,0,1,5054.59,1.19,680,0,0,0,0,54.0,0,0
T04679,2026-01-04T12:58:00+00:00,U0137,R0295,3363.75,1,12,0,0,0,3604.86,0.93,511,0,0,0,0,522.0,0,0
T04680,2026-01-04T12:59:00+00:00,U0133,R0478,5594.68,1,12,0,0,0,3810.6,1.47,257,0,0,0,0,157.0,0,0
T04681,2026-01-04T13:00:00+00:00,U0080,R0205,5138.41,1,13,0,0,0,7358.0,0.7,846,0,0,0,0,118.0,0,0
T04682,2026-01-04T13:01:00+00:00,U0140,R0358,6297.52,1,13,0,0,0,4938.93,1.28,1219,0,0,0,0,76.0,0,0
T04683,2026-01-04T13:02:00+00:00,U0150,R0242,2147.75,1,13,0,0,0,4396.38,0.49,1080,0,0,0,0,171.0,0,0
T04684,2026-01-04T13:03:00+00:00,U0068,R0335,7602.78,1,13,0,0,0,4140.45,1.84,98,0,0,0,0,175.0,0,0
T04685,2026-01-04T13:04:00+00:00,U0087,R0216,5234.65,0,13,0,0,1,4293.06,1.22,1811,0,0,0,0,56.0,1,0
T04686,2026-01-04T13:05:00+00:00,U0086,R0455,3499.46,1,13,0,0,0,4198.58,0.83,1686,0,0,0,0,178.0,0,0
T04687,2026-01-04T13:06:00+00:00,U0036,R0105,3257.96,1,13,0,0,2,4383.49,0.74,219,0,0,0,0,27.0,0,0
T04688,2026-01-04T13:07:00+00:00,U0188,R0169,897.65,1,13,0,0,2,5254.1,0.17,1681,0,0,0,0,44.0,0,0
T04689,2026-01-04T13:08:00+00:00,U0170,R0468,23617.61,1,13,0,0,0,5089.51,4.64,1804,0,0,0,0,1451.0,0,1
T04690,2026-01-04T13:09:00+00:00,U0061,R0253,1484.8,1,13,0,0,0,3618.24,0.41,255,0,0,0,0,1171.0,0,0
T04691,2026-01-04T13:10:00+00:00,U0145,R0464,943.38,1,13,0,0,0,3759.78,0.25,94,0,0,0,0,110.0,0,0
T04692,2026-01-04T13:11:00+00:00,U0196,R0414,5727.14,1,13,0,0,0,3242.5,1.77,219,0,0,0,0,106.0,0,0
T04693,2026-01-04T13:12:00+00:00,U0019,R0487,1912.77,1,13,0,0,2,5295.11,0.36,1302,0,0,0,0,29.0,0,0
T04694,2026-01-04T13:13:00+00:00,U0190,R0314,2478.55,1,13,0,0,1,3180.08,0.78,1087,0,0,0,0,38.0,0,0
T04695,2026-01-04T13:14:00+00:00,U0142,R0246,22800.76,1,13,0,0,0,3824.17,5.96,1708,0,0,0,0,128.0,0,1
T04696,2026-01-04T13:15:00+00:00,U0070,R0371,2554.94,1,13,0,0,0,5004.94,0.51,664,0,0,0,0,300.0,0,0
T04697,2026-01-04T13:16:00+00:00,U0010,R0255,873.61,1,13,0,0,0,3489.66,0.25,1038,0,0,0,0,206.0,0,0
T04698,2026-01-04T13:17:00+00:00,U0167,R0180,3445.41,1,13,0,0,0,2864.68,1.2,1126,0,0,0,0,110.0,0,0
T04699,2026-01-04T13:18:00+00:00,U0078,R0401,5739.51,1,13,0,0,0,5181.94,1.11,797,0,0,0,0,102.0,0,0
T04700,2026-01-04T13:19:00+00:00,U0059,R0011,6268.47,1,13,0,0,0,4651.05,1.35,75,0,0,0,0,681.0,0,0
T04701,2026-01-04T13:20:00+00:00,U0007,R0397,3532.72,1,13,0,0,0,6014.41,0.59,573,0,0,0,0,351.0,0,0
T04702,2026-01-04T13:21:00+00:00,U0051,R0274,1160.77,1,13,0,0,1,5211.2,0.22,60,0,0,0,0,48.0,0,0
T04703,2026-01-04T13:22:00+00:00,U0098,R0350,6667.51,0,13,0,0,0,6862.01,0.97,938,0,0,0,0,255.0,1,0
T04704,2026-01-04T13:23:00+00:00,U0005,R0283,1903.5,1,13,0,0,0,3406.06,0.56,1114,0,0,0,0,190.0,0,0
T04705,2026-01-04T13:24:00+00:00,U0100,R0393,5147.6,1,13,0,0,1,5507.2,0.93,1160,0,0,0,0,28.0,0,0
T04706,2026-01-04T13:25:00+00:00,U0033,R0221,390.2,1,13,0,0,0,2677.5,0.15,1103,0,0,0,0,126.0,0,0
T04707,2026-01-04T13:26:00+00:00,U0141,R0071,2057.06,1,13,0,1,0,3323.22,0.62,113,0,0,0,0,227.0,0,0
T04708,2026-01-04T13:27:00+00:00,U0031,R0460,5839.62,1,13,0,0,0,4674.75,1.25,1886,0,0,0,0,107.0,0,0
T04709,2026-01-04T13:28:00+00:00,U0095,R0181,4007.97,1,13,0,0,0,2281.5,1.76,333,0,0,0,0,267.0,0,0
T04710,2026-01-04T13:29:00+00:00,U0112,R0471,5209.81,1,13,0,0,0,3603.67,1.45,939,0,0,0,0,139.0,0,0
T04711,2026-01-04T13:30:00+00:00,U0060,R0048,738.87,1,13,0,0,1,2720.24,0.27,1595,0,0,0,0,37.0,0,0
T04712,2026-01-04T13:31:00+00:00,U0059,R0212,3525.77,1,13,1,0,1,4740.9,0.74,75,0,0,0,0,12.0,0,0
T04713,2026-01-04T13:32:00+00:00,U0138,R0291,1318.06,1,13,0,0,0,5714.72,0.23,1898,0,0,0,0,334.0,0,0
T04714,2026-01-04T13:33:00+00:00,U0004,R0448,1974.08,1,13,0,0,0,3798.9,0.52,1108,0,0,0,0,207.0,0,0
T04715,2026-01-04T13:34:00+00:00,U0015,R0040,2272.1,1,13,0,0,0,3843.16,0.59,1206,0,0,0,0,630.0,0,0
T04716,2026-01-04T13:35:00+00:00,U0113,R0093,567.37,1,13,0,0,0,3885.42,0.15,1440,0,0,0,0,233.0,0,0
T04717,2026-01-04T13:36:00+00:00,U0081,R0180,2205.91,1,13,0,0,0,3831.99,0.58,1251,0,0,0,0,251.0,0,0
T04718,2026-01-04T13:37:00+00:00,U0063,R0150,9345.46,1,13,0,0,0,3636.48,2.57,1621,0,0,0,0,139.0,0,0
T04719,2026-01-04T13:38:00+00:00,U0102,R0246,1064.35,1,13,0,0,0,2810.88,0.38,1474,0,0,0,0,389.0,0,0
T04720,2026-01-04T13:39:00+00:00,U0169,R0040,2285.05,1,13,0,0,0,3074.55,0.74,1949,0,0,0,0,84.0,0,0
T04721,2026-01-04T13:40:00+00:00,U0140,R0106,2782.32,1,13,0,0,1,4998.0,0.56,1219,0,0,0,0,39.0,0,0
T04722,2026-01-04T13:41:00+00:00,U0189,R0417,1359.19,1,13,0,0,0,3926.39,0.35,690,0,0,0,0,203.0,0,0
T04723,2026-01-04T13:42:00+00:00,U0057,R0228,7657.35,1,13,0,0,0,3446.84,2.22,459,0,0,0,0,196.0,0,0
T04724,2026-01-04T13:43:00+00:00,U0094,R0400,5181.15,1,13,0,0,0,2960.84,1.75,768,0,0,0,0,203.0,0,0
T04725,2026-01-04T13:44:00+00:00,U0168,R0126,10153.03,1,13,1,0,0,5194.79,1.95,820,0,0,0,0,526.0,0,1
T04726,2026-01-04T13:45:00+00:00,U0069,R0164,1253.22,1,13,0,0,0,4959.98,0.25,1754,0,0,0,0,517.0,0,0
T04727,2026-01-04T13:46:00+00:00,U0129,R0054,1228.5,1,13,0,0,1,3893.77,0.32,375,0,0,0,0,59.0,0,0
T04728,2026-01-04T13:47:00+00:00,U0106,R0362,1999.69,1,13,0,1,0,2942.55,0.68,1381,0,0,0,0,153.0,0,0
T04729,2026-01-04T13:48:00+00:00,U0125,R0144,2283.34,1,13,0,0,0,5238.71,0.44,499,0,0,0,0,182.0,0,0
T04730,2026-01-04T13:49:00+00:00,U0036,R0431,3052.83,1,13,0,0,1,4348.31,0.7,219,0,0,0,0,43.0,0,0
T04731,2026-01-04T13:50:00+00:00,U0060,R0157,1161.85,1,13,0,0,2,2603.69,0.45,1595,0,0,0,0,20.0,0,0
T04732,2026-01-04T13:51:00+00:00,U0054,R0063,1891.09,1,13,0,0,0,5554.47,0.34,712,0,0,0,0,65.0,0,0
T04733,2026-01-04T13:52:00+00:00,U0037,R0019,1832.43,1,13,0,0,0,3231.83,0.57,132,0,0,0,0,139.0,0,0
T04734,2026-01-04T13:53:00+00:00,U0179,R0226,4488.01,1,13,0,1,0,3651.26,1.23,1145,0,0,0,0,97.0,0,0
T04735,2026-01-04T13:54:00+00:00,U0117,R0488,2958.78,1,13,0,0,0,3954.03,0.75,876,0,0,0,0,194.0,0,0
T04736,2026-01-04T13:55:00+00:00,U0128,R0429,7418.91,1,13,0,0,0,3429.17,2.16,1107,0,0,0,0,415.0,0,0
T04737,2026-01-04T13:56:00+00:00,U0072,R0302,2276.04,1,13,0,0,0,2695.45,0.84,1208,0,0,0,0,282.0,0,0
T04738,2026-01-04T13:57:00+00:00,U0022,R0031,20485.7,1,13,0,0,0,6829.54,3.0,887,0,0,0,0,170.0,0,1
T04739,2026-01-04T13:58:00+00:00,U0157,R0197,39455.01,1,13,1,1,0,4850.8,8.13,793,0,0,0,0,199.0,0,1
T04740,2026-01-04T13:59:00+00:00,U0098,R0197,5534.05,1,13,0,0,1,6856.12,0.81,938,0,0,0,0,37.0,0,0
T04741,2026-01-04T14:00:00+00:00,U0058,R0106,457.18,1,14,0,0,0,3607.59,0.13,1080,0,0,0,0,248.0,0,0
T04742,2026-01-04T14:01:00+00:00,U0169,R0221,3198.24,1,14,0,0,1,3051.99,1.05,1949,0,0,0,0,22.0,0,0
T04743,2026-01-04T14:02:00+00:00,U0170,R0157,6541.67,1,14,0,0,1,5931.7,1.1,1804,0,0,0,0,54.0,0,0
T04744,2026-01-04T14:03:00+00:00,U0196,R0179,510.78,1,14,0,0,1,3350.52,0.15,219,0,0,0,0,52.0,0,0
T04745,2026-01-04T14:04:00+00:00,U0156,R0387,1589.9,1,14,0,0,0,3537.42,0.45,1027,0,0,0,0,95.0,0,0
T04746,2026-01-04T14:05:00+00:00,U0068,R0415,3646.43,1,14,0,0,0,4278.94,0.85,98,0,0,0,0,62.0,0,0
T04747,2026-01-04T14:06:00+00:00,U0056,R0388,1405.77,1,14,0,0,0,4524.93,0.31,129,0,0,0,0,198.0,0,0
T04748,2026-01-04T14:07:00+00:00,U0186,R0425,1274.33,1,14,0,0,0,2868.0,0.44,1731,0,0,0,0,125.0,0,0
T04749,2026-01-04T14:08:00+00:00,U0110,R0401,5273.36,1,14,0,0,0,2991.98,1.76,29,0,0,0,0,436.0,0,0
T04750,2026-01-04T14:09:00+00:00,U0189,R0386,3285.17,1,14,0,0,1,3831.31,0.86,690,0,0,0,0,28.0,0,0
T04751,2026-01-04T14:10:00+00:00,U0028,R0284,4148.39,1,14,0,0,0,3208.69,1.29,1290,0,0,0,0,135.0,0,0
T04752,2026-01-04T14:11:00+00:00,U0185,R0478,399.25,1,14,1,0,0,4278.38,0.09,1483,0,0,0,0,358.0,0,0
T04753,2026-01-04T14:12:00+00:00,U0137,R0238,760.23,1,14,0,0,0,3594.38,0.21,511,0,0,0,0,74.0,0,0
T04754,2026-01-04T14:13:00+00:00,U0185,R0291,1296.74,1,14,0,0,1,4123.22,0.31,1483,1,0,0,0,2.0,0,0
T04755,2026-01-04T14:14:00+00:00,U0067,R0084,5004.67,0,14,0,0,0,3369.88,1.49,1381,0,0,0,0,193.0,1,0
T04756,2026-01-04T14:15:00+00:00,U0120,R0382,832.3,0,14,0,0,0,5789.62,0.14,524,0,0,0,0,369.0,1,0
T04757,2026-01-04T14:16:00+00:00,U0061,R0068,1005.52,1,14,1,0,0,3499.71,0.29,255,0,0,0,0,67.0,0,0
T04758,2026-01-04T14:17:00+00:00,U0072,R0410,572.52,1,14,0,1,1,2678.67,0.21,1208,0,0,0,0,21.0,0,0
T04759,2026-01-04T14:18:00+00:00,U0071,R0044,35797.9,1,14,1,0,0,5998.97,5.97,17,0,0,0,0,144.0,0,1
T04760,2026-01-04T14:19:00+00:00,U0198,R0278,4669.29,1,14,0,1,0,3176.72,1.47,1947,0,0,0,0,409.0,0,0
T04761,2026-01-04T14:20:00+00:00,U0147,R0203,4201.85,1,14,0,0,0,5963.54,0.7,1663,0,0,0,0,423.0,0,0
T04762,2026-01-04T14:21:00+00:00,U0071,R0186,1817.85,1,14,0,0,1,6960.23,0.26,17,1,0,0,0,3.0,0,0
T04763,2026-01-04T14:22:00+00:00,U0065,R0401,4063.79,1,14,0,0,0,4848.07,0.84,1869,0,0,0,0,486.0,0,0
T04764,2026-01-04T14:23:00+00:00,U0198,R0312,2742.24,1,14,1,0,1,3236.43,0.85,1947,1,0,0,0,4.0,0,0
T04765,2026-01-04T14:24:00+00:00,U0079,R0292,1272.75,1,14,0,1,0,2595.23,0.49,128,0,0,0,0,574.0,0,0
T04766,2026-01-04T14:25:00+00:00,U0068,R0434,8728.54,1,14,0,0,1,4254.61,2.05,98,0,0,0,0,20.0,0,0
T04767,2026-01-04T14:26:00+00:00,U0119,R0009,1266.58,1,14,1,0,0,5874.74,0.22,112,0,0,0,0,292.0,0,0
T04768,2026-01-04T14:27:00+00:00,U0120,R0019,1438.82,1,14,0,0,1,5459.14,0.26,524,0,0,0,0,12.0,0,0
T04769,2026-01-04T14:28:00+00:00,U0123,R0327,2269.1,1,14,0,0,0,3388.35,0.67,832,0,0,0,0,622.0,0,0
T04770,2026-01-04T14:29:00+00:00,U0056,R0210,22514.26,1,14,0,0,1,4383.15,5.14,129,0,0,0,0,23.0,0,1
T04771,2026-01-04T14:30:00+00:00,U0021,R0142,2361.32,1,14,0,0,0,6581.81,0.36,486,0,0,0,0,99.0,0,0
T04772,2026-01-04T14:31:00+00:00,U0142,R0161,1121.42,1,14,1,0,0,4554.04,0.25,1708,0,0,0,0,77.0,0,0
T04773,2026-01-04T14:32:00+00:00,U0113,R0093,776.89,0,14,0,0,1,3757.8,0.21,1440,0,0,0,0,57.0,1,0
T04774,2026-01-04T14:33:00+00:00,U0071,R0133,4588.46,1,14,0,0,2,6799.53,0.67,17,0,0,0,0,12.0,0,0
T04775,2026-01-04T14:34:00+00:00,U0033,R0117,6995.3,1,14,0,0,0,2582.2,2.71,1103,0,0,0,0,69.0,0,0
T04776,2026-01-04T14:35:00+00:00,U0038,R0447,17712.59,1,14,1,1,0,2815.03,6.29,400,0,0,0,0,232.0,0,1
T04777,2026-01-04T14:36:00+00:00,U0013,R0120,3981.34,1,14,0,0,0,6553.47,0.61,869,0,0,0,0,293.0,0,0
T04778,2026-01-04T14:37:00+00:00,U0010,R0095,4401.9,1,14,1,0,0,3396.23,1.3,1038,0,0,0,0,81.0,0,0
T04779,2026-01-04T14:38:00+00:00,U0113,R0297,649.5,1,14,0,0,1,3647.4,0.18,1440,1,0,0,0,6.0,0,0
T04780,2026-01-04T14:39:00+00:00,U0142,R0368,7117.47,1,14,0,0,1,4426.91,1.61,1708,1,0,0,0,8.0,0,0
T04781,2026-01-04T14:40:00+00:00,U0183,R0133,2994.3,1,14,0,0,0,3571.62,0.84,827,0,0,0,0,225.0,0,0
T04782,2026-01-04T14:41:00+00:00,U0005,R0348,4648.18,1,14,0,0,0,3345.96,1.39,1114,0,0,0,0,78.0,0,0
T04783,2026-01-04T14:42:00+00:00,U0091,R0277,2736.31,1,14,0,0,0,3174.27,0.86,823,0,0,0,0,155.0,0,0
T04784,2026-01-04T14:43:00+00:00,U0154,R0121,5646.54,0,14,0,0,0,3626.12,1.56,1010,0,0,0,0,726.0,1,0
T04785,2026-01-04T14:44:00+00:00,U0020,R0260,25073.21,1,14,1,1,0,3226.79,7.77,1664,0,0,0,0,738.0,0,1
T04786,2026-01-04T14:45:00+00:00,U0131,R0040,2769.16,1,14,0,0,0,4882.7,0.57,1810,0,0,0,0,175.0,0,0
T04787,2026-01-04T14:46:00+00:00,U0084,R0293,980.17,1,14,1,0,0,3848.23,0.25,1583,0,0,0,0,693.0,0,0
T04788,2026-01-04T14:47:00+00:00,U0175,R0213,1038.26,1,14,0,0,0,4145.81,0.25,1375,0,0,0,0,181.0,0,0
T04789,2026-01-04T14:48:00+00:00,U0110,R0449,23338.18,1,14,0,1,1,3079.72,7.58,29,0,0,0,0,40.0,0,1
T04790,2026-01-04T14:49:00+00:00,U0007,R0168,4052.14,1,14,0,0,0,5896.24,0.69,573,0,0,0,0,89.0,0,0
T04791,2026-01-04T14:50:00+00:00,U0093,R0172,2221.13,1,14,0,0,0,6967.22,0.32,403,0,0,0,0,425.0,0,0
T04792,2026-01-04T14:51:00+00:00,U0167,R0192,9025.76,0,14,0,1,0,2884.04,3.13,1126,0,0,0,0,94.0,1,0
T04793,2026-01-04T14:52:00+00:00,U0076,R0319,1400.39,1,14,1,0,0,4122.62,0.34,1540,0,0,0,0,245.0,0,0
T04794,2026-01-04T14:53:00+00:00,U0095,R0023,6935.51,1,14,0,0,0,2339.04,2.97,333,0,0,0,0,85.0,0,0
T04795,2026-01-04T14:54:00+00:00,U0039,R0467,1059.03,1,14,0,0,0,3585.37,0.3,176,0,0,0,0,651.0,0,0
T04796,2026-01-04T14:55:00+00:00,U0028,R0312,2319.1,1,14,0,0,1,3242.25,0.72,1290,0,0,0,0,45.0,0,0
T04797,2026-01-04T14:56:00+00:00,U0081,R0262,4042.58,1,14,0,0,0,3766.94,1.07,1251,0,0,0,0,80.0,0,0
T04798,2026-01-04T14:57:00+00:00,U0190,R0261,6408.11,1,14,1,0,0,3155.89,2.03,1087,0,0,0,0,104.0,0,0
T04799,2026-01-04T14:58:00+00:00,U0183,R0177,4846.62,1,14,0,0,1,3552.38,1.36,827,0,0,0,0,18.0,0,0
T04800,2026-01-04T14:59:00+00:00,U0097,R0426,602.26,1,14,0,0,0,3894.14,0.15,174,0,0,0,0,129.0,0,0
T04801,2026-01-04T15:00:00+00:00,U0169,R0372,5286.46,1,15,0,0,1,3056.05,1.73,1949,0,0,0,0,59.0,0,0
T04802,2026-01-04T15:01:00+00:00,U0196,R0333,332.61,1,15,0,0,1,3232.2,0.1,219,0,0,0,0,58.0,0,0
T04803,2026-01-04T15:02:00+00:00,U0020,R0491,407.89,1,15,0,1,1,4137.06,0.1,1664,0,0,0,0,18.0,0,0
T04804,2026-01-04T15:03:00+00:00,U0058,R0290,2090.04,1,15,0,0,0,3476.32,0.6,1080,0,0,0,0,63.0,0,0
T04805,2026-01-04T15:04:00+00:00,U0148,R0323,1205.52,1,15,0,0,0,3083.66,0.39,507,0,0,0,0,276.0,0,0
T04806,2026-01-04T15:05:00+00:00,U0108,R0276,2433.48,0,15,0,0,0,4932.04,0.49,1935,0,0,0,0,229.0,1,0
T04807,2026-01-04T15:06:00+00:00,U0136,R0409,4284.47,1,15,0,0,0,3355.13,1.28,126,0,0,0,0,150.0,0,0
T04808,2026-01-04T15:07:00+00:00,U0121,R0338,2740.95,1,15,0,0,0,3611.57,0.76,418,0,0,0,0,481.0,0,0
T04809,2026-01-04T15:08:00+00:00,U0113,R0163,1627.9,1,15,0,0,2,3540.33,0.46,1440,0,0,0,0,30.0,0,0
T04810,2026-01-04T15:09:00+00:00,U0148,R0151,2043.75,1,15,0,0,1,3014.1,0.68,507,1,0,0,0,5.0,0,0
T04811,2026-01-04T15:10:00+00:00,U0085,R0125,2668.06,1,15,0,0,0,3997.56,0.67,652,0,0,0,0,136.0,0,0
T04812,2026-01-04T15:11:00+00:00,U0093,R0119,2857.78,1,15,0,0,1,6803.56,0.42,403,0,0,0,0,21.0,0,0
T04813,2026-01-04T15:12:00+00:00,U0192,R0498,1291.9,1,15,0,0,0,2566.94,0.5,887,0,0,0,0,969.0,0,0
T04814,2026-01-04T15:13:00+00:00,U0062,R0228,2270.02,1,15,0,0,0,4643.79,0.49,820,0,0,0,0,867.0,0,0
T04815,2026-01-04T15:14:00+00:00,U0105,R0186,3854.67,1,15,0,0,0,4133.77,0.93,203,0,0,0,0,1209.0,0,0
T04816,2026-01-04T15:15:00+00:00,U0144,R0259,786.23,0,15,0,0,0,4288.42,0.18,685,0,0,0,0,147.0,1,0
T04817,2026-01-04T15:16:00+00:00,U0093,R0335,5064.58,1,15,0,0,2,6672.04,0.76,403,1,0,0,0,5.0,0,0
T04818,2026-01-04T15:17:00+00:00,U0059,R0230,13938.3,1,15,0,1,0,4676.95,2.98,75,0,0,0,0,106.0,0,1
T04819,2026-01-04T15:18:00+00:00,U0059,R0292,4165.72,1,15,0,0,1,5140.02,0.81,75,1,0,0,0,1.0,0,0
T04820,2026-01-04T15:19:00+00:00,U0033,R0474,1464.87,1,15,0,0,1,2758.72,0.53,1103,0,0,0,0,45.0,0,0
T04821,2026-01-04T15:20:00+00:00,U0199,R0466,2418.3,1,15,0,0,0,3715.86,0.65,1451,0,0,0,0,158.0,0,0
T04822,2026-01-04T15:21:00+00:00,U0150,R0341,1999.79,1,15,0,1,0,4278.03,0.47,1080,0,0,0,0,139.0,0,0
T04823,2026-01-04T15:22:00+00:00,U0067,R0408,428.44,1,15,0,0,0,3420.97,0.13,1381,0,0,0,0,68.0,0,0
T04824,2026-01-04T15:23:00+00:00,U0081,R0061,3249.39,1,15,0,0,1,3777.54,0.86,1251,0,0,0,0,27.0,0,0
T04825,2026-01-04T15:24:00+00:00,U0108,R0259,1431.59,1,15,0,0,1,4813.06,0.3,1935,0,0,0,0,19.0,0,0
T04826,2026-01-04T15:25:00+00:00,U0148,R0254,4693.77,1,15,0,0,2,2979.45,1.58,507,0,0,0,0,16.0,0,0
T04827,2026-01-04T15:26:00+00:00,U0198,R0102,4334.83,1,15,0,0,0,3217.42,1.35,1947,0,0,0,0,63.0,0,0
T04828,2026-01-04T15:27:00+00:00,U0117,R0008,1915.9,0,15,0,0,0,3919.71,0.49,876,0,0,0,0,93.0,1,0
T04829,2026-01-04T15:28:00+00:00,U0108,R0135,3485.92,1,15,0,0,2,4659.36,0.75,1935,1,0,0,0,4.0,0,0
T04830,2026-01-04T15:29:00+00:00,U0183,R0477,1232.65,1,15,0,0,2,3594.13,0.34,827,0,0,0,0,31.0,0,0
T04831,2026-01-04T15:30:00+00:00,U0026,R0065,7291.47,1,15,0,0,0,7668.09,0.95,407,0,0,0,0,336.0,0,0
T04832,2026-01-04T15:31:00+00:00,U0111,R0013,7450.67,1,15,1,1,0,1635.22,4.56,877,0,0,0,0,302.0,0,1
T04833,2026-01-04T15:32:00+00:00,U0019,R0068,7419.8,1,15,0,0,0,5174.31,1.43,1302,0,0,0,0,140.0,0,0
T04834,2026-01-04T15:33:00+00:00,U0136,R0471,902.31,0,15,0,0,1,3401.59,0.27,126,0,0,0,0,27.0,1,0
T04835,2026-01-04T15:34:00+00:00,U0109,R0182,5636.43,1,15,0,0,0,5151.59,1.09,579,0,0,0,0,218.0,0,0
T04836,2026-01-04T15:35:00+00:00,U0179,R0286,2446.15,1,15,0,0,0,3684.73,0.66,1145,0,0,0,0,102.0,0,0
T04837,2026-01-04T15:36:00+00:00,U0076,R0061,1852.32,1,15,0,0,1,3979.34,0.47,1540,0,0,0,0,44.0,0,0
T04838,2026-01-04T15:37:00+00:00,U0087,R0303,399.39,1,15,0,0,0,4351.91,0.09,1811,0,0,0,0,153.0,0,0
T04839,2026-01-04T15:38:00+00:00,U0028,R0370,2639.04,0,15,1,0,1,3210.42,0.82,1290,0,0,0,0,43.0,1,0
T04840,2026-01-04T15:39:00+00:00,U0190,R0472,4639.76,1,15,1,1,1,3264.3,1.42,1087,0,0,0,0,42.0,0,1
T04841,2026-01-04T15:40:00+00:00,U0115,R0467,8244.45,1,15,0,0,0,3051.13,2.7,579,0,0,0,0,446.0,0,0
T04842,2026-01-04T15:41:00+00:00,U0116,R0380,3094.93,1,15,0,0,0,4713.15,0.66,463,0,0,0,0,190.0,0,0
T04843,2026-01-04T15:42:00+00:00,U0075,R0388,3312.76,1,15,0,0,0,4237.44,0.78,86,0,0,0,0,167.0,0,0
T04844,2026-01-04T15:43:00+00:00,U0035,R0376,4985.68,1,15,0,0,0,2280.38,2.19,1476,0,0,0,0,680.0,0,0
T04845,2026-01-04T15:44:00+00:00,U0197,R0302,2594.48,1,15,0,0,0,5546.46,0.47,274,0,0,0,0,388.0,0,0
T04846,2026-01-04T15:45:00+00:00,U0131,R0043,2700.18,1,15,0,1,1,4771.46,0.57,1810,0,0,0,0,60.0,0,0
T04847,2026-01-04T15:46:00+00:00,U0002,R0304,1809.03,1,15,0,0,0,3189.03,0.57,1660,0,0,0,0,249.0,0,0
T04848,2026-01-04T15:47:00+00:00,U0173,R0333,1098.37,1,15,0,0,0,3211.8,0.34,1772,0,0,0,0,252.0,0,0
T04849,2026-01-04T15:48:00+00:00,U0083,R0225,1143.61,1,15,0,0,0,9172.66,0.12,313,0,0,0,0,500.0,0,0
T04850,2026-01-04T15:49:00+00:00,U0185,R0302,1901.08,1,15,0,0,0,4014.5,0.47,1483,0,0,0,0,96.0,0,0
T04851,2026-01-04T15:50:00+00:00,U0198,R0050,4818.3,1,15,0,0,1,3258.8,1.48,1947,0,0,0,0,24.0,0,0
T04852,2026-01-04T15:51:00+00:00,U0127,R0175,5068.39,1,15,0,0,0,2828.2,1.79,675,0,0,0,0,257.0,0,0
T04853,2026-01-04T15:52:00+00:00,U0133,R0460,713.36,1,15,0,0,0,3879.22,0.18,257,0,0,0,0,173.0,0,0
T04854,2026-01-04T15:53:00+00:00,U0131,R0433,2973.82,1,15,0,0,1,4667.9,0.64,1810,1,0,0,0,8.0,0,0
T04855,2026-01-04T15:54:00+00:00,U0074,R0166,1133.29,1,15,0,0,0,3635.25,0.31,589,0,0,0,0,356.0,0,0
T04856,2026-01-04T15:55:00+00:00,U0194,R0092,2668.3,1,15,1,0,0,5184.46,0.51,1773,0,0,0,0,210.0,0,0
T04857,2026-01-04T15:56:00+00:00,U0011,R0417,9297.8,1,15,0,0,0,3738.74,2.49,177,0,0,0,0,625.0,0,0
T04858,2026-01-04T15:57:00+00:00,U0188,R0108,754.27,1,15,0,0,0,5072.58,0.15,1681,0,0,0,0,170.0,0,0
T04859,2026-01-04T15:58:00+00:00,U0072,R0295,4924.3,1,15,0,1,0,2597.67,1.9,1208,0,0,0,0,101.0,0,0
T04860,2026-01-04T15:59:00+00:00,U0081,R0051,1972.75,1,15,0,0,1,3757.98,0.52,1251,0,0,0,0,36.0,0,0
T04861,2026-01-04T16:00:00+00:00,U0043,R0061,901.05,1,16,0,0,0,4032.61,0.22,1004,0,0,0,0,461.0,0,0
T04862,2026-01-04T16:01:00+00:00,U0125,R0225,11789.47,1,16,1,0,0,5115.57,2.3,499,0,0,0,0,133.0,0,1
T04863,2026-01-04T16:02:00+00:00,U0044,R0148,918.82,1,16,0,0,0,6325.0,0.15,1950,0,0,0,0,366.0,0,0
T04864,2026-01-04T16:03:00+00:00,U0067,R0311,1095.51,1,16,0,0,1,3330.28,0.33,1381,0,0,0,0,41.0,0,0
T04865,2026-01-04T16:04:00+00:00,U0060,R0342,5179.53,1,16,0,0,0,2523.58,2.05,1595,0,0,0,0,134.0,0,0
T04866,2026-01-04T16:05:00+00:00,U0025,R0106,12096.64,1,16,0,0,0,3017.67,4.01,1745,0,0,0,0,277.0,0,1
T04867,2026-01-04T16:06:00+00:00,U0131,R0387,1862.1,1,16,0,0,2,4587.23,0.41,1810,0,0,0,0,13.0,0,0
T04868,2026-01-04T16:07:00+00:00,U0154,R0463,2390.8,1,16,0,0,0,3717.96,0.64,1010,0,0,0,0,84.0,0,0
T04869,2026-01-04T16:08:00+00:00,U0139,R0276,2349.65,1,16,0,0,0,3040.51,0.77,1504,0,0,0,0,1228.0,0,0
T04870,2026-01-04T16:09:00+00:00,U0002,R0251,6245.67,1,16,0,0,1,3135.95,1.99,1660,0,0,0,0,23.0,0,0
T04871,2026-01-04T16:10:00+00:00,U0007,R0190,1920.44,1,16,0,0,0,5812.42,0.33,573,0,0,0,0,81.0,0,0
T04872,2026-01-04T16:11:00+00:00,U0147,R0219,3235.31,1,16,0,0,0,5900.62,0.55,1663,0,0,0,0,111.0,0,0
T04873,2026-01-04T16:12:00+00:00,U0134,R0065,32053.34,1,16,0,0,0,3775.26,8.49,723,0,0,0,0,328.0,0,1
T04874,2026-01-04T16:13:00+00:00,U0076,R0471,1155.69,1,16,0,0,1,3872.99,0.3,1540,0,0,0,0,37.0,0,0
T04875,2026-01-04T16:14:00+00:00,U0181,R0471,2578.14,1,16,0,0,0,3520.65,0.73,215,0,0,0,0,249.0,0,0
T04876,2026-01-04T16:15:00+00:00,U0114,R0456,1446.74,0,16,0,0,0,4897.25,0.3,447,0,0,0,0,304.0,1,0
T04877,2026-01-04T16:16:00+00:00,U0068,R0045,4427.66,1,16,1,0,0,4420.31,1.0,98,0,0,0,0,111.0,0,0
T04878,2026-01-04T16:17:00+00:00,U0072,R0375,640.63,1,16,0,0,1,2683.84,0.24,1208,0,0,0,0,19.0,0,0
T04879,2026-01-04T16:18:00+00:00,U0091,R0412,4178.74,1,16,0,0,0,3156.75,1.32,823,0,0,0,0,96.0,0,0
T04880,2026-01-04T16:19:00+00:00,U0057,R0373,1039.19,1,16,0,0,0,3608.79,0.29,459,0,0,0,0,157.0,0,0
T04881,2026-01-04T16:20:00+00:00,U0041,R0260,1034.3,1,16,0,0,0,5099.72,0.2,680,0,0,0,0,203.0,0,0
T04882,2026-01-04T16:21:00+00:00,U0117,R0323,3353.3,1,16,0,0,1,3852.92,0.87,876,0,0,0,0,54.0,0,0
T04883,2026-01-04T16:22:00+00:00,U0173,R0398,3758.83,1,16,1,0,1,3123.74,1.2,1772,0,0,0,0,35.0,0,0
T04884,2026-01-04T16:23:00+00:00,U0177,R0162,10793.73,1,16,1,1,0,4586.35,2.35,315,0,0,0,0,285.0,0,1
T04885,2026-01-04T16:24:00+00:00,U0010,R0222,3752.4,1,16,0,0,0,3430.91,1.09,1038,0,0,0,0,107.0,0,0
T04886,2026-01-04T16:25:00+00:00,U0181,R0407,6198.26,1,16,0,0,1,3486.99,1.78,215,0,0,0,0,11.0,0,0
T04887,2026-01-04T16:26:00+00:00,U0049,R0431,2439.19,1,16,0,0,0,2774.56,0.88,100,0,0,0,0,583.0,0,0
T04888,2026-01-04T16:27:00+00:00,U0161,R0019,4130.48,1,16,0,0,0,5328.75,0.78,1632,0,0,0,0,319.0,0,0
T04889,2026-01-04T16:28:00+00:00,U0161,R0005,4248.46,1,16,0,0,1,5285.96,0.8,1632,1,0,0,0,1.0,0,0
T04890,2026-01-04T16:29:00+00:00,U0151,R0193,4991.53,1,16,0,0,0,5708.1,0.87,1656,0,0,0,0,276.0,0,0
T04891,2026-01-04T16:30:00+00:00,U0057,R0345,48413.77,1,16,0,1,1,3513.62,13.78,459,0,0,0,0,11.0,0,1
T04892,2026-01-04T16:31:00+00:00,U0121,R0078,3374.99,1,16,0,0,0,3575.29,0.94,418,0,0,0,0,84.0,0,0
T04893,2026-01-04T16:32:00+00:00,U0048,R0376,22812.93,1,16,1,1,0,3917.58,5.82,453,0,0,0,0,288.0,0,1
T04894,2026-01-04T16:33:00+00:00,U0034,R0102,5704.21,1,16,0,0,0,3016.18,1.89,1925,0,0,0,0,664.0,0,0
T04895,2026-01-04T16:34:00+00:00,U0023,R0487,7562.61,1,16,0,0,0,2793.87,2.71,1815,0,0,0,0,237.0,0,0
T04896,2026-01-04T16:35:00+00:00,U0186,R0384,1503.24,1,16,0,0,0,2804.26,0.54,1731,0,0,0,0,148.0,0,0
T04897,2026-01-04T16:36:00+00:00,U0112,R0035,274.59,1,16,0,0,0,3657.21,0.08,939,0,0,0,0,187.0,0,0
T04898,2026-01-04T16:37:00+00:00,U0157,R0107,4140.09,1,16,0,0,0,6132.44,0.68,793,0,0,0,0,159.0,0,0
T04899,2026-01-04T16:38:00+00:00,U0010,R0215,3582.18,1,16,0,0,1,3441.62,1.04,1038,0,0,0,0,14.0,0,0
T04900,2026-01-04T16:39:00+00:00,U0158,R0195,2535.15,1,16,0,0,0,4514.45,0.56,1865,0,0,0,0,292.0,0,0
T04901,2026-01-04T16:40:00+00:00,U0061,R0327,4706.37,1,16,1,0,0,3368.44,1.4,255,0,0,0,0,144.0,0,0
T04902,2026-01-04T16:41:00+00:00,U0136,R0337,5753.44,1,16,0,0,0,3282.58,1.75,126,0,0,0,0,68.0,0,0
T04903,2026-01-04T16:42:00+00:00,U0077,R0431,1009.27,1,16,0,0,0,3427.37,0.29,332,0,0,0,0,230.0,0,0
T04904,2026-01-04T16:43:00+00:00,U0075,R0343,4927.56,1,16,1,0,0,4188.77,1.18,86,0,0,0,0,61.0,0,0
T04905,2026-01-04T16:44:00+00:00,U0162,R0201,1810.31,1,16,0,0,0,5153.6,0.35,391,0,0,0,0,506.0,0,0
T04906,2026-01-04T16:45:00+00:00,U0140,R0247,3679.08,1,16,0,0,0,4905.68,0.75,1219,0,0,0,0,185.0,0,0
T04907,2026-01-04T16:46:00+00:00,U0057,R0058,847.98,1,16,0,0,2,5117.19,0.17,459,0,0,0,0,16.0,0,0
T04908,2026-01-04T16:47:00+00:00,U0194,R0392,14735.74,0,16,0,1,1,5097.7,2.89,1773,0,0,0,0,52.0,1,1
T04909,2026-01-04T16:48:00+00:00,U0115,R0167,3737.32,1,16,0,0,0,3298.43,1.13,579,0,0,0,0,68.0,0,0
T04910,2026-01-04T16:49:00+00:00,U0109,R0060,2664.58,1,16,0,0,0,5168.31,0.52,579,0,0,0,0,75.0,0,0
T04911,2026-01-04T16:50:00+00:00,U0082,R0339,7952.38,1,16,0,0,0,6026.84,1.32,212,0,0,0,0,480.0,0,0
T04912,2026-01-04T16:51:00+00:00,U0179,R0204,13770.21,1,16,0,1,0,3637.09,3.79,1145,0,0,0,0,76.0,0,1
T04913,2026-01-04T16:52:00+00:00,U0199,R0452,3220.43,1,16,0,0,0,3656.88,0.88,1451,0,0,0,0,92.0,0,0
T04914,2026-01-04T16:53:00+00:00,U0126,R0308,1877.15,1,16,0,0,0,5417.88,0.35,1797,0,0,0,0,989.0,0,0
T04915,2026-01-04T16:54:00+00:00,U0061,R0015,4180.13,1,16,0,0,1,3435.34,1.22,255,0,0,0,0,14.0,0,0
T04916,2026-01-04T16:55:00+00:00,U0130,R0111,7270.7,1,16,0,0,0,4066.84,1.79,708,0,0,0,0,313.0,0,0
T04917,2026-01-04T16:56:00+00:00,U0105,R0032,1197.57,1,16,0,0,0,4117.36,0.29,203,0,0,0,0,102.0,0,0
T04918,2026-01-04T16:57:00+00:00,U0083,R0134,4558.77,1,16,0,0,0,8726.6,0.52,313,0,0,0,0,69.0,0,0
T04919,2026-01-04T16:58:00+00:00,U0106,R0201,5419.1,0,16,0,0,0,2910.03,1.86,1381,0,0,0,0,191.0,1,0
T04920,2026-01-04T16:59:00+00:00,U0109,R0205,3707.59,1,16,0,0,1,5084.85,0.73,579,1,0,0,0,10.0,0,0
T04921,2026-01-04T17:00:00+00:00,U0014,R0138,1786.69,0,17,0,0,0,4293.84,0.42,608,0,0,0,0,328.0,1,0
T04922,2026-01-04T17:01:00+00:00,U0057,R0174,2310.02,1,17,0,0,3,4969.98,0.46,459,0,0,0,0,15.0,0,0
T04923,2026-01-04T17:02:00+00:00,U0012,R0158,4877.62,1,17,0,0,0,4001.41,1.22,476,0,0,0,0,478.0,0,0
T04924,2026-01-04T17:03:00+00:00,U0057,R0294,1219.08,1,17,0,0,4,4881.31,0.25,459,1,0,0,0,2.0,0,0
T04925,2026-01-04T17:04:00+00:00,U0138,R0106,31953.97,1,17,0,0,0,5557.69,5.75,1898,0,0,0,0,212.0,0,1
T04926,2026-01-04T17:05:00+00:00,U0029,R0486,7093.91,1,17,0,0,0,6393.87,1.11,316,0,0,0,0,450.0,0,0
T04927,2026-01-04T17:06:00+00:00,U0157,R0169,18107.27,1,17,1,0,1,6061.29,2.99,793,0,0,0,0,29.0,0,1
T04928,2026-01-04T17:07:00+00:00,U0139,R0011,6245.81,1,17,0,0,1,3009.1,2.08,1504,0,0,0,0,59.0,0,0
T04929,2026-01-04T17:08:00+00:00,U0006,R0411,8080.86,1,17,0,0,0,8228.88,0.98,1386,0,0,0,0,403.0,0,0
T04930,2026-01-04T17:09:00+00:00,U0200,R0361,488.03,1,17,0,0,0,2642.69,0.18,1096,0,0,0,0,764.0,0,0
T04931,2026-01-04T17:10:00+00:00,U0091,R0393,7576.75,1,17,0,0,1,3196.06,2.37,823,0,0,0,0,52.0,0,0
T04932,2026-01-04T17:11:00+00:00,U0017,R0336,7770.81,1,17,1,1,0,5133.31,1.51,53,0,0,0,0,285.0,0,0
T04933,2026-01-04T17:12:00+00:00,U0054,R0186,2346.66,1,17,0,0,0,5428.14,0.43,712,0,0,0,0,201.0,0,0
T04934,2026-01-04T17:13:00+00:00,U0041,R0430,3100.18,1,17,0,0,1,4914.93,0.63,680,0,0,0,0,53.0,0,0
T04935,2026-01-04T17:14:00+00:00,U0184,R0118,2938.87,1,17,0,0,0,3196.62,0.92,327,0,0,0,0,441.0,0,0
T04936,2026-01-04T17:15:00+00:00,U0042,R0467,2248.83,1,17,0,0,0,3381.27,0.67,914,0,0,0,0,564.0,0,0
T04937,2026-01-04T17:16:00+00:00,U0106,R0111,1752.13,1,17,0,0,1,2993.67,0.59,1381,0,0,0,0,18.0,0,0
T04938,2026-01-04T17:17:00+00:00,U0064,R0482,752.51,1,17,0,0,0,3628.5,0.21,1159,0,0,0,0,425.0,0,0
T04939,2026-01-04T17:18:00+00:00,U0006,R0387,11647.67,1,17,0,0,1,8222.15,1.42,1386,1,0,0,0,10.0,0,1
T04940,2026-01-04T17:19:00+00:00,U0027,R0257,1931.44,1,17,0,0,0,5246.56,0.37,1808,0,0,0,0,501.0,0,0
T04941,2026-01-04T17:20:00+00:00,U0125,R0022,2816.79,1,17,0,0,0,5382.53,0.52,499,0,0,0,0,79.0,0,0
T04942,2026-01-04T17:21:00+00:00,U0078,R0013,1019.34,1,17,0,0,0,5206.18,0.2,797,0,0,0,0,243.0,0,0
T04943,2026-01-04T17:22:00+00:00,U0198,R0353,32632.27,1,17,1,0,0,3314.5,9.85,1947,0,0,0,0,92.0,0,1
T04944,2026-01-04T17:23:00+00:00,U0070,R0384,3160.5,1,17,0,0,0,4888.27,0.65,664,0,0,0,0,248.0,0,0
T04945,2026-01-04T17:24:00+00:00,U0097,R0336,3283.6,1,17,0,0,0,3780.63,0.87,174,0,0,0,0,145.0,0,0
T04946,2026-01-04T17:25:00+00:00,U0190,R0449,4775.2,1,17,0,0,0,3308.67,1.44,1087,0,0,0,0,106.0,0,0
T04947,2026-01-04T17:26:00+00:00,U0022,R0040,4038.83,1,17,0,0,0,7300.44,0.55,887,0,0,0,0,209.0,0,0
T04948,2026-01-04T17:27:00+00:00,U0185,R0361,8227.41,1,17,0,0,0,3936.23,2.09,1483,0,0,0,0,98.0,0,0
T04949,2026-01-04T17:28:00+00:00,U0107,R0011,6396.43,1,17,0,0,0,5855.41,1.09,1230,0,0,0,0,519.0,0,0
T04950,2026-01-04T17:29:00+00:00,U0139,R0310,1896.4,1,17,0,1,1,3149.83,0.6,1504,0,0,0,0,22.0,0,0
T04951,2026-01-04T17:30:00+00:00,U0025,R0377,2382.76,1,17,0,0,0,3585.11,0.66,1745,0,0,0,0,85.0,0,0
T04952,2026-01-04T17:31:00+00:00,U0101,R0100,2462.9,1,17,0,0,0,5433.35,0.45,1165,0,0,0,0,415.0,0,0
T04953,2026-01-04T17:32:00+00:00,U0080,R0402,2806.88,1,17,0,0,0,7265.52,0.39,846,0,0,0,0,272.0,0,0
T04954,2026-01-04T17:33:00+00:00,U0132,R0381,1731.58,1,17,0,1,0,4185.48,0.41,12,0,0,0,0,883.0,0,0
T04955,2026-01-04T17:34:00+00:00,U0071,R0235,7895.46,1,17,0,0,0,6732.53,1.17,17,0,0,0,0,181.0,0,0
T04956,2026-01-04T17:35:00+00:00,U0068,R0497,6943.39,1,17,0,0,0,4420.58,1.57,98,0,0,0,0,79.0,0,0
T04957,2026-01-04T17:36:00+00:00,U0121,R0193,5252.04,1,17,0,0,0,3567.28,1.47,418,0,0,0,0,65.0,0,0
T04958,2026-01-04T17:37:00+00:00,U0024,R0114,299.66,0,17,0,0,0,3161.94,0.09,1553,0,0,0,0,697.0,1,0
T04959,2026-01-04T17:38:00+00:00,U0144,R0143,3579.93,1,17,0,0,0,4136.15,0.87,685,0,0,0,0,143.0,0,0
T04960,2026-01-04T17:39:00+00:00,U0180,R0274,2773.37,0,17,0,0,0,5832.48,0.48,793,0,0,0,0,652.0,1,0
T04961,2026-01-04T17:40:00+00:00,U0098,R0009,126.59,1,17,0,0,0,6817.23,0.02,938,0,0,0,0,221.0,0,0
T04962,2026-01-04T17:41:00+00:00,U0187,R0202,974.14,1,17,0,0,0,3916.96,0.25,1389,0,0,0,0,297.0,0,0
T04963,2026-01-04T17:42:00+00:00,U0196,R0280,3312.64,1,17,0,0,0,3116.22,1.06,219,0,0,0,0,161.0,0,0
T04964,2026-01-04T17:43:00+00:00,U0116,R0115,2803.24,1,17,0,1,0,4653.22,0.6,463,0,0,0,0,122.0,0,0
T04965,2026-01-04T17:44:00+00:00,U0007,R0204,557.15,1,17,0,0,0,5643.2,0.1,573,0,0,0,0,94.0,0,0
T04966,2026-01-04T17:45:00+00:00,U0115,R0190,5868.64,1,17,0,0,1,3318.38,1.77,579,0,0,0,0,57.0,0,0
T04967,2026-01-04T17:46:00+00:00,U0028,R0330,574.75,1,17,0,0,0,3191.37,0.18,1290,0,0,0,0,128.0,0,0
T04968,2026-01-04T17:47:00+00:00,U0037,R0415,2152.68,1,17,0,0,0,3183.58,0.68,132,0,0,0,0,235.0,0,0
T04969,2026-01-04T17:48:00+00:00,U0022,R0049,4207.32,1,17,0,0,1,7191.72,0.59,887,0,0,0,0,22.0,0,0
T04970,2026-01-04T17:49:00+00:00,U0054,R0443,1873.46,1,17,0,0,1,5325.43,0.35,712,0,0,0,0,37.0,0,0
T04971,2026-01-04T17:50:00+00:00,U0152,R0128,1143.74,1,17,0,0,0,6119.36,0.19,1711,0,0,0,0,548.0,0,0
T04972,2026-01-04T17:51:00+00:00,U0104,R0316,4825.7,1,17,0,0,0,2902.7,1.66,508,0,0,0,0,333.0,0,0
T04973,2026-01-04T17:52:00+00:00,U0134,R0371,6692.52,1,17,0,0,0,4953.51,1.35,723,0,0,0,0,100.0,0,0
T04974,2026-01-04T17:53:00+00:00,U0195,R0120,4282.25,1,17,0,0,0,5545.94,0.77,1578,0,0,0,0,509.0,0,0
T04975,2026-01-04T17:54:00+00:00,U0127,R0130,935.44,1,17,0,0,0,2925.6,0.32,675,0,0,0,0,123.0,0,0
T04976,2026-01-04T17:55:00+00:00,U0190,R0173,407.0,1,17,0,0,1,3354.5,0.12,1087,0,0,0,0,30.0,0,0
T04977,2026-01-04T17:56:00+00:00,U0010,R0165,348.94,1,17,0,0,0,3446.16,0.1,1038,0,0,0,0,78.0,0,0
T04978,2026-01-04T17:57:00+00:00,U0154,R0209,1976.32,1,17,0,0,0,3660.26,0.54,1010,0,0,0,0,110.0,0,0
T04979,2026-01-04T17:58:00+00:00,U0069,R0354,1688.97,1,17,0,0,0,4764.89,0.35,1754,0,0,0,0,253.0,0,0
T04980,2026-01-04T17:59:00+00:00,U0144,R0407,3463.98,1,17,0,0,1,4112.98,0.84,685,0,0,0,0,21.0,0,0
T04981,2026-01-04T18:00:00+00:00,U0128,R0161,609.71,1,18,0,0,0,3610.52,0.17,1107,0,0,0,0,245.0,0,0
T04982,2026-01-04T18:01:00+00:00,U0061,R0165,1767.15,1,18,1,0,0,3470.8,0.51,255,0,0,0,0,67.0,0,0
T04983,2026-01-04T18:02:00+00:00,U0124,R0264,1120.27,1,18,1,0,0,4226.53,0.27,1661,0,0,0,0,350.0,0,0
T04984,2026-01-04T18:03:00+00:00,U0190,R0376,2485.14,1,18,0,0,2,3265.18,0.76,1087,1,0,0,0,8.0,0,0
T04985,2026-01-04T18:04:00+00:00,U0027,R0218,1525.12,1,18,0,0,1,5088.69,0.3,1808,0,0,0,0,45.0,0,0
T04986,2026-01-04T18:05:00+00:00,U0097,R0066,1640.22,1,18,0,0,1,3764.06,0.44,174,0,0,0,0,41.0,0,0
T04987,2026-01-04T18:06:00+00:00,U0042,R0267,3318.26,1,18,1,0,1,3343.52,0.99,914,0,0,0,0,51.0,0,0
T04988,2026-01-04T18:07:00+00:00,U0043,R0102,1014.78,1,18,0,0,0,3907.35,0.26,1004,0,0,0,0,127.0,0,0
T04989,2026-01-04T18:08:00+00:00,U0030,R0020,3278.66,0,18,0,0,0,4214.44,0.78,229,0,0,0,0,341.0,1,0
T04990,2026-01-04T18:09:00+00:00,U0127,R0088,1909.38,1,18,0,0,1,2842.68,0.67,675,0,0,0,0,15.0,0,0
T04991,2026-01-04T18:10:00+00:00,U0135,R0250,1559.97,1,18,1,0,0,3122.03,0.5,1258,0,0,0,0,456.0,0,0
T04992,2026-01-04T18:11:00+00:00,U0141,R0215,3470.28,1,18,0,0,0,3270.46,1.06,113,0,0,0,0,285.0,0,0
T04993,2026-01-04T18:12:00+00:00,U0076,R0061,4296.78,0,18,0,0,0,3743.59,1.15,1540,0,0,0,0,119.0,1,0
T04994,2026-01-04T18:13:00+00:00,U0076,R0369,694.43,1,18,0,0,1,3768.74,0.18,1540,1,0,0,0,1.0,0,0
T04995,2026-01-04T18:14:00+00:00,U0174,R0139,380.23,1,18,0,0,0,5436.87,0.07,1108,0,0,0,0,340.0,0,0
T04996,2026-01-04T18:15:00+00:00,U0158,R0456,1731.72,1,18,0,0,0,4450.6,0.39,1865,0,0,0,0,96.0,0,0
T04997,2026-01-04T18:16:00+00:00,U0167,R0085,1365.52,0,18,0,0,0,3082.16,0.44,1126,0,0,0,0,205.0,1,0
T04998,2026-01-04T18:17:00+00:00,U0134,R0351,2091.84,1,18,0,0,1,5023.07,0.42,723,0,0,0,0,25.0,0,0
T04999,2026-01-04T18:18:00+00:00,U0158,R0488,2666.68,1,18,0,0,1,4365.63,0.61,1865,1,0,0,0,3.0,0,0
T05000,2026-01-04T18:19:00+00:00,U0133,R0310,4741.01,1,18,0,0,0,3761.97,1.26,257,0,0,0,0,147.0,0,0
T05001,2026-01-04T18:20:00+00:00,U0119,R0108,6270.88,1,18,0,0,0,5674.38,1.11,112,0,0,0,0,234.0,0,0
T05002,2026-01-04T18:21:00+00:00,U0192,R0369,5558.11,1,18,0,0,0,2499.83,2.22,887,0,0,0,0,189.0,0,0
T05003,2026-01-04T18:22:00+00:00,U0035,R0085,23379.2,1,18,0,0,0,2373.66,9.85,1476,0,0,0,0,159.0,0,1
T05004,2026-01-04T18:23:00+00:00,U0122,R0006,6507.78,1,18,0,0,0,4153.39,1.57,1750,0,0,0,0,445.0,0,0
T05005,2026-01-04T18:24:00+00:00,U0046,R0077,3966.85,1,18,0,0,0,4959.2,0.8,854,0,0,0,0,632.0,0,0
T05006,2026-01-04T18:25:00+00:00,U0002,R0160,757.09,1,18,0,0,0,3251.13,0.23,1660,0,0,0,0,136.0,0,0
T05007,2026-01-04T18:26:00+00:00,U0052,R0356,3878.6,1,18,0,0,0,3473.66,1.12,51,0,0,0,0,395.0,0,0
T05008,2026-01-04T18:27:00+00:00,U0118,R0170,1637.84,1,18,0,0,0,3507.57,0.47,635,0,0,0,0,390.0,0,0
T05009,2026-01-04T18:28:00+00:00,U0160,R0240,773.88,1,18,0,0,0,4658.59,0.17,214,0,0,0,0,506.0,0,0
T05010,2026-01-04T18:29:00+00:00,U0018,R0180,3658.06,1,18,0,1,0,5073.92,0.72,74,0,0,0,0,340.0,0,0
T05011,2026-01-04T18:30:00+00:00,U0058,R0177,5072.71,1,18,0,0,0,3420.87,1.48,1080,0,0,0,0,207.0,0,0
T05012,2026-01-04T18:31:00+00:00,U0050,R0141,5245.25,1,18,0,0,0,2761.34,1.9,682,0,0,0,0,623.0,0,0
T05013,2026-01-04T18:32:00+00:00,U0110,R0300,1778.72,1,18,0,0,0,3830.04,0.46,29,0,0,0,0,224.0,0,0
T05014,2026-01-04T18:33:00+00:00,U0095,R0320,7807.27,1,18,0,0,0,2487.32,3.14,333,0,0,0,0,220.0,0,0
T05015,2026-01-04T18:34:00+00:00,U0066,R0288,1999.64,1,18,0,0,0,8993.04,0.22,532,0,0,0,0,495.0,0,0
T05016,2026-01-04T18:35:00+00:00,U0169,R0104,2869.89,1,18,0,0,0,3116.34,0.92,1949,0,0,0,0,215.0,0,0
T05017,2026-01-04T18:36:00+00:00,U0040,R0053,916.4,1,18,0,0,0,5306.17,0.17,1571,0,0,0,0,682.0,0,0
T05018,2026-01-04T18:37:00+00:00,U0072,R0092,1930.44,1,18,0,0,0,2610.87,0.74,1208,0,0,0,0,140.0,0,0
T05019,2026-01-04T18:38:00+00:00,U0027,R0065,3465.83,1,18,0,0,1,4926.71,0.7,1808,0,0,0,0,34.0,0,0
T05020,2026-01-04T18:39:00+00:00,U0151,R0331,276.22,1,18,0,0,0,5679.44,0.05,1656,0,0,0,0,130.0,0,0
T05021,2026-01-04T18:40:00+00:00,U0085,R0295,18207.67,1,18,1,1,0,3950.08,4.61,652,0,0,0,0,210.0,0,1
T05022,2026-01-04T18:41:00+00:00,U0152,R0310,1329.01,1,18,0,0,1,5903.03,0.23,1711,0,0,0,0,51.0,0,0
T05023,2026-01-04T18:42:00+00:00,U0189,R0447,1562.92,1,18,0,0,0,3811.81,0.41,690,0,0,0,0,273.0,0,0
T05024,2026-01-04T18:43:00+00:00,U0122,R0108,1121.1,1,18,0,1,1,4234.58,0.26,1750,0,0,0,0,20.0,0,0
T05025,2026-01-04T18:44:00+00:00,U0060,R0111,7471.58,1,18,0,0,0,2663.37,2.81,1595,0,0,0,0,160.0,0,0
T05026,2026-01-04T18:45:00+00:00,U0158,R0076,532.3,1,18,1,0,2,4314.15,0.12,1865,0,0,0,0,27.0,0,0
T05027,2026-01-04T18:46:00+00:00,U0122,R0448,496.59,1,18,0,0,2,4130.8,0.12,1750,1,0,0,0,3.0,0,0
T05028,2026-01-04T18:47:00+00:00,U0020,R0459,3120.94,1,18,0,0,0,3987.89,0.78,1664,0,0,0,0,225.0,0,1
T05029,2026-01-04T18:48:00+00:00,U0020,R0459,3120.94,0,18,0,1,1,3954.55,0.79,1664,1,1,1,1,1.0,1,1
T05030,2026-01-04T18:49:00+00:00,U0020,R0459,3120.94,0,18,1,1,2,3923.67,0.8,1664,2,2,2,2,1.0,2,1
T05031,2026-01-04T18:50:00+00:00,U0036,R0262,1283.22,1,18,0,0,0,4309.06,0.3,219,0,0,0,0,301.0,0,0
T05032,2026-01-04T18:51:00+00:00,U0109,R0341,1470.47,1,18,0,0,0,5040.42,0.29,579,0,0,0,0,112.0,0,0
T05033,2026-01-04T18:52:00+00:00,U0078,R0257,353.64,1,18,0,0,0,5031.73,0.07,797,0,0,0,0,91.0,0,0
T05034,2026-01-04T18:53:00+00:00,U0062,R0287,1686.83,1,18,0,0,0,4504.15,0.37,820,0,0,0,0,220.0,0,0
T05035,2026-01-04T18:54:00+00:00,U0199,R0198,379.16,1,18,0,0,0,3637.9,0.1,1451,0,0,0,0,122.0,0,0
T05036,2026-01-04T18:55:00+00:00,U0091,R0160,6908.64,1,18,0,1,0,3358.31,2.06,823,0,0,0,0,105.0,0,0
T05037,2026-01-04T18:56:00+00:00,U0082,R0272,1646.69,1,18,0,0,0,6095.61,0.27,212,0,0,0,0,126.0,0,0
T05038,2026-01-04T18:57:00+00:00,U0155,R0432,3332.87,1,18,0,0,0,3421.0,0.97,1159,0,0,0,0,852.0,0,0
T05039,2026-01-04T18:58:00+00:00,U0043,R0485,1477.8,1,18,0,0,1,3796.09,0.39,1004,0,0,0,0,51.0,0,0
T05040,2026-01-04T18:59:00+00:00,U0072,R0365,2588.8,1,18,0,0,1,2587.4,1.0,1208,0,0,0,0,22.0,0,0
T05041,2026-01-04T19:00:00+00:00,U0112,R0287,5472.25,1,19,0,1,0,3548.09,1.54,939,0,0,0,0,144.0,0,0
T05042,2026-01-04T19:01:00+00:00,U0178,R0404,21560.41,1,19,1,0,0,2969.97,7.26,1860,0,0,0,0,546.0,0,1
T05043,2026-01-04T19:02:00+00:00,U0031,R0286,1013.18,1,19,0,0,0,4716.35,0.21,1886,0,0,0,0,335.0,0,0
T05044,2026-01-04T19:03:00+00:00,U0167,R0179,6497.04,1,19,0,0,1,3028.51,2.15,1126,0,0,0,0,47.0,0,0
T05045,2026-01-04T19:04:00+00:00,U0094,R0438,4393.75,1,19,0,0,0,3084.19,1.42,768,0,0,0,0,321.0,0,0
T05046,2026-01-04T19:05:00+00:00,U0172,R0178,1427.01,0,19,0,0,0,5577.89,0.26,1447,0,0,0,0,387.0,3,0
T05047,2026-01-04T19:06:00+00:00,U0055,R0316,15147.66,1,19,1,0,0,4487.84,3.38,553,0,0,0,0,566.0,0,1
T05048,2026-01-04T19:07:00+00:00,U0049,R0196,22160.64,1,19,1,1,0,2757.79,8.04,100,0,0,0,0,161.0,0,1
T05049,2026-01-04T19:08:00+00:00,U0192,R0006,3942.19,1,19,0,0,1,2652.75,1.49,887,0,0,0,0,47.0,0,0
T05050,2026-01-04T19:09:00+00:00,U0093,R0270,3742.99,1,19,0,0,0,6620.18,0.57,403,0,0,0,0,233.0,0,0
T05051,2026-01-04T19:10:00+00:00,U0151,R0159,2864.36,1,19,0,0,1,5471.62,0.52,1656,0,0,0,0,31.0,0,0
T05052,2026-01-04T19:11:00+00:00,U0095,R0469,6418.07,1,19,1,0,1,2653.57,2.42,333,0,0,0,0,38.0,0,0
T05053,2026-01-04T19:12:00+00:00,U0004,R0311,36718.94,1,19,1,0,0,3712.0,9.89,1108,0,0,0,0,339.0,0,1
T05054,2026-01-04T19:13:00+00:00,U0166,R0141,1268.28,1,19,0,0,0,4319.86,0.29,1257,0,0,0,0,434.0,0,0
T05055,2026-01-04T19:14:00+00:00,U0102,R0023,1430.36,1,19,0,0,0,2752.66,0.52,1474,0,0,0,0,336.0,0,0
T05056,2026-01-04T19:15:00+00:00,U0181,R0130,4989.51,1,19,0,0,0,3580.48,1.39,215,0,0,0,0,170.0,0,0
T05057,2026-01-04T19:16:00+00:00,U0015,R0498,3574.21,1,19,0,0,0,3755.88,0.95,1206,0,0,0,0,342.0,0,0
T05058,2026-01-04T19:17:00+00:00,U0008,R0442,2179.34,0,19,0,0,0,3262.9,0.67,457,0,0,0,0,676.0,1,0
T05059,2026-01-04T19:18:00+00:00,U0121,R0312,6204.19,1,19,0,0,0,3632.08,1.71,418,0,0,0,0,102.0,0,0
T05060,2026-01-04T19:19:00+00:00,U0126,R0089,3577.26,1,19,0,1,0,5313.74,0.67,1797,0,0,0,0,146.0,0,0
T05061,2026-01-04T19:20:00+00:00,U0166,R0385,916.46,1,19,0,0,1,4247.21,0.22,1257,1,0,0,0,7.0,0,0
T05062,2026-01-04T19:21:00+00:00,U0027,R0020,13174.05,1,19,1,1,1,4863.2,2.71,1808,0,0,0,0,43.0,0,1
T05063,2026-01-04T19:22:00+00:00,U0157,R0458,1944.51,1,19,1,0,0,6476.66,0.3,793,0,0,0,0,136.0,0,0
T05064,2026-01-04T19:23:00+00:00,U0181,R0377,2065.19,1,19,0,0,1,3627.45,0.57,215,1,0,0,0,8.0,0,0
T05065,2026-01-04T19:24:00+00:00,U0034,R0043,2869.47,1,19,0,0,0,3119.57,0.92,1925,0,0,0,0,171.0,0,0
T05066,2026-01-04T19:25:00+00:00,U0031,R0029,8003.0,1,19,0,0,1,4588.66,1.74,1886,0,0,0,0,23.0,0,0
T05067,2026-01-04T19:26:00+00:00,U0182,R0032,3083.99,1,19,0,0,0,5806.88,0.53,269,0,0,0,0,432.0,0,0
T05068,2026-01-04T19:27:00+00:00,U0140,R0143,1822.38,1,19,0,1,0,4856.61,0.38,1219,0,0,0,0,162.0,0,0
T05069,2026-01-04T19:28:00+00:00,U0050,R0336,5735.97,1,19,0,0,1,2907.45,1.97,682,0,0,0,0,57.0,0,0
T05070,2026-01-04T19:29:00+00:00,U0005,R0171,3499.01,1,19,0,0,0,3396.04,1.03,1114,0,0,0,0,288.0,0,0
T05071,2026-01-04T19:30:00+00:00,U0082,R0460,1289.12,1,19,0,0,1,5942.2,0.22,212,0,0,0,0,34.0,0,0
T05072,2026-01-04T19:31:00+00:00,U0151,R0370,6136.11,1,19,0,0,2,5375.06,1.14,1656,0,0,0,0,21.0,0,0
T05073,2026-01-04T19:32:00+00:00,U0133,R0008,1107.43,1,19,0,1,0,3796.93,0.29,257,0,0,0,0,73.0,0,0
T05074,2026-01-04T19:33:00+00:00,U0104,R0214,34139.85,1,19,0,1,0,2994.28,11.4,508,0,0,0,0,102.0,0,1
T05075,2026-01-04T19:34:00+00:00,U0172,R0032,2639.11,1,19,0,0,1,5448.18,0.48,1447,0,0,0,0,29.0,0,0
T05076,2026-01-04T19:35:00+00:00,U0195,R0257,13131.58,1,19,0,0,0,5493.29,2.39,1578,0,0,0,0,102.0,0,1
T05077,2026-01-04T19:36:00+00:00,U0069,R0043,8379.73,1,19,0,0,0,4611.09,1.82,1754,0,0,0,0,98.0,0,0
T05078,2026-01-04T19:37:00+00:00,U0012,R0142,1738.4,1,19,0,0,0,4036.46,0.43,476,0,0,0,0,155.0,0,0
T05079,2026-01-04T19:38:00+00:00,U0177,R0259,4213.12,1,19,0,0,0,4774.45,0.88,315,0,0,0,0,195.0,0,0
T05080,2026-01-04T19:39:00+00:00,U0163,R0383,4357.46,1,19,0,0,0,3562.71,1.22,550,0,0,0,0,471.0,0,0
T05081,2026-01-04T19:40:00+00:00,U0001,R0160,5501.85,1,19,0,0,0,5646.61,0.97,1905,0,0,0,0,481.0,0,0
T05082,2026-01-04T19:41:00+00:00,U0090,R0061,2674.41,1,19,0,0,0,3425.76,0.78,150,0,0,0,0,529.0,0,0
T05083,2026-01-04T19:42:00+00:00,U0146,R0429,8163.07,1,19,0,0,0,4141.1,1.97,1480,0,0,0,0,672.0,0,0
T05084,2026-01-04T19:43:00+00:00,U0145,R0477,2899.05,1,19,0,0,0,3618.96,0.8,94,0,0,0,0,393.0,0,0
T05085,2026-01-04T19:44:00+00:00,U0030,R0471,1080.21,1,19,0,0,0,4184.25,0.26,229,0,0,0,0,96.0,0,0
T05086,2026-01-04T19:45:00+00:00,U0187,R0045,2652.18,1,19,0,0,0,3794.34,0.7,1389,0,0,0,0,124.0,0,0
T05087,2026-01-04T19:46:00+00:00,U0152,R0321,520.79,1,19,0,0,0,5712.44,0.09,1711,0,0,0,0,65.0,0,0
T05088,2026-01-04T19:47:00+00:00,U0197,R0087,4494.53,1,19,0,0,0,5418.11,0.83,274,0,0,0,0,243.0,0,0
T05089,2026-01-04T19:48:00+00:00,U0056,R0327,4470.56,1,19,0,0,0,5171.46,0.86,129,0,0,0,0,319.0,0,0
T05090,2026-01-04T19:49:00+00:00,U0021,R0450,3368.69,1,19,0,0,0,6453.92,0.52,486,0,0,0,0,319.0,0,0
T05091,2026-01-04T19:50:00+00:00,U0064,R0158,858.89,1,19,0,0,0,3538.63,0.24,1159,0,0,0,0,153.0,0,0
T05092,2026-01-04T19:51:00+00:00,U0165,R0483,19805.72,0,19,1,0,0,7417.1,2.67,302,0,0,0,0,426.0,1,1
T05093,2026-01-04T19:52:00+00:00,U0049,R0383,2034.86,1,19,0,0,1,3681.73,0.55,100,0,0,0,0,45.0,0,0
T05094,2026-01-04T19:53:00+00:00,U0034,R0159,2720.07,1,19,0,0,1,3110.31,0.87,1925,0,0,0,0,29.0,0,0
T05095,2026-01-04T19:54:00+00:00,U0181,R0147,12925.7,1,19,0,0,2,3577.05,3.61,215,0,0,0,0,31.0,0,1
T05096,2026-01-04T19:55:00+00:00,U0036,R0290,3261.33,1,19,0,0,0,4220.06,0.77,219,0,0,0,0,65.0,0,0
T05097,2026-01-04T19:56:00+00:00,U0058,R0428,2926.77,1,19,0,1,0,3484.4,0.84,1080,0,0,0,0,86.0,0,0
T05098,2026-01-04T19:57:00+00:00,U0052,R0091,6328.78,0,19,0,0,0,3489.23,1.81,51,0,0,0,0,91.0,1,0
T05099,2026-01-04T19:58:00+00:00,U0067,R0358,894.51,1,19,0,0,0,3264.55,0.27,1381,0,0,0,0,235.0,0,0
T05100,2026-01-04T19:59:00+00:00,U0024,R0251,1698.83,1,19,0,0,0,3080.16,0.55,1553,0,0,0,0,142.0,0,0
T05101,2026-01-04T20:00:00+00:00,U0094,R0179,1087.23,0,20,0,0,1,3153.11,0.34,768,0,0,0,0,56.0,1,0
T05102,2026-01-04T20:01:00+00:00,U0134,R0231,1965.88,0,20,0,0,0,4910.33,0.4,723,0,0,0,0,104.0,1,0
T05103,2026-01-04T20:02:00+00:00,U0176,R0426,2676.09,1,20,0,0,0,2731.54,0.98,1935,0,0,0,0,530.0,0,0
T05104,2026-01-04T20:03:00+00:00,U0150,R0198,1563.47,1,20,0,0,0,4164.11,0.38,1080,0,0,0,0,282.0,0,0
T05105,2026-01-04T20:04:00+00:00,U0146,R0108,1972.04,1,20,0,0,1,4284.74,0.46,1480,0,0,0,0,22.0,0,0
T05106,2026-01-04T20:05:00+00:00,U0112,R0178,593.1,1,20,0,0,0,3608.22,0.16,939,0,0,0,0,65.0,0,0
T05107,2026-01-04T20:06:00+00:00,U0175,R0408,2793.11,1,20,0,1,0,4004.56,0.7,1375,0,0,0,0,319.0,0,0
T05108,2026-01-04T20:07:00+00:00,U0088,R0359,2786.88,1,20,0,0,0,8564.52,0.33,1812,0,0,0,0,644.0,0,0
T05109,2026-01-04T20:08:00+00:00,U0142,R0425,1950.39,1,20,0,0,0,4523.0,0.43,1708,0,0,0,0,329.0,0,0
T05110,2026-01-04T20:09:00+00:00,U0069,R0047,3046.01,1,20,0,0,1,4790.55,0.64,1754,0,0,0,0,33.0,0,0
T05111,2026-01-04T20:10:00+00:00,U0054,R0133,5270.6,1,20,0,0,0,5214.07,1.01,712,0,0,0,0,141.0,0,0
T05112,2026-01-04T20:11:00+00:00,U0067,R0017,1113.47,1,20,0,0,1,3196.84,0.35,1381,0,0,0,0,13.0,0,0
T05113,2026-01-04T20:12:00+00:00,U0133,R0338,3050.17,1,20,0,0,1,3704.19,0.82,257,0,0,0,0,40.0,0,0
T05114,2026-01-04T20:13:00+00:00,U0122,R0072,4736.4,1,20,0,0,0,4013.56,1.18,1750,0,0,0,0,87.0,0,0
T05115,2026-01-04T20:14:00+00:00,U0083,R0191,6741.84,1,20,0,0,0,8507.24,0.79,313,0,0,0,0,197.0,0,0
T05116,2026-01-04T20:15:00+00:00,U0169,R0302,723.84,1,20,0,0,0,3109.85,0.23,1949,0,0,0,0,100.0,0,0
T05117,2026-01-04T20:16:00+00:00,U0083,R0360,2617.73,1,20,0,0,1,8418.97,0.31,313,1,0,0,0,2.0,0,0
T05118,2026-01-04T20:17:00+00:00,U0092,R0446,2408.63,1,20,1,0,0,5923.79,0.41,892,0,0,0,0,590.0,0,1
T05119,2026-01-04T20:18:00+00:00,U0041,R0216,2556.89,1,20,0,0,0,4836.02,0.53,680,0,0,0,0,185.0,0,0
T05120,2026-01-04T20:19:00+00:00,U0087,R0332,4865.78,1,20,0,0,0,4119.41,1.18,1811,0,0,0,0,282.0,0,0
T05121,2026-01-04T20:20:00+00:00,U0048,R0468,3599.5,1,20,0,0,0,4704.88,0.77,453,0,0,0,0,228.0,0,0
T05122,2026-01-04T20:21:00+00:00,U0042,R0240,896.26,1,20,0,0,0,3342.71,0.27,914,0,0,0,0,135.0,0,0
T05123,2026-01-04T20:22:00+00:00,U0193,R0012,5925.08,1,20,0,0,0,4793.62,1.24,158,0,0,0,0,672.0,0,0
T05124,2026-01-04T20:23:00+00:00,U0158,R0234,2490.89,1,20,0,0,0,4202.92,0.59,1865,0,0,0,0,98.0,0,0
T05125,2026-01-04T20:24:00+00:00,U0178,R0223,3510.82,1,20,0,0,0,3658.51,0.96,1860,0,0,0,0,83.0,0,0
T05126,2026-01-04T20:25:00+00:00,U0122,R0428,2355.92,1,20,0,0,1,4036.15,0.58,1750,0,0,0,0,12.0,0,0
T05127,2026-01-04T20:26:00+00:00,U0186,R0192,2930.93,1,20,0,1,0,2754.22,1.06,1731,0,0,0,0,231.0,0,0
T05128,2026-01-04T20:27:00+00:00,U0124,R0348,6488.75,1,20,0,0,0,4102.28,1.58,1661,0,0,0,0,145.0,0,0
T05129,2026-01-04T20:28:00+00:00,U0011,R0498,1618.97,1,20,0,0,0,3952.55,0.41,177,0,0,0,0,272.0,0,0
T05130,2026-01-04T20:29:00+00:00,U0060,R0391,3822.9,1,20,0,0,0,2903.78,1.32,1595,0,0,0,0,105.0,0,0
T05131,2026-01-04T20:30:00+00:00,U0130,R0056,4554.29,1,20,0,0,0,4200.33,1.08,708,0,0,0,0,215.0,0,0
T05132,2026-01-04T20:31:00+00:00,U0199,R0138,4352.23,1,20,0,0,0,3502.12,1.24,1451,0,0,0,0,97.0,0,0
T05133,2026-01-04T20:32:00+00:00,U0103,R0304,849.23,1,20,0,0,0,3365.32,0.25,145,0,0,0,0,572.0,0,0
T05134,2026-01-04T20:33:00+00:00,U0132,R0086,4717.72,1,20,0,0,0,4062.78,1.16,12,0,0,0,0,180.0,0,0
T05135,2026-01-04T20:34:00+00:00,U0153,R0495,3970.83,1,20,0,0,0,3218.61,1.23,798,0,0,0,0,611.0,0,0
T05136,2026-01-04T20:35:00+00:00,U0135,R0102,5885.3,1,20,0,0,0,3043.93,1.93,1258,0,0,0,0,145.0,0,0
T05137,2026-01-04T20:36:00+00:00,U0146,R0385,1377.65,1,20,0,0,2,4204.99,0.33,1480,0,0,0,0,32.0,0,0
T05138,2026-01-04T20:37:00+00:00,U0170,R0171,3440.56,1,20,1,0,0,5958.22,0.58,1804,0,0,0,0,395.0,0,1
T05139,2026-01-04T20:38:00+00:00,U0014,R0497,17723.41,1,20,1,0,0,4197.41,4.22,608,0,0,0,0,218.0,0,1
T05140,2026-01-04T20:39:00+00:00,U0197,R0073,1226.91,1,20,0,0,1,5379.63,0.23,274,0,0,0,0,52.0,0,0
T05141,2026-01-04T20:40:00+00:00,U0118,R0203,1916.3,1,20,1,0,0,3418.54,0.56,635,0,0,0,0,133.0,0,0
T05142,2026-01-04T20:41:00+00:00,U0001,R0338,1122.94,1,20,1,0,0,5640.32,0.2,1905,0,0,0,0,61.0,0,0
T05143,2026-01-04T20:42:00+00:00,U0045,R0155,2742.72,1,20,0,0,0,4305.9,0.64,1072,0,0,0,0,492.0,0,0
T05144,2026-01-04T20:43:00+00:00,U0048,R0121,2600.67,1,20,0,0,1,4660.67,0.56,453,0,0,0,0,23.0,0,0
T05145,2026-01-04T20:44:00+00:00,U0112,R0047,2325.26,1,20,0,0,1,3516.85,0.66,939,0,0,0,0,39.0,0,0
T05146,2026-01-04T20:45:00+00:00,U0040,R0351,4698.73,1,20,0,0,0,5159.85,0.91,1571,0,0,0,0,129.0,0,0
T05147,2026-01-04T20:46:00+00:00,U0199,R0192,3644.06,1,20,0,0,1,3536.12,1.03,1451,0,0,0,0,15.0,0,0
T05148,2026-01-04T20:47:00+00:00,U0041,R0177,1287.89,1,20,0,0,1,4741.06,0.27,680,0,0,0,0,29.0,0,1
T05149,2026-01-04T20:48:00+00:00,U0041,R0177,1287.89,0,20,0,0,2,4602.93,0.28,680,1,1,1,1,1.0,1,1
T05150,2026-01-04T20:49:00+00:00,U0041,R0177,1287.89,0,20,0,1,3,4475.43,0.29,680,2,2,2,2,1.0,2,1
T05151,2026-01-04T20:50:00+00:00,U0141,R0352,5528.49,1,20,0,0,0,3278.45,1.69,113,0,0,0,0,159.0,0,0
T05152,2026-01-04T20:51:00+00:00,U0055,R0468,1257.98,0,20,0,0,0,4951.31,0.25,553,0,0,0,0,105.0,1,0
T05153,2026-01-04T20:52:00+00:00,U0097,R0426,24607.4,0,20,0,1,0,3695.55,6.66,174,0,0,0,0,167.0,1,1
T05154,2026-01-04T20:53:00+00:00,U0063,R0391,3408.3,1,20,1,0,0,3895.98,0.87,1621,0,0,0,0,436.0,0,0
T05155,2026-01-04T20:54:00+00:00,U0100,R0066,2744.8,1,20,0,0,0,5488.27,0.5,1160,0,0,0,0,450.0,0,0
T05156,2026-01-04T20:55:00+00:00,U0035,R0205,2060.15,1,20,0,0,0,3073.85,0.67,1476,0,0,0,0,153.0,0,0
T05157,2026-01-04T20:56:00+00:00,U0073,R0420,2259.71,1,20,0,0,0,7151.33,0.32,1369,0,0,0,0,731.0,0,0
T05158,2026-01-04T20:57:00+00:00,U0109,R0306,1967.75,1,20,0,0,0,4928.86,0.4,579,0,0,0,0,126.0,0,0
T05159,2026-01-04T20:58:00+00:00,U0019,R0178,395.38,1,20,0,0,0,5251.74,0.08,1302,0,0,0,0,326.0,0,0
T05160,2026-01-04T20:59:00+00:00,U0190,R0497,1733.62,1,20,0,0,0,3242.24,0.53,1087,0,0,0,0,176.0,0,0
T05161,2026-01-04T21:00:00+00:00,U0057,R0454,5112.62,0,21,0,0,0,4763.18,1.07,459,0,0,0,0,237.0,1,0
T05162,2026-01-04T21:01:00+00:00,U0197,R0121,4843.95,1,21,0,0,1,5213.52,0.93,274,0,0,0,0,22.0,0,0
T05163,2026-01-04T21:02:00+00:00,U0088,R0257,957.6,1,21,0,0,1,8389.44,0.11,1812,0,0,0,0,55.0,0,0
T05164,2026-01-04T21:03:00+00:00,U0157,R0307,725.28,1,21,0,0,0,6325.59,0.11,793,0,0,0,0,101.0,0,0
T05165,2026-01-04T21:04:00+00:00,U0020,R0331,4286.89,0,21,0,0,0,3895.0,1.1,1664,0,0,0,0,135.0,1,0
T05166,2026-01-04T21:05:00+00:00,U0128,R0097,1691.0,1,21,0,0,0,3480.05,0.49,1107,0,0,0,0,185.0,0,0
T05167,2026-01-04T21:06:00+00:00,U0078,R0223,2079.09,1,21,0,0,0,4844.61,0.43,797,0,0,0,0,134.0,0,0
T05168,2026-01-04T21:07:00+00:00,U0099,R0335,4426.06,1,21,0,0,0,2864.02,1.55,828,0,0,0,0,705.0,0,0
T05169,2026-01-04T21:08:00+00:00,U0039,R0146,4358.8,1,21,0,1,0,3416.94,1.28,176,0,0,0,0,374.0,0,1
T05170,2026-01-04T21:09:00+00:00,U0173,R0421,1312.49,1,21,0,0,0,3149.15,0.42,1772,0,0,0,0,287.0,0,0
T05171,2026-01-04T21:10:00+00:00,U0067,R0491,2242.8,1,21,0,0,1,3138.97,0.71,1381,0,0,0,0,59.0,0,0
T05172,2026-01-04T21:11:00+00:00,U0046,R0084,7466.25,1,21,0,0,0,4927.19,1.52,854,0,0,0,0,167.0,0,0
T05173,2026-01-04T21:12:00+00:00,U0133,R0428,1337.58,1,21,0,0,1,3682.39,0.36,257,0,0,0,0,60.0,0,0
T05174,2026-01-04T21:13:00+00:00,U0022,R0178,7568.75,1,21,1,0,0,7095.45,1.07,887,0,0,0,0,205.0,0,1
T05175,2026-01-04T21:14:00+00:00,U0026,R0336,7340.27,1,21,0,0,0,7652.4,0.96,407,0,0,0,0,344.0,0,0
T05176,2026-01-04T21:15:00+00:00,U0004,R0083,1250.76,1,21,0,0,0,5212.32,0.24,1108,0,0,0,0,123.0,0,0
T05177,2026-01-04T21:16:00+00:00,U0148,R0260,1222.48,0,21,0,0,0,3038.56,0.4,507,0,0,0,0,351.0,1,0
T05178,2026-01-04T21:17:00+00:00,U0117,R0006,5183.56,1,21,0,0,0,3836.8,1.35,876,0,0,0,0,296.0,0,0
T05179,2026-01-04T21:18:00+00:00,U0172,R0206,1627.85,1,21,0,0,0,5363.05,0.3,1447,0,0,0,0,104.0,0,0
T05180,2026-01-04T21:19:00+00:00,U0014,R0156,1414.23,0,21,0,0,1,4698.38,0.3,608,0,0,0,0,41.0,1,0
T05181,2026-01-04T21:20:00+00:00,U0190,R0325,8268.0,1,21,0,0,1,3199.13,2.58,1087,0,0,0,0,21.0,0,0
T05182,2026-01-04T21:21:00+00:00,U0116,R0258,522.04,0,21,0,0,0,4587.15,0.11,463,0,0,0,0,218.0,1,0
T05183,2026-01-04T21:22:00+00:00,U0122,R0365,8625.22,1,21,0,0,1,3985.24,2.16,1750,0,0,0,0,57.0,0,0
T05184,2026-01-04T21:23:00+00:00,U0137,R0498,3972.65,1,21,0,0,0,3476.29,1.14,511,0,0,0,0,431.0,0,0
T05185,2026-01-04T21:24:00+00:00,U0046,R0218,8786.02,1,21,0,0,1,5006.53,1.75,854,0,0,0,0,13.0,0,0
T05186,2026-01-04T21:25:00+00:00,U0099,R0446,866.87,1,21,0,0,1,2924.1,0.3,828,0,0,0,0,18.0,0,0
T05187,2026-01-04T21:26:00+00:00,U0039,R0004,2142.69,0,21,0,0,1,3475.81,0.62,176,0,0,0,0,18.0,1,0
T05188,2026-01-04T21:27:00+00:00,U0182,R0303,994.65,1,21,0,0,0,5702.15,0.17,269,0,0,0,0,121.0,0,0
T05189,2026-01-04T21:28:00+00:00,U0132,R0417,2859.07,1,21,0,0,1,4093.97,0.7,12,0,0,0,0,55.0,0,0
T05190,2026-01-04T21:29:00+00:00,U0117,R0223,1778.69,1,21,0,0,1,3878.89,0.46,876,0,0,0,0,12.0,0,0
T05191,2026-01-04T21:30:00+00:00,U0073,R0021,3241.63,0,21,0,0,1,6982.65,0.46,1369,0,0,0,0,34.0,1,0
T05192,2026-01-04T21:31:00+00:00,U0126,R0236,4957.57,0,21,1,0,0,5264.12,0.94,1797,0,0,0,0,132.0,1,0
T05193,2026-01-04T21:32:00+00:00,U0154,R0352,1789.53,1,21,0,0,0,3590.09,0.5,1010,0,0,0,0,215.0,0,0
T05194,2026-01-04T21:33:00+00:00,U0109,R0173,1387.15,1,21,0,0,1,4839.13,0.29,579,0,0,0,0,36.0,0,0
T05195,2026-01-04T21:34:00+00:00,U0197,R0420,3790.6,1,21,0,0,2,5199.31,0.73,274,0,0,0,0,33.0,0,0
T05196,2026-01-04T21:35:00+00:00,U0069,R0092,886.37,1,21,0,0,0,4711.26,0.19,1754,0,0,0,0,86.0,0,0
T05197,2026-01-04T21:36:00+00:00,U0107,R0009,2928.78,1,21,0,0,0,5877.95,0.5,1230,0,0,0,0,248.0,0,0
T05198,2026-01-04T21:37:00+00:00,U0077,R0326,339.63,1,21,0,1,0,3312.22,0.1,332,0,0,0,0,295.0,0,0
T05199,2026-01-04T21:38:00+00:00,U0029,R0183,726.97,1,21,0,0,0,6428.88,0.11,316,0,0,0,0,273.0,0,0
T05200,2026-01-04T21:39:00+00:00,U0137,R0379,3611.2,1,21,0,0,1,3496.14,1.03,511,0,0,0,0,16.0,0,0
T05201,2026-01-04T21:40:00+00:00,U0045,R0044,2462.27,1,21,0,0,1,4250.07,0.58,1072,0,0,0,0,58.0,0,0
T05202,2026-01-04T21:41:00+00:00,U0033,R0373,1581.02,0,21,0,0,0,2708.96,0.58,1103,0,0,0,0,382.0,1,0
T05203,2026-01-04T21:42:00+00:00,U0127,R0221,1358.78,1,21,0,1,0,2805.34,0.48,675,0,0,0,0,213.0,0,0
T05204,2026-01-04T21:43:00+00:00,U0089,R0498,5618.47,1,21,0,0,0,3384.61,1.66,622,0,0,0,0,662.0,0,0
T05205,2026-01-04T21:44:00+00:00,U0159,R0125,1046.58,1,21,0,0,0,4049.44,0.26,490,0,0,0,0,584.0,0,0
T05206,2026-01-04T21:45:00+00:00,U0188,R0421,5484.58,1,21,0,0,0,4899.85,1.12,1681,0,0,0,0,348.0,0,0
T05207,2026-01-04T21:46:00+00:00,U0118,R0021,856.33,1,21,0,0,0,3350.25,0.26,635,0,0,0,0,66.0,0,0
T05208,2026-01-04T21:47:00+00:00,U0096,R0020,2301.52,1,21,0,0,0,4867.29,0.47,322,0,0,0,0,1007.0,0,0
T05209,2026-01-04T21:48:00+00:00,U0186,R0327,793.1,1,21,0,0,0,2760.76,0.29,1731,0,0,0,0,82.0,0,0
T05210,2026-01-04T21:49:00+00:00,U0026,R0196,2613.53,1,21,0,0,1,7639.92,0.34,407,0,0,0,0,35.0,0,0
T05211,2026-01-04T21:50:00+00:00,U0186,R0041,18872.52,0,21,0,1,1,2690.49,7.01,1731,1,0,0,0,2.0,1,1
T05212,2026-01-04T21:51:00+00:00,U0164,R0384,5007.51,1,21,0,0,0,3835.79,1.31,1150,0,0,0,0,559.0,0,0
T05213,2026-01-04T21:52:00+00:00,U0103,R0012,2989.2,1,21,0,0,0,3250.95,0.92,145,0,0,0,0,80.0,0,0
T05214,2026-01-04T21:53:00+00:00,U0192,R0132,4681.26,1,21,0,0,0,2714.15,1.72,887,0,0,0,0,165.0,0,0
T05215,2026-01-04T21:54:00+00:00,U0191,R0453,4500.56,1,21,0,0,0,4986.08,0.9,982,0,0,0,0,605.0,0,0
T05216,2026-01-04T21:55:00+00:00,U0111,R0495,6345.26,1,21,0,0,0,1998.69,3.17,877,0,0,0,0,384.0,0,0
T05217,2026-01-04T21:56:00+00:00,U0050,R0293,3242.41,1,21,0,0,0,3064.59,1.06,682,0,0,0,0,148.0,0,0
T05218,2026-01-04T21:57:00+00:00,U0078,R0316,1782.24,1,21,0,0,1,4738.24,0.38,797,0,0,0,0,51.0,0,0
T05219,2026-01-04T21:58:00+00:00,U0063,R0356,1919.24,1,21,0,0,0,3874.77,0.5,1621,0,0,0,0,65.0,0,0
T05220,2026-01-04T21:59:00+00:00,U0096,R0294,3644.99,1,21,0,0,1,4745.11,0.77,322,0,0,0,0,12.0,0,0
T05221,2026-01-04T22:00:00+00:00,U0195,R0479,977.33,1,22,0,0,0,5798.82,0.17,1578,0,0,0,0,145.0,0,0
T05222,2026-01-04T22:01:00+00:00,U0192,R0353,5161.25,1,22,0,0,1,2803.56,1.84,887,1,0,0,0,8.0,0,0
T05223,2026-01-04T22:02:00+00:00,U0071,R0257,5152.1,1,22,0,1,0,6766.73,0.76,17,0,0,0,0,268.0,0,0
T05224,2026-01-04T22:03:00+00:00,U0155,R0205,1656.48,1,22,0,0,0,3416.11,0.48,1159,0,0,0,0,186.0,0,0
T05225,2026-01-04T22:04:00+00:00,U0174,R0146,2863.7,1,22,0,0,0,5278.85,0.54,1108,0,0,0,0,230.0,0,0
T05226,2026-01-04T22:05:00+00:00,U0105,R0107,732.32,1,22,0,0,0,3955.14,0.19,203,0,0,0,0,309.0,0,0
T05227,2026-01-04T22:06:00+00:00,U0107,R0337,615.44,1,22,0,0,1,5759.98,0.11,1230,0,0,0,0,30.0,0,0
T05228,2026-01-04T22:07:00+00:00,U0069,R0237,1562.11,1,22,1,0,1,4544.96,0.34,1754,0,0,0,0,32.0,0,0
T05229,2026-01-04T22:08:00+00:00,U0163,R0163,1910.58,1,22,0,0,0,3595.82,0.53,550,0,0,0,0,149.0,0,0
T05230,2026-01-04T22:09:00+00:00,U0058,R0010,4857.04,1,22,0,0,0,3463.75,1.4,1080,0,0,0,0,133.0,0,0
T05231,2026-01-04T22:10:00+00:00,U0057,R0033,2747.63,1,22,0,0,0,4774.1,0.58,459,0,0,0,0,70.0,0,0
T05232,2026-01-04T22:11:00+00:00,U0187,R0365,3876.62,1,22,0,0,0,3748.65,1.03,1389,0,0,0,0,146.0,0,0
T05233,2026-01-04T22:12:00+00:00,U0118,R0302,29363.06,1,22,1,0,1,3241.82,9.06,635,0,0,0,0,26.0,0,1
T05234,2026-01-04T22:13:00+00:00,U0153,R0169,1611.21,1,22,0,0,0,3252.8,0.5,798,0,0,0,0,99.0,0,0
T05235,2026-01-04T22:14:00+00:00,U0122,R0477,1558.7,1,22,0,0,1,4121.71,0.38,1750,0,0,0,0,52.0,0,0
T05236,2026-01-04T22:15:00+00:00,U0088,R0175,1856.5,1,22,0,0,0,8170.86,0.23,1812,0,0,0,0,73.0,0,0
T05237,2026-01-04T22:16:00+00:00,U0114,R0078,5871.56,1,22,0,1,0,4778.26,1.23,447,0,0,0,0,361.0,0,0
T05238,2026-01-04T22:17:00+00:00,U0191,R0256,4199.38,1,22,0,0,1,4964.97,0.85,982,0,0,0,0,23.0,0,0
T05239,2026-01-04T22:18:00+00:00,U0179,R0088,701.22,1,22,0,0,0,4012.39,0.17,1145,0,0,0,0,327.0,0,0
T05240,2026-01-04T22:19:00+00:00,U0066,R0207,1256.67,1,22,0,0,0,8604.52,0.15,532,0,0,0,0,225.0,0,0
T05241,2026-01-04T22:20:00+00:00,U0147,R0496,1841.99,1,22,0,0,0,5808.71,0.32,1663,0,0,0,0,369.0,0,0
T05242,2026-01-04T22:21:00+00:00,U0125,R0288,2294.6,1,22,1,0,0,5283.84,0.43,499,0,0,0,0,301.0,0,0
T05243,2026-01-04T22:22:00+00:00,U0022,R0107,6941.19,1,22,0,0,0,7110.24,0.98,887,0,0,0,0,69.0,0,0
T05244,2026-01-04T22:23:00+00:00,U0136,R0190,4921.55,1,22,0,0,0,3394.89,1.45,126,0,0,0,0,342.0,0,0
T05245,2026-01-04T22:24:00+00:00,U0193,R0162,1350.02,1,22,0,0,0,4822.64,0.28,158,0,0,0,0,122.0,0,0
T05246,2026-01-04T22:25:00+00:00,U0120,R0016,7615.19,1,22,0,0,0,5207.87,1.46,524,0,0,0,0,478.0,0,0
T05247,2026-01-04T22:26:00+00:00,U0150,R0086,16788.43,1,22,1,0,0,4040.27,4.16,1080,0,0,0,0,143.0,0,1
T05248,2026-01-04T22:27:00+00:00,U0145,R0221,3835.89,1,22,0,0,0,3584.68,1.07,94,0,0,0,0,164.0,0,0
T05249,2026-01-04T22:28:00+00:00,U0196,R0012,5888.18,1,22,0,0,0,3123.77,1.88,219,0,0,0,0,286.0,0,0
T05250,2026-01-04T22:29:00+00:00,U0073,R0285,2248.29,1,22,0,1,1,6857.95,0.33,1369,0,0,0,0,59.0,0,0
T05251,2026-01-04T22:30:00+00:00,U0061,R0193,3062.81,1,22,0,1,0,3393.36,0.9,255,0,0,0,0,269.0,0,0
T05252,2026-01-04T22:31:00+00:00,U0034,R0194,26437.71,1,22,1,1,0,3096.37,8.54,1925,0,0,0,0,158.0,0,1
T05253,2026-01-04T22:32:00+00:00,U0032,R0050,3768.97,1,22,0,0,0,2954.93,1.28,1853,0,0,0,0,649.0,0,0
T05254,2026-01-04T22:33:00+00:00,U0055,R0057,377.38,1,22,0,0,0,4797.42,0.08,553,0,0,0,0,102.0,0,0
T05255,2026-01-04T22:34:00+00:00,U0046,R0443,1290.98,1,22,0,0,0,5121.06,0.25,854,0,0,0,0,70.0,0,0
T05256,2026-01-04T22:35:00+00:00,U0200,R0377,23450.95,1,22,0,1,0,2534.96,9.25,1096,0,0,0,0,326.0,0,1
T05257,2026-01-04T22:36:00+00:00,U0141,R0210,1614.52,1,22,0,0,0,3364.99,0.48,113,0,0,0,0,106.0,0,0
T05258,2026-01-04T22:37:00+00:00,U0056,R0215,4247.86,1,22,0,0,0,5142.26,0.83,129,0,0,0,0,169.0,0,0
T05259,2026-01-04T22:38:00+00:00,U0072,R0164,697.04,1,22,0,0,0,2587.45,0.27,1208,0,0,0,0,219.0,0,0
T05260,2026-01-04T22:39:00+00:00,U0162,R0055,5684.91,1,22,0,0,0,5001.63,1.14,391,0,0,0,0,355.0,0,0
T05261,2026-01-04T22:40:00+00:00,U0176,R0492,2622.94,1,22,0,0,0,2729.81,0.96,1935,0,0,0,0,158.0,0,0
T05262,2026-01-04T22:41:00+00:00,U0163,R0163,921.73,0,22,0,0,1,3528.41,0.26,550,0,0,0,0,33.0,1,0
T05263,2026-01-04T22:42:00+00:00,U0137,R0201,3965.92,1,22,0,0,0,3500.57,1.13,511,0,0,0,0,63.0,0,0
T05264,2026-01-04T22:43:00+00:00,U0104,R0254,424.86,1,22,0,0,0,4409.98,0.1,508,0,0,0,0,190.0,0,0
T05265,2026-01-04T22:44:00+00:00,U0074,R0423,559.29,1,22,0,1,0,3510.15,0.16,589,0,0,0,0,410.0,0,0
T05266,2026-01-04T22:45:00+00:00,U0041,R0474,3475.59,1,22,0,0,0,4357.38,0.8,680,0,0,0,0,116.0,0,0
T05267,2026-01-04T22:46:00+00:00,U0103,R0148,7731.61,1,22,0,0,1,3239.57,2.39,145,0,0,0,0,54.0,0,0
T05268,2026-01-04T22:47:00+00:00,U0086,R0391,6419.59,1,22,1,0,0,4161.79,1.54,1686,0,0,0,0,582.0,0,1
T05269,2026-01-04T22:48:00+00:00,U0086,R0391,6419.59,0,22,1,1,1,4274.68,1.5,1686,1,1,1,1,1.0,1,1
T05270,2026-01-04T22:49:00+00:00,U0086,R0391,6419.59,0,22,0,1,2,4376.81,1.47,1686,2,2,2,2,1.0,2,1
T05271,2026-01-04T22:50:00+00:00,U0045,R0350,40690.83,1,22,0,0,0,4188.42,9.72,1072,0,0,0,0,70.0,0,1
T05272,2026-01-04T22:51:00+00:00,U0099,R0298,42690.73,1,22,0,0,0,2847.9,14.99,828,0,0,0,0,86.0,0,1
T05273,2026-01-04T22:52:00+00:00,U0108,R0211,2073.24,1,22,0,0,0,4608.34,0.45,1935,0,0,0,0,444.0,0,0
T05274,2026-01-04T22:53:00+00:00,U0008,R0317,5360.94,1,22,0,0,0,3211.31,1.67,457,0,0,0,0,216.0,0,0
T05275,2026-01-04T22:54:00+00:00,U0157,R0318,1501.27,1,22,0,0,0,6144.94,0.24,793,0,0,0,0,111.0,0,0
T05276,2026-01-04T22:55:00+00:00,U0021,R0307,2407.59,0,22,0,0,0,6363.18,0.38,486,0,0,0,0,186.0,1,0
T05277,2026-01-04T22:56:00+00:00,U0105,R0485,4746.28,1,22,0,0,1,3785.52,1.25,203,0,0,0,0,51.0,0,0
T05278,2026-01-04T22:57:00+00:00,U0157,R0128,1614.03,1,22,0,0,1,5999.82,0.27,793,1,0,0,0,3.0,0,0
T05279,2026-01-04T22:58:00+00:00,U0161,R0242,1018.61,1,22,0,0,0,5250.18,0.19,1632,0,0,0,0,390.0,0,0
T05280,2026-01-04T22:59:00+00:00,U0095,R0012,1314.44,1,22,0,0,0,2767.64,0.47,333,0,0,0,0,228.0,0,0
T05281,2026-01-04T23:00:00+00:00,U0168,R0200,32592.67,1,23,0,0,0,5442.7,5.99,820,0,0,0,0,556.0,0,1
T05282,2026-01-04T23:01:00+00:00,U0050,R0436,676.6,1,23,0,0,0,3073.95,0.22,682,0,0,0,0,65.0,0,0
T05283,2026-01-04T23:02:00+00:00,U0118,R0189,1449.2,1,23,0,0,1,4330.21,0.33,635,0,0,0,0,50.0,0,0
T05284,2026-01-04T23:03:00+00:00,U0062,R0090,3425.82,1,23,0,0,0,4347.63,0.79,820,0,0,0,0,250.0,0,0
T05285,2026-01-04T23:04:00+00:00,U0183,R0472,2205.57,1,23,1,0,0,3520.33,0.63,827,0,0,0,0,455.0,0,0
T05286,2026-01-04T23:05:00+00:00,U0034,R0151,644.06,1,23,0,0,1,3901.24,0.17,1925,0,0,0,0,34.0,0,0
T05287,2026-01-04T23:06:00+00:00,U0008,R0106,38426.82,1,23,1,0,1,3309.02,11.61,457,0,0,0,0,13.0,0,1
T05288,2026-01-04T23:07:00+00:00,U0118,R0126,2162.12,1,23,0,0,2,4214.97,0.51,635,1,0,0,0,5.0,0,0
T05289,2026-01-04T23:08:00+00:00,U0114,R0124,2105.55,1,23,0,0,1,4814.71,0.44,447,0,0,0,0,52.0,0,0
T05290,2026-01-04T23:09:00+00:00,U0119,R0257,3528.8,1,23,0,0,0,5699.24,0.62,112,0,0,0,0,289.0,0,0
T05291,2026-01-04T23:10:00+00:00,U0155,R0429,4603.98,1,23,0,0,0,3323.49,1.39,1159,0,0,0,0,67.0,0,0
T05292,2026-01-04T23:11:00+00:00,U0041,R0126,874.92,1,23,0,0,1,4325.88,0.2,680,0,0,0,0,26.0,0,0
T05293,2026-01-04T23:12:00+00:00,U0018,R0004,4738.6,1,23,0,0,0,5026.72,0.94,74,0,0,0,0,283.0,0,0
T05294,2026-01-04T23:13:00+00:00,U0175,R0347,2068.25,1,23,0,0,0,3951.89,0.52,1375,0,0,0,0,187.0,0,0
T05295,2026-01-04T23:14:00+00:00,U0134,R0241,3347.77,1,23,0,0,0,4801.28,0.7,723,0,0,0,0,193.0,0,0
T05296,2026-01-04T23:15:00+00:00,U0019,R0401,3309.07,1,23,0,0,0,5089.86,0.65,1302,0,0,0,0,137.0,0,0
T05297,2026-01-04T23:16:00+00:00,U0067,R0453,1701.86,1,23,0,0,0,3114.75,0.55,1381,0,0,0,0,126.0,0,0
T05298,2026-01-04T23:17:00+00:00,U0031,R0367,601.89,1,23,0,0,0,4702.47,0.13,1886,0,0,0,0,232.0,0,0
T05299,2026-01-04T23:18:00+00:00,U0166,R0274,3950.9,1,23,0,0,0,4169.75,0.95,1257,0,0,0,0,238.0,0,0
T05300,2026-01-04T23:19:00+00:00,U0113,R0247,2967.33,1,23,0,0,0,3474.39,0.85,1440,0,0,0,0,491.0,0,0
T05301,2026-01-04T23:20:00+00:00,U0016,R0150,1338.9,1,23,0,0,0,4466.58,0.3,1715,0,0,0,0,710.0,0,0
T05302,2026-01-04T23:21:00+00:00,U0186,R0394,9404.95,1,23,0,0,0,3248.49,2.9,1731,0,0,0,0,91.0,0,0
T05303,2026-01-04T23:22:00+00:00,U0103,R0367,1140.44,1,23,0,0,1,3426.74,0.33,145,0,0,0,0,36.0,0,0
T05304,2026-01-04T23:23:00+00:00,U0162,R0333,15719.22,1,23,1,1,1,5031.34,3.12,391,0,0,0,0,44.0,0,1
T05305,2026-01-04T23:24:00+00:00,U0032,R0054,323.52,1,23,0,0,1,2993.69,0.11,1853,0,0,0,0,52.0,0,0
T05306,2026-01-04T23:25:00+00:00,U0068,R0389,2303.06,1,23,0,1,0,4507.57,0.51,98,0,0,0,0,350.0,0,0
T05307,2026-01-04T23:26:00+00:00,U0193,R0406,2882.67,1,23,0,0,0,4735.82,0.61,158,0,0,0,0,62.0,0,0
T05308,2026-01-04T23:27:00+00:00,U0044,R0188,4198.26,1,23,0,0,0,6024.66,0.7,1950,0,0,0,0,445.0,0,0
T05309,2026-01-04T23:28:00+00:00,U0087,R0073,1718.34,1,23,0,0,0,4160.87,0.41,1811,0,0,0,0,189.0,0,0
T05310,2026-01-04T23:29:00+00:00,U0124,R0108,947.96,1,23,0,0,0,4194.07,0.23,1661,0,0,0,0,182.0,0,0
T05311,2026-01-04T23:30:00+00:00,U0085,R0329,2324.49,1,23,0,0,0,4441.72,0.52,652,0,0,0,0,290.0,0,0
T05312,2026-01-04T23:31:00+00:00,U0118,R0461,1772.5,1,23,0,0,2,4136.01,0.43,635,0,0,0,0,24.0,0,0
T05313,2026-01-04T23:32:00+00:00,U0193,R0126,2364.37,1,23,0,0,1,4690.62,0.5,158,1,0,0,0,6.0,0,0
T05314,2026-01-04T23:33:00+00:00,U0088,R0152,4532.88,1,23,0,0,0,7990.45,0.57,1812,0,0,0,0,78.0,0,0
T05315,2026-01-04T23:34:00+00:00,U0085,R0404,3790.51,1,23,0,0,1,4371.14,0.87,652,1,0,0,0,4.0,0,0
T05316,2026-01-04T23:35:00+00:00,U0067,R0291,6061.92,1,23,0,0,1,3077.57,1.97,1381,0,0,0,0,19.0,0,1
T05317,2026-01-04T23:36:00+00:00,U0010,R0390,2242.55,1,23,0,0,0,3349.37,0.67,1038,0,0,0,0,340.0,0,0
T05318,2026-01-04T23:37:00+00:00,U0134,R0148,2911.54,1,23,1,0,1,4749.37,0.61,723,0,0,0,0,23.0,0,0
T05319,2026-01-04T23:38:00+00:00,U0095,R0289,6017.12,1,23,0,0,1,2724.9,2.21,333,0,0,0,0,39.0,0,0
T05320,2026-01-04T23:39:00+00:00,U0075,R0158,2877.49,1,23,0,0,0,4225.71,0.68,86,0,0,0,0,416.0,0,0
T05321,2026-01-04T23:40:00+00:00,U0041,R0291,919.61,1,23,0,0,2,4206.88,0.22,680,0,0,0,0,29.0,0,0
T05322,2026-01-04T23:41:00+00:00,U0122,R0366,656.16,1,23,0,0,0,4048.48,0.16,1750,0,0,0,0,87.0,0,0
T05323,2026-01-04T23:42:00+00:00,U0076,R0080,5472.63,1,23,0,0,0,3635.07,1.51,1540,0,0,0,0,329.0,0,0
T05324,2026-01-04T23:43:00+00:00,U0178,R0066,946.2,1,23,0,0,0,3653.23,0.26,1860,0,0,0,0,199.0,0,0
T05325,2026-01-04T23:44:00+00:00,U0075,R0440,1815.48,1,23,0,0,1,4161.51,0.44,86,1,0,0,0,5.0,0,0
T05326,2026-01-04T23:45:00+00:00,U0164,R0117,6245.47,1,23,0,0,0,3884.61,1.61,1150,0,0,0,0,114.0,0,0
T05327,2026-01-04T23:46:00+00:00,U0055,R0299,12137.82,1,23,1,1,0,4620.62,2.63,553,0,0,0,0,73.0,0,1
T05328,2026-01-04T23:47:00+00:00,U0150,R0007,1847.3,1,23,0,0,0,4619.74,0.4,1080,0,0,0,0,81.0,0,0
T05329,2026-01-04T23:48:00+00:00,U0185,R0261,3029.03,1,23,0,0,0,4089.49,0.74,1483,0,0,0,0,381.0,0,0
T05330,2026-01-04T23:49:00+00:00,U0133,R0208,714.45,1,23,0,0,0,3606.75,0.2,257,0,0,0,0,157.0,0,0
T05331,2026-01-04T23:50:00+00:00,U0044,R0498,2087.31,1,23,0,0,1,5928.53,0.35,1950,0,0,0,0,23.0,0,0
T05332,2026-01-04T23:51:00+00:00,U0040,R0301,1195.14,1,23,0,0,0,5144.97,0.23,1571,0,0,0,0,186.0,0,0
T05333,2026-01-04T23:52:00+00:00,U0081,R0268,2333.31,1,23,1,0,0,3694.22,0.63,1251,0,0,0,0,473.0,0,0
T05334,2026-01-04T23:53:00+00:00,U0125,R0332,5445.03,1,23,0,0,0,5173.13,1.05,499,0,0,0,0,92.0,0,0
T05335,2026-01-04T23:54:00+00:00,U0135,R0247,4033.04,1,23,0,0,0,3179.23,1.27,1258,0,0,0,0,199.0,0,0
T05336,2026-01-04T23:55:00+00:00,U0098,R0008,2857.18,1,23,0,0,0,6626.07,0.43,938,0,0,0,0,375.0,0,0
T05337,2026-01-04T23:56:00+00:00,U0017,R0176,4330.09,1,23,0,0,0,5247.98,0.83,53,0,0,0,0,405.0,0,0
T05338,2026-01-04T23:57:00+00:00,U0053,R0115,445.02,1,23,0,0,0,4750.98,0.09,1252,0,0,0,0,736.0,0,0
T05339,2026-01-04T23:58:00+00:00,U0156,R0399,3825.53,1,23,0,0,0,3444.68,1.11,1027,0,0,0,0,594.0,0,0
T05340,2026-01-04T23:59:00+00:00,U0031,R0333,5386.65,1,23,0,0,1,4570.19,1.18,1886,0,0,0,0,42.0,0,0
T05341,2026-01-05T00:00:00+00:00,U0128,R0236,956.76,1,0,0,0,0,3405.51,0.28,1107,0,0,0,0,175.0,0,0
T05342,2026-01-05T00:01:00+00:00,U0164,R0465,776.63,1,0,0,0,1,3979.05,0.2,1150,0,0,0,0,16.0,0,0
T05343,2026-01-05T00:02:00+00:00,U0192,R0434,4649.9,1,0,0,0,0,2906.07,1.6,887,0,0,0,0,121.0,0,0
T05344,2026-01-05T00:03:00+00:00,U0135,R0460,7007.65,1,0,1,0,1,3218.04,2.18,1258,1,0,0,0,9.0,0,0
T05345,2026-01-05T00:04:00+00:00,U0052,R0187,1641.65,1,0,0,0,0,3594.4,0.46,51,0,0,0,0,247.0,0,0
T05346,2026-01-05T00:05:00+00:00,U0103,R0321,1218.75,1,0,0,0,1,3335.29,0.37,145,0,0,0,0,43.0,0,0
T05347,2026-01-05T00:06:00+00:00,U0085,R0260,1333.85,1,0,0,0,2,4352.41,0.31,652,0,0,0,0,32.0,0,0
T05348,2026-01-05T00:07:00+00:00,U0142,R0493,1435.81,1,0,0,0,0,4434.29,0.32,1708,0,0,0,0,239.0,0,0
T05349,2026-01-05T00:08:00+00:00,U0190,R0276,1669.08,1,0,0,0,0,3339.93,0.5,1087,0,0,0,0,168.0,0,0
T05350,2026-01-05T00:09:00+00:00,U0015,R0229,7120.25,1,0,0,0,0,3746.32,1.9,1206,0,0,0,0,293.0,0,0
T05351,2026-01-05T00:10:00+00:00,U0064,R0126,4074.19,1,0,1,0,0,3457.43,1.18,1159,0,0,0,0,260.0,0,0
T05352,2026-01-05T00:11:00+00:00,U0190,R0094,1901.17,1,0,0,1,1,3294.78,0.58,1087,1,0,0,0,3.0,0,0
T05353,2026-01-05T00:12:00+00:00,U0167,R0440,3655.65,1,0,0,0,0,3133.62,1.17,1126,0,0,0,0,309.0,0,0
T05354,2026-01-05T00:13:00+00:00,U0177,R0368,33541.04,1,0,1,0,0,4757.94,7.05,315,0,0,0,0,275.0,0,1
T05355,2026-01-05T00:14:00+00:00,U0011,R0312,7863.92,0,0,0,0,0,3866.12,2.03,177,0,0,0,0,226.0,1,0
T05356,2026-01-05T00:15:00+00:00,U0072,R0047,4581.67,1,0,0,0,0,2526.47,1.81,1208,0,0,0,0,97.0,0,0
T05357,2026-01-05T00:16:00+00:00,U0188,R0426,2647.44,1,0,0,0,0,4922.34,0.54,1681,0,0,0,0,151.0,0,0
T05358,2026-01-05T00:17:00+00:00,U0034,R0268,1863.53,1,0,0,0,0,3792.67,0.49,1925,0,0,0,0,72.0,0,0
T05359,2026-01-05T00:18:00+00:00,U0054,R0117,3581.99,1,0,0,0,0,5215.84,0.69,712,0,0,0,0,248.0,0,0
T05360,2026-01-05T00:19:00+00:00,U0195,R0298,218.13,1,0,0,0,0,5613.38,0.04,1578,0,0,0,0,139.0,0,0
T05361,2026-01-05T00:20:00+00:00,U0026,R0275,965.2,1,0,0,0,0,7446.59,0.13,407,0,0,0,0,151.0,0,0
T05362,2026-01-05T00:21:00+00:00,U0014,R0164,4607.91,1,0,0,0,0,4581.08,1.01,608,0,0,0,0,182.0,0,0
T05363,2026-01-05T00:22:00+00:00,U0019,R0101,1163.45,1,0,0,0,0,5032.42,0.23,1302,0,0,0,0,67.0,0,0
T05364,2026-01-05T00:23:00+00:00,U0114,R0043,2495.5,1,0,0,0,0,4727.31,0.53,447,0,0,0,0,75.0,0,0
T05365,2026-01-05T00:24:00+00:00,U0026,R0278,2214.42,1,0,0,0,1,7206.54,0.31,407,1,0,0,0,4.0,0,0
T05366,2026-01-05T00:25:00+00:00,U0154,R0250,5300.7,1,0,0,1,0,3518.07,1.51,1010,0,0,0,0,173.0,0,1
T05367,2026-01-05T00:26:00+00:00,U0003,R0298,589.87,0,0,0,0,0,4096.52,0.14,1486,0,0,0,0,748.0,1,0
T05368,2026-01-05T00:27:00+00:00,U0029,R0369,4733.52,1,0,0,0,0,6157.36,0.77,316,0,0,0,0,169.0,0,0
T05369,2026-01-05T00:28:00+00:00,U0200,R0330,3957.56,1,0,0,0,0,3530.96,1.12,1096,0,0,0,0,113.0,0,0
T05370,2026-01-05T00:29:00+00:00,U0163,R0315,2897.4,1,0,0,0,0,3428.16,0.85,550,0,0,0,0,108.0,0,0
T05371,2026-01-05T00:30:00+00:00,U0001,R0129,4181.56,1,0,0,0,0,5452.1,0.77,1905,0,0,0,0,229.0,0,0
T05372,2026-01-05T00:31:00+00:00,U0154,R0139,1362.29,1,0,0,0,1,3586.63,0.38,1010,1,0,0,0,6.0,0,0
T05373,2026-01-05T00:32:00+00:00,U0046,R0169,2180.8,1,0,0,0,0,5008.42,0.44,854,0,0,0,0,118.0,0,0
T05374,2026-01-05T00:33:00+00:00,U0132,R0146,1171.53,1,0,0,0,0,4037.84,0.29,12,0,0,0,0,185.0,0,0
T05375,2026-01-05T00:34:00+00:00,U0077,R0136,4208.94,1,0,0,0,0,3177.11,1.32,332,0,0,0,0,177.0,0,0
T05376,2026-01-05T00:35:00+00:00,U0064,R0175,6438.63,1,0,0,0,1,3475.57,1.85,1159,0,0,0,0,25.0,0,0
T05377,2026-01-05T00:36:00+00:00,U0144,R0258,2310.5,1,0,0,0,0,4087.02,0.57,685,0,0,0,0,397.0,0,0
T05378,2026-01-05T00:37:00+00:00,U0113,R0058,1283.35,1,0,0,0,0,3457.48,0.37,1440,0,0,0,0,78.0,0,0
T05379,2026-01-05T00:38:00+00:00,U0047,R0250,31713.63,1,0,1,0,0,5966.18,5.32,957,0,0,0,0,974.0,0,1
T05380,2026-01-05T00:39:00+00:00,U0131,R0241,2706.25,1,0,1,0,0,4463.36,0.61,1810,0,0,0,0,513.0,0,1
T05381,2026-01-05T00:40:00+00:00,U0131,R0241,2706.25,0,0,1,1,1,4386.96,0.62,1810,1,1,1,1,1.0,1,1
T05382,2026-01-05T00:41:00+00:00,U0131,R0241,2706.25,0,0,0,0,2,4316.93,0.63,1810,2,2,2,2,1.0,2,1
T05383,2026-01-05T00:42:00+00:00,U0046,R0034,1335.08,1,0,0,0,1,4927.63,0.27,854,1,0,0,0,10.0,0,0
T05384,2026-01-05T00:43:00+00:00,U0173,R0156,1051.81,1,0,0,0,0,3078.51,0.34,1772,0,0,0,0,214.0,0,0
T05385,2026-01-05T00:44:00+00:00,U0114,R0176,6061.11,1,0,0,0,1,4657.57,1.3,447,0,0,0,0,21.0,0,0
T05386,2026-01-05T00:45:00+00:00,U0138,R0422,7172.11,1,0,0,0,0,6467.91,1.11,1898,0,0,0,0,461.0,0,0
T05387,2026-01-05T00:46:00+00:00,U0200,R0056,1622.61,1,0,0,0,1,3550.35,0.46,1096,0,0,0,0,18.0,0,0
T05388,2026-01-05T00:47:00+00:00,U0055,R0158,5637.19,1,0,0,0,0,4909.74,1.15,553,0,0,0,0,61.0,0,0
T05389,2026-01-05T00:48:00+00:00,U0082,R0393,1348.85,1,0,0,0,0,5787.1,0.23,212,0,0,0,0,318.0,0,0
T05390,2026-01-05T00:49:00+00:00,U0027,R0351,6268.58,0,0,0,0,0,5209.48,1.2,1808,0,0,0,0,328.0,1,0
T05391,2026-01-05T00:50:00+00:00,U0157,R0108,10298.28,1,0,1,1,0,5866.92,1.76,793,0,0,0,0,113.0,0,1
T05392,2026-01-05T00:51:00+00:00,U0040,R0166,11885.19,1,0,1,0,1,5021.54,2.37,1571,0,0,0,0,60.0,0,1
T05393,2026-01-05T00:52:00+00:00,U0197,R0203,2305.19,1,0,0,0,0,5147.13,0.45,274,0,0,0,0,198.0,0,0
T05394,2026-01-05T00:53:00+00:00,U0041,R0313,4753.03,1,0,0,0,0,4097.31,1.16,680,0,0,0,0,73.0,0,0
T05395,2026-01-05T00:54:00+00:00,U0084,R0490,823.48,1,0,0,0,0,3723.53,0.22,1583,0,0,0,0,608.0,0,0
T05396,2026-01-05T00:55:00+00:00,U0122,R0335,228.97,1,0,0,0,0,3954.25,0.06,1750,0,0,0,0,74.0,0,0
T05397,2026-01-05T00:56:00+00:00,U0107,R0400,1270.32,1,0,0,0,0,5562.12,0.23,1230,0,0,0,0,170.0,0,0
T05398,2026-01-05T00:57:00+00:00,U0059,R0478,1480.46,1,0,0,0,0,5093.62,0.29,75,0,0,0,0,579.0,0,0
T05399,2026-01-05T00:58:00+00:00,U0078,R0190,5552.61,1,0,0,0,0,4628.76,1.2,797,0,0,0,0,181.0,0,0
T05400,2026-01-05T00:59:00+00:00,U0086,R0373,1091.4,1,0,0,0,0,4469.67,0.24,1686,0,0,0,0,130.0,0,0
T05401,2026-01-05T01:00:00+00:00,U0191,R0162,2779.39,1,1,0,0,0,4933.07,0.56,982,0,0,0,0,163.0,0,0
T05402,2026-01-05T01:01:00+00:00,U0109,R0289,3663.48,1,1,0,1,0,4737.6,0.77,579,0,0,0,0,208.0,0,0
T05403,2026-01-05T01:02:00+00:00,U0107,R0003,3044.84,1,1,0,0,1,5403.16,0.56,1230,1,0,0,0,6.0,0,0
T05404,2026-01-05T01:03:00+00:00,U0104,R0029,6574.97,1,1,0,0,0,4236.72,1.55,508,0,0,0,0,140.0,0,0
T05405,2026-01-05T01:04:00+00:00,U0091,R0331,399.57,1,1,0,0,0,3485.11,0.11,823,0,0,0,0,369.0,0,0
T05406,2026-01-05T01:05:00+00:00,U0117,R0393,4769.71,1,1,0,0,0,3815.25,1.25,876,0,0,0,0,216.0,0,0
T05407,2026-01-05T01:06:00+00:00,U0181,R0104,2542.81,1,1,0,0,0,3869.2,0.66,215,0,0,0,0,312.0,0,0
T05408,2026-01-05T01:07:00+00:00,U0184,R0132,5307.68,1,1,0,0,0,3183.73,1.67,327,0,0,0,0,473.0,0,0
T05409,2026-01-05T01:08:00+00:00,U0096,R0013,4296.72,1,1,0,0,0,4695.1,0.92,322,0,0,0,0,189.0,0,0
T05410,2026-01-05T01:09:00+00:00,U0098,R0167,1004.87,1,1,0,0,0,6521.38,0.15,938,0,0,0,0,74.0,0,0
T05411,2026-01-05T01:10:00+00:00,U0190,R0103,6510.69,1,1,0,0,1,3258.1,2.0,1087,0,0,0,0,59.0,0,0
T05412,2026-01-05T01:11:00+00:00,U0159,R0258,5068.04,1,1,0,0,0,3945.9,1.28,490,0,0,0,0,207.0,0,0
T05413,2026-01-05T01:12:00+00:00,U0071,R0055,4208.93,1,1,0,0,0,6720.6,0.63,17,0,0,0,0,190.0,0,0
T05414,2026-01-05T01:13:00+00:00,U0042,R0167,2538.19,1,1,0,0,0,3266.26,0.78,914,0,0,0,0,292.0,0,0
T05415,2026-01-05T01:14:00+00:00,U0185,R0304,1527.46,1,1,0,0,0,4052.92,0.38,1483,0,0,0,0,86.0,0,0
T05416,2026-01-05T01:15:00+00:00,U0012,R0400,1194.46,1,1,1,0,0,3948.07,0.3,476,0,0,0,0,338.0,0,0
T05417,2026-01-05T01:16:00+00:00,U0177,R0492,8360.95,1,1,0,0,0,5580.32,1.5,315,0,0,0,0,63.0,0,0
T05418,2026-01-05T01:17:00+00:00,U0125,R0128,1240.6,1,1,0,0,0,5182.84,0.24,499,0,0,0,0,84.0,0,0
T05419,2026-01-05T01:18:00+00:00,U0156,R0301,2086.1,1,1,0,0,0,3461.99,0.6,1027,0,0,0,0,80.0,0,0
T05420,2026-01-05T01:19:00+00:00,U0026,R0029,12562.5,1,1,0,1,2,7028.25,1.79,407,0,0,0,0,55.0,0,1
T05421,2026-01-05T01:20:00+00:00,U0071,R0276,5015.67,1,1,0,0,1,6650.83,0.75,17,1,0,0,0,8.0,0,0
T05422,2026-01-05T01:21:00+00:00,U0073,R0057,3649.94,1,1,1,0,0,6709.25,0.54,1369,0,0,0,0,172.0,0,1
T05423,2026-01-05T01:22:00+00:00,U0192,R0038,4721.58,1,1,0,0,0,2978.73,1.59,887,0,0,0,0,80.0,0,0
T05424,2026-01-05T01:23:00+00:00,U0199,R0376,1100.19,1,1,0,0,0,3540.27,0.31,1451,0,0,0,0,277.0,0,0
T05425,2026-01-05T01:24:00+00:00,U0039,R0448,2093.11,0,1,0,0,0,3397.39,0.62,176,0,0,0,0,238.0,1,0
T05426,2026-01-05T01:25:00+00:00,U0077,R0294,47249.78,0,1,0,0,1,3221.97,14.66,332,0,0,0,0,51.0,2,1
T05427,2026-01-05T01:26:00+00:00,U0023,R0225,1718.33,0,1,0,0,0,3001.21,0.57,1815,0,0,0,0,532.0,1,0
T05428,2026-01-05T01:27:00+00:00,U0147,R0280,5546.96,1,1,0,0,0,5676.49,0.98,1663,0,0,0,0,187.0,0,0
T05429,2026-01-05T01:28:00+00:00,U0067,R0286,2181.31,1,1,0,0,0,3154.09,0.69,1381,0,0,0,0,113.0,0,0
T05430,2026-01-05T01:29:00+00:00,U0075,R0354,1539.53,1,1,0,0,0,4054.87,0.38,86,0,0,0,0,105.0,0,0
T05431,2026-01-05T01:30:00+00:00,U0198,R0395,1598.51,1,1,0,0,0,4325.46,0.37,1947,0,0,0,0,488.0,0,0
T05432,2026-01-05T01:31:00+00:00,U0180,R0365,4399.63,1,1,0,0,0,5730.51,0.77,793,0,0,0,0,472.0,0,0
T05433,2026-01-05T01:32:00+00:00,U0093,R0464,1898.89,1,1,0,0,0,6530.27,0.29,403,0,0,0,0,383.0,0,0
T05434,2026-01-05T01:33:00+00:00,U0192,R0453,1875.32,1,1,0,0,1,3048.44,0.62,887,0,0,0,0,11.0,0,0
T05435,2026-01-05T01:34:00+00:00,U0083,R0240,4690.65,1,1,0,0,0,8142.72,0.58,313,0,0,0,0,318.0,0,0
T05436,2026-01-05T01:35:00+00:00,U0093,R0171,6824.34,1,1,0,0,1,6389.93,1.07,403,1,0,0,0,3.0,0,1
T05437,2026-01-05T01:36:00+00:00,U0181,R0133,790.09,1,1,0,0,1,3829.01,0.21,215,0,0,0,0,30.0,0,0
T05438,2026-01-05T01:37:00+00:00,U0192,R0478,1827.47,1,1,0,0,2,3003.32,0.61,887,1,0,0,0,4.0,0,0
T05439,2026-01-05T01:38:00+00:00,U0031,R0329,5536.8,1,1,0,0,0,4595.7,1.2,1886,0,0,0,0,99.0,0,0
T05440,2026-01-05T01:39:00+00:00,U0102,R0413,1412.57,1,1,0,0,0,2710.0,0.52,1474,0,0,0,0,385.0,0,0
T05441,2026-01-05T01:40:00+00:00,U0013,R0426,910.31,1,1,0,0,0,6441.64,0.14,869,0,0,0,0,664.0,0,0
T05442,2026-01-05T01:41:00+00:00,U0132,R0192,1287.19,1,1,0,0,0,3913.21,0.33,12,0,0,0,0,68.0,0,0
T05443,2026-01-05T01:42:00+00:00,U0112,R0017,514.48,1,1,0,0,0,3481.81,0.15,939,0,0,0,0,298.0,0,0
T05444,2026-01-05T01:43:00+00:00,U0084,R0405,6326.52,1,1,0,0,1,3602.7,1.76,1583,0,0,0,0,49.0,0,0
T05445,2026-01-05T01:44:00+00:00,U0073,R0295,779.06,1,1,0,0,1,6613.65,0.12,1369,0,0,0,0,23.0,0,0
T05446,2026-01-05T01:45:00+00:00,U0018,R0377,1391.66,1,1,0,0,0,5017.43,0.28,74,0,0,0,0,153.0,0,0
T05447,2026-01-05T01:46:00+00:00,U0024,R0499,28821.77,1,1,0,0,0,3041.79,9.48,1553,0,0,0,0,347.0,0,1
T05448,2026-01-05T01:47:00+00:00,U0029,R0273,3954.59,1,1,0,0,0,6092.64,0.65,316,0,0,0,0,80.0,0,0
T05449,2026-01-05T01:48:00+00:00,U0132,R0434,1546.34,1,1,0,0,1,3803.8,0.41,12,1,0,0,0,7.0,0,0
T05450,2026-01-05T01:49:00+00:00,U0147,R0473,8425.49,1,1,0,0,1,5672.31,1.49,1663,0,0,0,0,22.0,0,0
T05451,2026-01-05T01:50:00+00:00,U0167,R0098,1671.22,1,1,0,0,0,3148.97,0.53,1126,0,0,0,0,98.0,0,0
T05452,2026-01-05T01:51:00+00:00,U0197,R0351,7026.31,0,1,0,0,1,5045.63,1.39,274,0,0,0,0,59.0,1,0
T05453,2026-01-05T01:52:00+00:00,U0071,R0239,5688.18,1,1,1,0,2,6606.64,0.86,17,0,0,0,0,32.0,0,1
T05454,2026-01-05T01:53:00+00:00,U0190,R0078,1165.26,1,1,0,0,1,3341.5,0.35,1087,0,0,0,0,43.0,0,0
T05455,2026-01-05T01:54:00+00:00,U0019,R0094,779.81,1,1,0,0,0,4911.51,0.16,1302,0,0,0,0,92.0,0,0
T05456,2026-01-05T01:55:00+00:00,U0087,R0233,4533.02,1,1,0,0,0,4032.32,1.12,1811,0,0,0,0,147.0,0,0
T05457,2026-01-05T01:56:00+00:00,U0178,R0379,783.03,1,1,0,0,0,3559.89,0.22,1860,0,0,0,0,133.0,0,0
T05458,2026-01-05T01:57:00+00:00,U0111,R0456,7150.18,1,1,0,0,0,2254.37,3.17,877,0,0,0,0,242.0,0,0
T05459,2026-01-05T01:58:00+00:00,U0148,R0151,1972.08,0,1,0,0,0,2978.03,0.66,507,0,0,0,0,282.0,1,0
T05460,2026-01-05T01:59:00+00:00,U0100,R0010,3271.78,1,1,1,0,0,5351.1,0.61,1160,0,0,0,0,305.0,0,1
T05461,2026-01-05T02:00:00+00:00,U0100,R0010,3271.78,0,2,1,0,1,5252.08,0.62,1160,1,1,1,1,1.0,1,1
T05462,2026-01-05T02:01:00+00:00,U0100,R0010,3271.78,0,2,1,0,2,5162.07,0.63,1160,2,2,2,2,1.0,2,1
T05463,2026-01-05T02:02:00+00:00,U0083,R0219,1010.96,1,2,1,1,1,7985.81,0.13,313,0,0,0,0,28.0,0,1
T05464,2026-01-05T02:03:00+00:00,U0083,R0219,1010.96,0,2,0,1,2,7682.55,0.13,313,1,1,1,1,1.0,1,1
T05465,2026-01-05T02:04:00+00:00,U0083,R0219,1010.96,0,2,1,1,3,7404.57,0.14,313,2,2,2,2,1.0,2,1
T05466,2026-01-05T02:05:00+00:00,U0058,R0300,19231.0,1,2,0,0,0,3513.51,5.47,1080,0,0,0,0,236.0,0,1
T05467,2026-01-05T02:06:00+00:00,U0084,R0273,1066.07,1,2,1,0,1,3711.65,0.29,1583,0,0,0,0,23.0,0,0
T05468,2026-01-05T02:07:00+00:00,U0171,R0103,4062.83,1,2,0,0,0,4934.69,0.82,1154,0,0,0,0,827.0,0,0
T05469,2026-01-05T02:08:00+00:00,U0148,R0474,21432.77,1,2,1,1,1,2945.58,7.28,507,1,0,0,0,10.0,0,1
T05470,2026-01-05T02:09:00+00:00,U0184,R0445,7938.53,1,2,1,0,0,3284.87,2.42,327,0,0,0,0,62.0,0,1
T05471,2026-01-05T02:10:00+00:00,U0049,R0396,2455.17,1,2,0,0,0,3606.88,0.68,100,0,0,0,0,378.0,0,0
T05472,2026-01-05T02:11:00+00:00,U0079,R0093,2506.13,1,2,0,0,0,2525.63,0.99,128,0,0,0,0,707.0,0,0
T05473,2026-01-05T02:12:00+00:00,U0137,R0309,3983.96,1,2,0,0,0,3517.8,1.13,511,0,0,0,0,210.0,0,0
T05474,2026-01-05T02:13:00+00:00,U0011,R0400,3752.58,1,2,0,0,0,4008.9,0.94,177,0,0,0,0,119.0,0,0
T05475,2026-01-05T02:14:00+00:00,U0090,R0489,454.39,1,2,0,1,0,3378.8,0.13,150,0,0,0,0,393.0,0,0
T05476,2026-01-05T02:15:00+00:00,U0081,R0476,1882.26,1,2,0,0,0,3647.3,0.52,1251,0,0,0,0,143.0,0,0
T05477,2026-01-05T02:16:00+00:00,U0054,R0104,649.2,1,2,0,0,0,5166.33,0.13,712,0,0,0,0,118.0,0,0
T05478,2026-01-05T02:17:00+00:00,U0109,R0139,6869.46,1,2,0,0,0,4706.91,1.46,579,0,0,0,0,76.0,0,0
T05479,2026-01-05T02:18:00+00:00,U0056,R0396,3027.59,1,2,0,0,0,5106.48,0.59,129,0,0,0,0,221.0,0,0
T05480,2026-01-05T02:19:00+00:00,U0036,R0450,2486.11,1,2,0,0,0,4192.67,0.59,219,0,0,0,0,384.0,0,0
T05481,2026-01-05T02:20:00+00:00,U0113,R0064,5312.77,1,2,0,0,0,3387.35,1.57,1440,0,0,0,0,103.0,0,0
T05482,2026-01-05T02:21:00+00:00,U0097,R0014,7158.35,1,2,0,0,0,4349.05,1.65,174,0,0,0,0,329.0,0,0
T05483,2026-01-05T02:22:00+00:00,U0191,R0438,8401.0,1,2,0,0,0,4846.93,1.73,982,0,0,0,0,82.0,0,0
T05484,2026-01-05T02:23:00+00:00,U0098,R0026,2999.55,1,2,0,0,0,6372.29,0.47,938,0,0,0,0,74.0,0,0
T05485,2026-01-05T02:24:00+00:00,U0103,R0102,5933.39,1,2,0,0,0,3253.88,1.82,145,0,0,0,0,139.0,0,0
T05486,2026-01-05T02:25:00+00:00,U0098,R0303,3155.9,1,2,0,0,1,6283.53,0.5,938,1,0,0,0,2.0,0,0
T05487,2026-01-05T02:26:00+00:00,U0024,R0497,3782.44,1,2,0,0,1,3738.54,1.01,1553,0,0,0,0,40.0,0,0
T05488,2026-01-05T02:27:00+00:00,U0149,R0371,2617.8,1,2,0,0,0,2868.09,0.91,1912,0,0,0,0,850.0,0,0
T05489,2026-01-05T02:28:00+00:00,U0042,R0388,6065.19,1,2,0,0,0,3244.19,1.87,914,0,0,0,0,75.0,0,0
T05490,2026-01-05T02:29:00+00:00,U0126,R0380,7611.77,1,2,0,1,0,5255.61,1.45,1797,0,0,0,0,298.0,0,1
T05491,2026-01-05T02:30:00+00:00,U0192,R0163,8684.38,1,2,0,0,2,2959.77,2.93,887,0,0,0,0,53.0,0,0
T05492,2026-01-05T02:31:00+00:00,U0054,R0047,1308.72,1,2,0,1,1,5033.47,0.26,712,0,0,0,0,15.0,0,0
T05493,2026-01-05T02:32:00+00:00,U0093,R0245,2905.61,1,2,0,0,2,6402.7,0.45,403,0,0,0,0,57.0,0,0
T05494,2026-01-05T02:33:00+00:00,U0029,R0484,2306.89,1,2,0,0,1,5999.68,0.38,316,0,0,0,0,46.0,0,0
T05495,2026-01-05T02:34:00+00:00,U0002,R0195,716.81,1,2,0,1,0,3162.05,0.23,1660,0,0,0,0,489.0,0,0
T05496,2026-01-05T02:35:00+00:00,U0103,R0493,937.69,1,2,0,0,1,3353.12,0.28,145,0,0,0,0,11.0,0,0
T05497,2026-01-05T02:36:00+00:00,U0091,R0185,4910.08,1,2,0,0,0,3378.71,1.45,823,0,0,0,0,92.0,0,0
T05498,2026-01-05T02:37:00+00:00,U0017,R0223,3051.55,1,2,0,0,0,5209.74,0.59,53,0,0,0,0,161.0,0,0
T05499,2026-01-05T02:38:00+00:00,U0167,R0154,946.96,1,2,0,0,1,3106.75,0.3,1126,0,0,0,0,48.0,0,0
T05500,2026-01-05T02:39:00+00:00,U0180,R0044,27209.25,1,2,0,1,0,5687.57,4.78,793,0,0,0,0,68.0,0,1
T05501,2026-01-05T02:40:00+00:00,U0100,R0449,1071.77,1,2,0,0,3,5079.88,0.21,1160,0,0,0,0,39.0,0,0
T05502,2026-01-05T02:41:00+00:00,U0071,R0374,25116.69,1,2,0,1,1,6582.47,3.82,17,0,0,0,0,49.0,0,1
T05503,2026-01-05T02:42:00+00:00,U0083,R0024,2190.47,1,2,1,0,3,7148.83,0.31,313,0,0,0,0,38.0,0,0
T05504,2026-01-05T02:43:00+00:00,U0064,R0091,1729.56,1,2,0,0,0,3560.22,0.49,1159,0,0,0,0,128.0,0,0
T05505,2026-01-05T02:44:00+00:00,U0033,R0266,1079.08,1,2,1,0,0,2667.18,0.4,1103,0,0,0,0,303.0,0,0
T05506,2026-01-05T02:45:00+00:00,U0178,R0241,222.17,1,2,0,0,1,3467.33,0.06,1860,0,0,0,0,49.0,0,0
T05507,2026-01-05T02:46:00+00:00,U0016,R0306,2470.82,1,2,0,0,0,4310.2,0.57,1715,0,0,0,0,206.0,0,0
T05508,2026-01-05T02:47:00+00:00,U0190,R0339,1326.54,1,2,0,0,1,3287.1,0.4,1087,0,0,0,0,54.0,0,0
T05509,2026-01-05T02:48:00+00:00,U0159,R0213,970.46,1,2,0,0,0,3983.3,0.24,490,0,0,0,0,97.0,0,0
T05510,2026-01-05T02:49:00+00:00,U0108,R0089,475.84,1,2,0,0,0,4502.71,0.11,1935,0,0,0,0,237.0,0,0
T05511,2026-01-05T02:50:00+00:00,U0133,R0495,636.54,1,2,0,0,0,3516.37,0.18,257,0,0,0,0,181.0,0,0
T05512,2026-01-05T02:51:00+00:00,U0172,R0093,5048.12,1,2,0,0,0,5253.19,0.96,1447,0,0,0,0,333.0,0,0
T05513,2026-01-05T02:52:00+00:00,U0029,R0403,3290.57,1,2,0,0,1,5845.81,0.56,316,0,0,0,0,19.0,0,0
T05514,2026-01-05T02:53:00+00:00,U0128,R0105,1597.16,1,2,0,0,0,3307.56,0.48,1107,0,0,0,0,173.0,0,0
T05515,2026-01-05T02:54:00+00:00,U0161,R0192,4118.57,1,2,0,0,0,5109.13,0.81,1632,0,0,0,0,236.0,0,0
T05516,2026-01-05T02:55:00+00:00,U0068,R0319,4823.59,1,2,0,0,0,4434.09,1.09,98,0,0,0,0,210.0,0,0
T05517,2026-01-05T02:56:00+00:00,U0007,R0170,5571.63,1,2,0,0,0,5431.28,1.03,573,0,0,0,0,552.0,0,0
T05518,2026-01-05T02:57:00+00:00,U0121,R0018,7558.36,1,2,0,0,0,3727.34,2.03,418,0,0,0,0,459.0,0,0
T05519,2026-01-05T02:58:00+00:00,U0037,R0468,6290.27,1,2,0,0,0,3149.21,2.0,132,0,0,0,0,551.0,0,0
T05520,2026-01-05T02:59:00+00:00,U0139,R0194,5222.94,1,2,1,0,0,3097.6,1.69,1504,0,0,0,0,570.0,0,0
T05521,2026-01-05T03:00:00+00:00,U0185,R0269,8361.55,0,3,0,0,0,3968.74,2.11,1483,0,0,0,0,106.0,1,0
T05522,2026-01-05T03:01:00+00:00,U0026,R0008,3878.13,1,3,0,0,0,7219.09,0.54,407,0,0,0,0,102.0,0,1
T05523,2026-01-05T03:02:00+00:00,U0058,R0048,2840.29,1,3,0,0,1,4055.49,0.7,1080,0,0,0,0,57.0,0,0
T05524,2026-01-05T03:03:00+00:00,U0017,R0058,3903.25,1,3,0,0,1,5123.41,0.76,53,0,0,0,0,26.0,0,0
T05525,2026-01-05T03:04:00+00:00,U0119,R0213,2343.35,1,3,1,0,0,5612.42,0.42,112,0,0,0,0,235.0,0,0
T05526,2026-01-05T03:05:00+00:00,U0138,R0226,8785.48,1,3,0,0,0,6491.38,1.35,1898,0,0,0,0,140.0,0,0
T05527,2026-01-05T03:06:00+00:00,U0155,R0415,559.39,1,3,0,0,0,3387.52,0.17,1159,0,0,0,0,236.0,0,0
T05528,2026-01-05T03:07:00+00:00,U0080,R0244,4831.71,1,3,0,0,0,7087.17,0.68,846,0,0,0,0,575.0,0,0
T05529,2026-01-05T03:08:00+00:00,U0066,R0066,871.13,1,3,0,0,0,8217.79,0.11,532,0,0,0,0,289.0,0,0
T05530,2026-01-05T03:09:00+00:00,U0139,R0188,5615.72,0,3,0,0,1,3182.62,1.76,1504,1,0,0,0,10.0,1,0
T05531,2026-01-05T03:10:00+00:00,U0172,R0367,142.6,1,3,0,0,1,5247.34,0.03,1447,0,0,0,0,19.0,0,0
T05532,2026-01-05T03:11:00+00:00,U0127,R0384,290.43,1,3,1,0,0,2749.71,0.11,675,0,0,0,0,329.0,0,0
T05533,2026-01-05T03:12:00+00:00,U0147,R0101,6390.83,1,3,0,0,0,5758.35,1.11,1663,0,0,0,0,83.0,0,0
T05534,2026-01-05T03:13:00+00:00,U0132,R0067,962.28,1,3,0,0,0,3713.5,0.26,12,0,0,0,0,85.0,0,0
T05535,2026-01-05T03:14:00+00:00,U0037,R0116,22472.21,1,3,0,1,1,3250.54,6.91,132,0,0,0,0,16.0,0,1
T05536,2026-01-05T03:15:00+00:00,U0191,R0049,1893.67,0,3,0,0,1,4983.62,0.38,982,0,0,0,0,53.0,1,0
T05537,2026-01-05T03:16:00+00:00,U0073,R0455,3380.08,1,3,0,0,0,6436.84,0.53,1369,0,0,0,0,92.0,0,0
T05538,2026-01-05T03:17:00+00:00,U0064,R0116,8043.79,1,3,0,0,1,3509.37,2.29,1159,0,0,0,0,34.0,0,0
T05539,2026-01-05T03:18:00+00:00,U0187,R0338,28223.23,1,3,1,1,0,3753.58,7.52,1389,0,0,0,0,307.0,0,1
T05540,2026-01-05T03:19:00+00:00,U0182,R0499,1775.42,1,3,0,0,0,5527.8,0.32,269,0,0,0,0,352.0,0,0
T05541,2026-01-05T03:20:00+00:00,U0152,R0267,529.18,1,3,0,0,0,5504.78,0.1,1711,0,0,0,0,454.0,0,0
T05542,2026-01-05T03:21:00+00:00,U0069,R0390,24412.38,1,3,1,0,0,4420.67,5.52,1754,0,0,0,0,314.0,0,1
T05543,2026-01-05T03:22:00+00:00,U0084,R0217,2555.48,1,3,1,0,0,3609.9,0.71,1583,0,0,0,0,76.0,0,0
T05544,2026-01-05T03:23:00+00:00,U0038,R0297,2164.41,1,3,0,0,0,3366.79,0.64,400,0,0,0,0,768.0,0,0
T05545,2026-01-05T03:24:00+00:00,U0009,R0383,5277.86,1,3,0,0,0,2759.72,1.91,1744,0,0,0,0,1273.0,0,0
T05546,2026-01-05T03:25:00+00:00,U0099,R0324,1368.62,1,3,0,0,0,4270.86,0.32,828,0,0,0,0,274.0,0,0
T05547,2026-01-05T03:26:00+00:00,U0051,R0094,5499.45,1,3,0,0,0,4842.98,1.14,60,0,0,0,0,845.0,0,0
T05548,2026-01-05T03:27:00+00:00,U0163,R0018,7265.07,1,3,0,0,0,3408.5,2.13,550,0,0,0,0,178.0,0,0
T05549,2026-01-05T03:28:00+00:00,U0061,R0083,533.43,1,3,0,0,0,3378.99,0.16,255,0,0,0,0,298.0,0,0
T05550,2026-01-05T03:29:00+00:00,U0003,R0293,5886.06,1,3,0,0,0,3966.64,1.48,1486,0,0,0,0,183.0,0,0
T05551,2026-01-05T03:30:00+00:00,U0089,R0097,2481.03,1,3,0,0,0,3477.69,0.71,622,0,0,0,0,347.0,0,0
T05552,2026-01-05T03:31:00+00:00,U0148,R0208,2611.98,1,3,0,0,0,3523.3,0.74,507,0,0,0,0,83.0,0,0
T05553,2026-01-05T03:32:00+00:00,U0055,R0233,4938.26,1,3,0,0,0,4936.68,1.0,553,0,0,0,0,165.0,0,0
T05554,2026-01-05T03:33:00+00:00,U0140,R0226,1622.45,1,3,0,0,0,4739.91,0.34,1219,0,0,0,0,486.0,0,0
T05555,2026-01-05T03:34:00+00:00,U0072,R0336,1907.75,1,3,0,0,0,2590.69,0.74,1208,0,0,0,0,199.0,0,0
T05556,2026-01-05T03:35:00+00:00,U0087,R0173,16146.89,1,3,1,1,0,4057.36,3.98,1811,0,0,0,0,100.0,0,1
T05557,2026-01-05T03:36:00+00:00,U0048,R0131,4867.27,1,3,0,0,0,4581.44,1.06,453,0,0,0,0,413.0,0,0
T05558,2026-01-05T03:37:00+00:00,U0125,R0396,1053.49,1,3,0,0,0,5046.9,0.21,499,0,0,0,0,140.0,0,0
T05559,2026-01-05T03:38:00+00:00,U0170,R0050,3808.84,1,3,0,1,0,5853.31,0.65,1804,0,0,0,0,421.0,0,0
T05560,2026-01-05T03:39:00+00:00,U0088,R0391,3855.08,1,3,0,0,0,7894.4,0.49,1812,0,0,0,0,246.0,0,0
T05561,2026-01-05T03:40:00+00:00,U0017,R0401,981.73,0,3,0,0,1,5076.48,0.19,53,0,0,0,0,37.0,1,0
T05562,2026-01-05T03:41:00+00:00,U0165,R0014,3537.41,1,3,0,0,0,7875.94,0.45,302,0,0,0,0,470.0,0,0
T05563,2026-01-05T03:42:00+00:00,U0033,R0049,2085.21,1,3,0,0,1,2610.47,0.8,1103,0,0,0,0,58.0,0,0
T05564,2026-01-05T03:43:00+00:00,U0118,R0425,1833.12,1,3,0,1,0,4048.47,0.45,635,0,0,0,0,252.0,0,0
T05565,2026-01-05T03:44:00+00:00,U0141,R0365,3364.76,0,3,0,0,0,3300.16,1.02,113,0,0,0,0,308.0,1,0
T05566,2026-01-05T03:45:00+00:00,U0089,R0158,4363.53,1,3,0,0,1,3437.82,1.27,622,0,0,0,0,15.0,0,0
T05567,2026-01-05T03:46:00+00:00,U0142,R0482,1841.23,0,3,0,0,0,4334.34,0.42,1708,0,0,0,0,219.0,1,0
T05568,2026-01-05T03:47:00+00:00,U0130,R0094,3037.71,1,3,0,0,0,4214.49,0.72,708,0,0,0,0,437.0,0,0
T05569,2026-01-05T03:48:00+00:00,U0131,R0100,3654.92,1,3,0,0,0,4252.5,0.86,1810,0,0,0,0,187.0,0,0
T05570,2026-01-05T03:49:00+00:00,U0175,R0114,1306.6,1,3,0,0,0,3873.41,0.34,1375,0,0,0,0,276.0,0,0
T05571,2026-01-05T03:50:00+00:00,U0051,R0376,2897.81,1,3,0,0,1,4897.68,0.59,60,0,0,0,0,24.0,0,0
T05572,2026-01-05T03:51:00+00:00,U0135,R0308,5564.1,1,3,0,0,0,3382.81,1.64,1258,0,0,0,0,228.0,0,0
T05573,2026-01-05T03:52:00+00:00,U0145,R0441,3270.59,1,3,0,0,0,3596.1,0.91,94,0,0,0,0,325.0,0,0
T05574,2026-01-05T03:53:00+00:00,U0013,R0410,9513.72,1,3,1,0,0,6211.17,1.53,869,0,0,0,0,133.0,0,1
T05575,2026-01-05T03:54:00+00:00,U0139,R0118,2166.04,1,3,0,0,2,3276.2,0.66,1504,0,0,0,0,45.0,0,0
T05576,2026-01-05T03:55:00+00:00,U0136,R0086,2298.99,1,3,0,0,0,3461.27,0.66,126,0,0,0,0,332.0,0,0
T05577,2026-01-05T03:56:00+00:00,U0026,R0349,7034.66,1,3,0,1,1,7107.72,0.99,407,0,0,0,0,55.0,0,0
T05578,2026-01-05T03:57:00+00:00,U0163,R0440,2393.43,1,3,0,0,1,3546.23,0.67,550,0,0,0,0,30.0,0,0
T05579,2026-01-05T03:58:00+00:00,U0193,R0367,49567.51,1,3,1,0,0,4635.23,10.69,158,0,0,0,0,266.0,0,1
T05580,2026-01-05T03:59:00+00:00,U0157,R0218,13161.35,1,3,1,0,0,5997.25,2.19,793,0,0,0,0,189.0,0,1
T05581,2026-01-05T04:00:00+00:00,U0072,R0026,2747.59,1,4,0,0,1,2570.0,1.07,1208,0,0,0,0,26.0,0,0
T05582,2026-01-05T04:01:00+00:00,U0103,R0152,3813.29,1,4,0,0,0,3266.86,1.17,145,0,0,0,0,86.0,0,0
T05583,2026-01-05T04:02:00+00:00,U0134,R0498,717.19,1,4,0,0,0,4685.99,0.15,723,0,0,0,0,265.0,0,0
T05584,2026-01-05T04:03:00+00:00,U0122,R0240,509.2,0,4,0,0,0,3853.56,0.13,1750,0,0,0,0,188.0,1,0
T05585,2026-01-05T04:04:00+00:00,U0185,R0481,1152.57,1,4,0,0,0,4110.44,0.28,1483,0,0,0,0,64.0,0,0
T05586,2026-01-05T04:05:00+00:00,U0020,R0129,4519.77,1,4,0,0,0,3908.52,1.16,1664,0,0,0,0,421.0,0,0
T05587,2026-01-05T04:06:00+00:00,U0172,R0160,15029.22,1,4,1,0,1,5105.54,2.94,1447,0,0,0,0,56.0,0,1
T05588,2026-01-05T04:07:00+00:00,U0188,R0314,3092.18,1,4,0,0,0,4838.08,0.64,1681,0,0,0,0,231.0,0,0
T05589,2026-01-05T04:08:00+00:00,U0018,R0031,607.4,1,4,0,0,0,4904.12,0.12,74,0,0,0,0,143.0,0,0
T05590,2026-01-05T04:09:00+00:00,U0036,R0074,22218.74,1,4,0,0,0,4145.27,5.36,219,0,0,0,0,110.0,0,1
T05591,2026-01-05T04:10:00+00:00,U0042,R0392,2297.8,1,4,0,0,0,3327.16,0.69,914,0,0,0,0,102.0,0,0
T05592,2026-01-05T04:11:00+00:00,U0063,R0201,1081.81,1,4,0,0,0,3793.29,0.29,1621,0,0,0,0,373.0,0,0
T05593,2026-01-05T04:12:00+00:00,U0166,R0215,7710.18,1,4,0,1,0,4164.77,1.85,1257,0,0,0,0,294.0,0,1
T05594,2026-01-05T04:13:00+00:00,U0050,R0128,5122.11,1,4,0,0,0,2954.08,1.73,682,0,0,0,0,312.0,0,0
T05595,2026-01-05T04:14:00+00:00,U0019,R0116,2097.49,1,4,0,0,0,4786.31,0.44,1302,0,0,0,0,140.0,0,0
T05596,2026-01-05T04:15:00+00:00,U0071,R0072,5057.01,1,4,0,0,0,7057.7,0.72,17,0,0,0,0,94.0,0,0
T05597,2026-01-05T04:16:00+00:00,U0032,R0372,1195.53,1,4,0,0,0,2872.32,0.42,1853,0,0,0,0,292.0,0,0
T05598,2026-01-05T04:17:00+00:00,U0173,R0078,2598.81,1,4,0,0,0,3003.44,0.87,1772,0,0,0,0,214.0,0,0
T05599,2026-01-05T04:18:00+00:00,U0037,R0345,1141.07,1,4,0,0,0,3851.22,0.3,132,0,0,0,0,64.0,0,0
T05600,2026-01-05T04:19:00+00:00,U0084,R0006,2453.41,1,4,0,0,1,3570.84,0.69,1583,0,0,0,0,57.0,0,0
T05601,2026-01-05T04:20:00+00:00,U0134,R0160,4410.42,1,4,0,0,1,4553.7,0.97,723,0,0,0,0,18.0,0,0
T05602,2026-01-05T04:21:00+00:00,U0198,R0322,872.91,0,4,0,0,0,4234.56,0.21,1947,0,0,0,0,171.0,1,0
T05603,2026-01-05T04:22:00+00:00,U0060,R0339,203.78,1,4,0,0,0,2947.55,0.07,1595,0,0,0,0,473.0,0,0
T05604,2026-01-05T04:23:00+00:00,U0032,R0278,1737.7,1,4,0,0,1,2799.41,0.62,1853,1,0,0,0,7.0,0,0
T05605,2026-01-05T04:24:00+00:00,U0117,R0079,156.58,1,4,0,0,0,3843.32,0.04,876,0,0,0,0,199.0,0,0
T05606,2026-01-05T04:25:00+00:00,U0194,R0467,2399.7,1,4,0,0,0,5418.97,0.44,1773,0,0,0,0,698.0,0,0
T05607,2026-01-05T04:26:00+00:00,U0070,R0487,3028.15,0,4,0,0,0,4809.74,0.63,664,0,0,0,0,663.0,1,0
T05608,2026-01-05T04:27:00+00:00,U0098,R0430,7545.36,1,4,0,0,0,6203.34,1.22,938,0,0,0,0,122.0,0,0
T05609,2026-01-05T04:28:00+00:00,U0029,R0321,7426.1,1,4,0,0,0,5743.6,1.29,316,0,0,0,0,96.0,0,0
T05610,2026-01-05T04:29:00+00:00,U0150,R0087,7750.96,1,4,0,0,0,4499.2,1.72,1080,0,0,0,0,282.0,0,0
T05611,2026-01-05T04:30:00+00:00,U0178,R0444,757.05,1,4,0,0,0,3362.64,0.23,1860,0,0,0,0,105.0,0,0
T05612,2026-01-05T04:31:00+00:00,U0195,R0150,1303.9,1,4,0,0,0,5413.56,0.24,1578,0,0,0,0,252.0,0,0
T05613,2026-01-05T04:32:00+00:00,U0027,R0046,546.6,0,4,0,0,0,5251.85,0.1,1808,0,0,0,0,223.0,1,0
T05614,2026-01-05T04:33:00+00:00,U0155,R0492,3999.91,1,4,0,0,0,3252.85,1.23,1159,0,0,0,0,87.0,0,0
T05615,2026-01-05T04:34:00+00:00,U0093,R0124,5319.68,1,4,0,0,0,6302.79,0.84,403,0,0,0,0,122.0,0,0
T05616,2026-01-05T04:35:00+00:00,U0171,R0254,7660.01,1,4,0,0,0,4888.8,1.57,1154,0,0,0,0,148.0,0,0
T05617,2026-01-05T04:36:00+00:00,U0111,R0216,28739.67,1,4,1,1,0,2526.36,11.38,877,0,0,0,0,159.0,0,1
T05618,2026-01-05T04:37:00+00:00,U0027,R0443,574.93,1,4,0,0,1,5070.87,0.11,1808,1,0,0,0,5.0,0,0
T05619,2026-01-05T04:38:00+00:00,U0186,R0376,5691.33,1,4,0,0,0,3453.7,1.65,1731,0,0,0,0,317.0,0,0
T05620,2026-01-05T04:39:00+00:00,U0065,R0328,802.65,1,4,0,0,0,4804.5,0.17,1869,0,0,0,0,857.0,0,0
T05621,2026-01-05T04:40:00+00:00,U0108,R0342,875.96,1,4,0,0,0,4341.63,0.2,1935,0,0,0,0,111.0,0,0
T05622,2026-01-05T04:41:00+00:00,U0092,R0043,7376.41,1,4,0,0,0,5798.25,1.27,892,0,0,0,0,504.0,0,0
T05623,2026-01-05T04:42:00+00:00,U0183,R0413,813.18,1,4,0,0,0,3480.49,0.23,827,0,0,0,0,338.0,0,0
T05624,2026-01-05T04:43:00+00:00,U0150,R0254,1815.82,1,4,0,0,1,4634.69,0.39,1080,0,0,0,0,14.0,0,0
T05625,2026-01-05T04:44:00+00:00,U0112,R0341,725.44,1,4,0,0,0,3397.03,0.21,939,0,0,0,0,182.0,0,0
T05626,2026-01-05T04:45:00+00:00,U0200,R0424,4529.91,1,4,0,0,0,3466.53,1.31,1096,0,0,0,0,239.0,0,0
T05627,2026-01-05T04:46:00+00:00,U0144,R0311,17409.57,1,4,0,1,0,4018.69,4.33,685,0,0,0,0,250.0,0,1
T05628,2026-01-05T04:47:00+00:00,U0097,R0311,2946.3,1,4,0,0,0,4434.18,0.66,174,0,0,0,0,146.0,0,0
T05629,2026-01-05T04:48:00+00:00,U0171,R0196,9469.96,1,4,1,1,1,5027.36,1.88,1154,0,0,0,0,13.0,0,1
T05630,2026-01-05T04:49:00+00:00,U0028,R0303,5608.99,1,4,1,0,0,3106.97,1.81,1290,0,0,0,0,663.0,0,0
T05631,2026-01-05T04:50:00+00:00,U0165,R0489,4549.63,1,4,0,0,0,7720.99,0.59,302,0,0,0,0,69.0,0,0
T05632,2026-01-05T04:51:00+00:00,U0025,R0061,5479.93,1,4,0,0,0,3514.38,1.56,1745,0,0,0,0,681.0,0,0
T05633,2026-01-05T04:52:00+00:00,U0062,R0185,2563.66,1,4,0,0,0,4299.12,0.6,820,0,0,0,0,349.0,0,0
T05634,2026-01-05T04:53:00+00:00,U0182,R0463,4024.3,1,4,0,0,0,5393.79,0.75,269,0,0,0,0,94.0,0,0
T05635,2026-01-05T04:54:00+00:00,U0101,R0368,1586.47,1,4,0,0,0,5304.2,0.3,1165,0,0,0,0,683.0,0,0
T05636,2026-01-05T04:55:00+00:00,U0089,R0332,7701.5,1,4,0,0,0,3473.42,2.22,622,0,0,0,0,70.0,0,0
T05637,2026-01-05T04:56:00+00:00,U0118,R0294,6300.87,1,4,1,1,0,3969.35,1.59,635,0,0,0,0,73.0,0,1
T05638,2026-01-05T04:57:00+00:00,U0010,R0482,509.01,1,4,0,0,0,3315.83,0.15,1038,0,0,0,0,321.0,0,0
T05639,2026-01-05T04:58:00+00:00,U0161,R0382,2353.08,1,4,0,0,0,5077.18,0.46,1632,0,0,0,0,124.0,0,0
T05640,2026-01-05T04:59:00+00:00,U0172,R0465,1796.4,1,4,0,0,1,5373.75,0.33,1447,0,0,0,0,53.0,0,0
T05641,2026-01-05T05:00:00+00:00,U0146,R0093,2175.22,1,5,1,0,0,4110.75,0.53,1480,0,0,0,0,504.0,0,0
T05642,2026-01-05T05:01:00+00:00,U0085,R0051,4087.68,1,5,0,0,0,4258.08,0.96,652,0,0,0,0,295.0,0,0
T05643,2026-01-05T05:02:00+00:00,U0106,R0411,5402.22,0,5,0,0,0,2953.62,1.83,1381,0,0,0,0,706.0,1,0
T05644,2026-01-05T05:03:00+00:00,U0117,R0435,4278.72,1,5,1,0,1,3737.98,1.14,876,0,0,0,0,39.0,0,0
T05645,2026-01-05T05:04:00+00:00,U0092,R0420,3911.76,1,5,0,0,1,5852.67,0.67,892,0,0,0,0,23.0,0,0
T05646,2026-01-05T05:05:00+00:00,U0091,R0499,4833.28,1,5,0,0,0,3429.76,1.41,823,0,0,0,0,149.0,0,0
T05647,2026-01-05T05:06:00+00:00,U0071,R0229,1019.59,1,5,0,0,1,7007.69,0.15,17,0,0,0,0,51.0,0,0
T05648,2026-01-05T05:07:00+00:00,U0084,R0235,3511.8,1,5,0,0,1,3530.94,0.99,1583,0,0,0,0,48.0,0,0
T05649,2026-01-05T05:08:00+00:00,U0163,R0135,1804.95,1,5,0,0,0,3506.48,0.51,550,0,0,0,0,71.0,0,0
T05650,2026-01-05T05:09:00+00:00,U0042,R0108,1785.81,1,5,0,0,1,3297.75,0.54,914,0,0,0,0,59.0,0,0
T05651,2026-01-05T05:10:00+00:00,U0141,R0332,1612.06,1,5,0,0,0,3302.47,0.49,113,0,0,0,0,86.0,0,0
T05652,2026-01-05T05:11:00+00:00,U0103,R0386,130.72,1,5,0,0,0,3285.7,0.04,145,0,0,0,0,70.0,0,0
T05653,2026-01-05T05:12:00+00:00,U0045,R0433,3133.66,1,5,1,0,0,5405.17,0.58,1072,0,0,0,0,382.0,0,0
T05654,2026-01-05T05:13:00+00:00,U0023,R0171,7168.13,0,5,0,0,0,2947.75,2.43,1815,0,0,0,0,227.0,1,0
T05655,2026-01-05T05:14:00+00:00,U0138,R0379,1788.66,1,5,1,0,0,6565.39,0.27,1898,0,0,0,0,129.0,0,0
T05656,2026-01-05T05:15:00+00:00,U0059,R0163,3288.07,1,5,0,0,0,4929.39,0.67,75,0,0,0,0,258.0,0,0
T05657,2026-01-05T05:16:00+00:00,U0026,R0469,4502.72,1,5,0,0,0,7105.37,0.63,407,0,0,0,0,80.0,0,0
T05658,2026-01-05T05:17:00+00:00,U0164,R0208,1222.56,1,5,0,0,0,3855.88,0.32,1150,0,0,0,0,316.0,0,0
T05659,2026-01-05T05:18:00+00:00,U0128,R0328,584.39,1,5,0,0,0,3241.78,0.18,1107,0,0,0,0,145.0,0,0
T05660,2026-01-05T05:19:00+00:00,U0098,R0104,5023.38,1,5,0,0,1,6236.89,0.81,938,0,0,0,0,52.0,0,0
T05661,2026-01-05T05:20:00+00:00,U0182,R0249,4010.73,1,5,0,0,1,5346.56,0.75,269,0,0,0,0,27.0,0,0
T05662,2026-01-05T05:21:00+00:00,U0113,R0459,6693.32,1,5,0,0,0,3447.52,1.94,1440,0,0,0,0,181.0,0,0
T05663,2026-01-05T05:22:00+00:00,U0041,R0492,7083.43,1,5,0,0,0,4118.46,1.72,680,0,0,0,0,269.0,0,0
T05664,2026-01-05T05:23:00+00:00,U0005,R0058,2216.85,1,5,0,0,0,3399.86,0.65,1114,0,0,0,0,594.0,0,0
T05665,2026-01-05T05:24:00+00:00,U0080,R0466,1643.94,0,5,0,1,0,7000.42,0.23,846,0,0,0,0,137.0,2,0
T05666,2026-01-05T05:25:00+00:00,U0165,R0287,817.46,0,5,0,0,1,7611.64,0.11,302,0,0,0,0,35.0,1,0
T05667,2026-01-05T05:26:00+00:00,U0144,R0276,3521.49,1,5,0,0,1,4514.65,0.78,685,0,0,0,0,40.0,0,0
T05668,2026-01-05T05:27:00+00:00,U0159,R0357,3369.3,1,5,0,0,0,3886.11,0.87,490,0,0,0,0,159.0,0,0
T05669,2026-01-05T05:28:00+00:00,U0024,R0047,694.07,1,5,0,0,0,3739.7,0.19,1553,0,0,0,0,182.0,0,0
T05670,2026-01-05T05:29:00+00:00,U0170,R0208,1879.23,1,5,0,0,0,5771.54,0.33,1804,0,0,0,0,111.0,0,0
T05671,2026-01-05T05:30:00+00:00,U0038,R0367,1922.09,1,5,0,0,0,3323.85,0.58,400,0,0,0,0,127.0,0,0
T05672,2026-01-05T05:31:00+00:00,U0091,R0204,1961.22,0,5,0,0,1,3475.03,0.56,823,0,0,0,0,26.0,1,0
T05673,2026-01-05T05:32:00+00:00,U0099,R0054,3576.59,1,5,0,0,0,4170.78,0.86,828,0,0,0,0,127.0,0,0
T05674,2026-01-05T05:33:00+00:00,U0189,R0418,5488.93,1,5,0,0,0,3734.26,1.47,690,0,0,0,0,651.0,0,0
T05675,2026-01-05T05:34:00+00:00,U0076,R0315,6941.21,1,5,1,0,0,3711.64,1.87,1540,0,0,0,0,352.0,0,1
T05676,2026-01-05T05:35:00+00:00,U0022,R0166,2308.2,1,5,0,0,0,7105.11,0.32,887,0,0,0,0,433.0,0,0
T05677,2026-01-05T05:36:00+00:00,U0114,R0423,7791.69,1,5,0,0,0,4700.1,1.66,447,0,0,0,0,292.0,0,0
T05678,2026-01-05T05:37:00+00:00,U0141,R0080,2201.42,1,5,0,0,1,3244.18,0.68,113,0,0,0,0,27.0,0,0
T05679,2026-01-05T05:38:00+00:00,U0071,R0014,1718.51,1,5,0,0,1,6861.63,0.25,17,0,0,0,0,32.0,0,0
T05680,2026-01-05T05:39:00+00:00,U0178,R0113,3281.59,1,5,0,0,0,3281.22,1.0,1860,0,0,0,0,69.0,0,0
T05681,2026-01-05T05:40:00+00:00,U0058,R0226,1534.66,1,5,0,0,0,4014.99,0.38,1080,0,0,0,0,158.0,0,0
T05682,2026-01-05T05:41:00+00:00,U0056,R0075,6690.3,1,5,0,0,0,5026.52,1.33,129,0,0,0,0,203.0,0,0
T05683,2026-01-05T05:42:00+00:00,U0063,R0494,6845.21,1,5,0,0,0,3684.83,1.86,1621,0,0,0,0,91.0,0,0
T05684,2026-01-05T05:43:00+00:00,U0157,R0248,2855.48,1,5,0,0,0,6201.94,0.46,793,0,0,0,0,104.0,0,0
T05685,2026-01-05T05:44:00+00:00,U0107,R0285,16815.32,1,5,1,0,0,5318.93,3.16,1230,0,0,0,0,282.0,0,1
T05686,2026-01-05T05:45:00+00:00,U0146,R0099,5074.35,1,5,0,0,1,4048.31,1.25,1480,0,0,0,0,45.0,0,0
T05687,2026-01-05T05:46:00+00:00,U0133,R0298,676.26,1,5,0,0,0,3429.1,0.2,257,0,0,0,0,176.0,0,0
T05688,2026-01-05T05:47:00+00:00,U0148,R0455,1418.94,1,5,0,0,0,3495.68,0.41,507,0,0,0,0,136.0,0,0
T05689,2026-01-05T05:48:00+00:00,U0100,R0383,1062.22,1,5,1,0,0,4912.88,0.22,1160,0,0,0,0,188.0,0,0
T05690,2026-01-05T05:49:00+00:00,U0094,R0412,2516.78,1,5,0,0,0,3049.82,0.83,768,0,0,0,0,589.0,0,0
T05691,2026-01-05T05:50:00+00:00,U0111,R0190,2607.75,1,5,0,0,0,3906.01,0.67,877,0,0,0,0,74.0,0,0
T05692,2026-01-05T05:51:00+00:00,U0061,R0164,1239.81,1,5,0,0,0,3260.43,0.38,255,0,0,0,0,143.0,0,0
T05693,2026-01-05T05:52:00+00:00,U0020,R0491,8285.24,0,5,0,0,0,3928.89,2.11,1664,0,0,0,0,107.0,1,0
T05694,2026-01-05T05:53:00+00:00,U0083,R0441,9409.06,1,5,0,0,0,6958.12,1.35,313,0,0,0,0,191.0,0,0
T05695,2026-01-05T05:54:00+00:00,U0180,R0127,865.63,0,5,0,0,0,6360.13,0.14,793,0,0,0,0,195.0,1,0
T05696,2026-01-05T05:55:00+00:00,U0149,R0066,2349.99,1,5,0,0,0,2857.66,0.82,1912,0,0,0,0,208.0,0,0
T05697,2026-01-05T05:56:00+00:00,U0130,R0363,3726.83,1,5,0,0,0,4169.23,0.89,708,0,0,0,0,129.0,0,0
T05698,2026-01-05T05:57:00+00:00,U0081,R0054,2234.99,1,5,0,0,0,3588.46,0.62,1251,0,0,0,0,222.0,0,0
T05699,2026-01-05T05:58:00+00:00,U0155,R0117,3841.2,1,5,0,0,0,3286.8,1.17,1159,0,0,0,0,85.0,0,0
T05700,2026-01-05T05:59:00+00:00,U0184,R0360,577.02,1,5,0,0,0,3496.4,0.17,327,0,0,0,0,230.0,0,0
T05701,2026-01-05T06:00:00+00:00,U0142,R0421,197.52,1,6,1,0,0,4253.92,0.05,1708,0,0,0,0,134.0,0,0
T05702,2026-01-05T06:01:00+00:00,U0120,R0138,710.21,0,6,0,0,0,5349.47,0.13,524,0,0,0,0,456.0,1,0
T05703,2026-01-05T06:02:00+00:00,U0014,R0236,1478.09,1,6,0,0,0,4582.01,0.32,608,0,0,0,0,341.0,0,0
T05704,2026-01-05T06:03:00+00:00,U0128,R0303,12441.87,1,6,0,1,1,3143.35,3.96,1107,0,0,0,0,45.0,0,1
T05705,2026-01-05T06:04:00+00:00,U0044,R0012,1860.97,1,6,0,0,0,5736.47,0.32,1950,0,0,0,0,374.0,0,0
T05706,2026-01-05T06:05:00+00:00,U0144,R0333,2125.33,1,6,0,0,1,4479.18,0.47,685,0,0,0,0,39.0,0,0
T05707,2026-01-05T06:06:00+00:00,U0089,R0245,1368.47,1,6,0,0,0,3630.02,0.38,622,0,0,0,0,71.0,0,0
T05708,2026-01-05T06:07:00+00:00,U0038,R0033,12406.28,0,6,1,1,1,3275.51,3.79,400,0,0,0,0,37.0,1,1
T05709,2026-01-05T06:08:00+00:00,U0017,R0489,3946.76,1,6,0,0,0,4924.82,0.8,53,0,0,0,0,148.0,0,0
T05710,2026-01-05T06:09:00+00:00,U0146,R0130,1247.57,1,6,0,0,1,4080.37,0.31,1480,0,0,0,0,24.0,0,0
T05711,2026-01-05T06:10:00+00:00,U0187,R0015,2015.08,1,6,0,0,0,4659.86,0.43,1389,0,0,0,0,172.0,0,0
T05712,2026-01-05T06:11:00+00:00,U0126,R0221,21461.55,1,6,1,0,0,5319.29,4.03,1797,0,0,0,0,222.0,0,1
T05713,2026-01-05T06:12:00+00:00,U0035,R0203,2476.61,1,6,0,0,0,3041.15,0.81,1476,0,0,0,0,557.0,0,0
T05714,2026-01-05T06:13:00+00:00,U0116,R0159,2212.91,1,6,0,0,0,4446.97,0.5,463,0,0,0,0,532.0,0,0
T05715,2026-01-05T06:14:00+00:00,U0173,R0156,1339.25,0,6,0,0,0,2988.99,0.45,1772,0,0,0,0,117.0,1,0
T05716,2026-01-05T06:15:00+00:00,U0146,R0409,2228.72,1,6,0,1,2,3994.53,0.56,1480,1,0,0,0,6.0,0,0
T05717,2026-01-05T06:16:00+00:00,U0105,R0074,1328.36,1,6,0,0,0,3833.56,0.35,203,0,0,0,0,440.0,0,0
T05718,2026-01-05T06:17:00+00:00,U0175,R0301,5729.61,1,6,0,0,0,3770.73,1.52,1375,0,0,0,0,148.0,0,0
T05719,2026-01-05T06:18:00+00:00,U0002,R0498,1147.4,1,6,0,0,0,3077.74,0.37,1660,0,0,0,0,224.0,0,0
T05720,2026-01-05T06:19:00+00:00,U0183,R0387,1298.8,1,6,0,0,0,3402.04,0.38,827,0,0,0,0,97.0,0,0
T05721,2026-01-05T06:20:00+00:00,U0031,R0397,631.76,1,6,0,0,0,4624.22,0.14,1886,0,0,0,0,282.0,0,0
T05722,2026-01-05T06:21:00+00:00,U0158,R0033,2893.07,1,6,0,0,0,4154.01,0.7,1865,0,0,0,0,598.0,0,0
T05723,2026-01-05T06:22:00+00:00,U0187,R0083,1972.45,1,6,0,0,1,4565.4,0.43,1389,0,0,0,0,12.0,0,0
T05724,2026-01-05T06:23:00+00:00,U0064,R0308,854.64,1,6,1,0,0,3631.92,0.24,1159,0,0,0,0,186.0,0,0
T05725,2026-01-05T06:24:00+00:00,U0046,R0428,694.58,1,6,0,0,0,4827.83,0.14,854,0,0,0,0,342.0,0,0
T05726,2026-01-05T06:25:00+00:00,U0167,R0476,1639.46,1,6,0,0,0,3046.76,0.54,1126,0,0,0,0,227.0,0,0
T05727,2026-01-05T06:26:00+00:00,U0031,R0170,2919.63,1,6,0,0,1,4506.8,0.65,1886,1,0,0,0,6.0,0,0
T05728,2026-01-05T06:27:00+00:00,U0104,R0294,4265.35,1,6,0,0,0,4334.14,0.98,508,0,0,0,0,324.0,0,0
T05729,2026-01-05T06:28:00+00:00,U0176,R0199,1492.4,1,6,0,0,0,2726.57,0.55,1935,0,0,0,0,468.0,0,0
T05730,2026-01-05T06:29:00+00:00,U0098,R0357,1811.27,1,6,0,0,0,6207.29,0.29,938,0,0,0,0,70.0,0,0
T05731,2026-01-05T06:30:00+00:00,U0088,R0094,683.59,1,6,1,0,0,7785.23,0.09,1812,0,0,0,0,171.0,0,0
T05732,2026-01-05T06:31:00+00:00,U0091,R0091,3311.34,1,6,0,0,1,3427.72,0.97,823,0,0,0,0,60.0,0,0
T05733,2026-01-05T06:32:00+00:00,U0065,R0256,1031.21,1,6,0,0,0,4593.87,0.22,1869,0,0,0,0,113.0,0,0
T05734,2026-01-05T06:33:00+00:00,U0067,R0206,1163.99,1,6,0,0,0,3129.77,0.37,1381,0,0,0,0,305.0,0,0
T05735,2026-01-05T06:34:00+00:00,U0090,R0332,5979.7,1,6,1,1,0,3206.77,1.86,150,0,0,0,0,260.0,0,0
T05736,2026-01-05T06:35:00+00:00,U0087,R0232,4618.26,1,6,0,0,0,4633.05,1.0,1811,0,0,0,0,180.0,0,0
T05737,2026-01-05T06:36:00+00:00,U0135,R0132,1111.05,1,6,0,0,0,3473.69,0.32,1258,0,0,0,0,165.0,0,0
T05738,2026-01-05T06:37:00+00:00,U0156,R0032,25143.99,1,6,0,0,0,3402.17,7.39,1027,0,0,0,0,319.0,0,1
T05739,2026-01-05T06:38:00+00:00,U0016,R0350,2714.51,1,6,0,0,0,4222.61,0.64,1715,0,0,0,0,232.0,0,0
T05740,2026-01-05T06:39:00+00:00,U0044,R0001,1370.93,1,6,0,0,1,5551.92,0.25,1950,0,0,0,0,35.0,0,0
T05741,2026-01-05T06:40:00+00:00,U0136,R0007,347.42,1,6,0,0,0,3412.84,0.1,126,0,0,0,0,165.0,0,0
T05742,2026-01-05T06:41:00+00:00,U0099,R0157,1616.18,1,6,1,0,0,4150.98,0.39,828,0,0,0,0,69.0,0,1
T05743,2026-01-05T06:42:00+00:00,U0099,R0157,1616.18,0,6,1,0,1,4069.21,0.4,828,1,1,1,1,1.0,1,1
T05744,2026-01-05T06:43:00+00:00,U0099,R0157,1616.18,0,6,0,0,2,3992.55,0.4,828,2,2,2,2,1.0,2,1
T05745,2026-01-05T06:44:00+00:00,U0146,R0289,3839.13,0,6,0,0,3,3942.6,0.97,1480,0,0,0,0,29.0,1,0
T05746,2026-01-05T06:45:00+00:00,U0018,R0490,3279.02,1,6,0,0,0,4773.92,0.69,74,0,0,0,0,157.0,0,0
T05747,2026-01-05T06:46:00+00:00,U0163,R0318,791.27,1,6,0,0,0,3449.76,0.23,550,0,0,0,0,98.0,0,0
T05748,2026-01-05T06:47:00+00:00,U0138,R0112,2300.51,1,6,0,0,0,6416.11,0.36,1898,0,0,0,0,93.0,0,0
T05749,2026-01-05T06:48:00+00:00,U0025,R0447,7122.98,1,6,0,0,0,3623.58,1.97,1745,0,0,0,0,117.0,0,0
T05750,2026-01-05T06:49:00+00:00,U0040,R0308,3608.75,1,6,0,0,0,5229.53,0.69,1571,0,0,0,0,358.0,0,0
T05751,2026-01-05T06:50:00+00:00,U0046,R0457,1181.23,1,6,0,0,1,4716.12,0.25,854,0,0,0,0,26.0,0,0
T05752,2026-01-05T06:51:00+00:00,U0198,R0091,1964.55,1,6,0,0,0,4126.12,0.48,1947,0,0,0,0,150.0,0,0
T05753,2026-01-05T06:52:00+00:00,U0114,R0016,2241.01,1,6,0,0,0,4791.03,0.47,447,0,0,0,0,76.0,0,0
T05754,2026-01-05T06:53:00+00:00,U0138,R0455,1355.86,1,6,1,0,1,6291.4,0.22,1898,1,0,0,0,6.0,0,0
T05755,2026-01-05T06:54:00+00:00,U0031,R0414,4145.71,1,6,0,0,2,4461.45,0.93,1886,0,0,0,0,28.0,0,0
T05756,2026-01-05T06:55:00+00:00,U0075,R0056,1228.57,1,6,0,0,0,3945.51,0.31,86,0,0,0,0,326.0,0,0
T05757,2026-01-05T06:56:00+00:00,U0047,R0303,7074.1,1,6,0,0,0,7192.25,0.98,957,0,0,0,0,378.0,0,1
T05758,2026-01-05T06:57:00+00:00,U0026,R0255,1354.18,1,6,0,0,0,7024.03,0.19,407,0,0,0,0,101.0,0,0
T05759,2026-01-05T06:58:00+00:00,U0040,R0314,3621.28,1,6,0,0,1,5181.86,0.7,1571,1,0,0,0,9.0,0,0
T05760,2026-01-05T06:59:00+00:00,U0117,R0476,2580.5,1,6,0,0,0,3753.0,0.69,876,0,0,0,0,116.0,0,0
T05761,2026-01-05T07:00:00+00:00,U0100,R0402,3993.98,1,7,0,0,0,4758.85,0.84,1160,0,0,0,0,72.0,0,0
T05762,2026-01-05T07:01:00+00:00,U0030,R0343,556.85,1,7,0,0,0,4087.25,0.14,229,0,0,0,0,677.0,0,0
T05763,2026-01-05T07:02:00+00:00,U0087,R0127,2525.14,1,7,1,0,1,4632.38,0.55,1811,0,0,0,0,27.0,0,0
T05764,2026-01-05T07:03:00+00:00,U0062,R0492,1121.51,1,7,0,0,0,4212.35,0.27,820,0,0,0,0,131.0,0,0
T05765,2026-01-05T07:04:00+00:00,U0049,R0407,5586.85,1,7,0,0,0,3556.8,1.57,100,0,0,0,0,294.0,0,0
T05766,2026-01-05T07:05:00+00:00,U0092,R0031,1818.42,1,7,0,0,0,5787.97,0.31,892,0,0,0,0,121.0,0,0
T05767,2026-01-05T07:06:00+00:00,U0123,R0416,3214.64,1,7,1,0,0,3318.39,0.97,832,0,0,0,0,998.0,0,0
T05768,2026-01-05T07:07:00+00:00,U0169,R0363,21704.75,1,7,1,0,0,3048.67,7.12,1949,0,0,0,0,652.0,0,1
T05769,2026-01-05T07:08:00+00:00,U0152,R0051,1545.29,1,7,0,0,0,5313.41,0.29,1711,0,0,0,0,228.0,0,0
T05770,2026-01-05T07:09:00+00:00,U0024,R0340,11639.59,1,7,1,1,0,3661.6,3.18,1553,0,0,0,0,101.0,0,1
T05771,2026-01-05T07:10:00+00:00,U0135,R0289,5153.32,1,7,0,0,1,3379.19,1.53,1258,0,0,0,0,34.0,0,0
T05772,2026-01-05T07:11:00+00:00,U0137,R0268,2525.61,1,7,0,0,0,3534.45,0.71,511,0,0,0,0,299.0,0,0
T05773,2026-01-05T07:12:00+00:00,U0140,R0330,4313.57,1,7,0,1,0,4624.45,0.93,1219,0,0,0,0,219.0,0,1
T05774,2026-01-05T07:13:00+00:00,U0083,R0070,8453.75,0,7,0,0,0,7048.9,1.2,313,0,0,0,0,80.0,1,0
T05775,2026-01-05T07:14:00+00:00,U0051,R0150,3274.76,1,7,0,0,0,4743.85,0.69,60,0,0,0,0,204.0,0,0
T05776,2026-01-05T07:15:00+00:00,U0110,R0207,3114.7,1,7,0,0,0,3756.78,0.83,29,0,0,0,0,763.0,0,0
T05777,2026-01-05T07:16:00+00:00,U0022,R0252,341.19,1,7,0,0,0,6964.03,0.05,887,0,0,0,0,101.0,0,0
T05778,2026-01-05T07:17:00+00:00,U0027,R0165,3488.76,1,7,0,0,0,4904.36,0.71,1808,0,0,0,0,160.0,0,0
T05779,2026-01-05T07:18:00+00:00,U0157,R0200,6332.83,1,7,0,0,0,6108.98,1.04,793,0,0,0,0,95.0,0,0
T05780,2026-01-05T07:19:00+00:00,U0198,R0148,484.31,1,7,0,0,1,4058.57,0.12,1947,0,0,0,0,28.0,0,0
T05781,2026-01-05T07:20:00+00:00,U0179,R0029,1827.18,1,7,0,0,0,3894.14,0.47,1145,0,0,0,0,542.0,0,0
T05782,2026-01-05T07:21:00+00:00,U0011,R0097,3423.82,1,7,0,0,0,4000.06,0.86,177,0,0,0,0,308.0,0,0
T05783,2026-01-05T07:22:00+00:00,U0079,R0457,29239.9,1,7,0,1,0,2524.65,11.58,128,0,0,0,0,311.0,0,1
T05784,2026-01-05T07:23:00+00:00,U0147,R0278,377.12,1,7,0,0,0,5777.51,0.07,1663,0,0,0,0,251.0,0,0
T05785,2026-01-05T07:24:00+00:00,U0081,R0379,3123.89,1,7,0,0,0,3544.8,0.88,1251,0,0,0,0,87.0,0,0
T05786,2026-01-05T07:25:00+00:00,U0008,R0025,1068.23,1,7,0,0,0,4835.88,0.22,457,0,0,0,0,499.0,0,0
T05787,2026-01-05T07:26:00+00:00,U0099,R0097,3254.55,0,7,0,0,3,3920.54,0.83,828,0,0,0,0,43.0,1,0
T05788,2026-01-05T07:27:00+00:00,U0138,R0027,6666.54,1,7,0,0,2,6146.24,1.08,1898,0,0,0,0,34.0,0,0
T05789,2026-01-05T07:28:00+00:00,U0176,R0448,5747.59,1,7,0,0,1,2690.27,2.14,1935,0,0,0,0,60.0,0,0
T05790,2026-01-05T07:29:00+00:00,U0131,R0269,3990.67,1,7,0,0,0,4229.52,0.94,1810,0,0,0,0,221.0,0,0
T05791,2026-01-05T07:30:00+00:00,U0131,R0190,24439.16,1,7,1,1,1,4220.67,5.79,1810,1,0,0,0,1.0,0,1
T05792,2026-01-05T07:31:00+00:00,U0012,R0467,2688.63,1,7,0,0,0,3846.09,0.7,476,0,0,0,0,376.0,0,0
T05793,2026-01-05T07:32:00+00:00,U0118,R0487,2099.49,1,7,0,0,0,4049.75,0.52,635,0,0,0,0,156.0,0,0
T05794,2026-01-05T07:33:00+00:00,U0057,R0365,1732.98,0,7,1,0,0,4712.69,0.37,459,0,0,0,0,563.0,1,0
T05795,2026-01-05T07:34:00+00:00,U0183,R0105,463.41,1,7,0,0,0,3341.95,0.14,827,0,0,0,0,75.0,0,0
T05796,2026-01-05T07:35:00+00:00,U0147,R0328,3126.53,1,7,0,1,1,5618.68,0.56,1663,0,0,0,0,12.0,0,0
T05797,2026-01-05T07:36:00+00:00,U0012,R0473,2752.79,1,7,0,0,1,3804.75,0.72,476,1,0,0,0,5.0,0,0
T05798,2026-01-05T07:37:00+00:00,U0177,R0060,1178.21,1,7,0,0,0,5657.56,0.21,315,0,0,0,0,381.0,0,0
T05799,2026-01-05T07:38:00+00:00,U0002,R0464,1171.45,1,7,0,0,0,3013.39,0.39,1660,0,0,0,0,80.0,0,0
T05800,2026-01-05T07:39:00+00:00,U0085,R0091,851.52,1,7,1,1,0,4252.92,0.2,652,0,0,0,0,158.0,0,0
T05801,2026-01-05T07:40:00+00:00,U0059,R0191,524.65,1,7,0,0,0,4858.03,0.11,75,0,0,0,0,145.0,0,0
T05802,2026-01-05T07:41:00+00:00,U0103,R0023,1724.63,1,7,0,0,0,3180.53,0.54,145,0,0,0,0,150.0,0,0
T05803,2026-01-05T07:42:00+00:00,U0154,R0127,2785.43,1,7,0,0,0,3504.25,0.79,1010,0,0,0,0,431.0,0,0
T05804,2026-01-05T07:43:00+00:00,U0067,R0452,1309.81,1,7,1,0,0,3081.82,0.43,1381,0,0,0,0,70.0,0,0
T05805,2026-01-05T07:44:00+00:00,U0175,R0293,909.25,1,7,0,0,0,3846.07,0.24,1375,0,0,0,0,87.0,0,0
T05806,2026-01-05T07:45:00+00:00,U0161,R0159,3914.87,1,7,0,0,0,4992.05,0.78,1632,0,0,0,0,167.0,0,0
T05807,2026-01-05T07:46:00+00:00,U0168,R0378,1286.94,1,7,0,0,0,6735.56,0.19,820,0,0,0,0,526.0,0,0
T05808,2026-01-05T07:47:00+00:00,U0105,R0354,2398.66,1,7,0,0,0,3714.27,0.65,203,0,0,0,0,91.0,0,0
T05809,2026-01-05T07:48:00+00:00,U0106,R0194,2352.98,1,7,0,0,0,3030.14,0.78,1381,0,0,0,0,166.0,0,0
T05810,2026-01-05T07:49:00+00:00,U0049,R0419,968.58,1,7,0,0,1,3641.39,0.27,100,0,0,0,0,45.0,0,0
T05811,2026-01-05T07:50:00+00:00,U0065,R0308,2373.11,1,7,1,0,0,4415.74,0.54,1869,0,0,0,0,78.0,0,0
T05812,2026-01-05T07:51:00+00:00,U0178,R0203,2328.51,1,7,0,0,0,3281.23,0.71,1860,0,0,0,0,132.0,0,0
T05813,2026-01-05T07:52:00+00:00,U0197,R0230,2700.77,1,7,0,0,0,5113.93,0.53,274,0,0,0,0,361.0,0,0
T05814,2026-01-05T07:53:00+00:00,U0177,R0115,890.58,1,7,0,0,1,5536.49,0.16,315,0,0,0,0,16.0,0,0
T05815,2026-01-05T07:54:00+00:00,U0030,R0060,17875.38,1,7,0,0,1,3980.27,4.49,229,0,0,0,0,53.0,0,1
T05816,2026-01-05T07:55:00+00:00,U0126,R0035,5702.24,1,7,0,0,0,5744.08,0.99,1797,0,0,0,0,104.0,0,0
T05817,2026-01-05T07:56:00+00:00,U0084,R0086,6689.09,1,7,0,0,0,3530.28,1.89,1583,0,0,0,0,169.0,0,0
T05818,2026-01-05T07:57:00+00:00,U0066,R0490,1686.37,1,7,0,0,0,7850.46,0.21,532,0,0,0,0,289.0,0,0
T05819,2026-01-05T07:58:00+00:00,U0178,R0204,2930.14,0,7,0,0,1,3253.21,0.9,1860,1,0,0,0,7.0,1,0
T05820,2026-01-05T07:59:00+00:00,U0074,R0146,730.07,1,7,1,0,0,3369.63,0.22,589,0,0,0,0,555.0,0,0
T05821,2026-01-05T08:00:00+00:00,U0067,R0056,2095.74,1,8,0,0,1,3039.63,0.69,1381,0,0,0,0,17.0,0,0
T05822,2026-01-05T08:01:00+00:00,U0102,R0422,2718.14,1,8,0,1,0,2669.46,1.02,1474,0,0,0,0,382.0,0,0
T05823,2026-01-05T08:02:00+00:00,U0052,R0487,1996.7,1,8,0,0,0,3524.66,0.57,51,0,0,0,0,478.0,0,0
T05824,2026-01-05T08:03:00+00:00,U0128,R0103,2954.44,1,8,0,0,0,3475.44,0.85,1107,0,0,0,0,120.0,0,0
T05825,2026-01-05T08:04:00+00:00,U0010,R0241,3886.95,1,8,0,0,0,3233.27,1.2,1038,0,0,0,0,187.0,0,0
T05826,2026-01-05T08:05:00+00:00,U0029,R0118,4303.87,1,8,0,0,0,5808.31,0.74,316,0,0,0,0,217.0,0,0
T05827,2026-01-05T08:06:00+00:00,U0100,R0095,3616.76,1,8,0,0,0,4729.43,0.76,1160,0,0,0,0,66.0,0,0
T05828,2026-01-05T08:07:00+00:00,U0178,R0413,406.39,1,8,0,0,2,3243.98,0.13,1860,1,0,0,0,9.0,0,0
T05829,2026-01-05T08:08:00+00:00,U0112,R0316,14223.92,1,8,0,1,0,3322.81,4.28,939,0,0,0,0,204.0,0,1
T05830,2026-01-05T08:09:00+00:00,U0190,R0074,4670.14,1,8,0,0,0,3239.28,1.44,1087,0,0,0,0,322.0,0,0
T05831,2026-01-05T08:10:00+00:00,U0197,R0022,2604.97,1,8,0,0,1,5033.49,0.52,274,0,0,0,0,18.0,0,0
T05832,2026-01-05T08:11:00+00:00,U0129,R0393,5119.97,1,8,0,0,0,3798.59,1.35,375,0,0,0,0,1105.0,0,0
T05833,2026-01-05T08:12:00+00:00,U0197,R0108,727.49,1,8,0,0,2,4955.15,0.15,274,1,0,0,0,2.0,0,0
T05834,2026-01-05T08:13:00+00:00,U0012,R0292,3829.31,1,8,0,0,2,3768.48,1.02,476,0,0,0,0,37.0,0,0
T05835,2026-01-05T08:14:00+00:00,U0040,R0175,5957.58,1,8,0,0,0,5137.27,1.16,1571,0,0,0,0,76.0,0,0
T05836,2026-01-05T08:15:00+00:00,U0065,R0472,3625.89,1,8,0,0,1,4318.47,0.84,1869,0,0,0,0,25.0,0,0
T05837,2026-01-05T08:16:00+00:00,U0119,R0103,3300.82,1,8,0,0,0,5486.69,0.6,112,0,0,0,0,312.0,0,0
T05838,2026-01-05T08:17:00+00:00,U0015,R0201,674.95,0,8,0,0,0,3915.01,0.17,1206,0,0,0,0,488.0,1,0
T05839,2026-01-05T08:18:00+00:00,U0075,R0259,3724.57,1,8,0,0,0,3832.3,0.97,86,0,0,0,0,83.0,0,0
T05840,2026-01-05T08:19:00+00:00,U0048,R0322,2214.05,1,8,0,0,0,4592.02,0.48,453,0,0,0,0,283.0,0,0
T05841,2026-01-05T08:20:00+00:00,U0169,R0370,387.9,1,8,0,0,0,3515.07,0.11,1949,0,0,0,0,73.0,0,0
T05842,2026-01-05T08:21:00+00:00,U0113,R0036,6469.38,1,8,0,0,0,3545.88,1.82,1440,0,0,0,0,180.0,0,0
T05843,2026-01-05T08:22:00+00:00,U0155,R0271,761.44,1,8,0,0,0,3310.91,0.23,1159,0,0,0,0,144.0,0,0
T05844,2026-01-05T08:23:00+00:00,U0042,R0074,1882.01,0,8,0,0,0,3255.76,0.58,914,0,0,0,0,194.0,1,0
T05845,2026-01-05T08:24:00+00:00,U0082,R0030,3200.21,1,8,0,0,0,5643.93,0.57,212,0,0,0,0,456.0,0,0
T05846,2026-01-05T08:25:00+00:00,U0017,R0210,4509.63,1,8,0,0,0,4889.89,0.92,53,0,0,0,0,137.0,0,0
T05847,2026-01-05T08:26:00+00:00,U0005,R0317,6893.76,1,8,1,0,0,3357.61,2.05,1114,0,0,0,0,183.0,0,1
T05848,2026-01-05T08:27:00+00:00,U0186,R0478,3288.82,1,8,0,0,0,3525.89,0.93,1731,0,0,0,0,229.0,0,0
T05849,2026-01-05T08:28:00+00:00,U0010,R0074,642.58,1,8,0,0,1,3251.95,0.2,1038,0,0,0,0,24.0,0,0
T05850,2026-01-05T08:29:00+00:00,U0176,R0120,3734.89,1,8,0,0,0,2777.62,1.34,1935,0,0,0,0,61.0,0,0
T05851,2026-01-05T08:30:00+00:00,U0001,R0289,6320.23,1,8,1,0,0,5401.28,1.17,1905,0,0,0,0,480.0,0,1
T05852,2026-01-05T08:31:00+00:00,U0001,R0289,6320.23,0,8,1,1,1,5436.62,1.16,1905,1,1,1,1,1.0,1,1
T05853,2026-01-05T08:32:00+00:00,U0001,R0289,6320.23,0,8,0,1,2,5469.35,1.16,1905,2,2,2,2,1.0,2,1
T05854,2026-01-05T08:33:00+00:00,U0100,R0394,426.33,1,8,0,0,1,4688.22,0.09,1160,0,0,0,0,27.0,0,0
T05855,2026-01-05T08:34:00+00:00,U0058,R0391,4112.34,1,8,0,0,0,3934.98,1.05,1080,0,0,0,0,174.0,0,0
T05856,2026-01-05T08:35:00+00:00,U0145,R0280,3404.81,0,8,0,0,0,3581.95,0.95,94,0,0,0,0,283.0,1,0
T05857,2026-01-05T08:36:00+00:00,U0167,R0422,1443.68,1,8,0,0,0,3008.72,0.48,1126,0,0,0,0,131.0,0,0
T05858,2026-01-05T08:37:00+00:00,U0147,R0331,5767.38,1,8,0,0,0,5547.47,1.04,1663,0,0,0,0,62.0,0,0
T05859,2026-01-05T08:38:00+00:00,U0176,R0316,547.6,1,8,0,1,1,2804.21,0.2,1935,1,0,0,0,9.0,0,0
T05860,2026-01-05T08:39:00+00:00,U0192,R0122,273.12,1,8,0,1,0,3164.22,0.09,887,0,0,0,0,369.0,0,0
T05861,2026-01-05T08:40:00+00:00,U0157,R0129,1300.98,1,8,0,0,0,6115.03,0.21,793,0,0,0,0,82.0,0,0
T05862,2026-01-05T08:41:00+00:00,U0163,R0233,1696.24,1,8,0,0,0,3364.01,0.5,550,0,0,0,0,115.0,0,0
T05863,2026-01-05T08:42:00+00:00,U0040,R0233,1414.45,1,8,0,0,1,5160.06,0.27,1571,0,0,0,0,28.0,0,0
T05864,2026-01-05T08:43:00+00:00,U0093,R0115,700.19,1,8,1,0,0,6275.48,0.11,403,0,0,0,0,249.0,0,0
T05865,2026-01-05T08:44:00+00:00,U0164,R0375,21013.41,1,8,0,1,0,3758.35,5.59,1150,0,0,0,0,207.0,0,1
T05866,2026-01-05T08:45:00+00:00,U0100,R0132,690.65,1,8,0,0,2,4536.01,0.15,1160,0,0,0,0,12.0,0,0
T05867,2026-01-05T08:46:00+00:00,U0095,R0379,5845.41,1,8,0,0,0,2818.96,2.07,333,0,0,0,0,548.0,0,0
T05868,2026-01-05T08:47:00+00:00,U0077,R0074,1976.55,1,8,0,0,0,5056.46,0.39,332,0,0,0,0,442.0,0,0
T05869,2026-01-05T08:48:00+00:00,U0106,R0364,4103.88,1,8,0,0,1,3009.62,1.36,1381,0,0,0,0,60.0,0,0
T05870,2026-01-05T08:49:00+00:00,U0059,R0206,2683.31,1,8,0,0,0,4677.47,0.57,75,0,0,0,0,69.0,0,0
T05871,2026-01-05T08:50:00+00:00,U0161,R0181,2358.12,1,8,0,0,0,4959.41,0.48,1632,0,0,0,0,65.0,0,0
T05872,2026-01-05T08:51:00+00:00,U0104,R0216,1189.69,1,8,0,0,0,4331.39,0.27,508,0,0,0,0,144.0,0,0
T05873,2026-01-05T08:52:00+00:00,U0118,R0376,7320.17,1,8,0,0,0,3984.74,1.84,635,0,0,0,0,80.0,0,0
T05874,2026-01-05T08:53:00+00:00,U0100,R0238,18041.86,1,8,1,0,3,4403.42,4.1,1160,1,0,0,0,8.0,0,1
T05875,2026-01-05T08:54:00+00:00,U0084,R0341,1191.89,1,8,0,0,1,3635.57,0.33,1583,0,0,0,0,58.0,0,0
T05876,2026-01-05T08:55:00+00:00,U0186,R0272,5101.52,1,8,0,0,1,3518.48,1.45,1731,0,0,0,0,28.0,0,0
T05877,2026-01-05T08:56:00+00:00,U0056,R0365,416.59,1,8,0,0,0,5088.15,0.08,129,0,0,0,0,195.0,0,0
T05878,2026-01-05T08:57:00+00:00,U0050,R0486,7269.43,1,8,0,0,0,3057.32,2.38,682,0,0,0,0,284.0,0,0
T05879,2026-01-05T08:58:00+00:00,U0169,R0402,1013.13,1,8,0,0,1,3438.8,0.29,1949,0,0,0,0,38.0,0,0
T05880,2026-01-05T08:59:00+00:00,U0119,R0281,2013.39,1,8,0,0,1,5405.73,0.37,112,0,0,0,0,43.0,0,0
T05881,2026-01-05T09:00:00+00:00,U0105,R0192,2688.67,1,9,0,0,0,3654.47,0.74,203,0,0,0,0,73.0,0,0
T05882,2026-01-05T09:01:00+00:00,U0055,R0202,1325.87,1,9,0,0,0,4936.74,0.27,553,0,0,0,0,329.0,0,0
T05883,2026-01-05T09:02:00+00:00,U0028,R0278,5280.59,0,9,0,0,0,3185.15,1.66,1290,0,0,0,0,253.0,1,0
T05884,2026-01-05T09:03:00+00:00,U0077,R0464,977.51,1,9,0,0,1,4933.26,0.2,332,0,0,0,0,16.0,0,0
T05885,2026-01-05T09:04:00+00:00,U0199,R0446,796.17,1,9,0,0,0,3449.9,0.23,1451,0,0,0,0,461.0,0,0
T05886,2026-01-05T09:05:00+00:00,U0014,R0103,1315.73,1,9,0,0,0,4478.55,0.29,608,0,0,0,0,183.0,0,0
T05887,2026-01-05T09:06:00+00:00,U0142,R0456,4528.85,1,9,0,0,0,4127.15,1.1,1708,0,0,0,0,186.0,0,0
T05888,2026-01-05T09:07:00+00:00,U0099,R0480,581.16,1,9,0,1,0,3900.95,0.15,828,0,0,0,0,101.0,0,0
T05889,2026-01-05T09:08:00+00:00,U0047,R0483,7488.63,1,9,0,0,0,7186.88,1.04,957,0,0,0,0,132.0,0,0
T05890,2026-01-05T09:09:00+00:00,U0178,R0106,2950.01,1,9,0,0,0,3165.16,0.93,1860,0,0,0,0,62.0,0,0
T05891,2026-01-05T09:10:00+00:00,U0171,R0089,3840.42,1,9,1,0,0,5238.91,0.73,1154,0,0,0,0,262.0,0,0
T05892,2026-01-05T09:11:00+00:00,U0191,R0349,3839.16,1,9,0,0,0,4869.18,0.79,982,0,0,0,0,356.0,0,0
T05893,2026-01-05T09:12:00+00:00,U0040,R0329,923.53,1,9,0,0,2,5058.82,0.18,1571,0,0,0,0,30.0,0,0
T05894,2026-01-05T09:13:00+00:00,U0051,R0078,769.95,1,9,0,0,0,4638.91,0.17,60,0,0,0,0,119.0,0,0
T05895,2026-01-05T09:14:00+00:00,U0120,R0126,2386.13,1,9,0,0,0,5091.74,0.47,524,0,0,0,0,193.0,0,0
T05896,2026-01-05T09:15:00+00:00,U0034,R0391,2615.26,1,9,0,0,0,3730.44,0.7,1925,0,0,0,0,538.0,0,0
T05897,2026-01-05T09:16:00+00:00,U0081,R0313,2681.14,1,9,0,0,0,3531.65,0.76,1251,0,0,0,0,112.0,0,0
T05898,2026-01-05T09:17:00+00:00,U0157,R0272,14772.98,1,9,0,1,1,5988.35,2.47,793,0,0,0,0,37.0,0,1
T05899,2026-01-05T09:18:00+00:00,U0010,R0347,364.54,1,9,0,0,1,3179.47,0.11,1038,0,0,0,0,50.0,0,0
T05900,2026-01-05T09:19:00+00:00,U0017,R0044,1807.86,1,9,0,0,1,4876.78,0.37,53,0,0,0,0,54.0,0,0
T05901,2026-01-05T09:20:00+00:00,U0014,R0170,3518.73,1,9,0,0,1,4376.52,0.8,608,0,0,0,0,15.0,0,0
T05902,2026-01-05T09:21:00+00:00,U0081,R0477,2524.93,1,9,0,0,1,3505.87,0.72,1251,1,0,0,0,5.0,0,0
T05903,2026-01-05T09:22:00+00:00,U0052,R0381,1005.24,1,9,0,0,0,3471.97,0.29,51,0,0,0,0,80.0,0,0
T05904,2026-01-05T09:23:00+00:00,U0055,R0158,121.09,0,9,0,1,1,4812.23,0.03,553,0,0,0,0,22.0,1,0
T05905,2026-01-05T09:24:00+00:00,U0093,R0320,5014.65,1,9,0,0,1,6124.8,0.82,403,0,0,0,0,41.0,0,0
T05906,2026-01-05T09:25:00+00:00,U0150,R0464,757.52,1,9,0,0,0,4521.93,0.17,1080,0,0,0,0,282.0,0,0
T05907,2026-01-05T09:26:00+00:00,U0122,R0174,728.19,1,9,0,0,0,3765.55,0.19,1750,0,0,0,0,323.0,0,0
T05908,2026-01-05T09:27:00+00:00,U0075,R0156,1363.75,1,9,0,0,0,3827.99,0.36,86,0,0,0,0,69.0,0,0
T05909,2026-01-05T09:28:00+00:00,U0144,R0082,6120.52,1,9,0,0,0,4398.01,1.39,685,0,0,0,0,203.0,0,0
T05910,2026-01-05T09:29:00+00:00,U0039,R0084,1621.3,0,9,0,0,0,3324.93,0.49,176,0,0,0,0,485.0,1,0
T05911,2026-01-05T09:30:00+00:00,U0137,R0467,1340.1,1,9,0,0,0,3499.66,0.38,511,0,0,0,0,139.0,0,0
T05912,2026-01-05T09:31:00+00:00,U0041,R0288,707.35,1,9,0,0,0,4211.12,0.17,680,0,0,0,0,249.0,0,0
T05913,2026-01-05T09:32:00+00:00,U0121,R0359,5584.61,1,9,1,0,0,3864.16,1.45,418,0,0,0,0,395.0,0,1
T05914,2026-01-05T09:33:00+00:00,U0177,R0435,2001.31,1,9,0,0,0,5414.23,0.37,315,0,0,0,0,100.0,0,0
T05915,2026-01-05T09:34:00+00:00,U0030,R0340,154.74,1,9,0,0,0,4388.95,0.04,229,0,0,0,0,100.0,0,0
T05916,2026-01-05T09:35:00+00:00,U0114,R0050,4291.93,1,9,0,0,0,4718.17,0.91,447,0,0,0,0,163.0,0,0
T05917,2026-01-05T09:36:00+00:00,U0035,R0451,12243.52,1,9,1,0,0,3023.51,4.05,1476,0,0,0,0,204.0,0,1
T05918,2026-01-05T09:37:00+00:00,U0098,R0245,4499.78,0,9,0,0,0,6102.62,0.74,938,0,0,0,0,188.0,1,0
T05919,2026-01-05T09:38:00+00:00,U0006,R0301,219.21,1,9,0,0,0,8371.09,0.03,1386,0,0,0,0,980.0,0,0
T05920,2026-01-05T09:39:00+00:00,U0093,R0477,4204.42,1,9,0,0,2,6095.58,0.69,403,0,0,0,0,15.0,0,0
T05921,2026-01-05T09:40:00+00:00,U0147,R0094,1739.51,1,9,0,0,0,5553.58,0.31,1663,0,0,0,0,63.0,0,0
T05922,2026-01-05T09:41:00+00:00,U0006,R0497,13074.63,0,9,0,0,1,8031.43,1.63,1386,1,0,0,0,3.0,1,1
T05923,2026-01-05T09:42:00+00:00,U0172,R0291,2381.98,1,9,0,0,0,5279.6,0.45,1447,0,0,0,0,283.0,0,0
T05924,2026-01-05T09:43:00+00:00,U0087,R0044,2936.57,1,9,0,0,0,4540.76,0.65,1811,0,0,0,0,161.0,0,0
T05925,2026-01-05T09:44:00+00:00,U0018,R0091,2809.3,1,9,0,0,0,4729.95,0.59,74,0,0,0,0,179.0,0,0
T05926,2026-01-05T09:45:00+00:00,U0077,R0347,461.57,1,9,0,0,2,4781.12,0.1,332,0,0,0,0,42.0,0,0
T05927,2026-01-05T09:46:00+00:00,U0039,R0057,6593.42,1,9,0,0,1,3235.27,2.04,176,0,0,0,0,17.0,0,0
T05928,2026-01-05T09:47:00+00:00,U0172,R0101,5266.01,0,9,0,0,1,5205.31,1.01,1447,1,0,0,0,5.0,1,0
T05929,2026-01-05T09:48:00+00:00,U0083,R0150,2466.84,1,9,0,0,0,7099.07,0.35,313,0,0,0,0,155.0,0,0
T05930,2026-01-05T09:49:00+00:00,U0022,R0182,6706.82,1,9,0,0,0,6774.8,0.99,887,0,0,0,0,153.0,0,0
T05931,2026-01-05T09:50:00+00:00,U0127,R0009,2213.96,1,9,0,0,0,2658.62,0.83,675,0,0,0,0,399.0,0,1
T05932,2026-01-05T09:51:00+00:00,U0152,R0214,4376.45,1,9,0,0,0,5173.85,0.85,1711,0,0,0,0,163.0,0,0
T05933,2026-01-05T09:52:00+00:00,U0094,R0436,4147.4,1,9,0,0,0,3024.44,1.37,768,0,0,0,0,243.0,0,0
T05934,2026-01-05T09:53:00+00:00,U0132,R0144,32573.26,1,9,0,1,0,3607.68,9.03,12,0,0,0,0,400.0,0,1
T05935,2026-01-05T09:54:00+00:00,U0007,R0251,19197.47,1,9,0,0,0,5436.89,3.53,573,0,0,0,0,418.0,0,1
T05936,2026-01-05T09:55:00+00:00,U0043,R0027,1184.84,1,9,0,0,0,3710.23,0.32,1004,0,0,0,0,897.0,0,0
T05937,2026-01-05T09:56:00+00:00,U0180,R0157,477.61,1,9,0,0,0,6193.63,0.08,793,0,0,0,0,242.0,0,0
T05938,2026-01-05T09:57:00+00:00,U0111,R0173,1608.17,1,9,0,0,0,3841.09,0.42,877,0,0,0,0,247.0,0,0
T05939,2026-01-05T09:58:00+00:00,U0192,R0389,5853.78,1,9,0,0,0,3064.53,1.91,887,0,0,0,0,79.0,0,0
T05940,2026-01-05T09:59:00+00:00,U0169,R0042,5336.27,1,9,0,0,0,3381.05,1.58,1949,0,0,0,0,61.0,0,0
T05941,2026-01-05T10:00:00+00:00,U0009,R0067,1914.78,1,10,0,0,0,2917.11,0.66,1744,0,0,0,0,396.0,0,0
T05942,2026-01-05T10:01:00+00:00,U0160,R0006,16999.21,1,10,0,1,0,4464.35,3.81,214,0,0,0,0,933.0,0,1
T05943,2026-01-05T10:02:00+00:00,U0005,R0155,5899.98,0,10,0,0,0,3479.54,1.7,1114,0,0,0,0,96.0,1,0
T05944,2026-01-05T10:03:00+00:00,U0121,R0195,1699.99,1,10,0,0,1,3923.49,0.43,418,0,0,0,0,31.0,0,0
T05945,2026-01-05T10:04:00+00:00,U0178,R0345,30554.34,1,10,1,0,1,3159.34,9.67,1860,0,0,0,0,55.0,0,1
T05946,2026-01-05T10:05:00+00:00,U0097,R0172,273.46,1,10,0,0,0,4390.42,0.06,174,0,0,0,0,318.0,0,0
T05947,2026-01-05T10:06:00+00:00,U0132,R0438,3453.27,1,10,0,0,1,4680.48,0.74,12,0,0,0,0,13.0,0,0
T05948,2026-01-05T10:07:00+00:00,U0109,R0209,389.65,1,10,0,1,0,4766.98,0.08,579,0,0,0,0,470.0,0,0
T05949,2026-01-05T10:08:00+00:00,U0034,R0483,3046.5,1,10,0,0,1,3695.59,0.82,1925,0,0,0,0,53.0,0,0
T05950,2026-01-05T10:09:00+00:00,U0067,R0283,2553.87,1,10,0,0,0,3017.68,0.85,1381,0,0,0,0,129.0,0,0
T05951,2026-01-05T10:10:00+00:00,U0073,R0137,5495.4,1,10,0,0,0,6346.94,0.87,1369,0,0,0,0,414.0,0,0
T05952,2026-01-05T10:11:00+00:00,U0116,R0471,159.83,1,10,0,0,0,4372.51,0.04,463,0,0,0,0,238.0,0,0
T05953,2026-01-05T10:12:00+00:00,U0171,R0468,2207.71,1,10,0,0,0,5175.35,0.43,1154,0,0,0,0,62.0,0,0
T05954,2026-01-05T10:13:00+00:00,U0131,R0459,3203.56,1,10,0,0,0,4942.76,0.65,1810,0,0,0,0,163.0,0,0
T05955,2026-01-05T10:14:00+00:00,U0033,R0413,405.34,1,10,0,0,0,2592.35,0.16,1103,0,0,0,0,392.0,0,0
T05956,2026-01-05T10:15:00+00:00,U0063,R0039,1917.1,1,10,0,0,0,3806.39,0.5,1621,0,0,0,0,273.0,0,0
T05957,2026-01-05T10:16:00+00:00,U0017,R0079,14279.5,1,10,1,1,1,4774.48,2.99,53,0,0,0,0,57.0,0,1
T05958,2026-01-05T10:17:00+00:00,U0061,R0399,2228.29,1,10,0,0,0,3179.6,0.7,255,0,0,0,0,266.0,0,0
T05959,2026-01-05T10:18:00+00:00,U0020,R0005,1362.0,1,10,0,0,0,4069.42,0.33,1664,0,0,0,0,266.0,0,0
T05960,2026-01-05T10:19:00+00:00,U0189,R0414,3231.98,1,10,0,0,0,3792.75,0.85,690,0,0,0,0,286.0,0,0
T05961,2026-01-05T10:20:00+00:00,U0159,R0037,1147.69,1,10,0,0,0,3869.96,0.3,490,0,0,0,0,293.0,0,0
T05962,2026-01-05T10:21:00+00:00,U0161,R0495,1599.93,1,10,0,0,0,4882.9,0.33,1632,0,0,0,0,91.0,0,0
T05963,2026-01-05T10:22:00+00:00,U0118,R0324,4280.06,1,10,0,0,0,4092.34,1.05,635,0,0,0,0,90.0,0,0
T05964,2026-01-05T10:23:00+00:00,U0171,R0055,6802.98,0,10,0,0,1,5046.32,1.35,1154,0,0,0,0,11.0,1,0
T05965,2026-01-05T10:24:00+00:00,U0015,R0361,6112.98,1,10,0,0,0,3760.72,1.63,1206,0,0,0,0,127.0,0,0
T05966,2026-01-05T10:25:00+00:00,U0191,R0475,5660.2,1,10,0,0,0,4832.39,1.17,982,0,0,0,0,74.0,0,0
T05967,2026-01-05T10:26:00+00:00,U0024,R0368,2464.3,0,10,0,1,0,3861.05,0.64,1553,0,0,0,0,197.0,1,0
T05968,2026-01-05T10:27:00+00:00,U0001,R0222,7925.23,1,10,0,0,0,5499.73,1.44,1905,0,0,0,0,115.0,0,0
T05969,2026-01-05T10:28:00+00:00,U0060,R0108,3441.6,1,10,0,0,0,2822.83,1.22,1595,0,0,0,0,366.0,0,0
T05970,2026-01-05T10:29:00+00:00,U0021,R0199,4109.88,1,10,0,0,0,6250.16,0.66,486,0,0,0,0,694.0,0,0
T05971,2026-01-05T10:30:00+00:00,U0136,R0099,1569.06,1,10,0,0,0,3290.22,0.48,126,0,0,0,0,230.0,0,0
T05972,2026-01-05T10:31:00+00:00,U0051,R0363,1677.74,1,10,0,0,0,4380.98,0.38,60,0,0,0,0,78.0,0,0
T05973,2026-01-05T10:32:00+00:00,U0155,R0362,5255.25,1,10,0,0,0,3204.68,1.64,1159,0,0,0,0,130.0,0,0
T05974,2026-01-05T10:33:00+00:00,U0074,R0375,1971.95,1,10,0,0,0,3249.65,0.61,589,0,0,0,0,154.0,0,0
T05975,2026-01-05T10:34:00+00:00,U0016,R0227,8791.17,1,10,0,0,0,4154.06,2.12,1715,0,0,0,0,236.0,0,0
T05976,2026-01-05T10:35:00+00:00,U0002,R0041,408.36,1,10,0,1,0,2953.97,0.14,1660,0,0,0,0,177.0,0,0
T05977,2026-01-05T10:36:00+00:00,U0051,R0135,3546.97,1,10,0,1,1,4212.03,0.84,60,1,0,0,0,5.0,0,0
T05978,2026-01-05T10:37:00+00:00,U0139,R0295,689.21,1,10,1,0,0,3235.08,0.21,1504,0,0,0,0,403.0,0,0
T05979,2026-01-05T10:38:00+00:00,U0180,R0064,432.65,1,10,0,0,1,6025.51,0.07,793,0,0,0,0,42.0,0,0
T05980,2026-01-05T10:39:00+00:00,U0020,R0097,4118.99,1,10,0,0,1,3984.81,1.03,1664,0,0,0,0,21.0,0,0
T05981,2026-01-05T10:40:00+00:00,U0083,R0388,8524.84,1,10,0,0,1,6939.34,1.23,313,0,0,0,0,52.0,0,0
T05982,2026-01-05T10:41:00+00:00,U0042,R0203,2112.3,1,10,0,0,0,3218.63,0.66,914,0,0,0,0,138.0,0,0
T05983,2026-01-05T10:42:00+00:00,U0152,R0152,1140.86,1,10,0,0,1,5145.37,0.22,1711,0,0,0,0,51.0,0,0
T05984,2026-01-05T10:43:00+00:00,U0130,R0328,5220.36,1,10,0,0,0,4152.85,1.26,708,0,0,0,0,287.0,0,0
T05985,2026-01-05T10:44:00+00:00,U0110,R0129,3205.6,1,10,0,0,0,3734.63,0.86,29,0,0,0,0,209.0,0,0
T05986,2026-01-05T10:45:00+00:00,U0189,R0124,2428.21,1,10,0,0,1,3774.66,0.64,690,0,0,0,0,26.0,0,0
T05987,2026-01-05T10:46:00+00:00,U0168,R0456,24455.04,1,10,0,0,0,6487.89,3.77,820,0,0,0,0,180.0,0,1
T05988,2026-01-05T10:47:00+00:00,U0065,R0145,2884.37,1,10,0,0,0,4286.99,0.67,1869,0,0,0,0,152.0,0,0
T05989,2026-01-05T10:48:00+00:00,U0017,R0032,3794.56,0,10,1,0,1,5081.09,0.75,53,0,0,0,0,32.0,1,0
T05990,2026-01-05T10:49:00+00:00,U0089,R0463,2220.61,1,10,0,0,0,3549.25,0.63,622,0,0,0,0,283.0,0,0
T05991,2026-01-05T10:50:00+00:00,U0159,R0387,3108.18,1,10,0,0,1,3787.47,0.82,490,0,0,0,0,30.0,0,0
T05992,2026-01-05T10:51:00+00:00,U0021,R0346,4970.46,1,10,0,0,1,6190.71,0.8,486,0,0,0,0,22.0,0,0
T05993,2026-01-05T10:52:00+00:00,U0184,R0229,601.03,1,10,0,0,0,3369.47,0.18,327,0,0,0,0,293.0,0,0
T05994,2026-01-05T10:53:00+00:00,U0191,R0346,2887.34,1,10,0,0,1,4860.94,0.59,982,0,0,0,0,28.0,0,0
T05995,2026-01-05T10:54:00+00:00,U0151,R0395,3260.13,0,10,0,0,0,5402.24,0.6,1656,0,0,0,0,923.0,1,0
T05996,2026-01-05T10:55:00+00:00,U0093,R0358,4216.49,1,10,0,0,0,6047.09,0.7,403,0,0,0,0,76.0,0,0
T05997,2026-01-05T10:56:00+00:00,U0174,R0492,3174.58,1,10,0,0,0,5205.67,0.61,1108,0,0,0,0,772.0,0,0
T05998,2026-01-05T10:57:00+00:00,U0068,R0373,5106.42,1,10,0,0,0,4446.65,1.15,98,0,0,0,0,482.0,0,0
T05999,2026-01-05T10:58:00+00:00,U0116,R0184,3894.7,1,10,0,0,1,4236.61,0.92,463,0,0,0,0,47.0,0,0
T06000,2026-01-05T10:59:00+00:00,U0123,R0190,4108.57,1,10,0,0,0,3312.29,1.24,832,0,0,0,0,233.0,0,0
T06001,2026-01-05T11:00:00+00:00,U0196,R0251,2741.58,1,11,0,0,0,3226.16,0.85,219,0,0,0,0,752.0,0,0
T06002,2026-01-05T11:01:00+00:00,U0191,R0098,6118.54,1,11,0,0,2,4795.15,1.28,982,1,0,0,0,8.0,0,0
T06003,2026-01-05T11:02:00+00:00,U0044,R0022,4747.17,1,11,0,0,0,5361.88,0.89,1950,0,0,0,0,263.0,0,0
T06004,2026-01-05T11:03:00+00:00,U0105,R0239,2743.38,1,11,0,0,0,3612.47,0.76,203,0,0,0,0,123.0,0,0
T06005,2026-01-05T11:04:00+00:00,U0084,R0473,5880.41,1,11,0,0,0,3556.74,1.65,1583,0,0,0,0,130.0,0,0
T06006,2026-01-05T11:05:00+00:00,U0104,R0238,3691.64,1,11,0,0,0,4210.56,0.88,508,0,0,0,0,134.0,0,0
T06007,2026-01-05T11:06:00+00:00,U0119,R0232,946.11,1,11,0,0,0,5284.57,0.18,112,0,0,0,0,127.0,0,0
T06008,2026-01-05T11:07:00+00:00,U0189,R0385,4164.33,1,11,1,0,2,3732.58,1.12,690,0,0,0,0,22.0,0,1
T06009,2026-01-05T11:08:00+00:00,U0007,R0448,1346.73,1,11,0,0,0,5966.15,0.23,573,0,0,0,0,74.0,0,0
T06010,2026-01-05T11:09:00+00:00,U0082,R0196,3912.67,0,11,0,0,0,5567.56,0.7,212,0,0,0,0,165.0,1,0
T06011,2026-01-05T11:10:00+00:00,U0162,R0077,5596.07,1,11,0,0,0,5476.67,1.02,391,0,0,0,0,707.0,0,0
T06012,2026-01-05T11:11:00+00:00,U0004,R0223,2749.01,1,11,0,0,0,5040.08,0.55,1108,0,0,0,0,836.0,0,0
T06013,2026-01-05T11:12:00+00:00,U0170,R0464,4963.02,1,11,0,1,0,5621.83,0.88,1804,0,0,0,0,343.0,0,0
T06014,2026-01-05T11:13:00+00:00,U0152,R0485,597.59,1,11,0,0,1,5007.28,0.12,1711,0,0,0,0,31.0,0,0
T06015,2026-01-05T11:14:00+00:00,U0025,R0009,6308.62,1,11,0,0,0,3807.76,1.66,1745,0,0,0,0,266.0,0,0
T06016,2026-01-05T11:15:00+00:00,U0039,R0139,2359.31,1,11,0,0,0,3403.17,0.69,176,0,0,0,0,89.0,0,0
T06017,2026-01-05T11:16:00+00:00,U0006,R0255,3555.84,1,11,1,0,0,8233.15,0.43,1386,0,0,0,0,95.0,0,0
T06018,2026-01-05T11:17:00+00:00,U0078,R0425,1885.86,1,11,0,1,0,4661.75,0.4,797,0,0,0,0,619.0,0,0
T06019,2026-01-05T11:18:00+00:00,U0141,R0143,1040.76,1,11,0,0,0,3209.42,0.32,113,0,0,0,0,341.0,0,0
T06020,2026-01-05T11:19:00+00:00,U0125,R0311,4056.74,0,11,0,0,0,4913.79,0.83,499,0,0,0,0,462.0,1,0
T06021,2026-01-05T11:20:00+00:00,U0111,R0223,4620.08,1,11,0,0,0,3734.76,1.24,877,0,0,0,0,83.0,0,0
T06022,2026-01-05T11:21:00+00:00,U0041,R0250,5351.02,1,11,0,0,0,4104.94,1.3,680,0,0,0,0,110.0,0,0
T06023,2026-01-05T11:22:00+00:00,U0016,R0181,9034.29,1,11,1,1,1,4355.67,2.07,1715,0,0,0,0,48.0,0,1
T06024,2026-01-05T11:23:00+00:00,U0018,R0488,2907.03,1,11,0,0,0,4675.07,0.62,74,0,0,0,0,99.0,0,0
T06025,2026-01-05T11:24:00+00:00,U0123,R0312,3443.79,1,11,0,0,1,3356.53,1.03,832,0,0,0,0,25.0,0,0
T06026,2026-01-05T11:25:00+00:00,U0061,R0266,1460.0,1,11,0,0,0,3143.01,0.46,255,0,0,0,0,68.0,0,0
T06027,2026-01-05T11:26:00+00:00,U0056,R0214,475.28,1,11,0,0,0,4921.3,0.1,129,0,0,0,0,150.0,0,0
T06028,2026-01-05T11:27:00+00:00,U0079,R0324,3592.06,1,11,0,0,0,3796.81,0.95,128,0,0,0,0,245.0,0,0
T06029,2026-01-05T11:28:00+00:00,U0162,R0160,2062.99,1,11,0,0,1,5481.45,0.38,391,0,0,0,0,18.0,0,0
T06030,2026-01-05T11:29:00+00:00,U0110,R0314,6996.68,1,11,0,0,1,3717.0,1.88,29,0,0,0,0,45.0,0,0
T06031,2026-01-05T11:30:00+00:00,U0034,R0272,663.19,1,11,0,0,0,3675.92,0.18,1925,0,0,0,0,82.0,0,0
T06032,2026-01-05T11:31:00+00:00,U0186,R0192,3835.96,0,11,0,0,0,3566.45,1.08,1731,0,0,0,0,156.0,1,1
T06033,2026-01-05T11:32:00+00:00,U0033,R0190,1013.94,1,11,0,0,0,2519.45,0.4,1103,0,0,0,0,78.0,0,0
T06034,2026-01-05T11:33:00+00:00,U0122,R0033,23348.41,1,11,0,0,0,3687.67,6.33,1750,0,0,0,0,127.0,0,1
T06035,2026-01-05T11:34:00+00:00,U0095,R0214,2752.36,1,11,0,0,0,2903.03,0.95,333,0,0,0,0,168.0,0,0
T06036,2026-01-05T11:35:00+00:00,U0084,R0353,717.49,1,11,0,0,1,3629.36,0.2,1583,0,0,0,0,31.0,0,0
T06037,2026-01-05T11:36:00+00:00,U0081,R0325,4064.9,1,11,1,0,0,3477.02,1.17,1251,0,0,0,0,135.0,0,0
T06038,2026-01-05T11:37:00+00:00,U0122,R0403,619.53,1,11,0,1,1,4179.19,0.15,1750,1,0,0,0,4.0,0,0
T06039,2026-01-05T11:38:00+00:00,U0088,R0296,2667.71,1,11,0,0,0,7598.35,0.35,1812,0,0,0,0,308.0,0,0
T06040,2026-01-05T11:39:00+00:00,U0179,R0100,3556.77,1,11,0,0,0,3822.86,0.93,1145,0,0,0,0,259.0,0,0
T06041,2026-01-05T11:40:00+00:00,U0083,R0401,1889.38,1,11,0,0,1,6992.19,0.27,313,0,0,0,0,60.0,0,0
T06042,2026-01-05T11:41:00+00:00,U0059,R0363,5715.15,1,11,0,0,0,4597.7,1.24,75,0,0,0,0,172.0,0,0
T06043,2026-01-05T11:42:00+00:00,U0061,R0417,2591.58,1,11,0,0,1,3080.68,0.84,255,0,0,0,0,17.0,0,0
T06044,2026-01-05T11:43:00+00:00,U0126,R0289,1003.48,1,11,0,0,0,5743.01,0.17,1797,0,0,0,0,228.0,0,0
T06045,2026-01-05T11:44:00+00:00,U0005,R0161,4243.46,1,11,0,0,0,3560.23,1.19,1114,0,0,0,0,102.0,0,0
T06046,2026-01-05T11:45:00+00:00,U0025,R0197,2292.78,1,11,0,0,1,3932.8,0.58,1745,0,0,0,0,31.0,0,0
T06047,2026-01-05T11:46:00+00:00,U0160,R0165,7013.53,1,11,0,0,0,5061.25,1.39,214,0,0,0,0,105.0,0,0
T06048,2026-01-05T11:47:00+00:00,U0126,R0237,4474.38,1,11,0,1,1,5624.52,0.8,1797,1,0,0,0,4.0,0,0
T06049,2026-01-05T11:48:00+00:00,U0187,R0137,1072.43,1,11,0,0,0,4475.99,0.24,1389,0,0,0,0,326.0,0,0
T06050,2026-01-05T11:49:00+00:00,U0100,R0399,1155.46,1,11,0,0,0,4858.03,0.24,1160,0,0,0,0,176.0,0,0
T06051,2026-01-05T11:50:00+00:00,U0198,R0142,7711.54,1,11,0,0,0,3950.26,1.95,1947,0,0,0,0,271.0,0,0
T06052,2026-01-05T11:51:00+00:00,U0094,R0435,5201.85,1,11,0,0,0,3075.48,1.69,768,0,0,0,0,119.0,0,0
T06053,2026-01-05T11:52:00+00:00,U0122,R0127,6363.92,1,11,0,0,2,4092.37,1.56,1750,0,0,0,0,15.0,0,0
T06054,2026-01-05T11:53:00+00:00,U0001,R0168,1798.18,1,11,0,0,0,5583.37,0.32,1905,0,0,0,0,86.0,0,0
T06055,2026-01-05T11:54:00+00:00,U0159,R0248,25645.46,1,11,0,0,0,3767.49,6.81,490,0,0,0,0,64.0,0,1
T06056,2026-01-05T11:55:00+00:00,U0070,R0490,518.57,1,11,0,0,0,4732.28,0.11,664,0,0,0,0,449.0,0,0
T06057,2026-01-05T11:56:00+00:00,U0081,R0310,4507.56,1,11,0,0,1,3493.82,1.29,1251,0,0,0,0,20.0,0,0
T06058,2026-01-05T11:57:00+00:00,U0052,R0422,1977.34,1,11,0,0,0,3389.75,0.58,51,0,0,0,0,155.0,0,0
T06059,2026-01-05T11:58:00+00:00,U0049,R0491,2123.38,1,11,0,0,0,3534.48,0.6,100,0,0,0,0,249.0,0,0
T06060,2026-01-05T11:59:00+00:00,U0155,R0062,1849.88,1,11,0,0,0,3286.7,0.56,1159,0,0,0,0,87.0,0,0
T06061,2026-01-05T12:00:00+00:00,U0016,R0377,666.54,1,12,1,0,1,4550.61,0.15,1715,0,0,0,0,38.0,0,0
T06062,2026-01-05T12:01:00+00:00,U0135,R0410,11615.24,0,12,1,0,0,3447.42,3.37,1258,0,0,0,0,291.0,1,1
T06063,2026-01-05T12:02:00+00:00,U0064,R0405,1727.1,1,12,0,0,0,3558.84,0.49,1159,0,0,0,0,339.0,0,0
T06064,2026-01-05T12:03:00+00:00,U0180,R0420,2877.31,1,12,0,0,0,5865.71,0.49,793,0,0,0,0,85.0,0,0
T06065,2026-01-05T12:04:00+00:00,U0077,R0134,3444.48,1,12,0,0,0,4621.14,0.75,332,0,0,0,0,139.0,0,0
T06066,2026-01-05T12:05:00+00:00,U0076,R0013,2710.14,1,12,1,0,0,3840.82,0.71,1540,0,0,0,0,391.0,0,0
T06067,2026-01-05T12:06:00+00:00,U0165,R0391,5596.12,1,12,0,0,0,7385.16,0.76,302,0,0,0,0,401.0,0,0
T06068,2026-01-05T12:07:00+00:00,U0095,R0239,1079.22,1,12,0,0,1,2898.96,0.37,333,0,0,0,0,33.0,0,0
T06069,2026-01-05T12:08:00+00:00,U0038,R0229,6466.08,1,12,0,1,0,3579.87,1.81,400,0,0,0,0,361.0,0,0
T06070,2026-01-05T12:09:00+00:00,U0143,R0081,174.93,1,12,0,0,0,3858.18,0.05,194,0,0,0,0,1524.0,0,0
T06071,2026-01-05T12:10:00+00:00,U0195,R0161,1601.19,1,12,0,0,0,5266.78,0.3,1578,0,0,0,0,459.0,0,0
T06072,2026-01-05T12:11:00+00:00,U0071,R0234,5632.18,1,12,0,1,0,6739.18,0.84,17,0,0,0,0,393.0,0,0
T06073,2026-01-05T12:12:00+00:00,U0181,R0311,1686.76,1,12,0,0,0,3739.63,0.45,215,0,0,0,0,636.0,0,0
T06074,2026-01-05T12:13:00+00:00,U0042,R0301,30868.64,1,12,1,0,0,3189.51,9.68,914,0,0,0,0,92.0,0,1
T06075,2026-01-05T12:14:00+00:00,U0005,R0064,988.15,1,12,0,0,1,3582.27,0.28,1114,0,0,0,0,30.0,0,0
T06076,2026-01-05T12:15:00+00:00,U0084,R0283,6421.93,1,12,0,0,1,3541.12,1.81,1583,0,0,0,0,40.0,0,0
T06077,2026-01-05T12:16:00+00:00,U0037,R0162,4629.11,1,12,0,0,0,3769.09,1.23,132,0,0,0,0,478.0,0,0
T06078,2026-01-05T12:17:00+00:00,U0097,R0282,1891.35,0,12,0,0,0,4272.79,0.44,174,0,0,0,0,132.0,1,0
T06079,2026-01-05T12:18:00+00:00,U0112,R0331,2735.66,0,12,0,0,0,3617.44,0.76,939,0,0,0,0,250.0,1,0
T06080,2026-01-05T12:19:00+00:00,U0046,R0168,2911.26,1,12,0,0,0,4623.1,0.63,854,0,0,0,0,329.0,0,0
T06081,2026-01-05T12:20:00+00:00,U0195,R0018,6431.52,1,12,0,0,1,5140.38,1.25,1578,1,0,0,0,10.0,0,0
T06082,2026-01-05T12:21:00+00:00,U0083,R0290,39244.82,1,12,0,0,1,6827.58,5.75,313,0,0,0,0,41.0,0,1
T06083,2026-01-05T12:22:00+00:00,U0011,R0453,848.11,1,12,0,0,0,3980.85,0.21,177,0,0,0,0,301.0,0,0
T06084,2026-01-05T12:23:00+00:00,U0186,R0368,1509.34,1,12,0,0,1,3574.38,0.42,1731,0,0,0,0,52.0,0,0
T06085,2026-01-05T12:24:00+00:00,U0128,R0033,853.77,1,12,0,0,0,3457.48,0.25,1107,0,0,0,0,261.0,0,0
T06086,2026-01-05T12:25:00+00:00,U0036,R0078,460.03,1,12,0,0,0,4633.74,0.1,219,0,0,0,0,496.0,0,0
T06087,2026-01-05T12:26:00+00:00,U0042,R0482,1148.41,1,12,0,0,1,3899.23,0.29,914,0,0,0,0,13.0,0,0
T06088,2026-01-05T12:27:00+00:00,U0024,R0387,2545.38,1,12,0,0,0,3826.99,0.67,1553,0,0,0,0,121.0,0,0
T06089,2026-01-05T12:28:00+00:00,U0092,R0174,3250.54,1,12,0,0,0,5659.92,0.57,892,0,0,0,0,323.0,0,0
T06090,2026-01-05T12:29:00+00:00,U0088,R0385,5307.12,1,12,0,1,1,7471.92,0.71,1812,0,0,0,0,51.0,0,0
T06091,2026-01-05T12:30:00+00:00,U0103,R0280,3454.58,1,12,0,0,0,3133.57,1.1,145,0,0,0,0,289.0,0,0
T06092,2026-01-05T12:31:00+00:00,U0107,R0329,11320.07,1,12,0,0,0,5715.36,1.98,1230,0,0,0,0,407.0,0,1
T06093,2026-01-05T12:32:00+00:00,U0178,R0080,2025.19,1,12,0,0,0,3880.26,0.52,1860,0,0,0,0,148.0,0,0
T06094,2026-01-05T12:33:00+00:00,U0023,R0417,1489.9,1,12,0,0,0,3116.57,0.48,1815,0,0,0,0,440.0,0,0
T06095,2026-01-05T12:34:00+00:00,U0041,R0060,1309.26,1,12,1,0,0,4141.59,0.32,680,0,0,0,0,73.0,0,0
T06096,2026-01-05T12:35:00+00:00,U0067,R0117,3435.64,1,12,0,0,0,3007.14,1.14,1381,0,0,0,0,146.0,0,0
T06097,2026-01-05T12:36:00+00:00,U0166,R0350,1974.72,1,12,0,0,0,4243.56,0.47,1257,0,0,0,0,504.0,0,0
T06098,2026-01-05T12:37:00+00:00,U0014,R0330,3198.57,1,12,0,0,0,4349.71,0.74,608,0,0,0,0,197.0,0,0
T06099,2026-01-05T12:38:00+00:00,U0058,R0246,1139.63,1,12,0,0,0,3940.52,0.29,1080,0,0,0,0,244.0,0,0
T06100,2026-01-05T12:39:00+00:00,U0057,R0389,5285.94,1,12,0,0,0,4625.05,1.14,459,0,0,0,0,306.0,0,0
T06101,2026-01-05T12:40:00+00:00,U0040,R0489,6254.14,1,12,0,0,0,4950.0,1.26,1571,0,0,0,0,208.0,0,0
T06102,2026-01-05T12:41:00+00:00,U0129,R0164,7284.63,1,12,0,0,0,3844.15,1.89,375,0,0,0,0,270.0,0,0
T06103,2026-01-05T12:42:00+00:00,U0194,R0325,5731.08,1,12,0,0,0,5321.57,1.08,1773,0,0,0,0,497.0,0,0
T06104,2026-01-05T12:43:00+00:00,U0005,R0262,1594.26,1,12,0,0,2,3501.2,0.46,1114,0,0,0,0,29.0,0,0
T06105,2026-01-05T12:44:00+00:00,U0127,R0013,3520.24,1,12,0,0,0,2642.74,1.33,675,0,0,0,0,174.0,0,0
T06106,2026-01-05T12:45:00+00:00,U0179,R0213,1100.4,1,12,0,0,0,3813.99,0.29,1145,0,0,0,0,66.0,0,0
T06107,2026-01-05T12:46:00+00:00,U0011,R0103,706.99,1,12,0,0,1,3879.8,0.18,177,0,0,0,0,24.0,0,0
T06108,2026-01-05T12:47:00+00:00,U0054,R0118,1661.78,1,12,0,0,0,4927.05,0.34,712,0,0,0,0,616.0,0,0
T06109,2026-01-05T12:48:00+00:00,U0002,R0179,3269.64,1,12,0,0,0,2874.42,1.14,1660,0,0,0,0,133.0,0,0
T06110,2026-01-05T12:49:00+00:00,U0149,R0452,162.1,1,12,1,0,0,2837.36,0.06,1912,0,0,0,0,414.0,0,0
T06111,2026-01-05T12:50:00+00:00,U0043,R0204,9157.01,0,12,0,0,0,3620.04,2.53,1004,0,0,0,0,175.0,1,0
T06112,2026-01-05T12:51:00+00:00,U0138,R0004,1403.26,1,12,0,0,0,6161.1,0.23,1898,0,0,0,0,324.0,0,0
T06113,2026-01-05T12:52:00+00:00,U0191,R0319,5205.22,1,12,0,0,0,4837.84,1.08,982,0,0,0,0,111.0,0,0
T06114,2026-01-05T12:53:00+00:00,U0143,R0192,4758.25,1,12,0,0,1,3682.79,1.29,194,0,0,0,0,44.0,0,0
T06115,2026-01-05T12:54:00+00:00,U0041,R0428,1824.84,1,12,0,0,1,4060.67,0.45,680,0,0,0,0,20.0,0,0
T06116,2026-01-05T12:55:00+00:00,U0156,R0132,5095.45,1,12,0,0,0,4308.08,1.18,1027,0,0,0,0,378.0,0,0
T06117,2026-01-05T12:56:00+00:00,U0084,R0460,4521.39,1,12,1,0,1,3625.85,1.25,1583,0,0,0,0,41.0,0,0
T06118,2026-01-05T12:57:00+00:00,U0031,R0334,646.34,1,12,0,0,0,4452.68,0.15,1886,0,0,0,0,363.0,0,0
T06119,2026-01-05T12:58:00+00:00,U0008,R0229,4033.93,1,12,0,0,0,4678.89,0.86,457,0,0,0,0,333.0,0,0
T06120,2026-01-05T12:59:00+00:00,U0167,R0344,4465.56,1,12,0,0,0,2967.54,1.5,1126,0,0,0,0,263.0,0,0
T06121,2026-01-05T13:00:00+00:00,U0104,R0105,8405.31,1,13,1,0,0,4191.34,2.01,508,0,0,0,0,115.0,0,0
T06122,2026-01-05T13:01:00+00:00,U0011,R0199,2412.99,1,13,0,0,2,3780.65,0.64,177,0,0,0,0,15.0,0,0
T06123,2026-01-05T13:02:00+00:00,U0191,R0478,2917.75,1,13,0,0,1,4849.32,0.6,982,1,0,0,0,10.0,0,0
T06124,2026-01-05T13:03:00+00:00,U0052,R0389,1517.35,1,13,0,0,0,3344.19,0.45,51,0,0,0,0,66.0,0,0
T06125,2026-01-05T13:04:00+00:00,U0192,R0153,10658.38,1,13,1,0,0,3157.51,3.38,887,0,0,0,0,186.0,0,1
T06126,2026-01-05T13:05:00+00:00,U0173,R0110,4681.48,1,13,0,0,0,2932.11,1.6,1772,0,0,0,0,411.0,0,0
T06127,2026-01-05T13:06:00+00:00,U0078,R0185,250.56,1,13,0,0,0,4566.03,0.05,797,0,0,0,0,109.0,0,0
T06128,2026-01-05T13:07:00+00:00,U0166,R0321,831.04,1,13,0,0,1,4194.24,0.2,1257,0,0,0,0,31.0,0,0
T06129,2026-01-05T13:08:00+00:00,U0065,R0112,3318.71,0,13,0,0,0,4226.01,0.79,1869,0,0,0,0,141.0,1,0
T06130,2026-01-05T13:09:00+00:00,U0080,R0007,3061.94,1,13,0,0,0,6802.03,0.45,846,0,0,0,0,465.0,0,0
T06131,2026-01-05T13:10:00+00:00,U0047,R0441,5418.72,1,13,0,0,0,7200.0,0.75,957,0,0,0,0,242.0,0,0
T06132,2026-01-05T13:11:00+00:00,U0128,R0485,4098.44,1,13,0,0,1,3370.69,1.22,1107,0,0,0,0,47.0,0,0
T06133,2026-01-05T13:12:00+00:00,U0185,R0168,3894.47,1,13,1,0,0,4018.01,0.97,1483,0,0,0,0,548.0,0,0
T06134,2026-01-05T13:13:00+00:00,U0101,R0309,2749.39,1,13,0,0,0,5149.3,0.53,1165,0,0,0,0,499.0,0,0
T06135,2026-01-05T13:14:00+00:00,U0126,R0246,6719.26,1,13,0,0,0,5596.47,1.2,1797,0,0,0,0,87.0,0,1
T06136,2026-01-05T13:15:00+00:00,U0074,R0408,6621.12,1,13,0,0,0,3194.1,2.07,589,0,0,0,0,162.0,0,0
T06137,2026-01-05T13:16:00+00:00,U0064,R0040,3049.13,1,13,0,0,0,3511.87,0.87,1159,0,0,0,0,74.0,0,0
T06138,2026-01-05T13:17:00+00:00,U0001,R0437,1197.27,1,13,0,0,0,5457.2,0.22,1905,0,0,0,0,84.0,0,0
T06139,2026-01-05T13:18:00+00:00,U0013,R0439,4495.65,1,13,0,0,0,6343.27,0.71,869,0,0,0,0,565.0,0,0
T06140,2026-01-05T13:19:00+00:00,U0071,R0477,2400.96,1,13,0,0,0,6713.44,0.36,17,0,0,0,0,68.0,0,0
T06141,2026-01-05T13:20:00+00:00,U0114,R0196,4460.37,1,13,1,1,0,4706.33,0.95,447,0,0,0,0,225.0,0,1
T06142,2026-01-05T13:21:00+00:00,U0114,R0196,4460.37,0,13,1,1,1,4699.69,0.95,447,1,1,1,1,1.0,1,1
T06143,2026-01-05T13:22:00+00:00,U0114,R0196,4460.37,0,13,1,1,2,4693.39,0.95,447,2,2,2,2,1.0,2,1
T06144,2026-01-05T13:23:00+00:00,U0041,R0050,1071.7,1,13,0,0,2,3998.56,0.27,680,0,0,0,0,29.0,0,0
T06145,2026-01-05T13:24:00+00:00,U0056,R0331,901.96,1,13,0,0,0,4767.99,0.19,129,0,0,0,0,118.0,0,0
T06146,2026-01-05T13:25:00+00:00,U0109,R0380,2040.85,1,13,0,0,0,4648.68,0.44,579,0,0,0,0,198.0,0,0
T06147,2026-01-05T13:26:00+00:00,U0020,R0144,5533.22,1,13,0,0,0,3988.88,1.39,1664,0,0,0,0,167.0,0,0
T06148,2026-01-05T13:27:00+00:00,U0006,R0153,637.5,1,13,0,0,0,8053.26,0.08,1386,0,0,0,0,131.0,0,0
T06149,2026-01-05T13:28:00+00:00,U0031,R0155,7974.92,1,13,0,0,1,4349.8,1.83,1886,0,0,0,0,31.0,0,0
T06150,2026-01-05T13:29:00+00:00,U0117,R0477,2540.85,0,13,0,0,0,3721.32,0.68,876,0,0,0,0,390.0,1,0
T06151,2026-01-05T13:30:00+00:00,U0053,R0062,2157.96,1,13,0,0,0,4585.37,0.47,1252,0,0,0,0,813.0,0,0
T06152,2026-01-05T13:31:00+00:00,U0191,R0488,1234.8,1,13,0,0,2,4790.79,0.26,982,0,0,0,0,29.0,0,0
T06153,2026-01-05T13:32:00+00:00,U0008,R0451,3417.85,1,13,0,0,1,4653.09,0.73,457,0,0,0,0,34.0,0,0
T06154,2026-01-05T13:33:00+00:00,U0122,R0090,3270.72,1,13,1,0,0,4146.45,0.79,1750,0,0,0,0,101.0,0,0
T06155,2026-01-05T13:34:00+00:00,U0023,R0372,2292.89,1,13,0,0,0,3054.0,0.75,1815,0,0,0,0,61.0,0,0
T06156,2026-01-05T13:35:00+00:00,U0149,R0356,590.02,1,13,0,0,1,2734.46,0.22,1912,0,0,0,0,46.0,0,0
T06157,2026-01-05T13:36:00+00:00,U0070,R0012,640.28,1,13,0,0,0,4556.71,0.14,664,0,0,0,0,101.0,0,0
T06158,2026-01-05T13:37:00+00:00,U0123,R0033,1534.13,1,13,0,0,0,3361.12,0.46,832,0,0,0,0,133.0,0,0
T06159,2026-01-05T13:38:00+00:00,U0040,R0111,5593.22,1,13,0,0,1,4983.44,1.12,1571,0,0,0,0,58.0,0,0
T06160,2026-01-05T13:39:00+00:00,U0174,R0194,1111.7,1,13,0,0,0,5145.93,0.22,1108,0,0,0,0,163.0,0,0
T06161,2026-01-05T13:40:00+00:00,U0128,R0222,5298.6,1,13,0,0,1,3394.16,1.56,1107,0,0,0,0,29.0,0,0
T06162,2026-01-05T13:41:00+00:00,U0106,R0090,4037.11,1,13,0,0,0,3041.8,1.33,1381,0,0,0,0,293.0,0,0
T06163,2026-01-05T13:42:00+00:00,U0148,R0460,4018.06,1,13,0,0,0,3434.6,1.17,507,0,0,0,0,475.0,0,0
T06164,2026-01-05T13:43:00+00:00,U0017,R0492,1313.35,1,13,1,0,0,5040.89,0.26,53,0,0,0,0,175.0,0,0
T06165,2026-01-05T13:44:00+00:00,U0072,R0364,542.8,1,13,0,0,0,2575.22,0.21,1208,0,0,0,0,584.0,0,0
T06166,2026-01-05T13:45:00+00:00,U0123,R0104,1580.99,1,13,0,0,1,3269.77,0.48,832,1,0,0,0,8.0,0,0
T06167,2026-01-05T13:46:00+00:00,U0007,R0344,5443.79,1,13,0,0,0,5795.06,0.94,573,0,0,0,0,158.0,0,0
T06168,2026-01-05T13:47:00+00:00,U0049,R0121,23169.38,1,13,1,0,0,3480.2,6.66,100,0,0,0,0,109.0,0,1
T06169,2026-01-05T13:48:00+00:00,U0001,R0333,1650.92,1,13,0,0,1,5319.78,0.31,1905,0,0,0,0,31.0,0,0
T06170,2026-01-05T13:49:00+00:00,U0145,R0428,2275.49,1,13,0,1,0,3574.57,0.64,94,0,0,0,0,314.0,0,0
T06171,2026-01-05T13:50:00+00:00,U0144,R0488,8708.16,1,13,1,0,0,4455.43,1.95,685,0,0,0,0,262.0,0,1
T06172,2026-01-05T13:51:00+00:00,U0060,R0367,5948.39,1,13,0,0,0,2849.73,2.09,1595,0,0,0,0,203.0,0,0
T06173,2026-01-05T13:52:00+00:00,U0013,R0147,2752.39,1,13,0,0,1,6272.21,0.44,869,0,0,0,0,34.0,0,0
T06174,2026-01-05T13:53:00+00:00,U0154,R0189,6044.36,1,13,0,0,0,3478.58,1.74,1010,0,0,0,0,371.0,0,0
T06175,2026-01-05T13:54:00+00:00,U0121,R0279,6141.66,1,13,0,0,0,3849.37,1.6,418,0,0,0,0,231.0,0,0
T06176,2026-01-05T13:55:00+00:00,U0169,R0462,828.97,1,13,0,0,0,3426.52,0.24,1949,0,0,0,0,236.0,0,0
T06177,2026-01-05T13:56:00+00:00,U0142,R0277,1704.58,1,13,0,0,0,4139.33,0.41,1708,0,0,0,0,290.0,0,0
T06178,2026-01-05T13:57:00+00:00,U0189,R0328,5625.52,1,13,0,0,0,3745.67,1.5,690,0,0,0,0,170.0,0,0
T06179,2026-01-05T13:58:00+00:00,U0045,R0298,237.84,1,13,0,0,0,5331.89,0.04,1072,0,0,0,0,526.0,0,0
T06180,2026-01-05T13:59:00+00:00,U0120,R0178,7566.96,1,13,1,0,0,4949.34,1.53,524,0,0,0,0,285.0,0,0
T06181,2026-01-05T14:00:00+00:00,U0038,R0417,5530.73,1,14,0,0,0,3672.97,1.51,400,0,0,0,0,112.0,0,0
T06182,2026-01-05T14:01:00+00:00,U0127,R0346,1051.36,1,14,0,0,0,2673.0,0.39,675,0,0,0,0,77.0,0,0
T06183,2026-01-05T14:02:00+00:00,U0093,R0493,5168.32,1,14,0,0,0,6001.32,0.86,403,0,0,0,0,187.0,0,0
T06184,2026-01-05T14:03:00+00:00,U0155,R0130,7552.37,1,14,0,0,0,3231.44,2.34,1159,0,0,0,0,124.0,0,0
T06185,2026-01-05T14:04:00+00:00,U0086,R0474,6039.36,1,14,0,0,0,4322.79,1.4,1686,0,0,0,0,785.0,0,0
T06186,2026-01-05T14:05:00+00:00,U0120,R0231,1088.02,1,14,0,1,1,5080.22,0.21,524,1,0,0,0,6.0,0,0
T06187,2026-01-05T14:06:00+00:00,U0175,R0085,2728.57,1,14,0,0,0,3737.3,0.73,1375,0,0,0,0,382.0,0,0
T06188,2026-01-05T14:07:00+00:00,U0088,R0260,1822.69,1,14,0,0,0,7417.8,0.25,1812,0,0,0,0,98.0,0,0
T06189,2026-01-05T14:08:00+00:00,U0161,R0075,2688.59,1,14,0,0,0,4789.1,0.56,1632,0,0,0,0,227.0,0,0
T06190,2026-01-05T14:09:00+00:00,U0139,R0324,1641.64,1,14,0,0,0,3144.16,0.52,1504,0,0,0,0,212.0,0,0
T06191,2026-01-05T14:10:00+00:00,U0041,R0436,2471.47,1,14,0,0,1,3919.46,0.63,680,0,0,0,0,47.0,0,0
T06192,2026-01-05T14:11:00+00:00,U0036,R0418,579.59,1,14,0,0,0,4523.9,0.13,219,0,0,0,0,106.0,0,0
T06193,2026-01-05T14:12:00+00:00,U0178,R0203,1409.39,0,14,0,0,0,3832.7,0.37,1860,0,0,0,0,100.0,1,0
T06194,2026-01-05T14:13:00+00:00,U0108,R0451,2921.65,1,14,0,0,0,4208.34,0.69,1935,0,0,0,0,573.0,0,0
T06195,2026-01-05T14:14:00+00:00,U0129,R0279,1441.43,1,14,0,0,0,3958.83,0.36,375,0,0,0,0,93.0,0,0
T06196,2026-01-05T14:15:00+00:00,U0027,R0295,1374.89,1,14,0,0,0,4853.8,0.28,1808,0,0,0,0,418.0,0,0
T06197,2026-01-05T14:16:00+00:00,U0141,R0341,3251.98,1,14,0,0,0,3139.46,1.04,113,0,0,0,0,178.0,0,1
T06198,2026-01-05T14:17:00+00:00,U0141,R0341,3251.98,0,14,0,0,1,3142.98,1.03,113,1,1,1,1,1.0,1,1
T06199,2026-01-05T14:18:00+00:00,U0141,R0341,3251.98,0,14,1,0,2,3146.28,1.03,113,2,2,2,2,1.0,2,1
T06200,2026-01-05T14:19:00+00:00,U0190,R0117,1941.01,1,14,1,0,0,3273.35,0.59,1087,0,0,0,0,370.0,0,0
T06201,2026-01-05T14:20:00+00:00,U0086,R0251,3319.07,1,14,0,1,1,4394.31,0.76,1686,0,0,0,0,16.0,0,0
T06202,2026-01-05T14:21:00+00:00,U0188,R0429,3470.56,1,14,0,0,0,4775.73,0.73,1681,0,0,0,0,614.0,0,0
T06203,2026-01-05T14:22:00+00:00,U0141,R0480,22985.09,1,14,0,0,3,3149.39,7.3,113,3,0,0,0,4.0,0,1
T06204,2026-01-05T14:23:00+00:00,U0169,R0420,2903.19,1,14,0,0,1,3367.48,0.86,1949,0,0,0,0,28.0,0,0
T06205,2026-01-05T14:24:00+00:00,U0148,R0180,35428.22,1,14,1,1,1,3451.27,10.27,507,0,0,0,0,42.0,0,1
T06206,2026-01-05T14:25:00+00:00,U0177,R0385,9119.6,1,14,0,0,0,5326.72,1.71,315,0,0,0,0,292.0,0,0
T06207,2026-01-05T14:26:00+00:00,U0058,R0328,4696.22,1,14,0,0,0,3855.64,1.22,1080,0,0,0,0,108.0,0,0
T06208,2026-01-05T14:27:00+00:00,U0040,R0428,4516.55,1,14,0,0,1,4998.68,0.9,1571,0,0,0,0,49.0,0,0
T06209,2026-01-05T14:28:00+00:00,U0193,R0097,4940.36,1,14,0,0,0,5680.17,0.87,158,0,0,0,0,630.0,0,0
T06210,2026-01-05T14:29:00+00:00,U0130,R0410,2975.39,1,14,0,0,0,4190.97,0.71,708,0,0,0,0,226.0,0,0
T06211,2026-01-05T14:30:00+00:00,U0037,R0469,14449.75,1,14,0,1,0,3794.38,3.81,132,0,0,0,0,134.0,0,1
T06212,2026-01-05T14:31:00+00:00,U0079,R0124,5775.54,1,14,0,0,0,3787.5,1.52,128,0,0,0,0,184.0,0,0
T06213,2026-01-05T14:32:00+00:00,U0078,R0423,1999.87,1,14,0,0,0,4422.18,0.45,797,0,0,0,0,86.0,0,0
T06214,2026-01-05T14:33:00+00:00,U0164,R0050,6174.0,1,14,0,0,0,4374.6,1.41,1150,0,0,0,0,349.0,0,0
T06215,2026-01-05T14:34:00+00:00,U0049,R0013,299.09,1,14,0,0,1,4209.43,0.07,100,0,0,0,0,47.0,0,0
T06216,2026-01-05T14:35:00+00:00,U0076,R0062,4972.45,1,14,0,1,0,3797.33,1.31,1540,0,0,0,0,150.0,0,0
T06217,2026-01-05T14:36:00+00:00,U0199,R0349,1340.06,1,14,0,0,0,3355.12,0.4,1451,0,0,0,0,332.0,0,0
T06218,2026-01-05T14:37:00+00:00,U0065,R0232,44366.63,1,14,0,0,0,4188.2,10.59,1869,0,0,0,0,89.0,0,1
T06219,2026-01-05T14:38:00+00:00,U0109,R0484,1541.86,0,14,0,0,0,4580.05,0.34,579,0,0,0,0,73.0,1,0
T06220,2026-01-05T14:39:00+00:00,U0104,R0006,3016.93,1,14,0,0,0,4341.84,0.69,508,0,0,0,0,99.0,0,0
T06221,2026-01-05T14:40:00+00:00,U0077,R0176,974.63,1,14,0,0,0,4579.11,0.21,332,0,0,0,0,156.0,0,0
T06222,2026-01-05T14:41:00+00:00,U0054,R0156,16558.69,0,14,0,1,0,4836.35,3.42,712,0,0,0,0,114.0,1,1
T06223,2026-01-05T14:42:00+00:00,U0151,R0471,2741.22,1,14,0,0,0,5328.37,0.51,1656,0,0,0,0,228.0,0,0
T06224,2026-01-05T14:43:00+00:00,U0158,R0304,41334.76,1,14,0,1,0,4118.98,10.04,1865,0,0,0,0,502.0,0,1
T06225,2026-01-05T14:44:00+00:00,U0126,R0017,5817.35,1,14,0,0,0,5623.2,1.03,1797,0,0,0,0,90.0,0,0
T06226,2026-01-05T14:45:00+00:00,U0090,R0016,4132.49,1,14,0,0,0,3360.82,1.23,150,0,0,0,0,491.0,0,0
T06227,2026-01-05T14:46:00+00:00,U0122,R0441,4752.32,1,14,0,0,0,4126.09,1.15,1750,0,0,0,0,73.0,0,0
T06228,2026-01-05T14:47:00+00:00,U0193,R0276,2817.2,1,14,0,0,1,5663.36,0.5,158,0,0,0,0,19.0,0,0
T06229,2026-01-05T14:48:00+00:00,U0109,R0353,911.36,1,14,0,0,1,4502.15,0.2,579,1,0,0,0,10.0,0,0
T06230,2026-01-05T14:49:00+00:00,U0090,R0486,2503.14,1,14,0,0,1,3401.44,0.74,150,1,0,0,0,4.0,0,0
T06231,2026-01-05T14:50:00+00:00,U0126,R0014,5622.32,1,14,0,1,1,5627.72,1.0,1797,1,0,0,0,6.0,0,0
T06232,2026-01-05T14:51:00+00:00,U0125,R0389,3723.79,1,14,0,0,0,4886.14,0.76,499,0,0,0,0,212.0,0,0
T06233,2026-01-05T14:52:00+00:00,U0122,R0130,3408.28,1,14,0,0,1,4140.32,0.82,1750,1,0,0,0,6.0,0,0
T06234,2026-01-05T14:53:00+00:00,U0022,R0126,3539.39,1,14,0,0,0,6772.92,0.52,887,0,0,0,0,304.0,0,0
T06235,2026-01-05T14:54:00+00:00,U0184,R0324,2479.97,1,14,0,0,0,3254.12,0.76,327,0,0,0,0,242.0,0,0
T06236,2026-01-05T14:55:00+00:00,U0117,R0195,28480.1,1,14,1,0,0,3690.25,7.72,876,0,0,0,0,86.0,0,1
T06237,2026-01-05T14:56:00+00:00,U0062,R0310,1636.24,1,14,0,0,0,4065.16,0.4,820,0,0,0,0,473.0,0,0
T06238,2026-01-05T14:57:00+00:00,U0009,R0166,1818.01,1,14,1,0,0,2858.15,0.64,1744,0,0,0,0,297.0,0,1
T06239,2026-01-05T14:58:00+00:00,U0199,R0361,1175.98,1,14,0,0,1,3285.64,0.36,1451,0,0,0,0,22.0,0,0
T06240,2026-01-05T14:59:00+00:00,U0056,R0315,2344.93,1,14,0,0,0,4639.12,0.51,129,0,0,0,0,95.0,0,0
T06241,2026-01-05T15:00:00+00:00,U0003,R0351,4440.92,1,15,1,0,0,4035.19,1.1,1486,0,0,0,0,691.0,0,0
T06242,2026-01-05T15:01:00+00:00,U0173,R0400,916.68,1,15,0,0,0,2990.42,0.31,1772,0,0,0,0,116.0,0,0
T06243,2026-01-05T15:02:00+00:00,U0130,R0228,3020.65,0,15,0,0,1,4149.05,0.73,708,0,0,0,0,33.0,1,0
T06244,2026-01-05T15:03:00+00:00,U0047,R0238,6264.11,1,15,0,0,0,7125.78,0.88,957,0,0,0,0,113.0,0,0
T06245,2026-01-05T15:04:00+00:00,U0145,R0199,7399.09,1,15,0,0,0,3522.6,2.1,94,0,0,0,0,75.0,0,0
T06246,2026-01-05T15:05:00+00:00,U0138,R0335,7478.22,1,15,0,0,0,6028.94,1.24,1898,0,0,0,0,134.0,0,0
T06247,2026-01-05T15:06:00+00:00,U0065,R0300,2491.82,1,15,0,0,1,5795.34,0.43,1869,0,0,0,0,29.0,0,0
T06248,2026-01-05T15:07:00+00:00,U0133,R0252,1160.62,1,15,0,0,0,3348.13,0.35,257,0,0,0,0,561.0,0,0
T06249,2026-01-05T15:08:00+00:00,U0116,R0151,6467.39,1,15,0,0,0,4225.93,1.53,463,0,0,0,0,250.0,0,0
T06250,2026-01-05T15:09:00+00:00,U0011,R0149,5434.4,1,15,1,0,0,3739.2,1.45,177,0,0,0,0,128.0,0,0
T06251,2026-01-05T15:10:00+00:00,U0110,R0057,3803.59,1,15,0,1,0,3822.8,0.99,29,0,0,0,0,221.0,0,0
T06252,2026-01-05T15:11:00+00:00,U0020,R0102,13836.41,1,15,0,1,0,4034.3,3.43,1664,0,0,0,0,105.0,0,1
T06253,2026-01-05T15:12:00+00:00,U0064,R0003,2560.83,1,15,0,0,0,3500.3,0.73,1159,0,0,0,0,116.0,0,0
T06254,2026-01-05T15:13:00+00:00,U0191,R0414,6557.41,1,15,0,0,0,4686.2,1.4,982,0,0,0,0,102.0,0,0
T06255,2026-01-05T15:14:00+00:00,U0046,R0396,539.65,1,15,0,0,0,4579.21,0.12,854,0,0,0,0,175.0,0,0
T06256,2026-01-05T15:15:00+00:00,U0078,R0094,2244.83,1,15,0,0,1,4344.04,0.52,797,0,0,0,0,43.0,0,0
T06257,2026-01-05T15:16:00+00:00,U0175,R0299,7501.06,1,15,0,0,0,3701.28,2.03,1375,0,0,0,0,70.0,0,0
T06258,2026-01-05T15:17:00+00:00,U0059,R0366,8415.05,1,15,0,0,0,4640.68,1.81,75,0,0,0,0,216.0,0,1
T06259,2026-01-05T15:18:00+00:00,U0180,R0486,1969.7,1,15,0,0,0,5782.7,0.34,793,0,0,0,0,195.0,0,0
T06260,2026-01-05T15:19:00+00:00,U0026,R0085,5362.09,1,15,0,0,0,6852.22,0.78,407,0,0,0,0,502.0,0,0
T06261,2026-01-05T15:20:00+00:00,U0190,R0485,5473.34,1,15,1,0,0,3242.36,1.69,1087,0,0,0,0,61.0,0,0
T06262,2026-01-05T15:21:00+00:00,U0007,R0225,781.76,1,15,0,0,0,5782.51,0.14,573,0,0,0,0,95.0,0,0
T06263,2026-01-05T15:22:00+00:00,U0179,R0221,2876.51,1,15,1,0,0,3726.46,0.77,1145,0,0,0,0,157.0,0,0
T06264,2026-01-05T15:23:00+00:00,U0135,R0460,7378.44,0,15,0,0,0,3749.94,1.97,1258,0,0,0,0,202.0,1,0
T06265,2026-01-05T15:24:00+00:00,U0163,R0279,4415.93,1,15,0,0,0,3311.89,1.33,550,0,0,0,0,403.0,0,0
T06266,2026-01-05T15:25:00+00:00,U0122,R0018,1769.41,1,15,0,0,2,4124.05,0.43,1750,0,0,0,0,33.0,0,0
T06267,2026-01-05T15:26:00+00:00,U0143,R0360,1415.31,1,15,0,0,0,3731.67,0.38,194,0,0,0,0,153.0,0,0
T06268,2026-01-05T15:27:00+00:00,U0017,R0045,2546.33,1,15,0,0,0,4927.93,0.52,53,0,0,0,0,104.0,0,0
T06269,2026-01-05T15:28:00+00:00,U0171,R0184,1626.21,1,15,0,0,0,5119.51,0.32,1154,0,0,0,0,305.0,0,0
T06270,2026-01-05T15:29:00+00:00,U0130,R0471,7978.82,1,15,0,0,2,4111.44,1.94,708,0,0,0,0,27.0,0,0
T06271,2026-01-05T15:30:00+00:00,U0036,R0062,3767.93,1,15,0,0,0,4422.77,0.85,219,0,0,0,0,79.0,0,0
T06272,2026-01-05T15:31:00+00:00,U0023,R0293,2355.57,1,15,0,0,0,3025.81,0.78,1815,0,0,0,0,117.0,0,0
T06273,2026-01-05T15:32:00+00:00,U0051,R0229,4827.28,1,15,0,1,0,4172.91,1.16,60,0,0,0,0,296.0,0,0
T06274,2026-01-05T15:33:00+00:00,U0140,R0192,1933.26,1,15,0,0,0,4613.35,0.42,1219,0,0,0,0,501.0,0,0
T06275,2026-01-05T15:34:00+00:00,U0123,R0035,1802.57,1,15,0,0,0,3189.35,0.57,832,0,0,0,0,109.0,0,0
T06276,2026-01-05T15:35:00+00:00,U0169,R0095,2049.3,1,15,0,0,0,3357.16,0.61,1949,0,0,0,0,72.0,0,0
T06277,2026-01-05T15:36:00+00:00,U0030,R0287,2760.57,1,15,1,0,0,4267.97,0.65,229,0,0,0,0,362.0,0,0
T06278,2026-01-05T15:37:00+00:00,U0052,R0076,9394.04,1,15,0,0,0,3287.1,2.86,51,0,0,0,0,154.0,0,0
T06279,2026-01-05T15:38:00+00:00,U0192,R0360,2902.46,1,15,0,0,0,3399.47,0.85,887,0,0,0,0,154.0,0,0
T06280,2026-01-05T15:39:00+00:00,U0096,R0031,1784.59,0,15,0,1,0,4677.78,0.38,322,0,0,0,0,871.0,1,0
T06281,2026-01-05T15:40:00+00:00,U0004,R0058,4755.95,1,15,0,0,0,4944.61,0.96,1108,0,0,0,0,269.0,0,0
T06282,2026-01-05T15:41:00+00:00,U0069,R0300,1846.39,1,15,1,0,0,5220.34,0.35,1754,0,0,0,0,740.0,0,0
T06283,2026-01-05T15:42:00+00:00,U0078,R0451,1790.63,1,15,0,0,1,4278.44,0.42,797,0,0,0,0,27.0,0,0
T06284,2026-01-05T15:43:00+00:00,U0082,R0472,19870.48,1,15,1,0,0,5517.41,3.6,212,0,0,0,0,274.0,0,1
T06285,2026-01-05T15:44:00+00:00,U0123,R0411,589.82,1,15,0,0,1,3126.32,0.19,832,1,0,0,0,10.0,0,0
T06286,2026-01-05T15:45:00+00:00,U0170,R0244,5641.64,1,15,1,0,0,5597.43,1.01,1804,0,0,0,0,273.0,0,0
T06287,2026-01-05T15:46:00+00:00,U0055,R0051,2858.07,1,15,0,0,0,4655.86,0.61,553,0,0,0,0,383.0,0,0
T06288,2026-01-05T15:47:00+00:00,U0142,R0325,1082.2,1,15,0,0,0,4067.72,0.27,1708,0,0,0,0,111.0,0,0
T06289,2026-01-05T15:48:00+00:00,U0019,R0075,3053.63,1,15,0,1,0,4707.22,0.65,1302,0,0,0,0,694.0,0,0
T06290,2026-01-05T15:49:00+00:00,U0131,R0075,4489.78,1,15,0,0,0,4882.79,0.92,1810,0,0,0,0,336.0,0,0
T06291,2026-01-05T15:50:00+00:00,U0018,R0245,4667.63,1,15,1,0,0,4625.96,1.01,74,0,0,0,0,267.0,0,0
T06292,2026-01-05T15:51:00+00:00,U0019,R0290,5796.91,1,15,0,0,1,4659.98,1.24,1302,1,0,0,0,3.0,0,0
T06293,2026-01-05T15:52:00+00:00,U0161,R0386,1614.3,1,15,0,0,0,4730.75,0.34,1632,0,0,0,0,104.0,0,0
T06294,2026-01-05T15:53:00+00:00,U0161,R0186,1292.87,1,15,0,1,1,4646.52,0.28,1632,1,0,0,0,1.0,0,0
T06295,2026-01-05T15:54:00+00:00,U0068,R0209,1140.28,1,15,0,0,0,4467.27,0.26,98,0,0,0,0,297.0,0,0
T06296,2026-01-05T15:55:00+00:00,U0111,R0022,835.85,1,15,0,0,0,3775.01,0.22,877,0,0,0,0,275.0,0,0
T06297,2026-01-05T15:56:00+00:00,U0200,R0203,2042.06,0,15,0,0,0,3510.84,0.58,1096,0,0,0,0,671.0,1,0
T06298,2026-01-05T15:57:00+00:00,U0172,R0372,6005.11,1,15,0,0,0,5206.82,1.15,1447,0,0,0,0,370.0,0,0
T06299,2026-01-05T15:58:00+00:00,U0101,R0231,2946.78,1,15,1,0,0,5053.3,0.58,1165,0,0,0,0,165.0,0,0
T06300,2026-01-05T15:59:00+00:00,U0058,R0384,459.91,1,15,0,0,0,3880.37,0.12,1080,0,0,0,0,93.0,0,0
T06301,2026-01-05T16:00:00+00:00,U0123,R0315,2384.37,1,16,0,0,2,3016.04,0.79,832,0,0,0,0,16.0,0,0
T06302,2026-01-05T16:01:00+00:00,U0131,R0456,3810.21,1,16,0,1,1,4869.69,0.78,1810,0,0,0,0,12.0,0,0
T06303,2026-01-05T16:02:00+00:00,U0194,R0326,927.98,0,16,0,0,0,5334.37,0.17,1773,0,0,0,0,200.0,1,0
T06304,2026-01-05T16:03:00+00:00,U0154,R0267,5335.67,1,16,0,0,0,3567.05,1.5,1010,0,0,0,0,130.0,0,0
T06305,2026-01-05T16:04:00+00:00,U0198,R0039,6205.51,1,16,0,1,0,4060.88,1.53,1947,0,0,0,0,254.0,0,0
T06306,2026-01-05T16:05:00+00:00,U0008,R0214,5200.14,1,16,0,0,0,4605.58,1.13,457,0,0,0,0,153.0,0,0
T06307,2026-01-05T16:06:00+00:00,U0022,R0361,3137.5,1,16,0,0,0,6685.52,0.47,887,0,0,0,0,73.0,0,0
T06308,2026-01-05T16:07:00+00:00,U0038,R0396,563.01,1,16,0,0,0,3731.03,0.15,400,0,0,0,0,127.0,0,0
T06309,2026-01-05T16:08:00+00:00,U0095,R0143,1093.23,1,16,0,0,0,2851.07,0.38,333,0,0,0,0,241.0,0,0
T06310,2026-01-05T16:09:00+00:00,U0119,R0333,1902.77,1,16,0,0,0,5134.97,0.37,112,0,0,0,0,303.0,0,0
T06311,2026-01-05T16:10:00+00:00,U0088,R0156,3406.7,1,16,0,0,0,7281.33,0.47,1812,0,0,0,0,123.0,0,0
T06312,2026-01-05T16:11:00+00:00,U0155,R0168,724.19,1,16,0,0,0,3391.47,0.21,1159,0,0,0,0,128.0,0,0
T06313,2026-01-05T16:12:00+00:00,U0121,R0262,2858.75,1,16,0,0,0,3923.32,0.73,418,0,0,0,0,138.0,0,0
T06314,2026-01-05T16:13:00+00:00,U0194,R0447,1564.98,1,16,0,0,1,5200.84,0.3,1773,0,0,0,0,11.0,0,0
T06315,2026-01-05T16:14:00+00:00,U0151,R0356,731.9,1,16,0,0,0,5242.13,0.14,1656,0,0,0,0,92.0,0,0
T06316,2026-01-05T16:15:00+00:00,U0175,R0310,1075.83,1,16,0,0,1,3832.3,0.28,1375,0,0,0,0,59.0,0,0
T06317,2026-01-05T16:16:00+00:00,U0147,R0071,339.73,0,16,0,0,0,5450.5,0.06,1663,0,0,0,0,396.0,1,0
T06318,2026-01-05T16:17:00+00:00,U0024,R0355,5556.41,1,16,0,0,0,3796.47,1.46,1553,0,0,0,0,230.0,0,0
T06319,2026-01-05T16:18:00+00:00,U0088,R0273,941.87,1,16,0,0,1,7189.08,0.13,1812,1,0,0,0,8.0,0,0
T06320,2026-01-05T16:19:00+00:00,U0162,R0033,8476.64,1,16,0,0,0,5349.97,1.58,391,0,0,0,0,291.0,0,0
T06321,2026-01-05T16:20:00+00:00,U0069,R0479,4396.84,1,16,0,0,1,5090.57,0.86,1754,0,0,0,0,39.0,0,0
T06322,2026-01-05T16:21:00+00:00,U0074,R0305,5635.56,1,16,0,0,0,3336.89,1.69,589,0,0,0,0,186.0,0,0
T06323,2026-01-05T16:22:00+00:00,U0081,R0475,1609.7,0,16,0,1,0,3521.98,0.46,1251,0,0,0,0,266.0,1,0
T06324,2026-01-05T16:23:00+00:00,U0062,R0290,172.68,1,16,0,0,0,3954.76,0.04,820,0,0,0,0,87.0,0,0
T06325,2026-01-05T16:24:00+00:00,U0079,R0099,932.72,1,16,0,0,0,3873.94,0.24,128,0,0,0,0,113.0,0,0
T06326,2026-01-05T16:25:00+00:00,U0133,R0347,2040.96,0,16,0,0,0,3285.63,0.62,257,0,0,0,0,78.0,1,0
T06327,2026-01-05T16:26:00+00:00,U0068,R0307,4512.94,1,16,0,0,1,4366.45,1.03,98,0,0,0,0,32.0,0,0
T06328,2026-01-05T16:27:00+00:00,U0169,R0097,7348.66,1,16,0,0,1,3328.73,2.21,1949,0,0,0,0,52.0,0,0
T06329,2026-01-05T16:28:00+00:00,U0036,R0411,2704.96,0,16,0,0,1,4406.4,0.61,219,0,0,0,0,58.0,1,1
T06330,2026-01-05T16:29:00+00:00,U0076,R0098,5536.76,1,16,0,0,0,3840.86,1.44,1540,0,0,0,0,114.0,0,0
T06331,2026-01-05T16:30:00+00:00,U0093,R0365,1325.36,1,16,0,0,0,5981.01,0.22,403,0,0,0,0,148.0,0,0
T06332,2026-01-05T16:31:00+00:00,U0083,R0105,3291.79,0,16,0,0,0,7840.62,0.42,313,0,0,0,0,250.0,1,0
T06333,2026-01-05T16:32:00+00:00,U0149,R0267,3122.8,0,16,0,0,0,2655.04,1.18,1912,0,0,0,0,177.0,1,0
T06334,2026-01-05T16:33:00+00:00,U0186,R0371,1002.38,0,16,0,0,0,3515.37,0.29,1731,0,0,0,0,250.0,1,0
T06335,2026-01-05T16:34:00+00:00,U0164,R0127,5616.51,1,16,1,0,0,4436.65,1.27,1150,0,0,0,0,121.0,0,0
T06336,2026-01-05T16:35:00+00:00,U0163,R0426,6416.69,1,16,0,0,0,3345.34,1.92,550,0,0,0,0,71.0,0,0
T06337,2026-01-05T16:36:00+00:00,U0166,R0415,2544.18,1,16,0,0,0,4122.68,0.62,1257,0,0,0,0,209.0,0,0
T06338,2026-01-05T16:37:00+00:00,U0063,R0201,3425.45,0,16,1,0,0,3736.41,0.92,1621,0,0,0,0,382.0,1,0
T06339,2026-01-05T16:38:00+00:00,U0070,R0478,1807.93,0,16,0,0,0,4400.05,0.41,664,0,0,0,0,182.0,1,0
T06340,2026-01-05T16:39:00+00:00,U0138,R0175,755.25,1,16,0,0,0,6068.11,0.12,1898,0,0,0,0,94.0,0,0
T06341,2026-01-05T16:40:00+00:00,U0156,R0037,6063.25,1,16,0,0,0,4339.57,1.4,1027,0,0,0,0,225.0,0,0
T06342,2026-01-05T16:41:00+00:00,U0097,R0417,4277.84,1,16,1,0,0,4206.64,1.02,174,0,0,0,0,264.0,0,0
T06343,2026-01-05T16:42:00+00:00,U0101,R0002,5080.56,1,16,0,0,1,4972.28,1.02,1165,0,0,0,0,44.0,0,0
T06344,2026-01-05T16:43:00+00:00,U0066,R0476,5957.8,1,16,0,0,0,7556.93,0.79,532,0,0,0,0,526.0,0,0
T06345,2026-01-05T16:44:00+00:00,U0141,R0299,5599.26,1,16,0,1,0,3716.13,1.51,113,0,0,0,0,142.0,0,0
T06346,2026-01-05T16:45:00+00:00,U0131,R0291,5213.53,1,16,0,0,2,4835.51,1.08,1810,0,0,0,0,44.0,0,0
T06347,2026-01-05T16:46:00+00:00,U0069,R0027,801.94,1,16,0,0,1,5064.88,0.16,1754,0,0,0,0,26.0,0,0
T06348,2026-01-05T16:47:00+00:00,U0161,R0251,5237.51,1,16,0,0,2,4558.27,1.15,1632,0,0,0,0,54.0,0,0
T06349,2026-01-05T16:48:00+00:00,U0122,R0224,2256.9,1,16,1,1,0,4072.87,0.55,1750,0,0,0,0,83.0,0,1
T06350,2026-01-05T16:49:00+00:00,U0031,R0072,1789.63,1,16,0,0,0,4445.2,0.4,1886,0,0,0,0,201.0,0,0
T06351,2026-01-05T16:50:00+00:00,U0093,R0390,864.22,1,16,0,0,1,5870.16,0.15,403,0,0,0,0,20.0,0,0
T06352,2026-01-05T16:51:00+00:00,U0014,R0022,12987.85,1,16,0,0,0,4314.83,3.01,608,0,0,0,0,254.0,0,1
T06353,2026-01-05T16:52:00+00:00,U0072,R0056,1141.82,1,16,0,0,0,2517.15,0.45,1208,0,0,0,0,188.0,0,0
T06354,2026-01-05T16:53:00+00:00,U0069,R0066,1148.28,1,16,0,0,2,4912.63,0.23,1754,1,0,0,0,7.0,0,0
T06355,2026-01-05T16:54:00+00:00,U0191,R0352,558.86,1,16,0,0,0,4739.66,0.12,982,0,0,0,0,101.0,0,0
T06356,2026-01-05T16:55:00+00:00,U0011,R0457,3075.61,0,16,0,0,0,3789.06,0.81,177,0,0,0,0,106.0,1,0
T06357,2026-01-05T16:56:00+00:00,U0016,R0006,795.64,1,16,0,0,0,4395.25,0.18,1715,0,0,0,0,296.0,0,0
T06358,2026-01-05T16:57:00+00:00,U0160,R0369,5143.67,0,16,0,0,0,5149.99,1.0,214,0,0,0,0,311.0,1,0
T06359,2026-01-05T16:58:00+00:00,U0111,R0124,2375.67,1,16,0,0,0,3647.22,0.65,877,0,0,0,0,63.0,0,0
T06360,2026-01-05T16:59:00+00:00,U0159,R0310,1008.88,1,16,0,0,0,4392.57,0.23,490,0,0,0,0,305.0,0,0
T06361,2026-01-05T17:00:00+00:00,U0069,R0476,6587.45,1,17,0,0,3,4782.83,1.38,1754,1,0,0,0,7.0,0,0
T06362,2026-01-05T17:01:00+00:00,U0061,R0078,1669.54,1,17,0,0,0,3063.21,0.55,255,0,0,0,0,319.0,0,0
T06363,2026-01-05T17:02:00+00:00,U0150,R0163,1076.12,1,17,0,0,0,4377.15,0.25,1080,0,0,0,0,457.0,0,0
T06364,2026-01-05T17:03:00+00:00,U0044,R0413,9360.19,1,17,1,0,0,5335.15,1.75,1950,0,0,0,0,361.0,0,1
T06365,2026-01-05T17:04:00+00:00,U0099,R0105,1013.22,1,17,1,0,0,3806.1,0.27,828,0,0,0,0,477.0,0,0
T06366,2026-01-05T17:05:00+00:00,U0005,R0489,49351.77,1,17,0,0,0,3443.41,14.33,1114,0,0,0,0,262.0,0,1
T06367,2026-01-05T17:06:00+00:00,U0147,R0380,2503.68,1,17,0,0,1,5316.01,0.47,1663,0,0,0,0,50.0,0,0
T06368,2026-01-05T17:07:00+00:00,U0070,R0415,848.45,1,17,0,0,1,4300.35,0.2,664,0,0,0,0,29.0,0,0
T06369,2026-01-05T17:08:00+00:00,U0025,R0127,4536.36,1,17,0,0,0,3854.71,1.18,1745,0,0,0,0,323.0,0,0
T06370,2026-01-05T17:09:00+00:00,U0057,R0124,5747.12,1,17,0,0,0,4643.93,1.24,459,0,0,0,0,270.0,0,0
T06371,2026-01-05T17:10:00+00:00,U0043,R0457,947.6,1,17,0,0,0,3810.97,0.25,1004,0,0,0,0,260.0,0,0
T06372,2026-01-05T17:11:00+00:00,U0057,R0144,1608.01,1,17,0,0,1,4674.58,0.34,459,1,0,0,0,2.0,0,0
T06373,2026-01-05T17:12:00+00:00,U0062,R0344,2735.2,1,17,0,0,1,3790.32,0.72,820,0,0,0,0,49.0,0,0
T06374,2026-01-05T17:13:00+00:00,U0149,R0441,2498.97,1,17,0,0,1,2671.74,0.94,1912,0,0,0,0,41.0,0,0
T06375,2026-01-05T17:14:00+00:00,U0099,R0229,2086.52,1,17,0,0,1,3728.52,0.56,828,1,0,0,0,10.0,0,0
T06376,2026-01-05T17:15:00+00:00,U0026,R0434,2541.27,1,17,0,0,0,6808.39,0.37,407,0,0,0,0,116.0,0,0
T06377,2026-01-05T17:16:00+00:00,U0183,R0228,1857.58,0,17,0,0,0,3261.99,0.57,827,0,0,0,0,582.0,1,0
T06378,2026-01-05T17:17:00+00:00,U0190,R0455,2561.26,1,17,0,0,0,3293.07,0.78,1087,0,0,0,0,117.0,0,0
T06379,2026-01-05T17:18:00+00:00,U0158,R0385,2995.72,1,17,0,1,0,5124.81,0.58,1865,0,0,0,0,155.0,0,0
T06380,2026-01-05T17:19:00+00:00,U0139,R0392,5118.43,1,17,1,0,0,3092.35,1.66,1504,0,0,0,0,190.0,0,0
T06381,2026-01-05T17:20:00+00:00,U0173,R0252,6239.88,1,17,0,0,0,2923.52,2.13,1772,0,0,0,0,139.0,0,0
T06382,2026-01-05T17:21:00+00:00,U0135,R0176,1506.34,1,17,0,0,0,3879.53,0.39,1258,0,0,0,0,118.0,0,0
T06383,2026-01-05T17:22:00+00:00,U0128,R0260,7402.82,1,17,0,0,0,3453.68,2.14,1107,0,0,0,0,222.0,0,0
T06384,2026-01-05T17:23:00+00:00,U0114,R0311,7350.43,1,17,0,0,0,4687.41,1.57,447,0,0,0,0,241.0,0,0
T06385,2026-01-05T17:24:00+00:00,U0037,R0361,2964.16,1,17,0,0,0,4098.82,0.72,132,0,0,0,0,174.0,0,0
T06386,2026-01-05T17:25:00+00:00,U0179,R0350,8192.56,1,17,0,0,0,3699.9,2.21,1145,0,0,0,0,123.0,0,0
T06387,2026-01-05T17:26:00+00:00,U0104,R0107,2960.05,1,17,0,0,0,4296.15,0.69,508,0,0,0,0,167.0,0,0
T06388,2026-01-05T17:27:00+00:00,U0091,R0208,472.34,1,17,0,0,0,3424.2,0.14,823,0,0,0,0,656.0,0,0
T06389,2026-01-05T17:28:00+00:00,U0184,R0149,2129.28,1,17,1,0,0,3223.16,0.66,327,0,0,0,0,154.0,0,0
T06390,2026-01-05T17:29:00+00:00,U0098,R0308,4323.96,1,17,0,0,0,6065.35,0.71,938,0,0,0,0,472.0,0,0
T06391,2026-01-05T17:30:00+00:00,U0007,R0352,1025.46,1,17,0,0,0,5610.07,0.18,573,0,0,0,0,129.0,0,0
T06392,2026-01-05T17:31:00+00:00,U0063,R0331,9444.55,1,17,0,0,1,3725.31,2.54,1621,0,0,0,0,54.0,0,0
T06393,2026-01-05T17:32:00+00:00,U0116,R0366,2291.64,1,17,0,0,0,4293.85,0.53,463,0,0,0,0,144.0,0,0
T06394,2026-01-05T17:33:00+00:00,U0100,R0293,228.09,1,17,0,0,0,4738.59,0.05,1160,0,0,0,0,344.0,0,0
T06395,2026-01-05T17:34:00+00:00,U0098,R0011,6189.58,1,17,0,0,1,6025.77,1.03,938,1,0,0,0,5.0,0,0
T06396,2026-01-05T17:35:00+00:00,U0186,R0229,3494.17,1,17,0,0,0,3445.57,1.01,1731,0,0,0,0,62.0,0,0
T06397,2026-01-05T17:36:00+00:00,U0023,R0224,956.61,1,17,0,0,0,3001.88,0.32,1815,0,0,0,0,125.0,0,0
T06398,2026-01-05T17:37:00+00:00,U0059,R0138,4230.7,1,17,0,1,0,4780.47,0.88,75,0,0,0,0,140.0,0,0
T06399,2026-01-05T17:38:00+00:00,U0067,R0246,2695.57,1,17,0,0,0,3016.66,0.89,1381,0,0,0,0,303.0,0,0
T06400,2026-01-05T17:39:00+00:00,U0057,R0438,56901.62,1,17,0,1,2,4591.7,12.39,459,0,0,0,0,28.0,0,1
T06401,2026-01-05T17:40:00+00:00,U0133,R0307,2189.8,1,17,0,0,0,3251.06,0.67,257,0,0,0,0,75.0,0,0
T06402,2026-01-05T17:41:00+00:00,U0051,R0434,334.9,1,17,0,0,0,4209.26,0.08,60,0,0,0,0,129.0,0,0
T06403,2026-01-05T17:42:00+00:00,U0098,R0187,3211.22,1,17,0,0,2,6029.41,0.53,938,1,0,0,0,8.0,0,0
T06404,2026-01-05T17:43:00+00:00,U0059,R0047,862.92,1,17,0,0,1,4760.84,0.18,75,1,0,0,0,6.0,0,0
T06405,2026-01-05T17:44:00+00:00,U0041,R0048,18936.38,1,17,0,0,0,3881.35,4.88,680,0,0,0,0,214.0,0,1
T06406,2026-01-05T17:45:00+00:00,U0142,R0026,5442.17,1,17,0,0,0,3982.41,1.37,1708,0,0,0,0,118.0,0,0
T06407,2026-01-05T17:46:00+00:00,U0135,R0478,1638.59,1,17,0,0,1,3797.69,0.43,1258,0,0,0,0,25.0,0,0
T06408,2026-01-05T17:47:00+00:00,U0039,R0151,1416.74,1,17,0,0,0,3353.47,0.42,176,0,0,0,0,392.0,0,0
T06409,2026-01-05T17:48:00+00:00,U0112,R0143,675.59,1,17,0,0,0,3594.23,0.19,939,0,0,0,0,330.0,0,0
T06410,2026-01-05T17:49:00+00:00,U0048,R0118,2986.98,1,17,0,0,0,4507.09,0.66,453,0,0,0,0,570.0,0,0
T06411,2026-01-05T17:50:00+00:00,U0043,R0267,1429.63,1,17,0,0,1,3715.52,0.38,1004,0,0,0,0,40.0,0,0
T06412,2026-01-05T17:51:00+00:00,U0024,R0318,7298.18,1,17,1,0,0,3837.4,1.9,1553,0,0,0,0,94.0,0,0
T06413,2026-01-05T17:52:00+00:00,U0168,R0401,3692.55,0,17,0,0,0,7269.07,0.51,820,0,0,0,0,426.0,1,0
T06414,2026-01-05T17:53:00+00:00,U0190,R0091,1926.44,1,17,0,0,1,3276.8,0.59,1087,0,0,0,0,36.0,0,0
T06415,2026-01-05T17:54:00+00:00,U0121,R0483,3862.27,1,17,0,0,0,3890.05,0.99,418,0,0,0,0,102.0,0,0
T06416,2026-01-05T17:55:00+00:00,U0043,R0121,237.55,1,17,0,0,2,3641.78,0.07,1004,1,0,0,0,5.0,0,0
T06417,2026-01-05T17:56:00+00:00,U0051,R0309,8181.16,1,17,0,0,1,4005.35,2.04,60,0,0,0,0,15.0,0,0
T06418,2026-01-05T17:57:00+00:00,U0018,R0396,2115.84,1,17,0,0,0,4627.09,0.46,74,0,0,0,0,127.0,0,0
T06419,2026-01-05T17:58:00+00:00,U0046,R0274,6153.37,1,17,0,0,0,4478.22,1.37,854,0,0,0,0,164.0,0,0
T06420,2026-01-05T17:59:00+00:00,U0119,R0284,6874.64,1,17,0,0,0,5027.23,1.37,112,0,0,0,0,110.0,0,0
T06421,2026-01-05T18:00:00+00:00,U0186,R0092,3941.88,1,18,0,0,1,3446.88,1.14,1731,0,0,0,0,25.0,0,0
T06422,2026-01-05T18:01:00+00:00,U0048,R0126,5506.03,1,18,0,0,1,4454.68,1.24,453,0,0,0,0,12.0,0,0
T06423,2026-01-05T18:02:00+00:00,U0084,R0438,1577.39,0,18,0,0,0,3651.43,0.43,1583,0,0,0,0,306.0,1,0
T06424,2026-01-05T18:03:00+00:00,U0070,R0263,1997.13,1,18,0,0,1,4172.5,0.48,664,0,0,0,0,56.0,0,0
T06425,2026-01-05T18:04:00+00:00,U0129,R0259,5025.57,1,18,0,0,0,3877.63,1.3,375,0,0,0,0,230.0,0,0
T06426,2026-01-05T18:05:00+00:00,U0101,R0070,3680.75,1,18,0,0,0,4976.29,0.74,1165,0,0,0,0,83.0,0,0
T06427,2026-01-05T18:06:00+00:00,U0121,R0080,2444.4,1,18,0,0,1,3889.21,0.63,418,0,0,0,0,12.0,0,0
T06428,2026-01-05T18:07:00+00:00,U0062,R0442,2485.88,1,18,0,1,1,3746.36,0.66,820,0,0,0,0,55.0,0,0
T06429,2026-01-05T18:08:00+00:00,U0095,R0294,997.95,1,18,0,0,0,2806.0,0.36,333,0,0,0,0,120.0,0,0
T06430,2026-01-05T18:09:00+00:00,U0119,R0126,4554.53,1,18,0,0,1,5086.83,0.9,112,1,0,0,0,10.0,0,0
T06431,2026-01-05T18:10:00+00:00,U0182,R0057,2065.74,1,18,0,0,0,5302.03,0.39,269,0,0,0,0,770.0,0,0
T06432,2026-01-05T18:11:00+00:00,U0042,R0328,4327.09,1,18,0,0,0,3830.46,1.13,914,0,0,0,0,345.0,0,0
T06433,2026-01-05T18:12:00+00:00,U0011,R0035,1729.13,1,18,0,0,0,3768.68,0.46,177,0,0,0,0,77.0,0,0
T06434,2026-01-05T18:13:00+00:00,U0035,R0001,1364.72,1,18,0,0,0,3302.9,0.41,1476,0,0,0,0,517.0,0,0
T06435,2026-01-05T18:14:00+00:00,U0136,R0410,37910.21,1,18,1,0,0,3224.02,11.76,126,0,0,0,0,464.0,0,1
T06436,2026-01-05T18:15:00+00:00,U0194,R0203,2119.07,1,18,0,0,0,5093.91,0.42,1773,0,0,0,0,122.0,0,0
T06437,2026-01-05T18:16:00+00:00,U0186,R0207,5608.72,1,18,0,0,2,3459.91,1.62,1731,0,0,0,0,16.0,0,0
T06438,2026-01-05T18:17:00+00:00,U0120,R0493,1984.99,1,18,0,0,0,4890.11,0.41,524,0,0,0,0,252.0,0,0
T06439,2026-01-05T18:18:00+00:00,U0134,R0182,4553.09,1,18,0,0,0,4549.08,1.0,723,0,0,0,0,838.0,0,0
T06440,2026-01-05T18:19:00+00:00,U0148,R0368,592.51,1,18,0,0,0,4339.52,0.14,507,0,0,0,0,235.0,0,0
T06441,2026-01-05T18:20:00+00:00,U0104,R0385,136.83,1,18,0,0,1,4251.61,0.03,508,0,0,0,0,54.0,0,0
T06442,2026-01-05T18:21:00+00:00,U0105,R0086,6322.48,1,18,0,0,0,3576.26,1.77,203,0,0,0,0,438.0,0,0
T06443,2026-01-05T18:22:00+00:00,U0128,R0065,1503.15,1,18,0,0,1,3573.35,0.42,1107,0,0,0,0,60.0,0,0
T06444,2026-01-05T18:23:00+00:00,U0053,R0038,5928.29,1,18,0,0,0,4495.47,1.32,1252,0,0,0,0,293.0,0,0
T06445,2026-01-05T18:24:00+00:00,U0095,R0432,6748.28,1,18,0,0,1,2760.8,2.44,333,0,0,0,0,16.0,0,0
T06446,2026-01-05T18:25:00+00:00,U0155,R0463,1183.93,1,18,0,0,0,3296.21,0.36,1159,0,0,0,0,134.0,0,0
T06447,2026-01-05T18:26:00+00:00,U0097,R0154,2828.07,1,18,0,0,0,4208.56,0.67,174,0,0,0,0,105.0,0,0
T06448,2026-01-05T18:27:00+00:00,U0081,R0250,11103.11,1,18,0,0,0,3470.3,3.2,1251,0,0,0,0,125.0,0,1
T06449,2026-01-05T18:28:00+00:00,U0005,R0111,1827.95,1,18,0,0,0,4793.66,0.38,1114,0,0,0,0,83.0,0,0
T06450,2026-01-05T18:29:00+00:00,U0164,R0385,824.32,1,18,0,1,0,4475.98,0.18,1150,0,0,0,0,115.0,0,0
T06451,2026-01-05T18:30:00+00:00,U0152,R0405,345.8,0,18,0,0,0,4860.29,0.07,1711,0,0,0,0,437.0,1,0
T06452,2026-01-05T18:31:00+00:00,U0036,R0333,8283.09,1,18,0,0,0,4364.9,1.9,219,0,0,0,0,123.0,0,0
T06453,2026-01-05T18:32:00+00:00,U0102,R0126,3455.69,1,18,1,0,0,2670.93,1.29,1474,0,0,0,0,631.0,0,0
T06454,2026-01-05T18:33:00+00:00,U0059,R0463,797.43,1,18,0,0,2,4626.43,0.17,75,0,0,0,0,50.0,0,0
T06455,2026-01-05T18:34:00+00:00,U0125,R0205,3574.84,1,18,0,0,0,4849.82,0.74,499,0,0,0,0,223.0,0,0
T06456,2026-01-05T18:35:00+00:00,U0120,R0191,1878.27,1,18,0,0,1,4758.06,0.39,524,0,0,0,0,18.0,0,0
T06457,2026-01-05T18:36:00+00:00,U0119,R0067,1365.19,1,18,0,0,2,5070.19,0.27,112,0,0,0,0,27.0,0,0
T06458,2026-01-05T18:37:00+00:00,U0014,R0126,4300.02,1,18,0,0,0,4569.92,0.94,608,0,0,0,0,106.0,0,0
T06459,2026-01-05T18:38:00+00:00,U0164,R0473,4290.43,1,18,0,0,1,4358.18,0.98,1150,1,0,0,0,9.0,0,0
T06460,2026-01-05T18:39:00+00:00,U0096,R0028,1883.96,1,18,0,0,0,4557.23,0.41,322,0,0,0,0,180.0,0,0
T06461,2026-01-05T18:40:00+00:00,U0099,R0455,6711.57,1,18,0,1,0,3684.14,1.82,828,0,0,0,0,86.0,0,0
T06462,2026-01-05T18:41:00+00:00,U0111,R0040,5943.35,1,18,1,0,0,3594.23,1.65,877,0,0,0,0,103.0,0,0
T06463,2026-01-05T18:42:00+00:00,U0091,R0421,2954.84,1,18,0,0,0,3337.38,0.89,823,0,0,0,0,75.0,0,0
T06464,2026-01-05T18:43:00+00:00,U0123,R0021,2890.91,1,18,0,0,0,2989.72,0.97,832,0,0,0,0,163.0,0,0
T06465,2026-01-05T18:44:00+00:00,U0123,R0035,502.13,0,18,0,0,1,2985.76,0.17,832,1,0,0,0,1.0,1,0
T06466,2026-01-05T18:45:00+00:00,U0050,R0159,4397.56,1,18,0,0,0,3248.78,1.35,682,0,0,0,0,588.0,0,0
T06467,2026-01-05T18:46:00+00:00,U0043,R0006,1823.58,1,18,0,0,2,3535.4,0.52,1004,0,0,0,0,51.0,0,0
T06468,2026-01-05T18:47:00+00:00,U0038,R0382,2999.1,1,18,0,0,0,3635.03,0.83,400,0,0,0,0,160.0,0,0
T06469,2026-01-05T18:48:00+00:00,U0070,R0031,146.75,1,18,0,0,1,4094.81,0.04,664,0,0,0,0,45.0,0,0
T06470,2026-01-05T18:49:00+00:00,U0056,R0323,862.2,1,18,0,0,0,4565.12,0.19,129,0,0,0,0,230.0,0,0
T06471,2026-01-05T18:50:00+00:00,U0007,R0230,4792.54,1,18,1,0,0,5457.25,0.88,573,0,0,0,0,80.0,0,0
T06472,2026-01-05T18:51:00+00:00,U0157,R0236,3266.92,1,18,0,0,0,6213.6,0.53,793,0,0,0,0,574.0,0,0
T06473,2026-01-05T18:52:00+00:00,U0084,R0146,388.52,1,18,0,0,1,3593.82,0.11,1583,0,0,0,0,50.0,0,0
T06474,2026-01-05T18:53:00+00:00,U0133,R0300,4505.31,1,18,0,0,0,3222.38,1.4,257,0,0,0,0,73.0,0,0
T06475,2026-01-05T18:54:00+00:00,U0113,R0389,3937.31,1,18,0,0,0,3631.86,1.08,1440,0,0,0,0,633.0,0,0
T06476,2026-01-05T18:55:00+00:00,U0196,R0264,1537.73,1,18,0,0,0,3208.85,0.48,219,0,0,0,0,475.0,0,0
T06477,2026-01-05T18:56:00+00:00,U0200,R0281,266.1,1,18,0,0,0,3452.09,0.08,1096,0,0,0,0,180.0,0,0
T06478,2026-01-05T18:57:00+00:00,U0145,R0260,669.78,1,18,0,0,0,3671.7,0.18,94,0,0,0,0,233.0,0,0
T06479,2026-01-05T18:58:00+00:00,U0040,R0478,1785.36,1,18,0,0,0,4986.92,0.36,1571,0,0,0,0,271.0,0,0
T06480,2026-01-05T18:59:00+00:00,U0085,R0339,1863.09,1,18,0,0,0,4152.88,0.45,652,0,0,0,0,680.0,0,0
T06481,2026-01-05T19:00:00+00:00,U0188,R0370,31430.08,1,19,1,1,0,4730.72,6.64,1681,0,0,0,0,279.0,0,1
T06482,2026-01-05T19:01:00+00:00,U0037,R0073,2007.23,1,19,0,0,0,4067.31,0.49,132,0,0,0,0,97.0,0,0
T06483,2026-01-05T19:02:00+00:00,U0051,R0048,3428.54,1,19,0,0,0,4214.14,0.81,60,0,0,0,0,66.0,0,0
T06484,2026-01-05T19:03:00+00:00,U0071,R0202,3963.97,1,19,0,0,0,6615.42,0.6,17,0,0,0,0,344.0,0,0
T06485,2026-01-05T19:04:00+00:00,U0012,R0156,1344.16,1,19,0,0,0,3770.5,0.36,476,0,0,0,0,651.0,0,0
T06486,2026-01-05T19:05:00+00:00,U0035,R0100,2296.75,0,19,0,1,1,3245.9,0.71,1476,0,0,0,0,52.0,3,1
T06487,2026-01-05T19:06:00+00:00,U0050,R0214,650.27,1,19,0,0,1,3298.73,0.2,682,0,0,0,0,21.0,0,0
T06488,2026-01-05T19:07:00+00:00,U0039,R0219,7673.81,1,19,0,0,0,3265.43,2.35,176,0,0,0,0,80.0,0,0
T06489,2026-01-05T19:08:00+00:00,U0066,R0470,3275.26,1,19,0,0,0,7484.24,0.44,532,0,0,0,0,145.0,0,0
T06490,2026-01-05T19:09:00+00:00,U0017,R0084,4416.05,1,19,0,0,0,4857.89,0.91,53,0,0,0,0,222.0,0,0
T06491,2026-01-05T19:10:00+00:00,U0068,R0373,477.4,0,19,0,0,0,4370.76,0.11,98,0,0,0,0,164.0,1,0
T06492,2026-01-05T19:11:00+00:00,U0017,R0113,695.67,1,19,0,0,1,4845.26,0.14,53,1,0,0,0,2.0,0,0
T06493,2026-01-05T19:12:00+00:00,U0043,R0474,2821.66,1,19,0,0,1,3483.53,0.81,1004,0,0,0,0,26.0,0,0
T06494,2026-01-05T19:13:00+00:00,U0030,R0041,2991.8,1,19,1,0,0,4226.1,0.71,229,0,0,0,0,217.0,0,0
T06495,2026-01-05T19:14:00+00:00,U0088,R0316,2498.73,1,19,0,0,0,7043.8,0.35,1812,0,0,0,0,176.0,0,0
T06496,2026-01-05T19:15:00+00:00,U0096,R0436,4933.71,1,19,0,0,1,4450.3,1.11,322,0,0,0,0,36.0,0,0
T06497,2026-01-05T19:16:00+00:00,U0067,R0296,3617.6,1,19,0,0,0,3009.68,1.2,1381,0,0,0,0,98.0,0,0
T06498,2026-01-05T19:17:00+00:00,U0190,R0170,5492.41,1,19,0,0,0,3247.45,1.69,1087,0,0,0,0,84.0,0,0
T06499,2026-01-05T19:18:00+00:00,U0084,R0270,1640.53,1,19,0,0,1,3507.19,0.47,1583,0,0,0,0,26.0,0,0
T06500,2026-01-05T19:19:00+00:00,U0175,R0428,3241.92,1,19,0,0,0,3740.42,0.87,1375,0,0,0,0,184.0,0,0
T06501,2026-01-05T19:20:00+00:00,U0134,R0350,5018.98,1,19,0,0,0,4549.2,1.1,723,0,0,0,0,62.0,0,0
T06502,2026-01-05T19:21:00+00:00,U0153,R0399,3331.88,1,19,0,0,0,3181.42,1.05,798,0,0,0,0,1268.0,0,0
T06503,2026-01-05T19:22:00+00:00,U0058,R0418,2915.5,1,19,0,0,0,3782.64,0.77,1080,0,0,0,0,203.0,0,0
T06504,2026-01-05T19:23:00+00:00,U0124,R0140,2135.81,0,19,0,0,0,4073.84,0.52,1661,0,0,0,0,1194.0,1,0
T06505,2026-01-05T19:24:00+00:00,U0131,R0154,7674.55,1,19,0,0,0,4847.33,1.58,1810,0,0,0,0,159.0,0,0
T06506,2026-01-05T19:25:00+00:00,U0186,R0208,2330.86,1,19,0,0,0,3515.01,0.66,1731,0,0,0,0,69.0,0,0
T06507,2026-01-05T19:26:00+00:00,U0152,R0154,3877.94,1,19,1,1,1,4714.66,0.82,1711,0,0,0,0,56.0,0,1
T06508,2026-01-05T19:27:00+00:00,U0066,R0055,5522.57,1,19,0,0,1,7301.24,0.76,532,0,0,0,0,19.0,0,0
T06509,2026-01-05T19:28:00+00:00,U0143,R0115,2246.22,1,19,0,0,0,3630.96,0.62,194,0,0,0,0,242.0,0,0
T06510,2026-01-05T19:29:00+00:00,U0057,R0451,3632.43,1,19,0,0,0,5968.27,0.61,459,0,0,0,0,110.0,0,0
T06511,2026-01-05T19:30:00+00:00,U0119,R0464,1493.25,1,19,0,0,1,4957.92,0.3,112,0,0,0,0,54.0,0,0
T06512,2026-01-05T19:31:00+00:00,U0026,R0358,811.34,1,19,0,0,0,6686.47,0.12,407,0,0,0,0,136.0,0,0
T06513,2026-01-05T19:32:00+00:00,U0093,R0212,5321.9,1,19,0,0,0,5753.74,0.92,403,0,0,0,0,162.0,0,0
T06514,2026-01-05T19:33:00+00:00,U0108,R0291,1565.53,1,19,0,0,0,4160.68,0.38,1935,0,0,0,0,320.0,0,0
T06515,2026-01-05T19:34:00+00:00,U0021,R0125,626.89,1,19,0,0,0,6157.73,0.1,486,0,0,0,0,523.0,0,0
T06516,2026-01-05T19:35:00+00:00,U0124,R0486,594.46,1,19,0,0,1,4004.63,0.15,1661,0,0,0,0,12.0,0,0
T06517,2026-01-05T19:36:00+00:00,U0017,R0397,3772.64,1,19,0,0,2,4730.0,0.8,53,0,0,0,0,25.0,0,0
T06518,2026-01-05T19:37:00+00:00,U0015,R0224,612.14,1,19,0,0,0,3867.64,0.16,1206,0,0,0,0,553.0,0,0
T06519,2026-01-05T19:38:00+00:00,U0111,R0079,3235.31,1,19,0,1,1,3688.2,0.88,877,0,0,0,0,57.0,0,0
T06520,2026-01-05T19:39:00+00:00,U0008,R0171,519.81,1,19,0,0,0,4627.6,0.11,457,0,0,0,0,214.0,0,0
T06521,2026-01-05T19:40:00+00:00,U0031,R0158,1215.5,1,19,0,1,0,4377.11,0.28,1886,0,0,0,0,171.0,0,0
T06522,2026-01-05T19:41:00+00:00,U0126,R0476,244.72,1,19,0,0,0,5627.6,0.04,1797,0,0,0,0,291.0,0,0
T06523,2026-01-05T19:42:00+00:00,U0151,R0110,7691.97,1,19,0,0,0,5096.64,1.51,1656,0,0,0,0,208.0,0,0
T06524,2026-01-05T19:43:00+00:00,U0061,R0147,1736.98,1,19,0,0,0,3015.15,0.58,255,0,0,0,0,162.0,0,0
T06525,2026-01-05T19:44:00+00:00,U0043,R0173,1049.87,1,19,0,0,2,3464.06,0.3,1004,0,0,0,0,32.0,0,0
T06526,2026-01-05T19:45:00+00:00,U0084,R0304,4507.81,1,19,0,1,2,3458.07,1.3,1583,0,0,0,0,27.0,0,0
T06527,2026-01-05T19:46:00+00:00,U0022,R0052,3324.85,1,19,0,0,0,6592.15,0.5,887,0,0,0,0,220.0,0,0
T06528,2026-01-05T19:47:00+00:00,U0189,R0005,262.8,0,19,0,0,0,3800.96,0.07,690,0,0,0,0,350.0,1,0
T06529,2026-01-05T19:48:00+00:00,U0110,R0253,2299.0,1,19,0,0,0,3822.2,0.6,29,0,0,0,0,278.0,0,0
T06530,2026-01-05T19:49:00+00:00,U0179,R0332,2750.92,1,19,0,0,0,3836.04,0.72,1145,0,0,0,0,144.0,0,0
T06531,2026-01-05T19:50:00+00:00,U0014,R0002,5533.57,1,19,0,0,0,4562.21,1.21,608,0,0,0,0,73.0,0,0
T06532,2026-01-05T19:51:00+00:00,U0009,R0069,8269.81,1,19,0,0,0,2800.36,2.95,1744,0,0,0,0,294.0,0,0
T06533,2026-01-05T19:52:00+00:00,U0094,R0348,2396.29,1,19,0,0,0,3167.93,0.76,768,0,0,0,0,481.0,0,0
T06534,2026-01-05T19:53:00+00:00,U0180,R0183,3920.34,1,19,0,0,0,5679.65,0.69,793,0,0,0,0,275.0,0,0
T06535,2026-01-05T19:54:00+00:00,U0023,R0021,2144.91,1,19,0,0,0,2931.35,0.73,1815,0,0,0,0,138.0,0,0
T06536,2026-01-05T19:55:00+00:00,U0080,R0170,994.97,1,19,0,0,0,6668.46,0.15,846,0,0,0,0,406.0,0,0
T06537,2026-01-05T19:56:00+00:00,U0150,R0043,8364.33,1,19,0,0,0,4254.89,1.97,1080,0,0,0,0,174.0,0,0
T06538,2026-01-05T19:57:00+00:00,U0158,R0001,985.17,1,19,0,0,0,5068.78,0.19,1865,0,0,0,0,159.0,0,0
T06539,2026-01-05T19:58:00+00:00,U0050,R0405,6065.68,1,19,0,1,1,3188.37,1.9,682,0,0,0,0,52.0,0,0
T06540,2026-01-05T19:59:00+00:00,U0101,R0422,3670.53,1,19,0,0,0,4930.02,0.74,1165,0,0,0,0,114.0,0,0
T06541,2026-01-05T20:00:00+00:00,U0028,R0137,2032.26,1,20,0,0,0,3248.65,0.63,1290,0,0,0,0,658.0,0,0
T06542,2026-01-05T20:01:00+00:00,U0158,R0429,3931.23,1,20,1,0,1,4964.07,0.79,1865,1,0,0,0,4.0,0,0
T06543,2026-01-05T20:02:00+00:00,U0157,R0146,885.3,1,20,0,0,0,6139.93,0.14,793,0,0,0,0,71.0,0,0
T06544,2026-01-05T20:03:00+00:00,U0119,R0311,1872.34,1,20,0,0,1,4856.02,0.39,112,0,0,0,0,33.0,0,0
T06545,2026-01-05T20:04:00+00:00,U0041,R0330,9678.55,1,20,1,0,0,4267.38,2.27,680,0,0,0,0,140.0,0,1
T06546,2026-01-05T20:05:00+00:00,U0132,R0050,6580.78,1,20,0,0,0,4636.65,1.42,12,0,0,0,0,599.0,0,0
T06547,2026-01-05T20:06:00+00:00,U0058,R0353,7790.49,1,20,0,0,1,3758.55,2.07,1080,0,0,0,0,44.0,0,0
T06548,2026-01-05T20:07:00+00:00,U0101,R0437,2524.11,1,20,0,0,1,4886.59,0.52,1165,1,0,0,0,8.0,0,0
T06549,2026-01-05T20:08:00+00:00,U0042,R0356,3143.4,1,20,0,0,0,3842.58,0.82,914,0,0,0,0,117.0,0,0
T06550,2026-01-05T20:09:00+00:00,U0116,R0184,5871.76,0,20,0,0,0,4234.96,1.39,463,0,0,0,0,157.0,1,0
T06551,2026-01-05T20:10:00+00:00,U0079,R0151,2281.61,1,20,0,0,0,3751.38,0.61,128,0,0,0,0,226.0,0,0
T06552,2026-01-05T20:11:00+00:00,U0103,R0215,1262.1,1,20,0,1,0,3143.6,0.4,145,0,0,0,0,461.0,0,0
T06553,2026-01-05T20:12:00+00:00,U0061,R0407,1119.18,1,20,0,0,1,2972.55,0.38,255,0,0,0,0,29.0,0,0
T06554,2026-01-05T20:13:00+00:00,U0080,R0342,3232.23,0,20,0,0,1,6472.82,0.5,846,0,0,0,0,18.0,1,0
T06555,2026-01-05T20:14:00+00:00,U0062,R0237,5713.92,1,20,0,0,0,3695.94,1.55,820,0,0,0,0,127.0,0,0
T06556,2026-01-05T20:15:00+00:00,U0040,R0019,432.46,1,20,0,0,0,4910.7,0.09,1571,0,0,0,0,77.0,0,0
T06557,2026-01-05T20:16:00+00:00,U0151,R0449,1036.76,1,20,0,0,1,5177.75,0.2,1656,0,0,0,0,34.0,0,0
T06558,2026-01-05T20:17:00+00:00,U0028,R0230,4282.44,1,20,0,0,1,3212.88,1.33,1290,0,0,0,0,17.0,0,0
T06559,2026-01-05T20:18:00+00:00,U0186,R0038,838.16,1,20,0,0,1,3485.4,0.24,1731,0,0,0,0,53.0,0,0
T06560,2026-01-05T20:19:00+00:00,U0086,R0353,4641.11,1,20,0,0,0,4351.3,1.07,1686,0,0,0,0,359.0,0,0
T06561,2026-01-05T20:20:00+00:00,U0062,R0368,852.45,1,20,0,0,1,3773.55,0.23,820,1,0,0,0,6.0,0,0
T06562,2026-01-05T20:21:00+00:00,U0105,R0063,696.32,1,20,0,0,0,3686.11,0.19,203,0,0,0,0,120.0,0,0
T06563,2026-01-05T20:22:00+00:00,U0172,R0483,14218.05,1,20,1,1,0,5226.29,2.72,1447,0,0,0,0,265.0,0,1
T06564,2026-01-05T20:23:00+00:00,U0187,R0301,849.15,1,20,0,0,0,4362.54,0.19,1389,0,0,0,0,515.0,0,0
T06565,2026-01-05T20:24:00+00:00,U0182,R0108,827.39,1,20,0,0,0,5197.64,0.16,269,0,0,0,0,134.0,0,0
T06566,2026-01-05T20:25:00+00:00,U0168,R0018,25354.64,1,20,0,1,0,7120.05,3.56,820,0,0,0,0,153.0,0,1
T06567,2026-01-05T20:26:00+00:00,U0101,R0099,1724.44,0,20,0,0,2,4807.84,0.36,1165,0,0,0,0,19.0,1,0
T06568,2026-01-05T20:27:00+00:00,U0013,R0017,5000.98,1,20,0,0,0,6141.84,0.81,869,0,0,0,0,395.0,0,0
T06569,2026-01-05T20:28:00+00:00,U0065,R0200,2183.81,1,20,0,0,0,5668.28,0.39,1869,0,0,0,0,322.0,0,0
T06570,2026-01-05T20:29:00+00:00,U0128,R0238,2574.94,1,20,0,0,0,3512.46,0.73,1107,0,0,0,0,127.0,0,0
T06571,2026-01-05T20:30:00+00:00,U0102,R0402,18398.86,1,20,0,0,0,2694.02,6.83,1474,0,0,0,0,118.0,0,1
T06572,2026-01-05T20:31:00+00:00,U0083,R0231,4510.14,1,20,0,0,0,7702.78,0.59,313,0,0,0,0,240.0,0,0
T06573,2026-01-05T20:32:00+00:00,U0084,R0382,6807.57,1,20,0,0,1,3484.99,1.95,1583,0,0,0,0,47.0,0,0
T06574,2026-01-05T20:33:00+00:00,U0109,R0338,1791.27,1,20,0,0,0,4412.38,0.41,579,0,0,0,0,345.0,0,0
T06575,2026-01-05T20:34:00+00:00,U0193,R0291,17844.17,1,20,1,0,0,5600.11,3.19,158,0,0,0,0,347.0,0,1
T06576,2026-01-05T20:35:00+00:00,U0048,R0004,703.66,1,20,0,0,0,4489.72,0.16,453,0,0,0,0,154.0,0,0
T06577,2026-01-05T20:36:00+00:00,U0043,R0489,2799.38,1,20,1,1,1,3395.08,0.82,1004,0,0,0,0,52.0,0,0
T06578,2026-01-05T20:37:00+00:00,U0024,R0250,2332.68,1,20,0,0,0,3916.06,0.6,1553,0,0,0,0,166.0,0,0
T06579,2026-01-05T20:38:00+00:00,U0086,R0076,17236.79,1,20,1,1,1,4362.45,3.95,1686,0,0,0,0,19.0,0,1
T06580,2026-01-05T20:39:00+00:00,U0036,R0123,120.54,1,20,0,0,0,4458.19,0.03,219,0,0,0,0,128.0,0,0
T06581,2026-01-05T20:40:00+00:00,U0127,R0491,4919.03,1,20,0,0,0,2618.95,1.88,675,0,0,0,0,399.0,0,0
T06582,2026-01-05T20:41:00+00:00,U0052,R0370,1468.0,1,20,0,0,0,3472.16,0.42,51,0,0,0,0,304.0,0,0
T06583,2026-01-05T20:42:00+00:00,U0010,R0395,1092.96,1,20,0,1,0,3103.39,0.35,1038,0,0,0,0,684.0,0,0
T06584,2026-01-05T20:43:00+00:00,U0093,R0365,1044.2,0,20,1,1,0,5743.93,0.18,403,0,0,0,0,71.0,1,1
T06585,2026-01-05T20:44:00+00:00,U0093,R0365,1044.2,0,20,1,0,1,5639.49,0.19,403,1,1,1,1,1.0,2,1
T06586,2026-01-05T20:45:00+00:00,U0093,R0365,1044.2,0,20,1,1,2,5539.59,0.19,403,2,2,2,2,1.0,3,1
T06587,2026-01-05T20:46:00+00:00,U0158,R0191,546.73,1,20,0,0,2,4938.25,0.11,1865,0,0,0,0,45.0,0,0
T06588,2026-01-05T20:47:00+00:00,U0027,R0248,2474.8,1,20,1,0,0,4733.84,0.52,1808,0,0,0,0,392.0,0,0
T06589,2026-01-05T20:48:00+00:00,U0129,R0104,563.12,1,20,0,0,0,3913.5,0.14,375,0,0,0,0,164.0,0,0
T06590,2026-01-05T20:49:00+00:00,U0086,R0349,739.86,1,20,0,0,2,4839.28,0.15,1686,0,0,0,0,11.0,0,0
T06591,2026-01-05T20:50:00+00:00,U0189,R0381,3118.64,1,20,0,0,0,3699.87,0.84,690,0,0,0,0,63.0,0,0
T06592,2026-01-05T20:51:00+00:00,U0136,R0201,730.21,1,20,0,0,0,4508.7,0.16,126,0,0,0,0,157.0,0,0
T06593,2026-01-05T20:52:00+00:00,U0152,R0314,1772.9,1,20,0,0,0,4688.52,0.38,1711,0,0,0,0,86.0,0,0
T06594,2026-01-05T20:53:00+00:00,U0051,R0223,4974.55,1,20,0,0,0,4176.73,1.19,60,0,0,0,0,111.0,0,0
T06595,2026-01-05T20:54:00+00:00,U0188,R0410,29625.33,1,20,1,1,0,5620.7,5.27,1681,0,0,0,0,114.0,0,1
T06596,2026-01-05T20:55:00+00:00,U0185,R0303,1428.88,1,20,0,0,0,4014.26,0.36,1483,0,0,0,0,463.0,0,0
T06597,2026-01-05T20:56:00+00:00,U0138,R0387,3349.84,1,20,0,1,0,5928.3,0.57,1898,0,0,0,0,257.0,0,0
T06598,2026-01-05T20:57:00+00:00,U0073,R0171,1437.68,1,20,0,0,0,6322.61,0.23,1369,0,0,0,0,647.0,0,0
T06599,2026-01-05T20:58:00+00:00,U0151,R0322,1304.0,1,20,0,0,1,5052.26,0.26,1656,0,0,0,0,42.0,0,0
T06600,2026-01-05T20:59:00+00:00,U0017,R0243,2927.65,1,20,0,0,0,4704.12,0.62,53,0,0,0,0,83.0,0,0
T06601,2026-01-05T21:00:00+00:00,U0107,R0476,2032.59,1,21,0,0,0,5902.19,0.34,1230,0,0,0,0,509.0,0,0
T06602,2026-01-05T21:01:00+00:00,U0156,R0293,4416.52,1,21,0,0,0,4405.87,1.0,1027,0,0,0,0,261.0,0,0
T06603,2026-01-05T21:02:00+00:00,U0081,R0428,843.9,1,21,0,0,0,3671.16,0.23,1251,0,0,0,0,155.0,0,0
T06604,2026-01-05T21:03:00+00:00,U0116,R0136,11959.9,1,21,1,0,1,4281.73,2.79,463,0,0,0,0,54.0,0,1
T06605,2026-01-05T21:04:00+00:00,U0167,R0437,8110.23,1,21,0,0,0,3005.95,2.7,1126,0,0,0,0,485.0,0,0
T06606,2026-01-05T21:05:00+00:00,U0059,R0343,18726.94,1,21,0,1,0,4498.79,4.16,75,0,0,0,0,152.0,0,1
T06607,2026-01-05T21:06:00+00:00,U0066,R0203,3746.23,1,21,0,0,0,7227.13,0.52,532,0,0,0,0,99.0,0,0
T06608,2026-01-05T21:07:00+00:00,U0136,R0118,2642.74,1,21,0,0,1,4373.75,0.6,126,0,0,0,0,16.0,0,0
T06609,2026-01-05T21:08:00+00:00,U0116,R0123,1113.87,1,21,0,0,2,4495.01,0.25,463,1,0,0,0,5.0,0,0
T06610,2026-01-05T21:09:00+00:00,U0111,R0025,12675.85,1,21,1,1,0,3670.78,3.45,877,0,0,0,0,91.0,0,1
T06611,2026-01-05T21:10:00+00:00,U0071,R0275,855.9,0,21,0,0,0,6556.5,0.13,17,0,0,0,0,127.0,1,0
T06612,2026-01-05T21:11:00+00:00,U0140,R0482,1025.3,1,21,0,0,0,4520.93,0.23,1219,0,0,0,0,338.0,0,0
T06613,2026-01-05T21:12:00+00:00,U0129,R0445,4780.87,1,21,0,0,1,3811.97,1.25,375,0,0,0,0,24.0,0,0
T06614,2026-01-05T21:13:00+00:00,U0197,R0328,3291.52,1,21,0,0,0,4823.04,0.68,274,0,0,0,0,781.0,0,0
T06615,2026-01-05T21:14:00+00:00,U0197,R0308,4564.1,1,21,0,0,1,4776.63,0.96,274,1,0,0,0,1.0,0,0
T06616,2026-01-05T21:15:00+00:00,U0128,R0298,4379.14,1,21,0,0,1,3485.67,1.26,1107,0,0,0,0,46.0,0,0
T06617,2026-01-05T21:16:00+00:00,U0170,R0283,7403.05,1,21,0,0,0,5599.01,1.32,1804,0,0,0,0,331.0,0,0
T06618,2026-01-05T21:17:00+00:00,U0030,R0438,5749.36,1,21,0,0,0,4192.74,1.37,229,0,0,0,0,124.0,0,0
T06619,2026-01-05T21:18:00+00:00,U0100,R0288,1078.61,1,21,0,0,0,4597.64,0.23,1160,0,0,0,0,225.0,0,0
T06620,2026-01-05T21:19:00+00:00,U0046,R0280,8249.46,1,21,0,0,0,4519.08,1.83,854,0,0,0,0,201.0,0,0
T06621,2026-01-05T21:20:00+00:00,U0004,R0351,1462.28,1,21,0,0,0,4937.07,0.3,1108,0,0,0,0,340.0,0,0
T06622,2026-01-05T21:21:00+00:00,U0085,R0332,3076.34,0,21,1,0,0,4087.46,0.75,652,0,0,0,0,142.0,2,0
T06623,2026-01-05T21:22:00+00:00,U0123,R0011,2837.28,1,21,0,0,0,2890.24,0.98,832,0,0,0,0,158.0,0,0
T06624,2026-01-05T21:23:00+00:00,U0192,R0375,2385.38,1,21,0,0,0,3383.94,0.7,887,0,0,0,0,345.0,0,0
T06625,2026-01-05T21:24:00+00:00,U0169,R0150,1613.2,0,21,0,1,0,3414.26,0.47,1949,0,0,0,0,297.0,1,0
T06626,2026-01-05T21:25:00+00:00,U0107,R0083,4068.28,1,21,0,0,1,5777.36,0.7,1230,0,0,0,0,25.0,0,0
T06627,2026-01-05T21:26:00+00:00,U0053,R0374,1585.58,1,21,0,0,0,4546.64,0.35,1252,0,0,0,0,183.0,0,0
T06628,2026-01-05T21:27:00+00:00,U0025,R0392,2465.81,1,21,0,0,0,3885.69,0.63,1745,0,0,0,0,259.0,0,0
T06629,2026-01-05T21:28:00+00:00,U0080,R0278,5620.37,1,21,0,0,0,6364.8,0.88,846,0,0,0,0,75.0,0,0
T06630,2026-01-05T21:29:00+00:00,U0164,R0036,2012.65,1,21,0,0,0,4356.07,0.46,1150,0,0,0,0,171.0,0,0
T06631,2026-01-05T21:30:00+00:00,U0040,R0448,1687.67,1,21,0,0,0,4806.55,0.35,1571,0,0,0,0,75.0,0,0
T06632,2026-01-05T21:31:00+00:00,U0001,R0489,1820.09,1,21,0,0,0,5205.13,0.35,1905,0,0,0,0,463.0,0,0
T06633,2026-01-05T21:32:00+00:00,U0200,R0395,4617.92,0,21,0,0,0,3329.55,1.39,1096,0,0,0,0,156.0,1,0
T06634,2026-01-05T21:33:00+00:00,U0070,R0495,1196.16,1,21,0,0,0,3958.67,0.3,664,0,0,0,0,165.0,0,0
T06635,2026-01-05T21:34:00+00:00,U0196,R0232,32473.61,1,21,1,1,0,3151.23,10.31,219,0,0,0,0,159.0,0,1
T06636,2026-01-05T21:35:00+00:00,U0129,R0393,3078.72,0,21,0,0,2,3840.47,0.8,375,0,0,0,0,23.0,1,0
T06637,2026-01-05T21:36:00+00:00,U0137,R0239,3574.74,1,21,0,0,0,3427.68,1.04,511,0,0,0,0,726.0,0,0
T06638,2026-01-05T21:37:00+00:00,U0124,R0343,1604.45,1,21,0,0,0,3887.04,0.41,1661,0,0,0,0,122.0,0,0
T06639,2026-01-05T21:38:00+00:00,U0022,R0183,1414.06,1,21,0,0,0,6508.38,0.22,887,0,0,0,0,112.0,0,0
T06640,2026-01-05T21:39:00+00:00,U0091,R0091,1791.75,0,21,1,0,0,3326.45,0.54,823,0,0,0,0,177.0,1,0
T06641,2026-01-05T21:40:00+00:00,U0049,R0280,4296.93,1,21,0,0,0,4069.78,1.06,100,0,0,0,0,426.0,0,0
T06642,2026-01-05T21:41:00+00:00,U0186,R0010,493.11,1,21,0,0,0,3420.84,0.14,1731,0,0,0,0,83.0,0,0
T06643,2026-01-05T21:42:00+00:00,U0159,R0412,2314.37,1,21,0,0,0,4298.58,0.54,490,0,0,0,0,283.0,0,0
T06644,2026-01-05T21:43:00+00:00,U0197,R0045,1097.88,1,21,0,0,2,4770.38,0.23,274,0,0,0,0,29.0,0,0
T06645,2026-01-05T21:44:00+00:00,U0042,R0075,7293.16,1,21,0,0,0,3825.93,1.91,914,0,0,0,0,96.0,0,0
T06646,2026-01-05T21:45:00+00:00,U0134,R0418,9609.74,1,21,0,0,0,4563.44,2.11,723,0,0,0,0,145.0,0,0
T06647,2026-01-05T21:46:00+00:00,U0050,R0246,1690.61,1,21,0,0,0,3303.47,0.51,682,0,0,0,0,108.0,0,0
T06648,2026-01-05T21:47:00+00:00,U0194,R0324,3134.67,1,21,0,0,0,5008.91,0.63,1773,0,0,0,0,212.0,0,0
T06649,2026-01-05T21:48:00+00:00,U0088,R0437,1226.94,1,21,0,0,0,6940.5,0.18,1812,0,0,0,0,154.0,0,0
T06650,2026-01-05T21:49:00+00:00,U0194,R0222,22977.71,1,21,0,1,1,4956.85,4.64,1773,1,0,0,0,2.0,0,1
T06651,2026-01-05T21:50:00+00:00,U0132,R0398,1747.84,1,21,0,0,0,4703.69,0.37,12,0,0,0,0,105.0,0,0
T06652,2026-01-05T21:51:00+00:00,U0055,R0086,1501.65,1,21,1,0,0,4597.86,0.33,553,0,0,0,0,365.0,0,0
T06653,2026-01-05T21:52:00+00:00,U0164,R0248,6240.35,1,21,0,0,1,4285.05,1.46,1150,0,0,0,0,23.0,0,0
T06654,2026-01-05T21:53:00+00:00,U0192,R0358,8059.6,1,21,0,0,1,3353.68,2.4,887,0,0,0,0,30.0,0,0
T06655,2026-01-05T21:54:00+00:00,U0191,R0117,6749.85,1,21,0,0,0,4623.53,1.46,982,0,0,0,0,300.0,0,0
T06656,2026-01-05T21:55:00+00:00,U0200,R0254,5435.74,1,21,0,0,1,3377.27,1.61,1096,0,0,0,0,23.0,0,0
T06657,2026-01-05T21:56:00+00:00,U0118,R0199,3236.43,1,21,0,0,0,4098.2,0.79,635,0,0,0,0,694.0,0,0
T06658,2026-01-05T21:57:00+00:00,U0095,R0102,1064.59,1,21,0,0,0,2858.05,0.37,333,0,0,0,0,213.0,0,0
T06659,2026-01-05T21:58:00+00:00,U0010,R0232,4026.24,1,21,1,0,0,3050.48,1.32,1038,0,0,0,0,76.0,0,0
T06660,2026-01-05T21:59:00+00:00,U0147,R0182,8649.36,1,21,0,0,0,5243.89,1.65,1663,0,0,0,0,293.0,0,0
T06661,2026-01-05T22:00:00+00:00,U0171,R0479,1340.33,0,22,0,0,0,4979.78,0.27,1154,0,0,0,0,392.0,1,0
T06662,2026-01-05T22:01:00+00:00,U0087,R0213,5783.07,1,22,0,0,0,4473.91,1.29,1811,0,0,0,0,738.0,0,0
T06663,2026-01-05T22:02:00+00:00,U0002,R0497,26029.76,1,22,1,1,0,2886.4,9.02,1660,0,0,0,0,554.0,0,1
T06664,2026-01-05T22:03:00+00:00,U0119,R0044,1685.92,1,22,0,0,0,4770.77,0.35,112,0,0,0,0,120.0,0,0
T06665,2026-01-05T22:04:00+00:00,U0025,R0305,1506.96,0,22,0,0,1,3823.96,0.39,1745,0,0,0,0,37.0,1,0
T06666,2026-01-05T22:05:00+00:00,U0197,R0060,1286.37,1,22,0,0,3,4665.45,0.28,274,0,0,0,0,22.0,0,0
T06667,2026-01-05T22:06:00+00:00,U0122,R0254,3219.53,1,22,0,1,0,4034.23,0.8,1750,0,0,0,0,318.0,0,0
T06668,2026-01-05T22:07:00+00:00,U0142,R0372,2791.65,1,22,0,0,0,4022.96,0.69,1708,0,0,0,0,262.0,0,0
T06669,2026-01-05T22:08:00+00:00,U0031,R0320,3311.71,1,22,0,0,0,4298.07,0.77,1886,0,0,0,0,148.0,0,0
T06670,2026-01-05T22:09:00+00:00,U0164,R0163,1431.71,1,22,0,0,2,4342.56,0.33,1150,0,0,0,0,17.0,0,0
T06671,2026-01-05T22:10:00+00:00,U0138,R0421,2177.35,1,22,0,0,0,5862.18,0.37,1898,0,0,0,0,74.0,0,0
T06672,2026-01-05T22:11:00+00:00,U0010,R0440,2149.78,1,22,0,0,1,3075.5,0.7,1038,0,0,0,0,13.0,0,0
T06673,2026-01-05T22:12:00+00:00,U0077,R0341,5221.49,1,22,0,0,0,4454.82,1.17,332,0,0,0,0,452.0,0,0
T06674,2026-01-05T22:13:00+00:00,U0036,R0357,1892.17,1,22,0,0,0,4357.31,0.43,219,0,0,0,0,94.0,0,0
T06675,2026-01-05T22:14:00+00:00,U0098,R0079,34352.22,1,22,1,1,0,5968.14,5.76,938,0,0,0,0,272.0,0,1
T06676,2026-01-05T22:15:00+00:00,U0106,R0039,2700.48,1,22,0,0,0,3070.24,0.88,1381,0,0,0,0,514.0,0,0
T06677,2026-01-05T22:16:00+00:00,U0094,R0039,2047.94,1,22,0,0,0,3135.78,0.65,768,0,0,0,0,144.0,0,0
T06678,2026-01-05T22:17:00+00:00,U0190,R0154,798.71,1,22,0,0,0,3295.21,0.24,1087,0,0,0,0,180.0,0,0
T06679,2026-01-05T22:18:00+00:00,U0007,R0146,3508.25,1,22,0,0,0,5435.81,0.65,573,0,0,0,0,208.0,0,0
T06680,2026-01-05T22:19:00+00:00,U0183,R0048,2471.12,1,22,0,0,0,3224.03,0.77,827,0,0,0,0,303.0,0,0
T06681,2026-01-05T22:20:00+00:00,U0135,R0309,2434.76,1,22,0,0,0,3725.72,0.65,1258,0,0,0,0,274.0,0,0
T06682,2026-01-05T22:21:00+00:00,U0026,R0186,479.83,1,22,0,0,0,6523.28,0.07,407,0,0,0,0,170.0,0,0
T06683,2026-01-05T22:22:00+00:00,U0068,R0394,354.72,1,22,0,0,0,4259.52,0.08,98,0,0,0,0,192.0,0,0
T06684,2026-01-05T22:23:00+00:00,U0032,R0094,3638.46,1,22,0,1,0,2755.18,1.32,1853,0,0,0,0,1080.0,0,0
T06685,2026-01-05T22:24:00+00:00,U0150,R0410,440.41,1,22,0,0,0,4401.65,0.1,1080,0,0,0,0,148.0,0,0
T06686,2026-01-05T22:25:00+00:00,U0013,R0142,2435.07,1,22,0,0,0,6101.1,0.4,869,0,0,0,0,118.0,0,0
T06687,2026-01-05T22:26:00+00:00,U0195,R0282,6230.92,0,22,0,0,0,5183.42,1.2,1578,0,0,0,0,606.0,1,0
T06688,2026-01-05T22:27:00+00:00,U0021,R0416,14459.98,1,22,1,1,0,6012.18,2.41,486,0,0,0,0,173.0,0,1
T06689,2026-01-05T22:28:00+00:00,U0148,R0446,4825.38,1,22,0,0,0,4238.25,1.14,507,0,0,0,0,249.0,0,0
T06690,2026-01-05T22:29:00+00:00,U0077,R0465,1403.19,1,22,0,0,1,4480.38,0.31,332,0,0,0,0,17.0,0,0
T06691,2026-01-05T22:30:00+00:00,U0077,R0052,1008.24,0,22,0,0,2,4381.11,0.23,332,1,0,0,0,1.0,1,0
T06692,2026-01-05T22:31:00+00:00,U0193,R0477,5040.19,1,22,0,0,0,5866.28,0.86,158,0,0,0,0,117.0,0,0
T06693,2026-01-05T22:32:00+00:00,U0108,R0048,325.89,1,22,0,0,0,4068.0,0.08,1935,0,0,0,0,179.0,0,0
T06694,2026-01-05T22:33:00+00:00,U0069,R0380,5210.85,1,22,0,0,0,4842.98,1.08,1754,0,0,0,0,333.0,0,0
T06695,2026-01-05T22:34:00+00:00,U0018,R0049,4346.85,1,22,0,0,0,4561.0,0.95,74,0,0,0,0,277.0,0,0
T06696,2026-01-05T22:35:00+00:00,U0151,R0003,3707.25,1,22,0,0,0,4942.02,0.75,1656,0,0,0,0,97.0,0,0
T06697,2026-01-05T22:36:00+00:00,U0123,R0022,1589.66,1,22,0,0,0,2888.28,0.55,832,0,0,0,0,74.0,0,0
T06698,2026-01-05T22:37:00+00:00,U0093,R0208,2675.39,1,22,0,0,0,5443.94,0.49,403,0,0,0,0,112.0,0,0
T06699,2026-01-05T22:38:00+00:00,U0068,R0082,4573.94,1,22,0,0,1,4151.05,1.1,98,0,0,0,0,16.0,0,0
T06700,2026-01-05T22:39:00+00:00,U0144,R0459,7827.02,1,22,0,0,0,4592.61,1.7,685,0,0,0,0,529.0,0,0
T06701,2026-01-05T22:40:00+00:00,U0021,R0172,878.58,1,22,0,0,1,6228.79,0.14,486,0,0,0,0,13.0,0,0
T06702,2026-01-05T22:41:00+00:00,U0167,R0471,619.48,1,22,0,0,0,3133.56,0.2,1126,0,0,0,0,97.0,0,0
T06703,2026-01-05T22:42:00+00:00,U0027,R0323,1162.84,0,22,0,1,0,4658.54,0.25,1808,0,0,0,0,115.0,1,0
T06704,2026-01-05T22:43:00+00:00,U0121,R0112,2001.07,1,22,0,0,0,3846.71,0.52,418,0,0,0,0,277.0,0,0
T06705,2026-01-05T22:44:00+00:00,U0033,R0087,2930.11,1,22,0,1,0,2470.89,1.19,1103,0,0,0,0,672.0,0,0
T06706,2026-01-05T22:45:00+00:00,U0175,R0261,402.75,1,22,1,0,0,3724.34,0.11,1375,0,0,0,0,206.0,0,0
T06707,2026-01-05T22:46:00+00:00,U0105,R0003,5243.48,1,22,0,0,0,3571.12,1.47,203,0,0,0,0,145.0,0,0
T06708,2026-01-05T22:47:00+00:00,U0070,R0296,6761.82,1,22,1,0,0,3866.59,1.75,664,0,0,0,0,74.0,0,0
T06709,2026-01-05T22:48:00+00:00,U0199,R0432,5259.85,1,22,0,0,0,3215.32,1.64,1451,0,0,0,0,470.0,0,0
T06710,2026-01-05T22:49:00+00:00,U0141,R0122,459.84,1,22,0,0,0,3768.43,0.12,113,0,0,0,0,365.0,0,0
T06711,2026-01-05T22:50:00+00:00,U0055,R0314,422.67,1,22,0,0,1,4501.11,0.09,553,0,0,0,0,59.0,0,0
T06712,2026-01-05T22:51:00+00:00,U0050,R0423,3992.8,1,22,0,0,0,3241.43,1.23,682,0,0,0,0,65.0,0,0
T06713,2026-01-05T22:52:00+00:00,U0089,R0070,3912.42,1,22,0,0,0,3503.44,1.12,622,0,0,0,0,723.0,0,0
T06714,2026-01-05T22:53:00+00:00,U0152,R0211,1201.75,1,22,0,0,0,4600.17,0.26,1711,0,0,0,0,121.0,0,0
T06715,2026-01-05T22:54:00+00:00,U0074,R0138,775.53,1,22,0,0,0,3428.84,0.23,589,0,0,0,0,393.0,0,0
T06716,2026-01-05T22:55:00+00:00,U0032,R0362,5495.12,1,22,0,0,1,2790.51,1.97,1853,0,0,0,0,32.0,0,0
T06717,2026-01-05T22:56:00+00:00,U0166,R0310,1943.92,1,22,0,0,0,4089.79,0.48,1257,0,0,0,0,380.0,0,0
T06718,2026-01-05T22:57:00+00:00,U0030,R0208,2867.58,1,22,0,0,0,4233.7,0.68,229,0,0,0,0,100.0,0,0
T06719,2026-01-05T22:58:00+00:00,U0192,R0130,1921.44,1,22,0,0,0,3492.09,0.55,887,0,0,0,0,65.0,0,0
T06720,2026-01-05T22:59:00+00:00,U0148,R0095,2349.26,1,22,0,0,1,4253.7,0.55,507,0,0,0,0,31.0,0,0
T06721,2026-01-05T23:00:00+00:00,U0149,R0062,34762.46,1,23,1,1,0,2665.79,13.04,1912,0,0,0,0,347.0,0,1
T06722,2026-01-05T23:01:00+00:00,U0064,R0068,7219.24,1,23,0,0,0,3477.39,2.08,1159,0,0,0,0,469.0,0,0
T06723,2026-01-05T23:02:00+00:00,U0060,R0128,6284.05,1,23,0,0,0,2978.85,2.11,1595,0,0,0,0,551.0,0,0
T06724,2026-01-05T23:03:00+00:00,U0188,R0037,378.9,1,23,0,0,0,6395.05,0.06,1681,0,0,0,0,129.0,0,0
T06725,2026-01-05T23:04:00+00:00,U0035,R0495,4891.66,1,23,0,0,0,3218.78,1.52,1476,0,0,0,0,239.0,0,0
T06726,2026-01-05T23:05:00+00:00,U0029,R0295,2012.46,1,23,0,0,0,5752.59,0.35,316,0,0,0,0,900.0,0,0
T06727,2026-01-05T23:06:00+00:00,U0054,R0368,315.19,0,23,1,1,0,5153.17,0.06,712,0,0,0,0,505.0,1,1
T06728,2026-01-05T23:07:00+00:00,U0054,R0368,315.19,0,23,1,1,1,5025.85,0.06,712,1,1,1,1,1.0,2,1
T06729,2026-01-05T23:08:00+00:00,U0054,R0368,315.19,0,23,1,1,2,4905.07,0.06,712,2,2,2,2,1.0,3,1
T06730,2026-01-05T23:09:00+00:00,U0179,R0008,2123.21,1,23,0,0,0,3804.12,0.56,1145,0,0,0,0,200.0,0,0
T06731,2026-01-05T23:10:00+00:00,U0088,R0106,1769.73,1,23,0,0,0,6813.53,0.26,1812,0,0,0,0,82.0,0,0
T06732,2026-01-05T23:11:00+00:00,U0038,R0371,3595.01,1,23,0,0,0,3616.32,0.99,400,0,0,0,0,264.0,0,0
T06733,2026-01-05T23:12:00+00:00,U0032,R0445,8826.46,1,23,0,0,2,2894.53,3.05,1853,0,0,0,0,17.0,0,0
T06734,2026-01-05T23:13:00+00:00,U0106,R0194,5173.44,0,23,0,0,1,3059.97,1.69,1381,0,0,0,0,58.0,1,0
T06735,2026-01-05T23:14:00+00:00,U0175,R0141,698.18,1,23,0,0,1,3620.54,0.19,1375,0,0,0,0,29.0,0,0
T06736,2026-01-05T23:15:00+00:00,U0052,R0440,11305.95,1,23,0,0,0,3413.21,3.31,51,0,0,0,0,154.0,0,1
T06737,2026-01-05T23:16:00+00:00,U0053,R0200,2012.96,1,23,0,0,0,4444.53,0.45,1252,0,0,0,0,110.0,0,0
T06738,2026-01-05T23:17:00+00:00,U0171,R0440,1692.0,1,23,0,0,0,4839.8,0.35,1154,0,0,0,0,77.0,0,0
T06739,2026-01-05T23:18:00+00:00,U0063,R0251,1774.12,1,23,0,0,0,3922.52,0.45,1621,0,0,0,0,347.0,0,0
T06740,2026-01-05T23:19:00+00:00,U0071,R0224,22374.47,1,23,1,1,0,6432.58,3.48,17,0,0,0,0,129.0,0,1
T06741,2026-01-05T23:20:00+00:00,U0001,R0222,187.29,0,23,0,0,0,5102.55,0.04,1905,0,0,0,0,109.0,1,0
T06742,2026-01-05T23:21:00+00:00,U0016,R0401,5344.63,1,23,0,0,0,4256.8,1.26,1715,0,0,0,0,385.0,0,0
T06743,2026-01-05T23:22:00+00:00,U0016,R0384,8769.55,1,23,0,0,1,4297.09,2.04,1715,1,0,0,0,1.0,0,0
T06744,2026-01-05T23:23:00+00:00,U0075,R0105,744.93,1,23,0,0,0,3733.21,0.2,86,0,0,0,0,836.0,0,0
T06745,2026-01-05T23:24:00+00:00,U0074,R0073,2643.85,1,23,0,0,1,3326.79,0.79,589,0,0,0,0,30.0,0,0
T06746,2026-01-05T23:25:00+00:00,U0046,R0219,5601.36,1,23,0,0,0,4607.89,1.22,854,0,0,0,0,126.0,0,0
T06747,2026-01-05T23:26:00+00:00,U0122,R0403,7798.11,0,23,0,0,0,4017.26,1.94,1750,0,0,0,0,80.0,1,0
T06748,2026-01-05T23:27:00+00:00,U0017,R0301,1782.39,1,23,0,0,0,4657.37,0.38,53,0,0,0,0,148.0,0,0
T06749,2026-01-05T23:28:00+00:00,U0078,R0330,1286.2,1,23,1,0,0,4203.06,0.31,797,0,0,0,0,466.0,0,0
T06750,2026-01-05T23:29:00+00:00,U0052,R0353,6305.62,1,23,0,0,1,3638.72,1.73,51,0,0,0,0,14.0,0,0
T06751,2026-01-05T23:30:00+00:00,U0123,R0494,2108.21,1,23,1,0,1,2841.9,0.74,832,0,0,0,0,54.0,0,0
T06752,2026-01-05T23:31:00+00:00,U0042,R0246,2166.2,1,23,0,0,0,3906.56,0.55,914,0,0,0,0,107.0,0,0
T06753,2026-01-05T23:32:00+00:00,U0035,R0009,6400.55,1,23,0,0,1,3265.25,1.96,1476,0,0,0,0,28.0,0,0
T06754,2026-01-05T23:33:00+00:00,U0166,R0249,1816.82,1,23,1,0,1,4046.0,0.45,1257,0,0,0,0,37.0,0,0
T06755,2026-01-05T23:34:00+00:00,U0142,R0261,4068.5,1,23,1,0,0,3989.68,1.02,1708,0,0,0,0,87.0,0,0
T06756,2026-01-05T23:35:00+00:00,U0038,R0057,4134.4,1,23,0,0,1,3615.71,1.14,400,0,0,0,0,24.0,0,0
T06757,2026-01-05T23:36:00+00:00,U0095,R0268,2276.2,1,23,0,0,0,2815.35,0.81,333,0,0,0,0,99.0,0,0
T06758,2026-01-05T23:37:00+00:00,U0026,R0140,7885.61,1,23,0,0,0,6359.94,1.24,407,0,0,0,0,76.0,0,0
T06759,2026-01-05T23:38:00+00:00,U0133,R0410,599.79,0,23,0,0,0,3256.14,0.18,257,0,0,0,0,285.0,1,0
T06760,2026-01-05T23:39:00+00:00,U0104,R0011,1853.83,0,23,0,0,0,4118.88,0.45,508,0,0,0,0,319.0,1,0
T06761,2026-01-05T23:40:00+00:00,U0028,R0124,814.16,1,23,0,0,0,3243.44,0.25,1290,0,0,0,0,203.0,0,0
T06762,2026-01-05T23:41:00+00:00,U0065,R0415,2841.75,1,23,1,0,0,5539.23,0.51,1869,0,0,0,0,193.0,0,0
T06763,2026-01-05T23:42:00+00:00,U0172,R0477,18919.49,1,23,0,0,0,5440.38,3.48,1447,0,0,0,0,200.0,0,1
T06764,2026-01-05T23:43:00+00:00,U0158,R0295,1253.45,1,23,0,0,0,4831.14,0.26,1865,0,0,0,0,177.0,0,0
T06765,2026-01-05T23:44:00+00:00,U0136,R0472,4444.04,1,23,0,0,0,4314.06,1.03,126,0,0,0,0,157.0,0,0
T06766,2026-01-05T23:45:00+00:00,U0128,R0271,658.22,1,23,0,0,0,3510.49,0.19,1107,0,0,0,0,150.0,0,0
T06767,2026-01-05T23:46:00+00:00,U0006,R0168,1121.79,1,23,1,0,0,7778.6,0.14,1386,0,0,0,0,619.0,0,1
T06768,2026-01-05T23:47:00+00:00,U0006,R0168,1121.79,0,23,1,0,1,7540.86,0.15,1386,1,1,1,1,1.0,1,1
T06769,2026-01-05T23:48:00+00:00,U0006,R0168,1121.79,0,23,1,1,2,7319.51,0.15,1386,2,2,2,2,1.0,2,1
T06770,2026-01-05T23:49:00+00:00,U0198,R0284,4644.26,1,23,0,0,0,4122.16,1.13,1947,0,0,0,0,465.0,0,0
T06771,2026-01-05T23:50:00+00:00,U0088,R0001,1708.05,1,23,0,0,1,6703.88,0.25,1812,0,0,0,0,40.0,0,0
T06772,2026-01-05T23:51:00+00:00,U0048,R0056,1586.82,1,23,0,0,0,4367.59,0.36,453,0,0,0,0,196.0,0,0
T06773,2026-01-05T23:52:00+00:00,U0185,R0392,2442.74,1,23,0,0,0,3938.22,0.62,1483,0,0,0,0,177.0,0,0
T06774,2026-01-05T23:53:00+00:00,U0179,R0412,4427.02,1,23,0,0,1,3756.1,1.18,1145,0,0,0,0,44.0,0,0
T06775,2026-01-05T23:54:00+00:00,U0052,R0322,2716.94,1,23,1,0,2,3712.8,0.73,51,0,0,0,0,25.0,0,0
T06776,2026-01-05T23:55:00+00:00,U0155,R0290,1135.1,0,23,0,0,0,3223.38,0.35,1159,0,0,0,0,330.0,1,0
T06777,2026-01-05T23:56:00+00:00,U0025,R0195,2526.41,1,23,0,0,0,3727.41,0.68,1745,0,0,0,0,112.0,0,0
T06778,2026-01-05T23:57:00+00:00,U0051,R0456,15715.28,1,23,1,1,0,4212.99,3.73,60,0,0,0,0,184.0,0,1
T06779,2026-01-05T23:58:00+00:00,U0012,R0440,2327.66,0,23,0,0,0,3692.23,0.63,476,0,0,0,0,294.0,1,0
T06780,2026-01-05T23:59:00+00:00,U0121,R0389,1839.0,1,23,0,0,0,3793.98,0.48,418,0,0,0,0,76.0,0,0
T06781,2026-01-06T00:00:00+00:00,U0086,R0253,4513.85,1,0,0,0,0,4692.87,0.96,1686,0,0,0,0,191.0,0,0
T06782,2026-01-06T00:01:00+00:00,U0144,R0009,3751.77,1,0,0,0,0,4693.69,0.8,685,0,0,0,0,82.0,0,0
T06783,2026-01-06T00:02:00+00:00,U0027,R0290,36914.68,1,0,1,0,0,4545.77,8.12,1808,0,0,0,0,80.0,0,1
T06784,2026-01-06T00:03:00+00:00,U0060,R0211,1319.52,1,0,0,0,0,3111.05,0.42,1595,0,0,0,0,61.0,0,0
T06785,2026-01-06T00:04:00+00:00,U0053,R0240,1254.69,1,0,0,0,1,4363.48,0.29,1252,0,0,0,0,48.0,0,0
T06786,2026-01-06T00:05:00+00:00,U0190,R0038,802.47,1,0,0,0,0,3243.2,0.25,1087,0,0,0,0,108.0,0,0
T06787,2026-01-06T00:06:00+00:00,U0141,R0226,1675.47,1,0,0,0,0,3679.01,0.46,113,0,0,0,0,77.0,0,0
T06788,2026-01-06T00:07:00+00:00,U0057,R0378,424.38,1,0,0,0,0,5908.38,0.07,459,0,0,0,0,278.0,0,0
T06789,2026-01-06T00:08:00+00:00,U0095,R0050,6000.94,1,0,1,0,1,2802.81,2.14,333,0,0,0,0,32.0,0,0
T06790,2026-01-06T00:09:00+00:00,U0003,R0471,726.68,1,0,0,0,0,4049.18,0.18,1486,0,0,0,0,549.0,0,0
T06791,2026-01-06T00:10:00+00:00,U0031,R0144,1550.66,1,0,0,0,0,4274.01,0.36,1886,0,0,0,0,122.0,0,0
T06792,2026-01-06T00:11:00+00:00,U0116,R0458,2685.3,1,0,0,0,0,4403.63,0.61,463,0,0,0,0,183.0,0,0
T06793,2026-01-06T00:12:00+00:00,U0088,R0473,1994.12,1,0,0,0,1,6597.59,0.3,1812,0,0,0,0,22.0,0,0
T06794,2026-01-06T00:13:00+00:00,U0031,R0048,19330.33,1,0,1,0,1,4209.17,4.59,1886,1,0,0,0,3.0,0,1
T06795,2026-01-06T00:14:00+00:00,U0154,R0275,18478.46,1,0,0,0,0,3626.01,5.1,1010,0,0,0,0,491.0,0,1
T06796,2026-01-06T00:15:00+00:00,U0195,R0124,3576.8,1,0,0,0,0,5217.21,0.69,1578,0,0,0,0,109.0,0,0
T06797,2026-01-06T00:16:00+00:00,U0177,R0142,950.88,1,0,0,0,0,5421.54,0.18,315,0,0,0,0,591.0,0,0
T06798,2026-01-06T00:17:00+00:00,U0169,R0388,5234.68,1,0,0,0,0,3376.74,1.55,1949,0,0,0,0,173.0,0,0
T06799,2026-01-06T00:18:00+00:00,U0002,R0475,2792.11,1,0,0,0,0,3567.09,0.78,1660,0,0,0,0,136.0,0,0
T06800,2026-01-06T00:19:00+00:00,U0056,R0408,5308.29,1,0,0,0,0,4449.4,1.19,129,0,0,0,0,330.0,0,0
T06801,2026-01-06T00:20:00+00:00,U0085,R0052,3862.9,1,0,0,0,0,4059.37,0.95,652,0,0,0,0,179.0,0,0
T06802,2026-01-06T00:21:00+00:00,U0150,R0118,4762.94,1,0,0,0,0,4265.06,1.12,1080,0,0,0,0,117.0,0,0
T06803,2026-01-06T00:22:00+00:00,U0072,R0001,6361.04,1,0,0,0,0,2478.95,2.57,1208,0,0,0,0,450.0,0,0
T06804,2026-01-06T00:23:00+00:00,U0090,R0479,878.09,1,0,0,0,0,3356.52,0.26,150,0,0,0,0,574.0,0,0
T06805,2026-01-06T00:24:00+00:00,U0116,R0285,200.12,0,0,0,0,1,4358.41,0.05,463,0,0,0,0,13.0,1,0
T06806,2026-01-06T00:25:00+00:00,U0007,R0379,6192.72,1,0,0,0,0,5375.57,1.15,573,0,0,0,0,127.0,0,0
T06807,2026-01-06T00:26:00+00:00,U0161,R0293,6431.33,1,0,0,1,0,4575.69,1.41,1632,0,0,0,0,459.0,0,0
T06808,2026-01-06T00:27:00+00:00,U0071,R0099,2274.68,0,0,0,0,0,6771.77,0.34,17,0,0,0,0,68.0,1,0
T06809,2026-01-06T00:28:00+00:00,U0041,R0120,1795.67,1,0,0,0,0,4402.66,0.41,680,0,0,0,0,264.0,0,0
T06810,2026-01-06T00:29:00+00:00,U0188,R0092,1944.07,1,0,0,0,0,6207.04,0.31,1681,0,0,0,0,86.0,0,0
T06811,2026-01-06T00:30:00+00:00,U0054,R0102,7950.86,1,0,0,0,0,4790.32,1.66,712,0,0,0,0,82.0,0,0
T06812,2026-01-06T00:31:00+00:00,U0118,R0032,1970.82,1,0,0,0,0,4072.09,0.48,635,0,0,0,0,155.0,0,0
T06813,2026-01-06T00:32:00+00:00,U0058,R0317,1011.64,1,0,0,0,0,3867.52,0.26,1080,0,0,0,0,266.0,0,0
T06814,2026-01-06T00:33:00+00:00,U0031,R0372,1542.95,1,0,1,0,2,4560.83,0.34,1886,0,0,0,0,20.0,0,0
T06815,2026-01-06T00:34:00+00:00,U0053,R0188,1316.44,1,0,0,0,1,4263.2,0.31,1252,0,0,0,0,30.0,0,0
T06816,2026-01-06T00:35:00+00:00,U0195,R0154,5612.59,1,0,0,0,1,5165.95,1.09,1578,0,0,0,0,20.0,0,0
T06817,2026-01-06T00:36:00+00:00,U0111,R0079,4415.4,0,0,0,1,0,4004.3,1.1,877,0,0,0,0,207.0,1,1
T06818,2026-01-06T00:37:00+00:00,U0041,R0243,6640.38,1,0,0,0,1,4339.07,1.53,680,1,0,0,0,9.0,0,0
T06819,2026-01-06T00:38:00+00:00,U0044,R0192,1114.58,1,0,0,0,0,5502.86,0.2,1950,0,0,0,0,455.0,0,0
T06820,2026-01-06T00:39:00+00:00,U0045,R0351,4277.99,1,0,0,1,0,5172.7,0.83,1072,0,0,0,0,641.0,0,0
T06821,2026-01-06T00:40:00+00:00,U0108,R0056,3449.92,1,0,0,0,0,3938.96,0.88,1935,0,0,0,0,128.0,0,0
T06822,2026-01-06T00:41:00+00:00,U0041,R0109,1342.04,1,0,0,0,2,4393.87,0.31,680,1,0,0,0,4.0,0,0
T06823,2026-01-06T00:42:00+00:00,U0107,R0056,2676.44,1,0,0,0,0,5723.95,0.47,1230,0,0,0,0,197.0,0,0
T06824,2026-01-06T00:43:00+00:00,U0180,R0417,916.22,1,0,0,0,0,5633.35,0.16,793,0,0,0,0,290.0,0,0
T06825,2026-01-06T00:44:00+00:00,U0183,R0267,1454.13,1,0,1,0,0,3204.22,0.45,827,0,0,0,0,145.0,0,0
T06826,2026-01-06T00:45:00+00:00,U0174,R0272,1416.52,1,0,0,1,0,5030.67,0.28,1108,0,0,0,0,666.0,0,0
T06827,2026-01-06T00:46:00+00:00,U0152,R0461,3929.56,1,0,0,0,0,4500.21,0.87,1711,0,0,0,0,113.0,0,0
T06828,2026-01-06T00:47:00+00:00,U0150,R0169,8741.4,1,0,1,0,1,4281.65,2.04,1080,0,0,0,0,26.0,0,1
T06829,2026-01-06T00:48:00+00:00,U0041,R0425,1117.18,1,0,0,0,3,4322.89,0.26,680,1,0,0,0,7.0,0,0
T06830,2026-01-06T00:49:00+00:00,U0137,R0339,2480.09,1,0,0,0,0,3432.42,0.72,511,0,0,0,0,193.0,0,0
T06831,2026-01-06T00:50:00+00:00,U0115,R0218,3486.4,1,0,0,0,0,3429.26,1.02,579,0,0,0,0,1865.0,0,0
T06832,2026-01-06T00:51:00+00:00,U0114,R0143,7557.81,1,0,0,0,0,4753.99,1.59,447,0,0,0,0,448.0,0,0
T06833,2026-01-06T00:52:00+00:00,U0156,R0110,2399.48,1,0,0,0,0,4406.26,0.54,1027,0,0,0,0,231.0,0,0
T06834,2026-01-06T00:53:00+00:00,U0198,R0428,1696.61,1,0,0,0,0,4136.66,0.41,1947,0,0,0,0,64.0,0,0
T06835,2026-01-06T00:54:00+00:00,U0104,R0152,1990.67,1,0,0,0,0,4048.1,0.49,508,0,0,0,0,75.0,0,0
T06836,2026-01-06T00:55:00+00:00,U0138,R0239,1543.04,1,0,0,0,0,5770.06,0.27,1898,0,0,0,0,165.0,0,0
T06837,2026-01-06T00:56:00+00:00,U0149,R0060,5324.26,1,0,0,0,0,3735.68,1.43,1912,0,0,0,0,116.0,0,0
T06838,2026-01-06T00:57:00+00:00,U0033,R0462,2310.83,1,0,0,0,0,2485.24,0.93,1103,0,0,0,0,133.0,0,0
T06839,2026-01-06T00:58:00+00:00,U0189,R0359,6508.1,1,0,0,1,0,3683.72,1.77,690,0,0,0,0,248.0,0,0
T06840,2026-01-06T00:59:00+00:00,U0029,R0287,2931.86,1,0,0,0,0,5619.02,0.52,316,0,0,0,0,114.0,0,0
T06841,2026-01-06T01:00:00+00:00,U0167,R0298,2584.22,1,1,0,0,0,3072.24,0.84,1126,0,0,0,0,139.0,0,0
T06842,2026-01-06T01:01:00+00:00,U0035,R0028,3310.66,1,1,0,0,0,3349.98,0.99,1476,0,0,0,0,89.0,0,0
T06843,2026-01-06T01:02:00+00:00,U0138,R0449,2015.54,1,1,0,0,1,5666.96,0.36,1898,1,0,0,0,7.0,0,0
T06844,2026-01-06T01:03:00+00:00,U0033,R0124,2202.61,1,1,0,0,1,2479.95,0.89,1103,1,0,0,0,6.0,0,0
T06845,2026-01-06T01:04:00+00:00,U0131,R0440,18859.04,1,1,1,0,0,4933.0,3.82,1810,0,0,0,0,340.0,0,1
T06846,2026-01-06T01:05:00+00:00,U0019,R0124,748.43,1,1,0,0,0,4691.56,0.16,1302,0,0,0,0,554.0,0,0
T06847,2026-01-06T01:06:00+00:00,U0022,R0174,3133.41,1,1,0,0,0,6381.02,0.49,887,0,0,0,0,208.0,0,0
T06848,2026-01-06T01:07:00+00:00,U0024,R0133,6017.88,1,1,0,0,0,3880.87,1.55,1553,0,0,0,0,270.0,0,0
T06849,2026-01-06T01:08:00+00:00,U0141,R0070,1496.65,1,1,0,0,0,3626.29,0.41,113,0,0,0,0,62.0,0,0
T06850,2026-01-06T01:09:00+00:00,U0012,R0219,6745.23,1,1,0,0,0,3649.59,1.85,476,0,0,0,0,71.0,0,0
T06851,2026-01-06T01:10:00+00:00,U0053,R0072,5280.18,1,1,0,0,1,4171.11,1.27,1252,0,0,0,0,36.0,0,0
T06852,2026-01-06T01:11:00+00:00,U0057,R0358,20309.95,1,1,1,1,0,5771.28,3.52,459,0,0,0,0,64.0,0,1
T06853,2026-01-06T01:12:00+00:00,U0133,R0076,3633.45,1,1,0,0,0,3188.03,1.14,257,0,0,0,0,94.0,0,0
T06854,2026-01-06T01:13:00+00:00,U0019,R0217,3954.17,1,1,0,0,1,4584.99,0.86,1302,1,0,0,0,8.0,0,0
T06855,2026-01-06T01:14:00+00:00,U0140,R0042,5119.9,1,1,0,0,0,4404.41,1.16,1219,0,0,0,0,243.0,0,0
T06856,2026-01-06T01:15:00+00:00,U0083,R0236,508.62,1,1,0,0,0,7608.87,0.07,313,0,0,0,0,284.0,0,0
T06857,2026-01-06T01:16:00+00:00,U0071,R0434,3773.08,1,1,0,0,1,6678.08,0.56,17,0,0,0,0,49.0,0,0
T06858,2026-01-06T01:17:00+00:00,U0009,R0392,1876.03,1,1,0,0,0,3088.23,0.61,1744,0,0,0,0,326.0,0,0
T06859,2026-01-06T01:18:00+00:00,U0007,R0397,1024.82,0,1,0,0,1,5400.34,0.19,573,0,0,0,0,53.0,1,0
T06860,2026-01-06T01:19:00+00:00,U0007,R0442,4647.77,1,1,0,0,2,5271.64,0.88,573,1,0,0,0,1.0,0,0
T06861,2026-01-06T01:20:00+00:00,U0008,R0043,2488.26,1,1,0,0,0,4480.9,0.56,457,0,0,0,0,341.0,0,0
T06862,2026-01-06T01:21:00+00:00,U0194,R0381,6229.36,1,1,0,0,0,5443.9,1.14,1773,0,0,0,0,212.0,0,0
T06863,2026-01-06T01:22:00+00:00,U0150,R0042,16750.48,1,1,1,0,1,4425.52,3.78,1080,0,0,0,0,35.0,0,1
T06864,2026-01-06T01:23:00+00:00,U0049,R0247,908.6,1,1,0,0,0,4077.61,0.22,100,0,0,0,0,223.0,0,0
T06865,2026-01-06T01:24:00+00:00,U0026,R0225,1294.29,1,1,1,0,0,6400.09,0.2,407,0,0,0,0,107.0,0,0
T06866,2026-01-06T01:25:00+00:00,U0138,R0332,2313.63,1,1,0,0,2,5580.03,0.41,1898,0,0,0,0,23.0,0,0
T06867,2026-01-06T01:26:00+00:00,U0162,R0384,1275.55,1,1,0,0,0,5465.77,0.23,391,0,0,0,0,547.0,0,0
T06868,2026-01-06T01:27:00+00:00,U0007,R0369,7083.99,1,1,0,0,2,5253.82,1.35,573,2,0,0,0,8.0,0,0
T06869,2026-01-06T01:28:00+00:00,U0091,R0161,6302.06,1,1,0,0,0,3283.82,1.92,823,0,0,0,0,229.0,0,0
T06870,2026-01-06T01:29:00+00:00,U0030,R0407,3615.23,1,1,0,0,0,4198.67,0.86,229,0,0,0,0,152.0,0,0
T06871,2026-01-06T01:30:00+00:00,U0166,R0149,2264.58,1,1,0,0,0,4001.42,0.57,1257,0,0,0,0,117.0,0,0
T06872,2026-01-06T01:31:00+00:00,U0067,R0082,795.68,1,1,0,0,0,3022.62,0.26,1381,0,0,0,0,375.0,0,0
T06873,2026-01-06T01:32:00+00:00,U0038,R0308,7093.44,1,1,0,0,0,3630.12,1.95,400,0,0,0,0,117.0,0,0
T06874,2026-01-06T01:33:00+00:00,U0139,R0245,2248.98,1,1,0,0,0,3159.88,0.71,1504,0,0,0,0,494.0,0,0
T06875,2026-01-06T01:34:00+00:00,U0134,R0467,6468.89,0,1,0,0,0,4711.86,1.37,723,0,0,0,0,229.0,1,0
T06876,2026-01-06T01:35:00+00:00,U0039,R0090,270.76,1,1,0,0,0,3457.1,0.08,176,0,0,0,0,388.0,0,0
T06877,2026-01-06T01:36:00+00:00,U0074,R0257,796.21,1,1,0,0,0,3301.5,0.24,589,0,0,0,0,132.0,0,0
T06878,2026-01-06T01:37:00+00:00,U0011,R0161,5026.51,1,1,0,0,0,3712.02,1.35,177,0,0,0,0,445.0,0,0
T06879,2026-01-06T01:38:00+00:00,U0011,R0260,474.12,1,1,0,0,1,3747.55,0.13,177,1,0,0,0,1.0,0,0
T06880,2026-01-06T01:39:00+00:00,U0007,R0023,8698.65,1,1,1,0,3,5304.66,1.64,573,0,0,0,0,12.0,0,0
T06881,2026-01-06T01:40:00+00:00,U0001,R0339,6620.28,1,1,0,0,0,4957.99,1.34,1905,0,0,0,0,140.0,0,0
T06882,2026-01-06T01:41:00+00:00,U0063,R0194,939.46,1,1,0,0,0,3850.91,0.24,1621,0,0,0,0,143.0,0,0
T06883,2026-01-06T01:42:00+00:00,U0088,R0046,670.27,1,1,0,0,0,6501.68,0.1,1812,0,0,0,0,90.0,0,0
T06884,2026-01-06T01:43:00+00:00,U0133,R0141,6203.16,1,1,0,0,1,3199.16,1.94,257,0,0,0,0,31.0,0,0
T06885,2026-01-06T01:44:00+00:00,U0104,R0194,3210.43,1,1,0,0,1,3985.75,0.81,508,0,0,0,0,50.0,0,0
T06886,2026-01-06T01:45:00+00:00,U0061,R0212,3775.51,1,1,0,0,0,2912.76,1.3,255,0,0,0,0,333.0,0,0
T06887,2026-01-06T01:46:00+00:00,U0069,R0262,1238.56,1,1,0,0,0,4854.85,0.26,1754,0,0,0,0,193.0,0,0
T06888,2026-01-06T01:47:00+00:00,U0083,R0190,4671.2,1,1,0,0,1,7406.01,0.63,313,0,0,0,0,32.0,0,0
T06889,2026-01-06T01:48:00+00:00,U0094,R0159,3947.48,1,1,0,0,0,3092.27,1.28,768,0,0,0,0,212.0,0,0
T06890,2026-01-06T01:49:00+00:00,U0148,R0193,1856.43,1,1,0,0,0,4204.87,0.44,507,0,0,0,0,170.0,0,0
T06891,2026-01-06T01:50:00+00:00,U0142,R0366,1991.9,1,1,0,0,0,3991.76,0.5,1708,0,0,0,0,136.0,0,0
T06892,2026-01-06T01:51:00+00:00,U0121,R0028,942.52,0,1,0,0,0,3739.67,0.25,418,0,0,0,0,112.0,1,0
T06893,2026-01-06T01:52:00+00:00,U0062,R0211,2314.53,1,1,0,0,0,3665.36,0.63,820,0,0,0,0,332.0,0,0
T06894,2026-01-06T01:53:00+00:00,U0158,R0286,4000.78,1,1,0,1,0,4745.96,0.84,1865,0,0,0,0,130.0,0,0
T06895,2026-01-06T01:54:00+00:00,U0091,R0403,2207.34,1,1,0,0,1,3365.39,0.66,823,0,0,0,0,26.0,0,0
T06896,2026-01-06T01:55:00+00:00,U0198,R0320,4787.78,0,1,0,0,0,4070.72,1.18,1947,0,0,0,0,62.0,1,0
T06897,2026-01-06T01:56:00+00:00,U0135,R0095,426.06,1,1,0,0,0,3684.08,0.12,1258,0,0,0,0,216.0,0,0
T06898,2026-01-06T01:57:00+00:00,U0016,R0138,4425.41,1,1,0,0,0,4456.82,0.99,1715,0,0,0,0,155.0,0,0
T06899,2026-01-06T01:58:00+00:00,U0032,R0444,4405.31,1,1,0,0,0,3114.23,1.41,1853,0,0,0,0,166.0,0,0
T06900,2026-01-06T01:59:00+00:00,U0136,R0064,904.09,1,1,0,0,0,4318.39,0.21,126,0,0,0,0,135.0,0,0
T06901,2026-01-06T02:00:00+00:00,U0136,R0379,792.99,1,2,0,0,1,4208.26,0.19,126,1,0,0,0,1.0,0,0
T06902,2026-01-06T02:01:00+00:00,U0161,R0376,4179.63,1,2,0,0,0,4622.08,0.9,1632,0,0,0,0,95.0,0,1
T06903,2026-01-06T02:02:00+00:00,U0161,R0376,4179.63,0,2,0,0,1,4611.29,0.91,1632,1,1,1,1,1.0,1,1
T06904,2026-01-06T02:03:00+00:00,U0161,R0376,4179.63,0,2,1,0,2,4601.01,0.91,1632,2,2,2,2,1.0,2,1
T06905,2026-01-06T02:04:00+00:00,U0165,R0091,1363.33,1,2,0,0,0,7327.45,0.19,302,0,0,0,0,838.0,0,0
T06906,2026-01-06T02:05:00+00:00,U0122,R0256,2448.39,1,2,0,0,0,4094.42,0.6,1750,0,0,0,0,159.0,0,0
T06907,2026-01-06T02:06:00+00:00,U0064,R0265,29955.9,1,2,0,0,0,3566.48,8.4,1159,0,0,0,0,185.0,0,1
T06908,2026-01-06T02:07:00+00:00,U0184,R0392,5013.69,1,2,0,0,0,3181.08,1.58,327,0,0,0,0,519.0,0,0
T06909,2026-01-06T02:08:00+00:00,U0166,R0033,2011.4,0,2,0,0,1,3663.02,0.55,1257,0,0,0,0,38.0,1,0
T06910,2026-01-06T02:09:00+00:00,U0063,R0080,4257.94,1,2,0,0,1,3756.99,1.13,1621,0,0,0,0,28.0,0,0
T06911,2026-01-06T02:10:00+00:00,U0037,R0357,5396.05,1,2,0,0,0,4011.63,1.35,132,0,0,0,0,429.0,0,0
T06912,2026-01-06T02:11:00+00:00,U0174,R0152,5519.98,1,2,0,0,0,4930.27,1.12,1108,0,0,0,0,86.0,0,0
T06913,2026-01-06T02:12:00+00:00,U0134,R0293,938.39,1,2,1,0,1,4762.06,0.2,723,0,0,0,0,38.0,0,0
T06914,2026-01-06T02:13:00+00:00,U0171,R0375,609.65,1,2,0,0,0,4723.22,0.13,1154,0,0,0,0,176.0,0,0
T06915,2026-01-06T02:14:00+00:00,U0077,R0082,3948.6,1,2,0,0,0,4275.71,0.92,332,0,0,0,0,224.0,0,0
T06916,2026-01-06T02:15:00+00:00,U0108,R0388,4371.12,1,2,0,0,0,3922.66,1.11,1935,0,0,0,0,95.0,0,0
T06917,2026-01-06T02:16:00+00:00,U0095,R0370,2965.43,1,2,0,0,0,2875.5,1.03,333,0,0,0,0,128.0,0,0
T06918,2026-01-06T02:17:00+00:00,U0136,R0221,1655.88,1,2,0,0,2,4101.53,0.4,126,0,0,0,0,17.0,0,0
T06919,2026-01-06T02:18:00+00:00,U0080,R0492,2053.52,1,2,0,1,0,6340.79,0.32,846,0,0,0,0,290.0,0,0
T06920,2026-01-06T02:19:00+00:00,U0022,R0237,15180.77,1,2,1,1,0,6301.81,2.41,887,0,0,0,0,73.0,0,1
T06921,2026-01-06T02:20:00+00:00,U0100,R0150,3022.86,1,2,0,0,0,4491.0,0.67,1160,0,0,0,0,302.0,0,0
T06922,2026-01-06T02:21:00+00:00,U0162,R0200,2024.59,1,2,0,0,1,5316.12,0.38,391,0,0,0,0,55.0,0,0
T06923,2026-01-06T02:22:00+00:00,U0193,R0192,438.61,1,2,0,0,0,5848.71,0.07,158,0,0,0,0,231.0,0,0
T06924,2026-01-06T02:23:00+00:00,U0011,R0096,1885.15,1,2,0,0,2,3661.41,0.51,177,0,0,0,0,45.0,0,0
T06925,2026-01-06T02:24:00+00:00,U0059,R0370,28543.28,1,2,1,0,0,4957.77,5.76,75,0,0,0,0,319.0,0,1
T06926,2026-01-06T02:25:00+00:00,U0088,R0279,12530.55,1,2,1,1,1,6382.67,1.96,1812,0,0,0,0,43.0,0,1
T06927,2026-01-06T02:26:00+00:00,U0076,R0099,987.73,1,2,0,0,0,3901.42,0.25,1540,0,0,0,0,597.0,0,0
T06928,2026-01-06T02:27:00+00:00,U0187,R0012,1690.14,1,2,0,0,0,4249.2,0.4,1389,0,0,0,0,364.0,0,0
T06929,2026-01-06T02:28:00+00:00,U0121,R0194,2998.34,1,2,0,0,1,3664.08,0.82,418,0,0,0,0,37.0,0,0
T06930,2026-01-06T02:29:00+00:00,U0072,R0442,3776.17,1,2,0,0,0,2583.87,1.46,1208,0,0,0,0,127.0,0,0
T06931,2026-01-06T02:30:00+00:00,U0148,R0492,610.46,1,2,0,0,1,4146.16,0.15,507,0,0,0,0,41.0,0,0
T06932,2026-01-06T02:31:00+00:00,U0130,R0470,1696.98,1,2,0,0,0,4236.19,0.4,708,0,0,0,0,662.0,0,0
T06933,2026-01-06T02:32:00+00:00,U0198,R0116,1076.91,1,2,0,0,1,4089.59,0.26,1947,0,0,0,0,37.0,0,0
T06934,2026-01-06T02:33:00+00:00,U0095,R0124,530.25,1,2,0,0,1,2877.5,0.18,333,0,0,0,0,17.0,0,0
T06935,2026-01-06T02:34:00+00:00,U0129,R0266,461.51,1,2,0,0,0,3818.71,0.12,375,0,0,0,0,299.0,0,0
T06936,2026-01-06T02:35:00+00:00,U0071,R0170,6958.1,1,2,1,0,0,6618.79,1.05,17,0,0,0,0,79.0,0,0
T06937,2026-01-06T02:36:00+00:00,U0035,R0239,710.43,1,2,0,0,0,3348.95,0.21,1476,0,0,0,0,95.0,0,0
T06938,2026-01-06T02:37:00+00:00,U0179,R0032,1950.23,1,2,0,0,0,3774.73,0.52,1145,0,0,0,0,164.0,0,0
T06939,2026-01-06T02:38:00+00:00,U0088,R0020,21887.82,1,2,1,1,2,6505.63,3.36,1812,0,0,0,0,13.0,0,1
T06940,2026-01-06T02:39:00+00:00,U0164,R0030,1888.37,1,2,0,0,0,4259.39,0.44,1150,0,0,0,0,270.0,0,0
T06941,2026-01-06T02:40:00+00:00,U0075,R0123,3629.5,1,2,0,0,0,3622.54,1.0,86,0,0,0,0,197.0,0,0
T06942,2026-01-06T02:41:00+00:00,U0056,R0107,6891.49,1,2,0,0,0,4475.43,1.54,129,0,0,0,0,142.0,0,0
T06943,2026-01-06T02:42:00+00:00,U0091,R0100,784.18,1,2,0,0,1,3334.92,0.24,823,0,0,0,0,48.0,0,0
T06944,2026-01-06T02:43:00+00:00,U0066,R0301,761.12,1,2,0,0,0,7087.9,0.11,532,0,0,0,0,337.0,0,0
T06945,2026-01-06T02:44:00+00:00,U0182,R0063,2383.55,1,2,0,0,0,5061.07,0.47,269,0,0,0,0,380.0,0,0
T06946,2026-01-06T02:45:00+00:00,U0057,R0414,322.55,1,2,0,0,0,6125.88,0.05,459,0,0,0,0,94.0,0,0
T06947,2026-01-06T02:46:00+00:00,U0027,R0047,2265.34,1,2,0,0,0,5557.3,0.41,1808,0,0,0,0,164.0,0,0
T06948,2026-01-06T02:47:00+00:00,U0154,R0233,636.02,1,2,0,0,0,4105.12,0.15,1010,0,0,0,0,153.0,0,0
T06949,2026-01-06T02:48:00+00:00,U0185,R0450,2110.93,1,2,0,0,0,3895.49,0.54,1483,0,0,0,0,176.0,0,0
T06950,2026-01-06T02:49:00+00:00,U0140,R0025,8194.7,1,2,0,0,0,4427.49,1.85,1219,0,0,0,0,95.0,0,0
T06951,2026-01-06T02:50:00+00:00,U0051,R0124,1816.13,1,2,0,0,0,4713.09,0.39,60,0,0,0,0,173.0,0,1
T06952,2026-01-06T02:51:00+00:00,U0162,R0348,3550.19,1,2,0,0,1,5202.62,0.68,391,0,0,0,0,30.0,0,0
T06953,2026-01-06T02:52:00+00:00,U0056,R0069,1678.23,1,2,0,0,1,4546.49,0.37,129,0,0,0,0,11.0,0,0
T06954,2026-01-06T02:53:00+00:00,U0083,R0116,1931.53,1,2,0,0,0,7330.04,0.26,313,0,0,0,0,66.0,0,0
T06955,2026-01-06T02:54:00+00:00,U0105,R0438,3750.94,1,2,0,0,0,3633.06,1.03,203,0,0,0,0,248.0,0,0
T06956,2026-01-06T02:55:00+00:00,U0020,R0490,2224.64,1,2,0,0,0,4314.36,0.52,1664,0,0,0,0,704.0,0,0
T06957,2026-01-06T02:56:00+00:00,U0193,R0314,50984.28,1,2,1,0,1,5736.0,8.89,158,0,0,0,0,34.0,0,1
T06958,2026-01-06T02:57:00+00:00,U0128,R0389,1341.74,1,2,0,0,0,3433.4,0.39,1107,0,0,0,0,192.0,0,0
T06959,2026-01-06T02:58:00+00:00,U0100,R0049,24719.05,1,2,1,1,1,4447.82,5.56,1160,0,0,0,0,38.0,0,1
T06960,2026-01-06T02:59:00+00:00,U0129,R0440,4442.82,1,2,0,0,1,3725.45,1.19,375,0,0,0,0,25.0,0,0
T06961,2026-01-06T03:00:00+00:00,U0142,R0369,814.35,1,3,0,0,0,3940.48,0.21,1708,0,0,0,0,70.0,0,0
T06962,2026-01-06T03:01:00+00:00,U0003,R0006,4630.11,1,3,0,0,0,3938.43,1.18,1486,0,0,0,0,172.0,0,0
T06963,2026-01-06T03:02:00+00:00,U0054,R0421,5042.12,1,3,0,0,0,4867.41,1.04,712,0,0,0,0,152.0,0,0
T06964,2026-01-06T03:03:00+00:00,U0008,R0301,5829.73,1,3,0,0,0,4412.19,1.32,457,0,0,0,0,103.0,0,0
T06965,2026-01-06T03:04:00+00:00,U0200,R0213,2226.77,1,3,0,0,0,3450.78,0.65,1096,0,0,0,0,309.0,0,0
T06966,2026-01-06T03:05:00+00:00,U0033,R0429,1255.44,1,3,0,0,0,2471.8,0.51,1103,0,0,0,0,122.0,0,0
T06967,2026-01-06T03:06:00+00:00,U0004,R0126,2412.36,1,3,0,0,0,4803.42,0.5,1108,0,0,0,0,346.0,0,0
T06968,2026-01-06T03:07:00+00:00,U0086,R0242,2431.0,1,3,0,0,0,4686.69,0.52,1686,0,0,0,0,187.0,0,0
T06969,2026-01-06T03:08:00+00:00,U0128,R0136,1218.02,1,3,0,1,1,3378.36,0.36,1107,0,0,0,0,11.0,0,0
T06970,2026-01-06T03:09:00+00:00,U0153,R0062,3779.85,1,3,0,0,0,3187.69,1.19,798,0,0,0,0,468.0,0,0
T06971,2026-01-06T03:10:00+00:00,U0107,R0470,2329.15,1,3,0,0,0,5631.6,0.41,1230,0,0,0,0,148.0,0,0
T06972,2026-01-06T03:11:00+00:00,U0159,R0349,7164.6,1,3,1,1,0,4244.96,1.69,490,0,0,0,0,329.0,0,1
T06973,2026-01-06T03:12:00+00:00,U0159,R0349,7164.6,0,3,0,0,1,4321.79,1.66,490,1,1,1,1,1.0,1,1
T06974,2026-01-06T03:13:00+00:00,U0159,R0349,7164.6,0,3,1,1,2,4394.68,1.63,490,2,2,2,2,1.0,2,1
T06975,2026-01-06T03:14:00+00:00,U0095,R0313,8286.98,1,3,0,0,2,2826.47,2.93,333,0,0,0,0,41.0,0,0
T06976,2026-01-06T03:15:00+00:00,U0035,R0454,215.04,1,3,0,0,1,3281.29,0.07,1476,0,0,0,0,39.0,0,0
T06977,2026-01-06T03:16:00+00:00,U0080,R0310,4018.55,1,3,0,0,1,6206.81,0.65,846,0,0,0,0,58.0,0,0
T06978,2026-01-06T03:17:00+00:00,U0032,R0446,3043.6,1,3,0,0,0,3160.34,0.96,1853,0,0,0,0,79.0,0,0
T06979,2026-01-06T03:18:00+00:00,U0198,R0295,1335.29,1,3,0,0,1,4012.34,0.33,1947,0,0,0,0,46.0,0,0
T06980,2026-01-06T03:19:00+00:00,U0139,R0150,5315.03,1,3,0,1,0,3130.5,1.7,1504,0,0,0,0,106.0,0,0
T06981,2026-01-06T03:20:00+00:00,U0102,R0272,35904.08,1,3,1,1,0,3142.73,11.42,1474,0,0,0,0,410.0,0,1
T06982,2026-01-06T03:21:00+00:00,U0007,R0301,1331.36,1,3,1,1,0,5396.39,0.25,573,0,0,0,0,102.0,0,1
T06983,2026-01-06T03:22:00+00:00,U0105,R0100,914.07,1,3,0,0,1,3637.27,0.25,203,0,0,0,0,28.0,0,0
T06984,2026-01-06T03:23:00+00:00,U0186,R0081,6860.97,1,3,0,0,0,3351.13,2.05,1731,0,0,0,0,342.0,0,0
T06985,2026-01-06T03:24:00+00:00,U0156,R0309,2208.74,1,3,0,0,0,4334.59,0.51,1027,0,0,0,0,152.0,0,0
T06986,2026-01-06T03:25:00+00:00,U0019,R0123,5611.2,1,3,0,0,0,4568.39,1.23,1302,0,0,0,0,132.0,0,0
T06987,2026-01-06T03:26:00+00:00,U0086,R0173,6165.27,1,3,0,0,1,4611.5,1.34,1686,0,0,0,0,19.0,0,0
T06988,2026-01-06T03:27:00+00:00,U0024,R0131,5361.85,1,3,0,0,0,3927.33,1.37,1553,0,0,0,0,140.0,0,0
T06989,2026-01-06T03:28:00+00:00,U0179,R0382,419.94,1,3,0,0,1,3725.42,0.11,1145,0,0,0,0,51.0,0,0
T06990,2026-01-06T03:29:00+00:00,U0076,R0067,644.24,1,3,0,0,0,3800.95,0.17,1540,0,0,0,0,63.0,0,0
T06991,2026-01-06T03:30:00+00:00,U0105,R0482,5379.79,1,3,0,1,2,3543.36,1.52,203,1,0,0,0,8.0,0,0
T06992,2026-01-06T03:31:00+00:00,U0094,R0323,7067.15,1,3,0,0,0,3125.16,2.26,768,0,0,0,0,103.0,0,0
T06993,2026-01-06T03:32:00+00:00,U0087,R0122,752.52,1,3,0,0,0,4526.28,0.17,1811,0,0,0,0,331.0,0,0
T06994,2026-01-06T03:33:00+00:00,U0102,R0220,4451.38,1,3,0,0,1,4052.76,1.1,1474,0,0,0,0,13.0,0,0
T06995,2026-01-06T03:34:00+00:00,U0191,R0024,4185.49,1,3,0,0,0,4681.0,0.89,982,0,0,0,0,340.0,0,0
T06996,2026-01-06T03:35:00+00:00,U0025,R0060,4095.49,1,3,0,0,0,3679.37,1.11,1745,0,0,0,0,219.0,0,0
T06997,2026-01-06T03:36:00+00:00,U0110,R0400,1271.2,1,3,0,0,0,3776.04,0.34,29,0,0,0,0,468.0,0,0
T06998,2026-01-06T03:37:00+00:00,U0011,R0484,427.04,1,3,0,1,0,3615.86,0.12,177,0,0,0,0,74.0,0,0
T06999,2026-01-06T03:38:00+00:00,U0015,R0267,6076.78,1,3,0,0,0,3726.1,1.63,1206,0,0,0,0,481.0,0,0
T07000,2026-01-06T03:39:00+00:00,U0093,R0200,42502.54,1,3,1,1,0,5386.27,7.89,403,0,0,0,0,302.0,0,1
T07001,2026-01-06T03:40:00+00:00,U0156,R0046,3160.21,1,3,0,0,1,4261.29,0.74,1027,0,0,0,0,16.0,0,0
T07002,2026-01-06T03:41:00+00:00,U0196,R0014,459.63,1,3,0,0,0,4128.64,0.11,219,0,0,0,0,367.0,0,0
T07003,2026-01-06T03:42:00+00:00,U0176,R0234,5004.87,1,3,0,0,0,2743.22,1.82,1935,0,0,0,0,1144.0,0,0
T07004,2026-01-06T03:43:00+00:00,U0191,R0109,4227.97,1,3,0,0,1,4667.96,0.91,982,1,0,0,0,9.0,0,0
T07005,2026-01-06T03:44:00+00:00,U0045,R0394,967.25,1,3,0,0,0,5145.59,0.19,1072,0,0,0,0,185.0,0,0
T07006,2026-01-06T03:45:00+00:00,U0088,R0183,2512.47,1,3,0,0,0,6807.27,0.37,1812,0,0,0,0,67.0,0,0
T07007,2026-01-06T03:46:00+00:00,U0111,R0261,30232.25,0,3,1,0,0,4018.98,7.52,877,0,0,0,0,190.0,1,1
T07008,2026-01-06T03:47:00+00:00,U0112,R0293,761.3,1,3,0,0,0,3519.4,0.22,939,0,0,0,0,599.0,0,0
T07009,2026-01-06T03:48:00+00:00,U0161,R0434,3035.97,1,3,0,0,0,4591.21,0.66,1632,0,0,0,0,105.0,0,0
T07010,2026-01-06T03:49:00+00:00,U0196,R0288,252.03,1,3,0,0,1,4010.28,0.06,219,1,0,0,0,8.0,0,0
T07011,2026-01-06T03:50:00+00:00,U0037,R0319,2680.81,1,3,0,0,0,4048.06,0.66,132,0,0,0,0,100.0,0,0
T07012,2026-01-06T03:51:00+00:00,U0135,R0426,1504.65,1,3,0,0,0,3582.26,0.42,1258,0,0,0,0,115.0,0,0
T07013,2026-01-06T03:52:00+00:00,U0192,R0494,863.65,1,3,0,0,0,3447.21,0.25,887,0,0,0,0,294.0,0,0
T07014,2026-01-06T03:53:00+00:00,U0062,R0156,1620.18,1,3,0,0,0,3617.12,0.45,820,0,0,0,0,121.0,0,0
T07015,2026-01-06T03:54:00+00:00,U0002,R0407,268.86,1,3,0,0,0,3544.94,0.08,1660,0,0,0,0,216.0,0,0
T07016,2026-01-06T03:55:00+00:00,U0115,R0400,3358.64,1,3,0,0,0,3431.64,0.98,579,0,0,0,0,185.0,0,0
T07017,2026-01-06T03:56:00+00:00,U0077,R0122,6039.46,1,3,0,0,0,4265.8,1.42,332,0,0,0,0,102.0,0,0
T07018,2026-01-06T03:57:00+00:00,U0171,R0468,1167.83,0,3,0,0,0,4576.3,0.26,1154,0,0,0,0,104.0,1,0
T07019,2026-01-06T03:58:00+00:00,U0136,R0070,3047.64,1,3,0,0,0,4027.42,0.76,126,0,0,0,0,101.0,0,0
T07020,2026-01-06T03:59:00+00:00,U0055,R0120,2407.4,1,3,0,0,0,4377.52,0.55,553,0,0,0,0,309.0,0,0
T07021,2026-01-06T04:00:00+00:00,U0158,R0371,3557.72,1,4,0,0,0,4728.63,0.75,1865,0,0,0,0,127.0,0,0
T07022,2026-01-06T04:01:00+00:00,U0027,R0342,2898.58,1,4,0,0,0,5457.54,0.53,1808,0,0,0,0,75.0,0,0
T07023,2026-01-06T04:02:00+00:00,U0177,R0356,3838.89,1,4,0,0,0,5312.5,0.72,315,0,0,0,0,226.0,0,0
T07024,2026-01-06T04:03:00+00:00,U0013,R0260,3044.25,1,4,0,0,0,5974.68,0.51,869,0,0,0,0,338.0,0,0
T07025,2026-01-06T04:04:00+00:00,U0145,R0298,4406.36,1,4,0,1,0,3560.52,1.24,94,0,0,0,0,547.0,0,1
T07026,2026-01-06T04:05:00+00:00,U0075,R0147,1421.86,1,4,0,0,0,3622.79,0.39,86,0,0,0,0,85.0,0,0
T07027,2026-01-06T04:06:00+00:00,U0005,R0366,1822.25,1,4,0,0,0,4708.92,0.39,1114,0,0,0,0,578.0,0,0
T07028,2026-01-06T04:07:00+00:00,U0066,R0299,4245.28,1,4,0,0,0,6844.56,0.62,532,0,0,0,0,84.0,0,0
T07029,2026-01-06T04:08:00+00:00,U0104,R0388,21084.04,1,4,0,0,0,3962.95,5.32,508,0,0,0,0,144.0,0,1
T07030,2026-01-06T04:09:00+00:00,U0147,R0320,535.25,1,4,0,0,0,5329.03,0.1,1663,0,0,0,0,370.0,0,0
T07031,2026-01-06T04:10:00+00:00,U0108,R0393,9242.73,1,4,0,0,0,3937.13,2.35,1935,0,0,0,0,115.0,0,1
T07032,2026-01-06T04:11:00+00:00,U0097,R0446,526.06,1,4,0,0,0,4172.23,0.13,174,0,0,0,0,585.0,0,0
T07033,2026-01-06T04:12:00+00:00,U0076,R0426,9864.74,1,4,0,0,1,3695.73,2.67,1540,0,0,0,0,43.0,0,0
T07034,2026-01-06T04:13:00+00:00,U0155,R0389,783.72,1,4,0,0,0,3153.77,0.25,1159,0,0,0,0,258.0,0,0
T07035,2026-01-06T04:14:00+00:00,U0187,R0347,3601.03,1,4,0,0,0,4169.23,0.86,1389,0,0,0,0,107.0,0,0
T07036,2026-01-06T04:15:00+00:00,U0117,R0046,1055.54,1,4,0,0,0,4325.89,0.24,876,0,0,0,0,800.0,0,0
T07037,2026-01-06T04:16:00+00:00,U0076,R0075,1973.87,1,4,0,0,2,3894.73,0.51,1540,1,0,0,0,4.0,0,0
T07038,2026-01-06T04:17:00+00:00,U0094,R0297,6807.28,1,4,0,0,1,3271.16,2.08,768,0,0,0,0,46.0,0,0
T07039,2026-01-06T04:18:00+00:00,U0146,R0128,827.56,1,4,0,0,0,3939.64,0.21,1480,0,0,0,0,1294.0,0,0
T07040,2026-01-06T04:19:00+00:00,U0145,R0053,7008.7,1,4,0,0,1,3590.72,1.95,94,0,0,0,0,15.0,0,0
T07041,2026-01-06T04:20:00+00:00,U0198,R0257,3705.33,1,4,0,0,0,3945.41,0.94,1947,0,0,0,0,62.0,0,0
T07042,2026-01-06T04:21:00+00:00,U0146,R0317,2462.35,1,4,0,0,1,3853.19,0.64,1480,1,0,0,0,3.0,0,0
T07043,2026-01-06T04:22:00+00:00,U0050,R0489,856.51,1,4,0,0,0,3269.26,0.26,682,0,0,0,0,331.0,0,0
T07044,2026-01-06T04:23:00+00:00,U0049,R0056,5144.15,1,4,0,0,0,3971.98,1.3,100,0,0,0,0,180.0,0,0
T07045,2026-01-06T04:24:00+00:00,U0200,R0414,1345.05,1,4,0,0,0,3408.58,0.39,1096,0,0,0,0,80.0,0,0
T07046,2026-01-06T04:25:00+00:00,U0076,R0400,3147.14,1,4,0,0,3,3834.7,0.82,1540,1,0,0,0,9.0,0,0
T07047,2026-01-06T04:26:00+00:00,U0111,R0207,4198.01,1,4,0,0,1,4922.89,0.85,877,0,0,0,0,40.0,0,0
T07048,2026-01-06T04:27:00+00:00,U0015,R0209,2381.97,1,4,1,0,1,3824.05,0.62,1206,0,0,0,0,49.0,0,0
T07049,2026-01-06T04:28:00+00:00,U0006,R0286,4933.57,1,4,0,0,0,7112.92,0.69,1386,0,0,0,0,280.0,0,0
T07050,2026-01-06T04:29:00+00:00,U0102,R0328,1383.21,1,4,0,0,1,4063.54,0.34,1474,0,0,0,0,56.0,0,0
T07051,2026-01-06T04:30:00+00:00,U0196,R0214,1078.29,1,4,0,0,2,3892.84,0.28,219,0,0,0,0,41.0,0,0
T07052,2026-01-06T04:31:00+00:00,U0008,R0329,4113.24,1,4,0,0,0,4459.44,0.92,457,0,0,0,0,88.0,0,0
T07053,2026-01-06T04:32:00+00:00,U0192,R0111,3167.13,1,4,0,0,1,3375.45,0.94,887,0,0,0,0,40.0,0,0
T07054,2026-01-06T04:33:00+00:00,U0186,R0117,1048.18,1,4,0,0,0,3432.75,0.31,1731,0,0,0,0,70.0,0,0
T07055,2026-01-06T04:34:00+00:00,U0057,R0167,2568.58,1,4,0,0,0,5987.71,0.43,459,0,0,0,0,109.0,0,0
T07056,2026-01-06T04:35:00+00:00,U0155,R0465,3862.27,1,4,0,0,1,3077.31,1.26,1159,0,0,0,0,22.0,0,0
T07057,2026-01-06T04:36:00+00:00,U0063,R0461,3267.42,1,4,0,0,0,3772.65,0.87,1621,0,0,0,0,147.0,0,0
T07058,2026-01-06T04:37:00+00:00,U0036,R0337,5313.4,1,4,0,0,0,4301.29,1.24,219,0,0,0,0,384.0,0,0
T07059,2026-01-06T04:38:00+00:00,U0194,R0009,3032.13,1,4,1,0,0,5464.57,0.55,1773,0,0,0,0,197.0,0,0
T07060,2026-01-06T04:39:00+00:00,U0073,R0424,5279.59,1,4,0,0,0,6186.92,0.85,1369,0,0,0,0,462.0,0,0
T07061,2026-01-06T04:40:00+00:00,U0089,R0492,5270.87,1,4,0,0,0,3517.07,1.5,622,0,0,0,0,348.0,0,1
T07062,2026-01-06T04:41:00+00:00,U0089,R0492,5270.87,0,4,1,1,1,3573.64,1.47,622,1,1,1,1,1.0,1,1
T07063,2026-01-06T04:42:00+00:00,U0089,R0492,5270.87,0,4,1,0,2,3626.68,1.45,622,2,2,2,2,1.0,2,1
T07064,2026-01-06T04:43:00+00:00,U0170,R0061,3917.32,1,4,0,0,0,5661.22,0.69,1804,0,0,0,0,447.0,0,0
T07065,2026-01-06T04:44:00+00:00,U0178,R0290,1228.95,1,4,0,0,0,3772.11,0.33,1860,0,0,0,0,872.0,0,0
T07066,2026-01-06T04:45:00+00:00,U0088,R0016,6698.09,1,4,1,1,1,6841.41,0.98,1812,0,0,0,0,60.0,0,0
T07067,2026-01-06T04:46:00+00:00,U0038,R0208,6057.65,1,4,0,1,0,3723.73,1.63,400,0,0,0,0,194.0,0,0
T07068,2026-01-06T04:47:00+00:00,U0092,R0279,2444.51,1,4,0,0,0,5584.63,0.44,892,0,0,0,0,979.0,0,0
T07069,2026-01-06T04:48:00+00:00,U0112,R0339,2243.11,1,4,1,0,0,3450.44,0.65,939,0,0,0,0,61.0,0,0
T07070,2026-01-06T04:49:00+00:00,U0141,R0196,2217.29,1,4,0,0,0,3571.68,0.62,113,0,0,0,0,221.0,0,0
T07071,2026-01-06T04:50:00+00:00,U0089,R0209,2827.93,1,4,0,0,3,3676.5,0.77,622,3,0,0,0,8.0,0,0
T07072,2026-01-06T04:51:00+00:00,U0056,R0008,1570.31,1,4,0,0,0,4464.54,0.35,129,0,0,0,0,119.0,0,0
T07073,2026-01-06T04:52:00+00:00,U0110,R0051,5425.07,1,4,0,0,0,3702.37,1.47,29,0,0,0,0,76.0,0,0
T07074,2026-01-06T04:53:00+00:00,U0176,R0452,12097.25,1,4,1,0,0,2802.74,4.32,1935,0,0,0,0,71.0,0,1
T07075,2026-01-06T04:54:00+00:00,U0049,R0414,4772.87,1,4,0,0,1,4009.79,1.19,100,0,0,0,0,31.0,0,0
T07076,2026-01-06T04:55:00+00:00,U0147,R0173,4826.63,1,4,0,0,1,5212.11,0.93,1663,0,0,0,0,46.0,0,0
T07077,2026-01-06T04:56:00+00:00,U0193,R0062,1224.95,1,4,0,0,0,6659.43,0.18,158,0,0,0,0,120.0,0,0
T07078,2026-01-06T04:57:00+00:00,U0050,R0398,935.04,1,4,0,1,1,3183.09,0.29,682,0,0,0,0,35.0,0,0
T07079,2026-01-06T04:58:00+00:00,U0139,R0077,19533.22,1,4,1,1,0,3198.76,6.11,1504,0,0,0,0,99.0,0,1
T07080,2026-01-06T04:59:00+00:00,U0198,R0160,19396.49,1,4,1,0,1,3939.56,4.92,1947,0,0,0,0,39.0,0,1
T07081,2026-01-06T05:00:00+00:00,U0070,R0321,1476.36,1,5,0,0,0,3959.98,0.37,664,0,0,0,0,373.0,0,0
T07082,2026-01-06T05:01:00+00:00,U0008,R0427,4248.82,0,5,0,0,1,4448.27,0.96,457,0,0,0,0,30.0,1,0
T07083,2026-01-06T05:02:00+00:00,U0123,R0386,272.18,1,5,0,0,0,2816.6,0.1,832,0,0,0,0,332.0,0,0
T07084,2026-01-06T05:03:00+00:00,U0002,R0342,1348.8,1,5,0,0,0,3453.94,0.39,1660,0,0,0,0,69.0,0,0
T07085,2026-01-06T05:04:00+00:00,U0112,R0308,997.33,1,5,0,0,1,3421.0,0.29,939,0,0,0,0,16.0,0,0
T07086,2026-01-06T05:05:00+00:00,U0100,R0033,4478.63,1,5,0,0,0,5027.0,0.89,1160,0,0,0,0,127.0,0,0
T07087,2026-01-06T05:06:00+00:00,U0030,R0427,1954.67,1,5,0,0,0,4184.09,0.47,229,0,0,0,0,217.0,0,0
T07088,2026-01-06T05:07:00+00:00,U0100,R0258,4004.25,1,5,0,0,1,5011.77,0.8,1160,1,0,0,0,2.0,0,0
T07089,2026-01-06T05:08:00+00:00,U0021,R0343,11913.26,1,5,0,1,0,6095.04,1.95,486,0,0,0,0,388.0,0,1
T07090,2026-01-06T05:09:00+00:00,U0157,R0172,5826.95,1,5,0,0,0,6011.77,0.97,793,0,0,0,0,547.0,0,0
T07091,2026-01-06T05:10:00+00:00,U0007,R0025,2226.55,1,5,0,0,0,5289.41,0.42,573,0,0,0,0,109.0,0,0
T07092,2026-01-06T05:11:00+00:00,U0097,R0271,27881.19,1,5,1,1,1,4078.74,6.84,174,0,0,0,0,60.0,0,1
T07093,2026-01-06T05:12:00+00:00,U0166,R0143,832.17,1,5,0,0,0,3612.87,0.23,1257,0,0,0,0,184.0,0,0
T07094,2026-01-06T05:13:00+00:00,U0162,R0311,1830.36,1,5,0,0,0,5147.54,0.36,391,0,0,0,0,142.0,0,0
T07095,2026-01-06T05:14:00+00:00,U0189,R0165,6574.37,1,5,0,0,0,3760.05,1.75,690,0,0,0,0,256.0,0,0
T07096,2026-01-06T05:15:00+00:00,U0105,R0397,3770.81,0,5,0,0,0,3604.58,1.05,203,0,0,0,0,105.0,1,0
T07097,2026-01-06T05:16:00+00:00,U0162,R0268,1541.25,1,5,0,0,1,5040.53,0.31,391,1,0,0,0,3.0,0,0
T07098,2026-01-06T05:17:00+00:00,U0150,R0487,2567.98,1,5,0,0,0,4810.67,0.53,1080,0,0,0,0,235.0,0,0
T07099,2026-01-06T05:18:00+00:00,U0106,R0322,4137.34,1,5,0,0,0,3117.09,1.33,1381,0,0,0,0,365.0,0,0
T07100,2026-01-06T05:19:00+00:00,U0187,R0189,5725.03,1,5,0,0,0,4152.01,1.38,1389,0,0,0,0,65.0,0,0
T07101,2026-01-06T05:20:00+00:00,U0072,R0139,572.79,1,5,0,0,0,2615.25,0.22,1208,0,0,0,0,171.0,0,0
T07102,2026-01-06T05:21:00+00:00,U0127,R0226,795.94,1,5,0,0,0,2693.14,0.3,675,0,0,0,0,521.0,0,0
T07103,2026-01-06T05:22:00+00:00,U0073,R0201,3345.71,1,5,0,0,1,6162.4,0.54,1369,0,0,0,0,43.0,0,0
T07104,2026-01-06T05:23:00+00:00,U0183,R0483,5086.26,1,5,0,0,0,3159.34,1.61,827,0,0,0,0,279.0,0,0
T07105,2026-01-06T05:24:00+00:00,U0036,R0372,3194.67,1,5,0,0,1,4323.78,0.74,219,0,0,0,0,47.0,0,0
T07106,2026-01-06T05:25:00+00:00,U0106,R0344,5026.54,1,5,0,0,1,3143.94,1.6,1381,1,0,0,0,7.0,0,0
T07107,2026-01-06T05:26:00+00:00,U0036,R0177,3234.51,1,5,0,0,2,4299.23,0.75,219,1,0,0,0,2.0,0,0
T07108,2026-01-06T05:27:00+00:00,U0024,R0382,1198.98,1,5,0,0,0,3957.85,0.3,1553,0,0,0,0,120.0,0,0
T07109,2026-01-06T05:28:00+00:00,U0186,R0321,2340.56,1,5,0,0,1,3378.56,0.69,1731,0,0,0,0,55.0,0,0
T07110,2026-01-06T05:29:00+00:00,U0099,R0473,3285.6,1,5,0,0,0,3763.81,0.87,828,0,0,0,0,649.0,0,0
T07111,2026-01-06T05:30:00+00:00,U0042,R0290,3353.38,1,5,0,0,0,3867.01,0.87,914,0,0,0,0,359.0,0,0
T07112,2026-01-06T05:31:00+00:00,U0155,R0035,678.34,1,5,0,0,1,3101.84,0.22,1159,0,0,0,0,56.0,0,0
T07113,2026-01-06T05:32:00+00:00,U0068,R0012,4037.64,1,5,0,0,0,4162.48,0.97,98,0,0,0,0,414.0,0,0
T07114,2026-01-06T05:33:00+00:00,U0135,R0346,1796.52,1,5,0,0,0,3519.31,0.51,1258,0,0,0,0,102.0,0,0
T07115,2026-01-06T05:34:00+00:00,U0018,R0497,4111.06,1,5,0,0,0,4555.51,0.9,74,0,0,0,0,420.0,0,0
T07116,2026-01-06T05:35:00+00:00,U0052,R0233,428.39,1,5,0,1,0,3685.88,0.12,51,0,0,0,0,341.0,0,0
T07117,2026-01-06T05:36:00+00:00,U0034,R0489,4275.4,1,5,0,0,0,3587.31,1.19,1925,0,0,0,0,1086.0,0,0
T07118,2026-01-06T05:37:00+00:00,U0092,R0367,8056.55,1,5,0,0,1,5489.47,1.47,892,0,0,0,0,50.0,0,0
T07119,2026-01-06T05:38:00+00:00,U0052,R0177,4770.25,1,5,0,0,1,3600.16,1.33,51,1,0,0,0,3.0,0,0
T07120,2026-01-06T05:39:00+00:00,U0103,R0056,2247.7,1,5,0,0,0,3086.59,0.73,145,0,0,0,0,568.0,0,0
T07121,2026-01-06T05:40:00+00:00,U0021,R0238,439.21,1,5,0,0,1,6236.94,0.07,486,0,0,0,0,32.0,0,0
T07122,2026-01-06T05:41:00+00:00,U0043,R0348,5802.45,1,5,0,0,0,3378.54,1.72,1004,0,0,0,0,545.0,0,0
T07123,2026-01-06T05:42:00+00:00,U0155,R0084,4924.26,1,5,0,0,1,3028.41,1.63,1159,0,0,0,0,11.0,0,0
T07124,2026-01-06T05:43:00+00:00,U0029,R0113,224.78,1,5,0,0,0,5526.36,0.04,316,0,0,0,0,284.0,0,1
T07125,2026-01-06T05:44:00+00:00,U0029,R0113,224.78,0,5,1,1,1,5349.64,0.04,316,1,1,1,1,1.0,1,1
T07126,2026-01-06T05:45:00+00:00,U0029,R0113,224.78,0,5,0,0,2,5184.32,0.04,316,2,2,2,2,1.0,2,1
T07127,2026-01-06T05:46:00+00:00,U0061,R0423,7069.76,1,5,0,0,0,2939.72,2.4,255,0,0,0,0,241.0,0,0
T07128,2026-01-06T05:47:00+00:00,U0172,R0163,1438.16,1,5,0,0,0,5753.85,0.25,1447,0,0,0,0,365.0,0,0
T07129,2026-01-06T05:48:00+00:00,U0127,R0280,1969.67,1,5,0,0,1,2633.85,0.75,675,0,0,0,0,27.0,0,0
T07130,2026-01-06T05:49:00+00:00,U0089,R0193,5230.84,1,5,1,1,1,3651.55,1.43,622,0,0,0,0,59.0,0,1
T07131,2026-01-06T05:50:00+00:00,U0056,R0230,6637.34,1,5,1,1,1,4384.14,1.51,129,0,0,0,0,59.0,0,1
T07132,2026-01-06T05:51:00+00:00,U0171,R0280,2233.37,1,5,0,0,0,4458.77,0.5,1154,0,0,0,0,114.0,0,0
T07133,2026-01-06T05:52:00+00:00,U0068,R0304,731.79,1,5,0,0,1,4159.2,0.18,98,0,0,0,0,20.0,0,0
T07134,2026-01-06T05:53:00+00:00,U0044,R0443,5058.89,1,5,0,0,0,5327.33,0.95,1950,0,0,0,0,315.0,0,0
T07135,2026-01-06T05:54:00+00:00,U0013,R0073,1508.67,1,5,0,0,0,5877.0,0.26,869,0,0,0,0,111.0,0,0
T07136,2026-01-06T05:55:00+00:00,U0076,R0262,7005.97,1,5,0,0,0,3813.87,1.84,1540,0,0,0,0,90.0,0,0
T07137,2026-01-06T05:56:00+00:00,U0025,R0221,402.97,1,5,0,0,0,3695.38,0.11,1745,0,0,0,0,141.0,0,0
T07138,2026-01-06T05:57:00+00:00,U0014,R0122,3179.1,1,5,0,0,0,4589.19,0.69,608,0,0,0,0,607.0,0,0
T07139,2026-01-06T05:58:00+00:00,U0175,R0129,8472.87,1,5,1,1,0,3531.98,2.4,1375,0,0,0,0,404.0,0,1
T07140,2026-01-06T05:59:00+00:00,U0102,R0241,354.56,1,5,0,0,0,3993.0,0.09,1474,0,0,0,0,90.0,0,0
T07141,2026-01-06T06:00:00+00:00,U0037,R0464,467.84,1,6,0,0,0,4013.0,0.12,132,0,0,0,0,130.0,0,0
T07142,2026-01-06T06:01:00+00:00,U0128,R0342,3912.55,1,6,0,0,0,3322.97,1.18,1107,0,0,0,0,173.0,0,0
T07143,2026-01-06T06:02:00+00:00,U0048,R0039,999.56,1,6,0,0,0,4280.69,0.23,453,0,0,0,0,371.0,0,0
T07144,2026-01-06T06:03:00+00:00,U0042,R0328,3102.7,0,6,0,0,1,3855.59,0.8,914,0,0,0,0,33.0,1,0
T07145,2026-01-06T06:04:00+00:00,U0126,R0458,14995.4,1,6,1,1,0,5507.98,2.72,1797,0,0,0,0,623.0,0,1
T07146,2026-01-06T06:05:00+00:00,U0138,R0424,997.93,1,6,0,0,0,5504.06,0.18,1898,0,0,0,0,280.0,0,0
T07147,2026-01-06T06:06:00+00:00,U0161,R0100,4972.27,1,6,0,0,0,4555.86,1.09,1632,0,0,0,0,138.0,0,0
T07148,2026-01-06T06:07:00+00:00,U0108,R0088,442.19,1,6,0,0,0,4102.93,0.11,1935,0,0,0,0,117.0,0,0
T07149,2026-01-06T06:08:00+00:00,U0088,R0377,5222.02,1,6,0,0,0,6575.48,0.79,1812,0,0,0,0,83.0,0,0
T07150,2026-01-06T06:09:00+00:00,U0188,R0352,5465.19,1,6,0,1,0,6077.86,0.9,1681,0,0,0,0,340.0,0,0
T07151,2026-01-06T06:10:00+00:00,U0060,R0389,7619.15,1,6,0,0,0,3042.15,2.5,1595,0,0,0,0,367.0,0,0
T07152,2026-01-06T06:11:00+00:00,U0060,R0448,699.2,1,6,0,0,1,3211.67,0.22,1595,1,0,0,0,1.0,0,0
T07153,2026-01-06T06:12:00+00:00,U0063,R0449,8781.28,1,6,0,0,0,3757.34,2.34,1621,0,0,0,0,96.0,0,0
T07154,2026-01-06T06:13:00+00:00,U0132,R0091,842.57,1,6,0,0,0,4605.16,0.18,12,0,0,0,0,503.0,0,0
T07155,2026-01-06T06:14:00+00:00,U0082,R0210,830.92,1,6,0,0,0,5939.56,0.14,212,0,0,0,0,871.0,0,0
T07156,2026-01-06T06:15:00+00:00,U0059,R0294,2432.4,1,6,0,0,0,5694.81,0.43,75,0,0,0,0,231.0,0,0
T07157,2026-01-06T06:16:00+00:00,U0190,R0012,1128.33,1,6,0,0,0,3193.39,0.35,1087,0,0,0,0,371.0,0,0
T07158,2026-01-06T06:17:00+00:00,U0180,R0302,1826.2,1,6,0,0,0,5512.4,0.33,793,0,0,0,0,334.0,0,0
T07159,2026-01-06T06:18:00+00:00,U0163,R0220,5630.29,1,6,0,0,0,3435.68,1.64,550,0,0,0,0,823.0,0,0
T07160,2026-01-06T06:19:00+00:00,U0031,R0233,3380.25,1,6,0,0,0,4492.24,0.75,1886,0,0,0,0,346.0,0,0
T07161,2026-01-06T06:20:00+00:00,U0016,R0207,4923.42,1,6,0,0,0,4455.74,1.1,1715,0,0,0,0,263.0,0,0
T07162,2026-01-06T06:21:00+00:00,U0128,R0121,2190.21,1,6,0,0,1,3337.71,0.66,1107,0,0,0,0,20.0,0,0
T07163,2026-01-06T06:22:00+00:00,U0133,R0400,7505.18,1,6,0,0,0,3272.43,2.29,257,0,0,0,0,279.0,0,0
T07164,2026-01-06T06:23:00+00:00,U0004,R0187,5849.13,1,6,0,0,0,4714.86,1.24,1108,0,0,0,0,197.0,0,0
T07165,2026-01-06T06:24:00+00:00,U0097,R0277,1947.31,1,6,0,0,0,4673.8,0.42,174,0,0,0,0,73.0,0,0
T07166,2026-01-06T06:25:00+00:00,U0169,R0431,1400.32,1,6,0,0,0,3414.66,0.41,1949,0,0,0,0,368.0,0,0
T07167,2026-01-06T06:26:00+00:00,U0058,R0323,2188.63,1,6,1,0,0,3792.37,0.58,1080,0,0,0,0,354.0,0,0
T07168,2026-01-06T06:27:00+00:00,U0173,R0082,3196.9,1,6,0,0,0,3027.16,1.06,1772,0,0,0,0,787.0,0,0
T07169,2026-01-06T06:28:00+00:00,U0101,R0348,3772.05,1,6,0,0,0,4708.38,0.8,1165,0,0,0,0,602.0,0,0
T07170,2026-01-06T06:29:00+00:00,U0094,R0008,1135.72,1,6,0,0,0,3397.45,0.33,768,0,0,0,0,132.0,0,0
T07171,2026-01-06T06:30:00+00:00,U0139,R0230,743.83,1,6,0,0,0,3693.75,0.2,1504,0,0,0,0,92.0,0,0
T07172,2026-01-06T06:31:00+00:00,U0176,R0136,2132.79,1,6,0,1,0,3041.06,0.7,1935,0,0,0,0,98.0,0,0
T07173,2026-01-06T06:32:00+00:00,U0039,R0376,6696.37,1,6,0,0,0,3324.34,2.01,176,0,0,0,0,297.0,0,0
T07174,2026-01-06T06:33:00+00:00,U0167,R0395,4755.38,1,6,0,0,0,3060.62,1.55,1126,0,0,0,0,333.0,0,0
T07175,2026-01-06T06:34:00+00:00,U0019,R0293,557.56,1,6,1,0,0,4595.13,0.12,1302,0,0,0,0,189.0,0,0
T07176,2026-01-06T06:35:00+00:00,U0146,R0204,6087.65,1,6,0,0,0,3815.6,1.6,1480,0,0,0,0,134.0,0,0
T07177,2026-01-06T06:36:00+00:00,U0194,R0305,739.97,1,6,0,0,0,5402.2,0.14,1773,0,0,0,0,118.0,0,0
T07178,2026-01-06T06:37:00+00:00,U0143,R0303,5092.27,1,6,0,0,0,3573.27,1.43,194,0,0,0,0,669.0,0,0
T07179,2026-01-06T06:38:00+00:00,U0175,R0138,2302.91,1,6,0,0,1,3677.3,0.63,1375,0,0,0,0,40.0,0,0
T07180,2026-01-06T06:39:00+00:00,U0160,R0312,5851.86,1,6,0,0,0,5149.72,1.14,214,0,0,0,0,822.0,0,0
T07181,2026-01-06T06:40:00+00:00,U0140,R0445,4247.88,1,6,0,0,0,4545.22,0.93,1219,0,0,0,0,231.0,0,0
T07182,2026-01-06T06:41:00+00:00,U0041,R0065,2774.14,1,6,0,0,0,4250.04,0.65,680,0,0,0,0,353.0,0,0
T07183,2026-01-06T06:42:00+00:00,U0010,R0436,909.76,1,6,0,0,0,3052.36,0.3,1038,0,0,0,0,511.0,0,0
T07184,2026-01-06T06:43:00+00:00,U0009,R0488,4283.54,1,6,0,0,0,3027.62,1.41,1744,0,0,0,0,326.0,0,0
T07185,2026-01-06T06:44:00+00:00,U0187,R0118,2125.49,1,6,0,0,0,4198.28,0.51,1389,0,0,0,0,85.0,0,0
T07186,2026-01-06T06:45:00+00:00,U0139,R0222,4610.53,1,6,0,0,1,3606.99,1.28,1504,0,0,0,0,15.0,0,0
T07187,2026-01-06T06:46:00+00:00,U0154,R0367,538.26,1,6,0,1,0,3996.71,0.13,1010,0,0,0,0,239.0,0,0
T07188,2026-01-06T06:47:00+00:00,U0130,R0497,29351.98,1,6,1,1,0,4156.84,7.06,708,0,0,0,0,256.0,0,1
T07189,2026-01-06T06:48:00+00:00,U0034,R0153,1388.1,1,6,0,0,0,3606.97,0.38,1925,0,0,0,0,72.0,0,0
T07190,2026-01-06T06:49:00+00:00,U0087,R0434,4743.45,1,6,0,0,0,4381.14,1.08,1811,0,0,0,0,197.0,0,0
T07191,2026-01-06T06:50:00+00:00,U0132,R0284,2052.41,1,6,0,0,1,4483.79,0.46,12,0,0,0,0,37.0,0,0
T07192,2026-01-06T06:51:00+00:00,U0166,R0044,6457.05,0,6,0,0,0,3588.95,1.8,1257,0,0,0,0,99.0,1,0
T07193,2026-01-06T06:52:00+00:00,U0116,R0321,749.16,1,6,0,0,0,4251.79,0.18,463,0,0,0,0,388.0,0,0
T07194,2026-01-06T06:53:00+00:00,U0118,R0493,2850.01,1,6,0,0,0,4010.29,0.71,635,0,0,0,0,382.0,0,0
T07195,2026-01-06T06:54:00+00:00,U0010,R0356,1069.24,1,6,0,1,1,3000.1,0.36,1038,0,0,0,0,12.0,0,0
T07196,2026-01-06T06:55:00+00:00,U0024,R0183,1029.31,1,6,0,0,0,3900.37,0.26,1553,0,0,0,0,88.0,0,0
T07197,2026-01-06T06:56:00+00:00,U0061,R0459,929.6,1,6,0,0,0,3064.88,0.3,255,0,0,0,0,70.0,0,0
T07198,2026-01-06T06:57:00+00:00,U0115,R0200,3628.61,1,6,0,0,0,3428.72,1.06,579,0,0,0,0,182.0,0,0
T07199,2026-01-06T06:58:00+00:00,U0139,R0394,35111.86,0,6,1,0,2,3635.66,9.66,1504,0,0,0,0,13.0,1,1
T07200,2026-01-06T06:59:00+00:00,U0048,R0014,1524.79,1,6,0,0,1,4181.26,0.36,453,0,0,0,0,57.0,0,0
T07201,2026-01-06T07:00:00+00:00,U0116,R0141,1769.17,1,7,0,0,1,4164.22,0.42,463,1,0,0,0,8.0,0,0
T07202,2026-01-06T07:01:00+00:00,U0020,R0494,2302.83,1,7,0,0,0,4256.31,0.54,1664,0,0,0,0,246.0,0,0
T07203,2026-01-06T07:02:00+00:00,U0185,R0322,5883.02,1,7,0,0,0,3845.92,1.53,1483,0,0,0,0,254.0,0,0
T07204,2026-01-06T07:03:00+00:00,U0119,R0254,1497.38,1,7,0,0,0,4685.08,0.32,112,0,0,0,0,540.0,0,0
T07205,2026-01-06T07:04:00+00:00,U0127,R0197,2667.34,1,7,0,0,0,2613.73,1.02,675,0,0,0,0,76.0,0,0
T07206,2026-01-06T07:05:00+00:00,U0160,R0295,4306.2,1,7,0,0,1,5178.97,0.83,214,0,0,0,0,26.0,0,0
T07207,2026-01-06T07:06:00+00:00,U0130,R0255,3791.64,1,7,0,0,1,4920.33,0.77,708,0,0,0,0,19.0,0,0
T07208,2026-01-06T07:07:00+00:00,U0040,R0429,16044.01,0,7,0,1,0,4735.67,3.39,1571,0,0,0,0,577.0,1,1
T07209,2026-01-06T07:08:00+00:00,U0082,R0265,3072.04,1,7,0,0,1,5793.6,0.53,212,0,0,0,0,54.0,0,0
T07210,2026-01-06T07:09:00+00:00,U0127,R0384,1529.18,0,7,0,0,1,2615.3,0.58,675,1,0,0,0,5.0,1,0
T07211,2026-01-06T07:10:00+00:00,U0165,R0273,5033.53,1,7,0,0,0,7141.07,0.7,302,0,0,0,0,306.0,0,0
T07212,2026-01-06T07:11:00+00:00,U0135,R0001,2147.31,1,7,0,0,0,3468.64,0.62,1258,0,0,0,0,98.0,0,0
T07213,2026-01-06T07:12:00+00:00,U0048,R0350,2380.62,1,7,0,0,1,4103.13,0.58,453,0,0,0,0,13.0,0,0
T07214,2026-01-06T07:13:00+00:00,U0061,R0189,514.72,1,7,0,0,1,3002.07,0.17,255,0,0,0,0,17.0,0,0
T07215,2026-01-06T07:14:00+00:00,U0069,R0453,646.85,1,7,0,0,0,4741.84,0.14,1754,0,0,0,0,328.0,0,0
T07216,2026-01-06T07:15:00+00:00,U0093,R0387,12243.67,1,7,0,1,0,6143.74,1.99,403,0,0,0,0,216.0,0,1
T07217,2026-01-06T07:16:00+00:00,U0098,R0373,466.01,1,7,0,0,0,6572.06,0.07,938,0,0,0,0,542.0,0,0
T07218,2026-01-06T07:17:00+00:00,U0176,R0234,2093.2,0,7,0,1,1,3018.35,0.69,1935,0,0,0,0,46.0,1,0
T07219,2026-01-06T07:18:00+00:00,U0008,R0345,2116.26,1,7,0,0,0,4442.04,0.48,457,0,0,0,0,137.0,0,0
T07220,2026-01-06T07:19:00+00:00,U0072,R0461,2324.66,1,7,0,0,0,2562.88,0.91,1208,0,0,0,0,119.0,0,0
T07221,2026-01-06T07:20:00+00:00,U0200,R0383,1372.59,1,7,0,0,0,3339.79,0.41,1096,0,0,0,0,176.0,0,0
T07222,2026-01-06T07:21:00+00:00,U0096,R0138,3251.87,1,7,0,0,0,4468.89,0.73,322,0,0,0,0,726.0,0,0
T07223,2026-01-06T07:22:00+00:00,U0135,R0202,3805.59,1,7,0,0,1,3430.88,1.11,1258,0,0,0,0,11.0,0,0
T07224,2026-01-06T07:23:00+00:00,U0101,R0101,24431.03,1,7,1,0,1,4679.12,5.22,1165,0,0,0,0,55.0,0,1
T07225,2026-01-06T07:24:00+00:00,U0157,R0151,3634.04,0,7,0,0,0,6007.37,0.6,793,0,0,0,0,135.0,1,0
T07226,2026-01-06T07:25:00+00:00,U0064,R0325,4818.99,1,7,0,0,0,4180.19,1.15,1159,0,0,0,0,319.0,0,0
T07227,2026-01-06T07:26:00+00:00,U0175,R0273,2295.74,1,7,0,0,1,3638.04,0.63,1375,0,0,0,0,48.0,0,0
T07228,2026-01-06T07:27:00+00:00,U0069,R0405,7872.91,1,7,0,0,1,4617.75,1.7,1754,0,0,0,0,13.0,0,0
T07229,2026-01-06T07:28:00+00:00,U0057,R0444,7270.98,1,7,0,0,0,5908.19,1.23,459,0,0,0,0,174.0,0,0
T07230,2026-01-06T07:29:00+00:00,U0140,R0492,2313.8,1,7,0,0,1,4536.21,0.51,1219,0,0,0,0,49.0,0,0
T07231,2026-01-06T07:30:00+00:00,U0147,R0479,4300.9,1,7,1,0,0,5202.93,0.83,1663,0,0,0,0,155.0,0,0
T07232,2026-01-06T07:31:00+00:00,U0104,R0085,1124.68,1,7,0,0,0,4452.12,0.25,508,0,0,0,0,203.0,0,0
T07233,2026-01-06T07:32:00+00:00,U0176,R0349,2540.75,1,7,0,0,1,2995.79,0.85,1935,0,0,0,0,15.0,0,0
T07234,2026-01-06T07:33:00+00:00,U0048,R0273,34753.13,1,7,1,1,2,4053.92,8.57,453,0,0,0,0,21.0,0,1
T07235,2026-01-06T07:34:00+00:00,U0185,R0478,1687.3,0,7,0,0,1,3900.98,0.43,1483,0,0,0,0,32.0,1,0
T07236,2026-01-06T07:35:00+00:00,U0088,R0200,295.84,1,7,0,0,0,6673.39,0.04,1812,0,0,0,0,87.0,0,0
T07237,2026-01-06T07:36:00+00:00,U0148,R0088,651.59,1,7,0,0,0,4059.92,0.16,507,0,0,0,0,306.0,0,0
T07238,2026-01-06T07:37:00+00:00,U0151,R0114,3122.5,1,7,0,0,0,4906.74,0.64,1656,0,0,0,0,542.0,0,0
T07239,2026-01-06T07:38:00+00:00,U0057,R0176,1899.37,1,7,0,0,1,5939.17,0.32,459,1,0,0,0,10.0,0,0
T07240,2026-01-06T07:39:00+00:00,U0176,R0190,25426.47,1,7,0,0,2,2984.95,8.52,1935,1,0,0,0,7.0,0,1
T07241,2026-01-06T07:40:00+00:00,U0130,R0055,29559.66,0,7,1,0,2,4887.14,6.05,708,0,0,0,0,34.0,2,1
T07242,2026-01-06T07:41:00+00:00,U0101,R0190,3436.18,1,7,0,0,1,5277.66,0.65,1165,0,0,0,0,18.0,0,0
T07243,2026-01-06T07:42:00+00:00,U0166,R0251,861.91,1,7,0,0,1,3712.52,0.23,1257,0,0,0,0,51.0,0,0
T07244,2026-01-06T07:43:00+00:00,U0099,R0487,4851.87,0,7,1,0,0,3751.55,1.29,828,0,0,0,0,134.0,1,0
T07245,2026-01-06T07:44:00+00:00,U0084,R0009,2938.23,1,7,0,1,0,3568.05,0.82,1583,0,0,0,0,672.0,0,0
T07246,2026-01-06T07:45:00+00:00,U0194,R0250,8798.2,1,7,0,0,0,5285.64,1.66,1773,0,0,0,0,69.0,0,0
T07247,2026-01-06T07:46:00+00:00,U0074,R0423,411.91,0,7,0,0,0,3212.02,0.13,589,0,0,0,0,370.0,1,0
T07248,2026-01-06T07:47:00+00:00,U0002,R0100,2114.69,1,7,0,0,0,3397.05,0.62,1660,0,0,0,0,164.0,0,0
T07249,2026-01-06T07:48:00+00:00,U0160,R0062,2705.78,1,7,0,0,1,5144.06,0.53,214,0,0,0,0,43.0,0,0
T07250,2026-01-06T07:49:00+00:00,U0132,R0423,3416.65,0,7,1,0,1,4407.81,0.78,12,0,0,0,0,59.0,1,0
T07251,2026-01-06T07:50:00+00:00,U0029,R0468,1464.61,1,7,0,0,0,5029.33,0.29,316,0,0,0,0,125.0,0,0
T07252,2026-01-06T07:51:00+00:00,U0124,R0085,4134.1,1,7,0,0,0,3810.95,1.08,1661,0,0,0,0,614.0,0,0
T07253,2026-01-06T07:52:00+00:00,U0134,R0427,24611.97,1,7,1,0,0,4655.85,5.29,723,0,0,0,0,340.0,0,1
T07254,2026-01-06T07:53:00+00:00,U0149,R0121,421.24,1,7,0,0,0,3786.92,0.11,1912,0,0,0,0,417.0,0,0
T07255,2026-01-06T07:54:00+00:00,U0010,R0045,1822.82,0,7,0,0,1,2954.13,0.62,1038,0,0,0,0,60.0,1,0
T07256,2026-01-06T07:55:00+00:00,U0054,R0202,112.16,1,7,0,1,0,4871.57,0.02,712,0,0,0,0,293.0,0,0
T07257,2026-01-06T07:56:00+00:00,U0084,R0151,941.66,1,7,0,0,1,3552.69,0.27,1583,0,0,0,0,12.0,0,0
T07258,2026-01-06T07:57:00+00:00,U0084,R0424,1157.48,1,7,0,0,2,3490.52,0.33,1583,1,0,0,0,1.0,0,0
T07259,2026-01-06T07:58:00+00:00,U0028,R0111,873.42,1,7,0,0,0,3175.96,0.28,1290,0,0,0,0,498.0,0,0
T07260,2026-01-06T07:59:00+00:00,U0094,R0318,1593.43,1,7,0,0,0,3319.46,0.48,768,0,0,0,0,90.0,0,0
T07261,2026-01-06T08:00:00+00:00,U0108,R0244,343.09,1,8,0,0,0,3992.0,0.09,1935,0,0,0,0,113.0,0,0
T07262,2026-01-06T08:01:00+00:00,U0135,R0050,6524.85,1,8,0,0,2,3441.29,1.9,1258,0,0,0,0,39.0,0,0
T07263,2026-01-06T08:02:00+00:00,U0110,R0230,1742.18,1,8,0,0,0,3751.59,0.46,29,0,0,0,0,190.0,0,0
T07264,2026-01-06T08:03:00+00:00,U0012,R0009,1703.79,1,8,0,0,0,3743.4,0.46,476,0,0,0,0,414.0,0,0
T07265,2026-01-06T08:04:00+00:00,U0069,R0488,774.35,0,8,1,0,2,4713.49,0.16,1754,0,0,0,0,37.0,1,0
T07266,2026-01-06T08:05:00+00:00,U0179,R0443,164.24,1,8,0,1,0,3638.44,0.05,1145,0,0,0,0,277.0,0,0
T07267,2026-01-06T08:06:00+00:00,U0028,R0146,1128.96,1,8,0,0,1,3113.72,0.36,1290,1,0,0,0,8.0,0,0
T07268,2026-01-06T08:07:00+00:00,U0023,R0019,786.13,1,8,0,0,0,2905.14,0.27,1815,0,0,0,0,733.0,0,0
T07269,2026-01-06T08:08:00+00:00,U0046,R0234,730.13,1,8,0,0,0,4631.0,0.16,854,0,0,0,0,523.0,0,0
T07270,2026-01-06T08:09:00+00:00,U0136,R0486,899.69,1,8,0,0,0,3998.6,0.23,126,0,0,0,0,251.0,0,0
T07271,2026-01-06T08:10:00+00:00,U0179,R0303,3329.46,1,8,0,0,1,3549.35,0.94,1145,1,0,0,0,5.0,0,0
T07272,2026-01-06T08:11:00+00:00,U0144,R0031,3571.27,1,8,1,0,0,4665.15,0.77,685,0,0,0,0,490.0,0,0
T07273,2026-01-06T08:12:00+00:00,U0034,R0388,8359.34,1,8,1,0,0,3545.34,2.36,1925,0,0,0,0,84.0,0,0
T07274,2026-01-06T08:13:00+00:00,U0070,R0185,511.83,1,8,0,0,0,3882.37,0.13,664,0,0,0,0,193.0,0,0
T07275,2026-01-06T08:14:00+00:00,U0132,R0270,8825.96,1,8,0,0,1,4377.77,2.02,12,0,0,0,0,25.0,0,0
T07276,2026-01-06T08:15:00+00:00,U0197,R0179,4719.35,1,8,0,0,0,4571.59,1.03,274,0,0,0,0,610.0,0,0
T07277,2026-01-06T08:16:00+00:00,U0036,R0479,3440.56,1,8,0,0,0,4276.58,0.8,219,0,0,0,0,170.0,0,0
T07278,2026-01-06T08:17:00+00:00,U0199,R0220,3156.89,1,8,0,0,0,3281.27,0.96,1451,0,0,0,0,569.0,0,0
T07279,2026-01-06T08:18:00+00:00,U0084,R0443,1253.42,0,8,0,0,3,3436.27,0.36,1583,0,0,0,0,21.0,1,0
T07280,2026-01-06T08:19:00+00:00,U0130,R0213,4392.84,1,8,0,0,1,5592.07,0.79,708,0,0,0,0,39.0,0,0
T07281,2026-01-06T08:20:00+00:00,U0116,R0276,6265.71,1,8,0,0,0,4105.8,1.53,463,0,0,0,0,80.0,0,0
T07282,2026-01-06T08:21:00+00:00,U0077,R0442,4157.16,1,8,0,0,0,4317.96,0.96,332,0,0,0,0,265.0,0,0
T07283,2026-01-06T08:22:00+00:00,U0127,R0362,5376.36,1,8,0,0,0,2584.27,2.08,675,0,0,0,0,73.0,0,0
T07284,2026-01-06T08:23:00+00:00,U0087,R0380,2267.88,1,8,0,0,0,4394.56,0.52,1811,0,0,0,0,94.0,0,0
T07285,2026-01-06T08:24:00+00:00,U0072,R0278,5815.73,1,8,0,0,0,2556.92,2.27,1208,0,0,0,0,65.0,0,0
T07286,2026-01-06T08:25:00+00:00,U0188,R0302,5731.93,1,8,0,0,0,6059.84,0.95,1681,0,0,0,0,136.0,0,0
T07287,2026-01-06T08:26:00+00:00,U0094,R0408,4553.62,1,8,0,0,1,3261.92,1.4,768,0,0,0,0,27.0,0,0
T07288,2026-01-06T08:27:00+00:00,U0183,R0431,4399.68,1,8,0,0,0,3207.52,1.37,827,0,0,0,0,184.0,0,0
T07289,2026-01-06T08:28:00+00:00,U0046,R0258,1644.67,0,8,0,0,1,4542.34,0.36,854,0,0,0,0,20.0,1,0
T07290,2026-01-06T08:29:00+00:00,U0158,R0467,1505.5,1,8,0,0,0,4702.02,0.32,1865,0,0,0,0,269.0,0,0
T07291,2026-01-06T08:30:00+00:00,U0022,R0416,5990.31,1,8,0,0,0,6513.21,0.92,887,0,0,0,0,371.0,0,0
T07292,2026-01-06T08:31:00+00:00,U0086,R0014,15219.5,1,8,0,0,0,4661.63,3.26,1686,0,0,0,0,305.0,0,1
T07293,2026-01-06T08:32:00+00:00,U0002,R0452,6228.82,1,8,0,0,1,3363.3,1.85,1660,0,0,0,0,45.0,0,0
T07294,2026-01-06T08:33:00+00:00,U0040,R0411,27320.92,1,8,1,0,0,4986.96,5.48,1571,0,0,0,0,86.0,0,1
T07295,2026-01-06T08:34:00+00:00,U0164,R0118,2126.24,1,8,1,0,0,4193.53,0.51,1150,0,0,0,0,355.0,0,0
T07296,2026-01-06T08:35:00+00:00,U0060,R0038,4433.14,1,8,0,0,0,3121.94,1.42,1595,0,0,0,0,144.0,0,0
T07297,2026-01-06T08:36:00+00:00,U0034,R0330,4176.32,1,8,0,0,1,3675.44,1.14,1925,0,0,0,0,24.0,0,0
T07298,2026-01-06T08:37:00+00:00,U0030,R0410,34247.35,1,8,1,0,0,4129.71,8.29,229,0,0,0,0,211.0,0,1
T07299,2026-01-06T08:38:00+00:00,U0082,R0036,1012.41,1,8,1,0,0,5718.0,0.18,212,0,0,0,0,90.0,0,0
T07300,2026-01-06T08:39:00+00:00,U0083,R0175,2137.49,1,8,0,0,0,7184.14,0.3,313,0,0,0,0,346.0,0,0
T07301,2026-01-06T08:40:00+00:00,U0134,R0105,7969.86,1,8,0,0,1,5195.2,1.53,723,0,0,0,0,48.0,0,0
T07302,2026-01-06T08:41:00+00:00,U0109,R0285,32873.8,1,8,1,0,0,4348.45,7.56,579,0,0,0,0,728.0,0,1
T07303,2026-01-06T08:42:00+00:00,U0175,R0052,1514.78,1,8,0,0,0,3600.75,0.42,1375,0,0,0,0,76.0,0,0
T07304,2026-01-06T08:43:00+00:00,U0073,R0436,4435.48,1,8,0,1,0,6088.27,0.73,1369,0,0,0,0,201.0,0,0
T07305,2026-01-06T08:44:00+00:00,U0158,R0197,2550.92,1,8,0,0,1,4630.98,0.55,1865,0,0,0,0,15.0,0,0
T07306,2026-01-06T08:45:00+00:00,U0159,R0367,1861.23,1,8,0,0,0,4463.93,0.42,490,0,0,0,0,332.0,0,0
T07307,2026-01-06T08:46:00+00:00,U0128,R0494,8758.97,1,8,0,0,0,3309.72,2.65,1107,0,0,0,0,145.0,0,0
T07308,2026-01-06T08:47:00+00:00,U0057,R0217,5038.5,1,8,0,0,0,5849.39,0.86,459,0,0,0,0,69.0,0,0
T07309,2026-01-06T08:48:00+00:00,U0164,R0404,1223.09,1,8,1,0,1,4137.66,0.3,1150,0,0,0,0,14.0,0,0
T07310,2026-01-06T08:49:00+00:00,U0075,R0330,2262.37,1,8,0,0,0,3546.89,0.64,86,0,0,0,0,284.0,0,0
T07311,2026-01-06T08:50:00+00:00,U0192,R0004,4011.5,1,8,0,0,0,3369.82,1.19,887,0,0,0,0,258.0,0,0
T07312,2026-01-06T08:51:00+00:00,U0132,R0379,6668.77,1,8,0,0,1,4508.6,1.48,12,0,0,0,0,37.0,0,0
T07313,2026-01-06T08:52:00+00:00,U0095,R0148,1677.61,1,8,0,0,0,2942.65,0.57,333,0,0,0,0,338.0,0,0
T07314,2026-01-06T08:53:00+00:00,U0018,R0270,280.08,1,8,0,0,0,4544.4,0.06,74,0,0,0,0,199.0,0,0
T07315,2026-01-06T08:54:00+00:00,U0045,R0363,3075.09,1,8,0,1,0,5022.7,0.61,1072,0,0,0,0,310.0,0,0
T07316,2026-01-06T08:55:00+00:00,U0028,R0378,3435.39,1,8,0,0,2,3061.49,1.12,1290,0,0,0,0,49.0,0,0
T07317,2026-01-06T08:56:00+00:00,U0017,R0065,13060.97,1,8,0,1,0,4583.66,2.85,53,0,0,0,0,569.0,0,1
T07318,2026-01-06T08:57:00+00:00,U0037,R0450,8992.05,1,8,0,0,0,3924.37,2.29,132,0,0,0,0,177.0,0,0
T07319,2026-01-06T08:58:00+00:00,U0002,R0321,7491.6,0,8,0,0,1,3436.78,2.18,1660,0,0,0,0,26.0,1,0
T07320,2026-01-06T08:59:00+00:00,U0024,R0031,6750.08,1,8,0,0,0,3841.78,1.76,1553,0,0,0,0,124.0,0,0
T07321,2026-01-06T09:00:00+00:00,U0003,R0454,54617.34,1,9,0,0,0,3960.74,13.79,1486,0,0,0,0,359.0,0,1
T07322,2026-01-06T09:01:00+00:00,U0063,R0213,3664.05,1,9,0,0,0,3905.1,0.94,1621,0,0,0,0,169.0,0,0
T07323,2026-01-06T09:02:00+00:00,U0041,R0105,2727.78,1,9,0,0,0,4217.24,0.65,680,0,0,0,0,141.0,0,0
T07324,2026-01-06T09:03:00+00:00,U0119,R0177,4207.79,1,9,0,0,0,4598.92,0.91,112,0,0,0,0,120.0,0,0
T07325,2026-01-06T09:04:00+00:00,U0043,R0393,7865.03,1,9,0,0,0,3444.05,2.28,1004,0,0,0,0,203.0,0,0
T07326,2026-01-06T09:05:00+00:00,U0133,R0362,3155.0,1,9,0,0,0,3373.21,0.94,257,0,0,0,0,163.0,0,0
T07327,2026-01-06T09:06:00+00:00,U0117,R0091,2277.87,1,9,0,0,0,4244.13,0.54,876,0,0,0,0,291.0,0,0
T07328,2026-01-06T09:07:00+00:00,U0090,R0246,792.27,1,9,0,0,0,3238.5,0.24,150,0,0,0,0,524.0,0,0
T07329,2026-01-06T09:08:00+00:00,U0067,R0383,6727.67,1,9,0,0,0,2976.22,2.26,1381,0,0,0,0,457.0,0,0
T07330,2026-01-06T09:09:00+00:00,U0144,R0322,3471.5,1,9,0,0,1,4632.97,0.75,685,0,0,0,0,58.0,0,0
T07331,2026-01-06T09:10:00+00:00,U0035,R0195,2502.28,1,9,0,0,0,3204.64,0.78,1476,0,0,0,0,355.0,0,0
T07332,2026-01-06T09:11:00+00:00,U0147,R0483,3927.48,1,9,0,0,0,5181.95,0.76,1663,0,0,0,0,101.0,0,0
T07333,2026-01-06T09:12:00+00:00,U0037,R0317,2020.38,0,9,0,0,1,4047.97,0.5,132,0,0,0,0,15.0,1,0
T07334,2026-01-06T09:13:00+00:00,U0199,R0438,4080.0,1,9,0,0,1,3277.38,1.24,1451,0,0,0,0,56.0,0,0
T07335,2026-01-06T09:14:00+00:00,U0117,R0196,2758.64,1,9,0,0,1,4196.17,0.66,876,1,0,0,0,8.0,0,0
T07336,2026-01-06T09:15:00+00:00,U0142,R0124,843.25,1,9,0,0,0,3862.33,0.22,1708,0,0,0,0,375.0,0,0
T07337,2026-01-06T09:16:00+00:00,U0101,R0028,5259.96,1,9,0,0,0,5223.5,1.01,1165,0,0,0,0,95.0,0,0
T07338,2026-01-06T09:17:00+00:00,U0047,R0368,1597.29,1,9,0,0,0,7091.31,0.23,957,0,0,0,0,1094.0,0,0
T07339,2026-01-06T09:18:00+00:00,U0031,R0331,8117.46,1,9,0,0,0,4467.53,1.82,1886,0,0,0,0,179.0,0,0
T07340,2026-01-06T09:19:00+00:00,U0017,R0235,1036.54,1,9,1,0,1,4795.59,0.22,53,0,0,0,0,23.0,0,0
T07341,2026-01-06T09:20:00+00:00,U0051,R0227,2500.69,1,9,0,1,0,4592.39,0.54,60,0,0,0,0,390.0,0,0
T07342,2026-01-06T09:21:00+00:00,U0187,R0112,482.16,1,9,0,0,0,4139.06,0.12,1389,0,0,0,0,157.0,0,0
T07343,2026-01-06T09:22:00+00:00,U0168,R0299,1979.52,1,9,0,0,0,7849.43,0.25,820,0,0,0,0,777.0,0,0
T07344,2026-01-06T09:23:00+00:00,U0008,R0167,1982.24,1,9,0,0,0,4371.56,0.45,457,0,0,0,0,125.0,0,0
T07345,2026-01-06T09:24:00+00:00,U0040,R0296,996.51,1,9,0,0,1,5472.49,0.18,1571,0,0,0,0,51.0,0,0
T07346,2026-01-06T09:25:00+00:00,U0158,R0110,2752.11,1,9,0,0,2,4585.77,0.6,1865,0,0,0,0,41.0,0,0
T07347,2026-01-06T09:26:00+00:00,U0044,R0490,3410.93,1,9,0,0,0,5317.0,0.64,1950,0,0,0,0,213.0,0,0
T07348,2026-01-06T09:27:00+00:00,U0110,R0410,4590.29,1,9,0,0,0,3695.77,1.24,29,0,0,0,0,85.0,0,0
T07349,2026-01-06T09:28:00+00:00,U0150,R0039,478.71,1,9,1,0,0,4742.71,0.1,1080,0,0,0,0,251.0,0,0
T07350,2026-01-06T09:29:00+00:00,U0061,R0284,5695.15,1,9,0,0,0,2931.01,1.94,255,0,0,0,0,136.0,0,0
T07351,2026-01-06T09:30:00+00:00,U0061,R0460,1218.96,1,9,0,0,1,3007.79,0.41,255,1,0,0,0,1.0,0,0
T07352,2026-01-06T09:31:00+00:00,U0168,R0187,1677.46,1,9,0,0,1,7623.67,0.22,820,1,0,0,0,9.0,0,0
T07353,2026-01-06T09:32:00+00:00,U0063,R0405,2068.38,1,9,1,0,1,3898.21,0.53,1621,0,0,0,0,31.0,0,0
T07354,2026-01-06T09:33:00+00:00,U0139,R0105,4073.8,1,9,0,0,0,4510.0,0.9,1504,0,0,0,0,155.0,0,0
T07355,2026-01-06T09:34:00+00:00,U0079,R0137,1081.32,1,9,0,0,0,3692.59,0.29,128,0,0,0,0,804.0,0,0
T07356,2026-01-06T09:35:00+00:00,U0126,R0372,2730.51,1,9,0,0,0,5714.22,0.48,1797,0,0,0,0,211.0,0,0
T07357,2026-01-06T09:36:00+00:00,U0189,R0381,1547.33,0,9,0,0,0,3834.12,0.4,690,0,0,0,0,262.0,1,0
T07358,2026-01-06T09:37:00+00:00,U0057,R0083,1016.2,1,9,0,0,1,5831.76,0.17,459,0,0,0,0,50.0,0,0
T07359,2026-01-06T09:38:00+00:00,U0075,R0127,6976.18,1,9,0,0,1,3504.07,1.99,86,0,0,0,0,49.0,0,0
T07360,2026-01-06T09:39:00+00:00,U0147,R0171,533.38,1,9,0,0,1,5153.44,0.1,1663,0,0,0,0,28.0,0,0
T07361,2026-01-06T09:40:00+00:00,U0065,R0296,6929.39,1,9,0,0,0,5442.89,1.27,1869,0,0,0,0,599.0,0,0
T07362,2026-01-06T09:41:00+00:00,U0199,R0256,4966.12,1,9,0,0,1,3301.71,1.5,1451,0,0,0,0,28.0,0,0
T07363,2026-01-06T09:42:00+00:00,U0186,R0060,2515.41,1,9,1,0,0,3355.49,0.75,1731,0,0,0,0,254.0,0,1
T07364,2026-01-06T09:43:00+00:00,U0115,R0310,4874.81,1,9,0,0,0,3436.41,1.42,579,0,0,0,0,166.0,0,0
T07365,2026-01-06T09:44:00+00:00,U0150,R0225,5400.76,1,9,0,0,1,4617.3,1.17,1080,0,0,0,0,16.0,0,0
T07366,2026-01-06T09:45:00+00:00,U0147,R0090,5073.87,1,9,0,1,2,5050.78,1.0,1663,1,0,0,0,6.0,0,1
T07367,2026-01-06T09:46:00+00:00,U0147,R0090,5073.87,0,9,1,0,3,5051.28,1.0,1663,2,1,1,1,1.0,1,1
T07368,2026-01-06T09:47:00+00:00,U0147,R0090,5073.87,0,9,1,0,4,5051.76,1.0,1663,3,2,2,2,1.0,2,1
T07369,2026-01-06T09:48:00+00:00,U0042,R0029,539.47,1,9,0,0,0,3839.23,0.14,914,0,0,0,0,225.0,0,0
T07370,2026-01-06T09:49:00+00:00,U0171,R0462,6354.32,1,9,0,0,0,4384.59,1.45,1154,0,0,0,0,238.0,0,0
T07371,2026-01-06T09:50:00+00:00,U0195,R0270,2582.22,1,9,0,0,0,5179.48,0.5,1578,0,0,0,0,555.0,0,0
T07372,2026-01-06T09:51:00+00:00,U0185,R0058,4035.42,1,9,0,0,0,3842.73,1.05,1483,0,0,0,0,137.0,0,0
T07373,2026-01-06T09:52:00+00:00,U0182,R0459,4016.31,1,9,0,0,0,4979.93,0.81,269,0,0,0,0,428.0,0,0
T07374,2026-01-06T09:53:00+00:00,U0036,R0297,1206.63,1,9,0,0,0,4259.16,0.28,219,0,0,0,0,97.0,0,0
T07375,2026-01-06T09:54:00+00:00,U0133,R0125,2858.11,1,9,0,0,1,3368.13,0.85,257,0,0,0,0,49.0,0,0
T07376,2026-01-06T09:55:00+00:00,U0008,R0416,6673.99,1,9,0,0,1,4301.28,1.55,457,0,0,0,0,32.0,0,0
T07377,2026-01-06T09:56:00+00:00,U0026,R0069,440.59,1,9,0,0,0,6269.17,0.07,407,0,0,0,0,512.0,0,0
T07378,2026-01-06T09:57:00+00:00,U0102,R0374,4992.38,1,9,0,0,0,3899.71,1.28,1474,0,0,0,0,238.0,0,0
T07379,2026-01-06T09:58:00+00:00,U0014,R0281,2801.7,1,9,0,0,0,4551.08,0.62,608,0,0,0,0,241.0,0,0
T07380,2026-01-06T09:59:00+00:00,U0010,R0453,632.95,1,9,0,0,0,2927.82,0.22,1038,0,0,0,0,125.0,0,0
T07381,2026-01-06T10:00:00+00:00,U0195,R0284,1632.38,1,10,0,0,1,5103.09,0.32,1578,1,0,0,0,10.0,0,0
T07382,2026-01-06T10:01:00+00:00,U0176,R0454,28588.29,1,10,1,0,0,3506.85,8.15,1935,0,0,0,0,142.0,0,1
T07383,2026-01-06T10:02:00+00:00,U0129,R0260,15326.34,1,10,1,1,0,3744.84,4.09,375,0,0,0,0,423.0,0,1
T07384,2026-01-06T10:03:00+00:00,U0113,R0179,344.37,1,10,0,0,0,3640.59,0.09,1440,0,0,0,0,909.0,0,0
T07385,2026-01-06T10:04:00+00:00,U0178,R0379,340.14,0,10,0,0,0,3710.09,0.09,1860,0,0,0,0,320.0,1,0
T07386,2026-01-06T10:05:00+00:00,U0096,R0342,1619.59,1,10,0,0,0,4423.82,0.37,322,0,0,0,0,164.0,0,0
T07387,2026-01-06T10:06:00+00:00,U0048,R0122,1215.2,1,10,1,0,0,4906.67,0.25,453,0,0,0,0,153.0,0,0
T07388,2026-01-06T10:07:00+00:00,U0101,R0474,1449.59,1,10,0,0,1,5224.54,0.28,1165,0,0,0,0,51.0,0,0
T07389,2026-01-06T10:08:00+00:00,U0193,R0405,1299.29,1,10,0,0,0,6550.74,0.2,158,0,0,0,0,312.0,0,0
T07390,2026-01-06T10:09:00+00:00,U0197,R0021,7155.12,1,10,0,0,0,4575.58,1.56,274,0,0,0,0,114.0,0,0
T07391,2026-01-06T10:10:00+00:00,U0072,R0155,2664.98,1,10,0,0,0,2636.4,1.01,1208,0,0,0,0,106.0,0,0
T07392,2026-01-06T10:11:00+00:00,U0100,R0331,4233.26,1,10,0,0,0,4984.54,0.85,1160,0,0,0,0,304.0,0,0
T07393,2026-01-06T10:12:00+00:00,U0147,R0438,4486.55,1,10,0,1,4,5052.22,0.89,1663,0,0,0,0,25.0,0,0
T07394,2026-01-06T10:13:00+00:00,U0083,R0057,2935.96,1,10,0,0,0,7051.33,0.42,313,0,0,0,0,94.0,0,0
T07395,2026-01-06T10:14:00+00:00,U0089,R0428,2867.83,1,10,0,0,0,3696.67,0.78,622,0,0,0,0,265.0,0,0
T07396,2026-01-06T10:15:00+00:00,U0054,R0447,5102.49,1,10,1,0,0,4760.88,1.07,712,0,0,0,0,140.0,0,0
T07397,2026-01-06T10:16:00+00:00,U0024,R0012,2991.22,1,10,0,0,0,3899.94,0.77,1553,0,0,0,0,77.0,0,0
T07398,2026-01-06T10:17:00+00:00,U0165,R0296,34484.39,1,10,0,0,0,7077.21,4.87,302,0,0,0,0,187.0,0,1
T07399,2026-01-06T10:18:00+00:00,U0187,R0483,2528.79,1,10,0,1,1,4037.48,0.63,1389,0,0,0,0,57.0,0,0
T07400,2026-01-06T10:19:00+00:00,U0090,R0340,2597.24,1,10,0,0,0,3127.31,0.83,150,0,0,0,0,72.0,0,0
T07401,2026-01-06T10:20:00+00:00,U0078,R0102,4269.32,0,10,0,0,0,4117.27,1.04,797,0,0,0,0,652.0,1,0
T07402,2026-01-06T10:21:00+00:00,U0168,R0445,5925.63,1,10,0,0,2,7403.44,0.8,820,0,0,0,0,50.0,0,0
T07403,2026-01-06T10:22:00+00:00,U0050,R0030,4181.83,1,10,0,0,0,3105.57,1.35,682,0,0,0,0,325.0,0,0
T07404,2026-01-06T10:23:00+00:00,U0051,R0467,7046.92,1,10,0,1,0,4508.72,1.56,60,0,0,0,0,63.0,0,0
T07405,2026-01-06T10:24:00+00:00,U0107,R0241,2104.6,1,10,0,0,0,5534.47,0.38,1230,0,0,0,0,434.0,0,1
T07406,2026-01-06T10:25:00+00:00,U0107,R0241,2104.6,0,10,0,0,1,5436.48,0.39,1230,1,1,1,1,1.0,1,1
T07407,2026-01-06T10:26:00+00:00,U0107,R0241,2104.6,0,10,1,0,2,5343.92,0.39,1230,2,2,2,2,1.0,2,1
T07408,2026-01-06T10:27:00+00:00,U0176,R0304,7115.21,0,10,0,0,1,4076.88,1.75,1935,0,0,0,0,26.0,1,0
T07409,2026-01-06T10:28:00+00:00,U0156,R0496,2048.03,1,10,0,0,0,4224.58,0.48,1027,0,0,0,0,408.0,0,0
T07410,2026-01-06T10:29:00+00:00,U0102,R0025,5830.38,1,10,0,0,1,3927.03,1.48,1474,0,0,0,0,32.0,0,0
T07411,2026-01-06T10:30:00+00:00,U0188,R0078,1442.93,1,10,0,0,0,6050.47,0.24,1681,0,0,0,0,125.0,0,0
T07412,2026-01-06T10:31:00+00:00,U0041,R0061,2107.04,1,10,0,0,0,4184.86,0.5,680,0,0,0,0,89.0,0,0
T07413,2026-01-06T10:32:00+00:00,U0180,R0492,545.3,1,10,0,0,0,5420.24,0.1,793,0,0,0,0,255.0,0,0
T07414,2026-01-06T10:33:00+00:00,U0120,R0386,1406.76,1,10,0,0,0,4632.85,0.3,524,0,0,0,0,958.0,0,0
T07415,2026-01-06T10:34:00+00:00,U0014,R0059,4643.62,1,10,0,0,1,4505.04,1.03,608,0,0,0,0,36.0,0,0
T07416,2026-01-06T10:35:00+00:00,U0191,R0345,2961.17,1,10,0,0,0,4656.68,0.64,982,0,0,0,0,412.0,0,0
T07417,2026-01-06T10:36:00+00:00,U0029,R0196,861.59,1,10,0,0,0,4921.31,0.18,316,0,0,0,0,166.0,0,0
T07418,2026-01-06T10:37:00+00:00,U0034,R0468,3933.54,1,10,0,0,0,3688.62,1.07,1925,0,0,0,0,121.0,0,0
T07419,2026-01-06T10:38:00+00:00,U0031,R0317,1494.85,1,10,0,0,0,4546.87,0.33,1886,0,0,0,0,80.0,0,0
T07420,2026-01-06T10:39:00+00:00,U0115,R0070,3817.45,1,10,0,0,1,3489.68,1.09,579,0,0,0,0,56.0,0,0
T07421,2026-01-06T10:40:00+00:00,U0170,R0381,8535.77,1,10,0,0,0,5603.09,1.52,1804,0,0,0,0,357.0,0,0
T07422,2026-01-06T10:41:00+00:00,U0195,R0225,2563.39,1,10,0,0,2,5003.93,0.51,1578,0,0,0,0,41.0,0,0
T07423,2026-01-06T10:42:00+00:00,U0051,R0474,19479.21,1,10,1,1,1,4606.34,4.23,60,0,0,0,0,19.0,0,1
T07424,2026-01-06T10:43:00+00:00,U0187,R0110,811.0,1,10,0,0,1,3996.7,0.2,1389,0,0,0,0,25.0,0,0
T07425,2026-01-06T10:44:00+00:00,U0147,R0099,521.74,1,10,1,0,4,5040.67,0.1,1663,0,0,0,0,32.0,0,0
T07426,2026-01-06T10:45:00+00:00,U0087,R0107,1571.58,1,10,0,0,0,4318.6,0.36,1811,0,0,0,0,142.0,0,0
T07427,2026-01-06T10:46:00+00:00,U0170,R0092,2175.35,1,10,0,1,1,5697.69,0.38,1804,1,0,0,0,6.0,0,0
T07428,2026-01-06T10:47:00+00:00,U0171,R0416,1636.4,1,10,0,0,1,4448.13,0.37,1154,0,0,0,0,58.0,0,0
T07429,2026-01-06T10:48:00+00:00,U0134,R0054,1571.77,1,10,0,0,0,5268.22,0.3,723,0,0,0,0,128.0,0,0
T07430,2026-01-06T10:49:00+00:00,U0073,R0091,1288.05,1,10,0,0,0,6045.89,0.21,1369,0,0,0,0,126.0,0,0
T07431,2026-01-06T10:50:00+00:00,U0073,R0012,3991.31,1,10,1,0,1,5926.95,0.67,1369,1,0,0,0,1.0,0,1
T07432,2026-01-06T10:51:00+00:00,U0175,R0203,4233.76,1,10,0,0,0,3544.37,1.19,1375,0,0,0,0,129.0,0,0
T07433,2026-01-06T10:52:00+00:00,U0036,R0473,6789.46,1,10,0,0,1,4196.86,1.62,219,0,0,0,0,59.0,0,0
T07434,2026-01-06T10:53:00+00:00,U0003,R0296,3623.74,1,10,0,0,0,5543.76,0.65,1486,0,0,0,0,113.0,0,0
T07435,2026-01-06T10:54:00+00:00,U0035,R0077,4119.43,1,10,0,0,0,3187.51,1.29,1476,0,0,0,0,104.0,0,0
T07436,2026-01-06T10:55:00+00:00,U0097,R0066,564.54,0,10,0,0,0,4607.3,0.12,174,0,0,0,0,271.0,1,0
T07437,2026-01-06T10:56:00+00:00,U0152,R0100,2721.62,1,10,0,0,0,4483.91,0.61,1711,0,0,0,0,610.0,0,0
T07438,2026-01-06T10:57:00+00:00,U0094,R0496,4038.9,1,10,0,0,0,3303.59,1.22,768,0,0,0,0,151.0,0,0
T07439,2026-01-06T10:58:00+00:00,U0098,R0430,996.2,0,10,0,0,0,6444.85,0.15,938,0,0,0,0,222.0,1,0
T07440,2026-01-06T10:59:00+00:00,U0190,R0377,1965.09,1,10,0,0,0,3152.09,0.62,1087,0,0,0,0,283.0,0,0
T07441,2026-01-06T11:00:00+00:00,U0055,R0367,1577.98,1,11,0,0,0,4319.57,0.37,553,0,0,0,0,421.0,0,0
T07442,2026-01-06T11:01:00+00:00,U0153,R0177,12246.62,1,11,1,0,0,3211.38,3.81,798,0,0,0,0,472.0,0,1
T07443,2026-01-06T11:02:00+00:00,U0178,R0299,1994.05,1,11,0,0,1,3629.85,0.55,1860,0,0,0,0,58.0,0,0
T07444,2026-01-06T11:03:00+00:00,U0005,R0398,787.67,1,11,0,1,0,4628.74,0.17,1114,0,0,0,0,417.0,0,0
T07445,2026-01-06T11:04:00+00:00,U0117,R0061,6412.71,1,11,0,0,0,4161.94,1.54,876,0,0,0,0,110.0,0,0
T07446,2026-01-06T11:05:00+00:00,U0049,R0218,1786.75,1,11,0,0,0,4033.63,0.44,100,0,0,0,0,371.0,0,0
T07447,2026-01-06T11:06:00+00:00,U0141,R0168,671.63,1,11,1,0,0,3537.82,0.19,113,0,0,0,0,377.0,0,0
T07448,2026-01-06T11:07:00+00:00,U0100,R0158,4827.55,1,11,0,0,1,4964.77,0.97,1160,0,0,0,0,56.0,0,0
T07449,2026-01-06T11:08:00+00:00,U0034,R0109,3473.26,1,11,0,0,1,3694.9,0.94,1925,0,0,0,0,31.0,0,0
T07450,2026-01-06T11:09:00+00:00,U0067,R0483,1240.54,1,11,0,0,0,3052.78,0.41,1381,0,0,0,0,121.0,0,0
T07451,2026-01-06T11:10:00+00:00,U0191,R0399,3278.72,0,11,0,0,1,4614.29,0.71,982,0,0,0,0,35.0,1,0
T07452,2026-01-06T11:11:00+00:00,U0037,R0247,3311.0,1,11,0,0,0,3999.7,0.83,132,0,0,0,0,119.0,0,0
T07453,2026-01-06T11:12:00+00:00,U0109,R0064,1823.84,1,11,0,0,0,5027.62,0.36,579,0,0,0,0,151.0,0,0
T07454,2026-01-06T11:13:00+00:00,U0042,R0246,9701.51,0,11,1,1,0,3769.02,2.57,914,0,0,0,0,85.0,1,1
T07455,2026-01-06T11:14:00+00:00,U0127,R0143,2430.04,1,11,0,0,0,2661.83,0.91,675,0,0,0,0,172.0,0,0
T07456,2026-01-06T11:15:00+00:00,U0154,R0318,415.41,1,11,0,0,0,3891.91,0.11,1010,0,0,0,0,269.0,0,0
T07457,2026-01-06T11:16:00+00:00,U0185,R0370,5791.37,1,11,0,0,0,3847.67,1.51,1483,0,0,0,0,85.0,0,0
T07458,2026-01-06T11:17:00+00:00,U0111,R0219,2352.54,1,11,0,1,0,4898.73,0.48,877,0,0,0,0,411.0,0,0
T07459,2026-01-06T11:18:00+00:00,U0006,R0212,2162.52,0,11,0,0,0,7042.62,0.31,1386,0,0,0,0,410.0,1,0
T07460,2026-01-06T11:19:00+00:00,U0033,R0441,6304.7,1,11,0,0,0,2437.04,2.59,1103,0,0,0,0,494.0,0,0
T07461,2026-01-06T11:20:00+00:00,U0167,R0484,1526.54,1,11,0,1,0,3100.03,0.49,1126,0,0,0,0,287.0,0,0
T07462,2026-01-06T11:21:00+00:00,U0088,R0164,2905.71,1,11,0,0,0,6607.99,0.44,1812,0,0,0,0,226.0,0,0
T07463,2026-01-06T11:22:00+00:00,U0041,R0424,5540.59,1,11,0,0,1,4140.65,1.34,680,0,0,0,0,51.0,0,0
T07464,2026-01-06T11:23:00+00:00,U0162,R0329,7119.22,1,11,0,0,0,4931.18,1.44,391,0,0,0,0,367.0,0,0
T07465,2026-01-06T11:24:00+00:00,U0180,R0364,3489.46,1,11,0,1,1,5301.34,0.66,793,0,0,0,0,52.0,0,1
T07466,2026-01-06T11:25:00+00:00,U0180,R0364,3489.46,0,11,0,0,2,5258.2,0.66,793,1,1,1,1,1.0,1,1
T07467,2026-01-06T11:26:00+00:00,U0180,R0364,3489.46,0,11,1,0,3,5217.07,0.67,793,2,2,2,2,1.0,2,1
T07468,2026-01-06T11:27:00+00:00,U0009,R0128,425.07,1,11,0,0,0,3087.42,0.14,1744,0,0,0,0,284.0,0,0
T07469,2026-01-06T11:28:00+00:00,U0005,R0316,4795.7,1,11,1,0,1,4524.93,1.06,1114,0,0,0,0,25.0,0,0
T07470,2026-01-06T11:29:00+00:00,U0104,R0490,1161.33,1,11,0,0,0,4359.69,0.27,508,0,0,0,0,238.0,0,0
T07471,2026-01-06T11:30:00+00:00,U0197,R0328,4830.35,0,11,0,0,0,4643.46,1.04,274,0,0,0,0,81.0,1,0
T07472,2026-01-06T11:31:00+00:00,U0109,R0458,7078.84,1,11,0,0,1,4953.12,1.43,579,0,0,0,0,19.0,0,0
T07473,2026-01-06T11:32:00+00:00,U0160,R0034,1769.19,1,11,0,0,0,5050.28,0.35,214,0,0,0,0,224.0,0,0
T07474,2026-01-06T11:33:00+00:00,U0152,R0347,9780.84,1,11,0,0,1,4434.95,2.21,1711,0,0,0,0,37.0,0,0
T07475,2026-01-06T11:34:00+00:00,U0090,R0191,3717.74,1,11,1,0,0,3104.26,1.2,150,0,0,0,0,75.0,0,0
T07476,2026-01-06T11:35:00+00:00,U0045,R0485,1998.67,1,11,0,0,0,4967.05,0.4,1072,0,0,0,0,161.0,0,0
T07477,2026-01-06T11:36:00+00:00,U0123,R0431,3212.47,1,11,0,0,0,2731.79,1.18,832,0,0,0,0,394.0,0,0
T07478,2026-01-06T11:37:00+00:00,U0065,R0237,843.08,1,11,0,0,0,5494.15,0.15,1869,0,0,0,0,117.0,0,0
T07479,2026-01-06T11:38:00+00:00,U0029,R0023,492.17,1,11,0,0,0,4801.91,0.1,316,0,0,0,0,62.0,0,0
T07480,2026-01-06T11:39:00+00:00,U0197,R0061,1206.52,1,11,0,0,1,4648.26,0.26,274,1,0,0,0,9.0,0,0
T07481,2026-01-06T11:40:00+00:00,U0132,R0063,3447.54,1,11,0,0,0,4570.32,0.75,12,0,0,0,0,169.0,0,0
T07482,2026-01-06T11:41:00+00:00,U0007,R0413,1571.01,1,11,0,0,0,5210.88,0.3,573,0,0,0,0,391.0,0,0
T07483,2026-01-06T11:42:00+00:00,U0106,R0284,3970.13,1,11,0,0,0,3192.21,1.24,1381,0,0,0,0,377.0,0,0
T07484,2026-01-06T11:43:00+00:00,U0116,R0205,2675.67,1,11,0,0,0,4157.23,0.64,463,0,0,0,0,203.0,0,0
T07485,2026-01-06T11:44:00+00:00,U0024,R0251,412.76,0,11,0,0,0,3894.01,0.11,1553,0,0,0,0,88.0,1,0
T07486,2026-01-06T11:45:00+00:00,U0133,R0022,5670.08,1,11,0,0,0,3356.54,1.69,257,0,0,0,0,111.0,0,0
T07487,2026-01-06T11:46:00+00:00,U0133,R0050,48831.2,1,11,1,1,1,3407.96,14.33,257,1,0,0,0,1.0,0,1
T07488,2026-01-06T11:47:00+00:00,U0172,R0188,1057.13,1,11,0,0,0,5655.77,0.19,1447,0,0,0,0,360.0,0,0
T07489,2026-01-06T11:48:00+00:00,U0038,R0304,365.91,1,11,0,0,0,3785.14,0.1,400,0,0,0,0,422.0,0,0
T07490,2026-01-06T11:49:00+00:00,U0185,R0056,5485.39,1,11,0,0,1,3896.26,1.41,1483,0,0,0,0,33.0,0,0
T07491,2026-01-06T11:50:00+00:00,U0181,R0032,1317.11,1,11,0,0,0,3680.97,0.36,215,0,0,0,0,1418.0,0,0
T07492,2026-01-06T11:51:00+00:00,U0051,R0261,7508.22,1,11,0,0,0,5157.19,1.46,60,0,0,0,0,69.0,0,0
T07493,2026-01-06T11:52:00+00:00,U0116,R0053,4943.12,1,11,1,0,1,4122.78,1.2,463,1,0,0,0,9.0,0,1
T07494,2026-01-06T11:53:00+00:00,U0119,R0365,3219.21,1,11,0,0,0,4588.63,0.7,112,0,0,0,0,170.0,0,0
T07495,2026-01-06T11:54:00+00:00,U0021,R0497,1498.69,1,11,0,0,0,6098.9,0.25,486,0,0,0,0,374.0,0,0
T07496,2026-01-06T11:55:00+00:00,U0074,R0185,2233.06,1,11,0,0,0,3115.47,0.72,589,0,0,0,0,249.0,0,0
T07497,2026-01-06T11:56:00+00:00,U0071,R0252,4605.86,1,11,1,0,0,6625.58,0.7,17,0,0,0,0,561.0,0,1
T07498,2026-01-06T11:57:00+00:00,U0103,R0090,4392.27,1,11,0,0,0,3061.91,1.43,145,0,0,0,0,378.0,0,0
T07499,2026-01-06T11:58:00+00:00,U0051,R0013,3861.72,1,11,0,0,1,5241.15,0.74,60,1,0,0,0,7.0,0,0
T07500,2026-01-06T11:59:00+00:00,U0112,R0094,166.38,1,11,0,0,0,3363.29,0.05,939,0,0,0,0,415.0,0,0
T07501,2026-01-06T12:00:00+00:00,U0136,R0347,2326.12,1,12,0,0,0,3910.06,0.59,126,0,0,0,0,231.0,0,0
T07502,2026-01-06T12:01:00+00:00,U0110,R0361,729.53,1,12,0,0,0,3719.95,0.2,29,0,0,0,0,154.0,0,0
T07503,2026-01-06T12:02:00+00:00,U0065,R0255,2511.84,1,12,0,0,1,5339.11,0.47,1869,0,0,0,0,25.0,0,0
T07504,2026-01-06T12:03:00+00:00,U0031,R0288,1955.68,1,12,0,0,0,4481.94,0.44,1886,0,0,0,0,85.0,0,0
T07505,2026-01-06T12:04:00+00:00,U0051,R0344,8865.28,1,12,0,1,2,5193.59,1.71,60,1,0,0,0,6.0,0,1
T07506,2026-01-06T12:05:00+00:00,U0051,R0344,8865.28,0,12,1,0,3,5315.98,1.67,60,2,1,1,1,1.0,1,1
T07507,2026-01-06T12:06:00+00:00,U0051,R0344,8865.28,0,12,0,1,4,5430.47,1.63,60,3,2,2,2,1.0,2,1
T07508,2026-01-06T12:07:00+00:00,U0199,R0103,3708.48,1,12,0,0,0,3350.66,1.11,1451,0,0,0,0,146.0,0,0
T07509,2026-01-06T12:08:00+00:00,U0041,R0422,4574.02,1,12,0,0,1,4169.81,1.1,680,0,0,0,0,46.0,0,0
T07510,2026-01-06T12:09:00+00:00,U0113,R0473,8660.68,1,12,0,0,0,3549.03,2.44,1440,0,0,0,0,126.0,0,0
T07511,2026-01-06T12:10:00+00:00,U0112,R0456,5060.68,1,12,0,0,1,3288.94,1.54,939,0,0,0,0,11.0,0,0
T07512,2026-01-06T12:11:00+00:00,U0039,R0041,184.56,1,12,0,0,0,3459.22,0.05,176,0,0,0,0,339.0,0,0
T07513,2026-01-06T12:12:00+00:00,U0017,R0269,3656.67,1,12,0,0,0,4703.9,0.78,53,0,0,0,0,173.0,0,0
T07514,2026-01-06T12:13:00+00:00,U0036,R0359,3752.99,1,12,0,0,0,4248.72,0.88,219,0,0,0,0,81.0,0,0
T07515,2026-01-06T12:14:00+00:00,U0005,R0017,4251.0,1,12,0,0,1,4532.05,0.94,1114,0,0,0,0,46.0,0,0
T07516,2026-01-06T12:15:00+00:00,U0069,R0207,5568.63,1,12,0,0,0,4600.94,1.21,1754,0,0,0,0,251.0,0,0
T07517,2026-01-06T12:16:00+00:00,U0026,R0160,1561.58,1,12,0,0,0,6123.46,0.26,407,0,0,0,0,140.0,0,0
T07518,2026-01-06T12:17:00+00:00,U0161,R0302,1285.3,1,12,0,0,0,4565.12,0.28,1632,0,0,0,0,371.0,0,0
T07519,2026-01-06T12:18:00+00:00,U0018,R0408,2005.99,1,12,0,0,0,4440.39,0.45,74,0,0,0,0,205.0,0,0
T07520,2026-01-06T12:19:00+00:00,U0115,R0302,4064.89,0,12,0,0,0,3501.39,1.16,579,0,0,0,0,100.0,1,0
T07521,2026-01-06T12:20:00+00:00,U0120,R0064,26536.46,1,12,0,1,0,4498.43,5.9,524,0,0,0,0,107.0,0,1
T07522,2026-01-06T12:21:00+00:00,U0010,R0011,5625.18,1,12,0,1,0,2875.66,1.96,1038,0,0,0,0,142.0,0,0
T07523,2026-01-06T12:22:00+00:00,U0068,R0300,2350.56,0,12,0,0,0,4071.32,0.58,98,0,0,0,0,390.0,1,0
T07524,2026-01-06T12:23:00+00:00,U0197,R0483,1458.77,1,12,0,0,2,4562.21,0.32,274,0,0,0,0,44.0,0,0
T07525,2026-01-06T12:24:00+00:00,U0184,R0289,6160.16,1,12,0,0,0,3248.96,1.9,327,0,0,0,0,617.0,0,0
T07526,2026-01-06T12:25:00+00:00,U0182,R0324,4996.71,1,12,0,0,0,4951.59,1.01,269,0,0,0,0,153.0,0,0
T07527,2026-01-06T12:26:00+00:00,U0147,R0002,3444.36,1,12,0,0,0,4950.3,0.7,1663,0,0,0,0,102.0,0,0
T07528,2026-01-06T12:27:00+00:00,U0171,R0363,7859.88,1,12,0,0,0,4360.26,1.8,1154,0,0,0,0,100.0,0,0
T07529,2026-01-06T12:28:00+00:00,U0045,R0022,7483.37,1,12,0,0,1,4884.6,1.53,1072,0,0,0,0,53.0,0,0
T07530,2026-01-06T12:29:00+00:00,U0156,R0257,5753.21,1,12,0,0,0,4154.37,1.38,1027,0,0,0,0,121.0,0,0
T07531,2026-01-06T12:30:00+00:00,U0151,R0153,5383.12,1,12,0,0,0,4857.18,1.11,1656,0,0,0,0,293.0,0,0
T07532,2026-01-06T12:31:00+00:00,U0154,R0421,21963.72,1,12,1,0,0,3789.66,5.8,1010,0,0,0,0,76.0,0,1
T07533,2026-01-06T12:32:00+00:00,U0102,R0402,1952.36,0,12,0,0,0,3973.45,0.49,1474,0,0,0,0,123.0,1,0
T07534,2026-01-06T12:33:00+00:00,U0127,R0328,526.15,1,12,0,0,0,2655.57,0.2,675,0,0,0,0,79.0,0,0
T07535,2026-01-06T12:34:00+00:00,U0017,R0102,7575.75,1,12,0,0,1,4678.97,1.62,53,0,0,0,0,22.0,0,0
T07536,2026-01-06T12:35:00+00:00,U0113,R0351,542.2,1,12,0,0,1,3687.18,0.15,1440,0,0,0,0,26.0,0,0
T07537,2026-01-06T12:36:00+00:00,U0107,R0196,2059.8,1,12,0,1,0,5256.37,0.39,1230,0,0,0,0,130.0,0,0
T07538,2026-01-06T12:37:00+00:00,U0192,R0150,6033.6,1,12,0,0,0,3386.7,1.78,887,0,0,0,0,227.0,0,0
T07539,2026-01-06T12:38:00+00:00,U0098,R0490,9837.85,1,12,1,1,0,6333.65,1.55,938,0,0,0,0,100.0,0,1
T07540,2026-01-06T12:39:00+00:00,U0056,R0249,1126.99,1,12,0,0,0,4445.04,0.25,129,0,0,0,0,409.0,0,0
T07541,2026-01-06T12:40:00+00:00,U0013,R0249,3096.42,1,12,0,0,0,5736.09,0.54,869,0,0,0,0,406.0,0,0
T07542,2026-01-06T12:41:00+00:00,U0069,R0128,3195.47,1,12,0,0,1,4627.82,0.69,1754,0,0,0,0,26.0,0,0
T07543,2026-01-06T12:42:00+00:00,U0045,R0391,2901.38,1,12,0,0,1,4954.83,0.59,1072,0,0,0,0,14.0,0,0
T07544,2026-01-06T12:43:00+00:00,U0047,R0108,556.38,1,12,0,0,0,6880.0,0.08,957,0,0,0,0,206.0,0,0
T07545,2026-01-06T12:44:00+00:00,U0132,R0343,2976.54,1,12,0,0,0,4539.13,0.66,12,0,0,0,0,64.0,0,0
T07546,2026-01-06T12:45:00+00:00,U0075,R0299,1469.63,1,12,0,0,0,3616.08,0.41,86,0,0,0,0,187.0,0,0
T07547,2026-01-06T12:46:00+00:00,U0030,R0313,4644.47,1,12,0,0,0,4846.8,0.96,229,0,0,0,0,249.0,0,0
T07548,2026-01-06T12:47:00+00:00,U0004,R0035,2120.55,1,12,0,0,0,4755.37,0.45,1108,0,0,0,0,384.0,0,0
T07549,2026-01-06T12:48:00+00:00,U0068,R0085,1824.55,1,12,0,0,1,4028.3,0.45,98,0,0,0,0,26.0,0,0
T07550,2026-01-06T12:49:00+00:00,U0170,R0072,8617.35,1,12,0,0,0,5587.62,1.54,1804,0,0,0,0,123.0,0,0
T07551,2026-01-06T12:50:00+00:00,U0120,R0027,7452.01,1,12,0,0,1,5379.95,1.39,524,0,0,0,0,30.0,0,0
T07552,2026-01-06T12:51:00+00:00,U0139,R0433,539.06,1,12,0,0,0,4498.21,0.12,1504,0,0,0,0,198.0,0,0
T07553,2026-01-06T12:52:00+00:00,U0023,R0211,1658.1,1,12,0,0,0,2836.78,0.58,1815,0,0,0,0,285.0,0,0
T07554,2026-01-06T12:53:00+00:00,U0041,R0339,1154.35,1,12,0,0,1,4178.06,0.28,680,0,0,0,0,45.0,0,0
T07555,2026-01-06T12:54:00+00:00,U0008,R0323,6974.24,1,12,0,0,0,4369.08,1.6,457,0,0,0,0,179.0,0,0
T07556,2026-01-06T12:55:00+00:00,U0161,R0133,1794.66,1,12,0,0,1,4493.82,0.4,1632,0,0,0,0,38.0,0,0
T07557,2026-01-06T12:56:00+00:00,U0140,R0484,3289.75,1,12,0,0,0,4470.84,0.74,1219,0,0,0,0,327.0,0,0
T07558,2026-01-06T12:57:00+00:00,U0022,R0121,4592.86,1,12,0,0,0,6501.05,0.71,887,0,0,0,0,267.0,0,0
T07559,2026-01-06T12:58:00+00:00,U0180,R0385,275.2,1,12,0,0,0,5177.8,0.05,793,0,0,0,0,92.0,0,0
T07560,2026-01-06T12:59:00+00:00,U0132,R0305,2114.19,1,12,0,0,1,4496.9,0.47,12,0,0,0,0,15.0,0,0
T07561,2026-01-06T13:00:00+00:00,U0200,R0300,11286.62,1,13,0,1,0,3276.33,3.44,1096,0,0,0,0,340.0,0,1
T07562,2026-01-06T13:01:00+00:00,U0038,R0460,3582.85,1,13,0,0,0,3697.47,0.97,400,0,0,0,0,73.0,0,0
T07563,2026-01-06T13:02:00+00:00,U0114,R0493,9650.45,1,13,0,0,0,4822.37,2.0,447,0,0,0,0,731.0,0,0
T07564,2026-01-06T13:03:00+00:00,U0138,R0258,4711.33,1,13,0,0,0,5401.65,0.87,1898,0,0,0,0,418.0,0,0
T07565,2026-01-06T13:04:00+00:00,U0075,R0476,1952.05,1,13,0,0,1,3549.0,0.55,86,0,0,0,0,19.0,0,0
T07566,2026-01-06T13:05:00+00:00,U0008,R0418,416.34,1,13,0,0,1,4441.44,0.09,457,0,0,0,0,11.0,0,0
T07567,2026-01-06T13:06:00+00:00,U0019,R0497,729.09,1,13,0,0,0,4494.19,0.16,1302,0,0,0,0,392.0,0,0
T07568,2026-01-06T13:07:00+00:00,U0103,R0458,3194.5,1,13,0,0,0,3099.92,1.03,145,0,0,0,0,70.0,0,0
T07569,2026-01-06T13:08:00+00:00,U0137,R0071,1428.95,1,13,0,0,0,3402.66,0.42,511,0,0,0,0,739.0,0,0
T07570,2026-01-06T13:09:00+00:00,U0031,R0232,2317.94,1,13,0,0,0,4429.31,0.52,1886,0,0,0,0,66.0,0,0
T07571,2026-01-06T13:10:00+00:00,U0092,R0268,7342.82,1,13,0,0,0,5564.98,1.32,892,0,0,0,0,453.0,0,0
T07572,2026-01-06T13:11:00+00:00,U0060,R0293,3646.18,1,13,0,0,0,3167.15,1.15,1595,0,0,0,0,276.0,0,0
T07573,2026-01-06T13:12:00+00:00,U0130,R0192,3713.8,1,13,0,0,0,5558.75,0.67,708,0,0,0,0,293.0,0,0
T07574,2026-01-06T13:13:00+00:00,U0003,R0277,21377.75,1,13,0,1,0,5485.58,3.9,1486,0,0,0,0,140.0,0,1
T07575,2026-01-06T13:14:00+00:00,U0007,R0133,8181.83,1,13,0,0,0,5119.88,1.6,573,0,0,0,0,93.0,0,0
T07576,2026-01-06T13:15:00+00:00,U0108,R0243,2593.74,1,13,0,0,0,3884.67,0.67,1935,0,0,0,0,315.0,0,0
T07577,2026-01-06T13:16:00+00:00,U0171,R0048,5393.83,1,13,0,0,1,4466.31,1.21,1154,0,0,0,0,49.0,0,0
T07578,2026-01-06T13:17:00+00:00,U0047,R0432,1406.33,1,13,1,0,1,6645.79,0.21,957,0,0,0,0,34.0,0,0
T07579,2026-01-06T13:18:00+00:00,U0145,R0044,6495.5,1,13,0,0,0,3708.59,1.75,94,0,0,0,0,539.0,0,0
T07580,2026-01-06T13:19:00+00:00,U0104,R0047,2202.1,1,13,0,0,0,4273.25,0.52,508,0,0,0,0,110.0,0,0
T07581,2026-01-06T13:20:00+00:00,U0172,R0044,2093.7,1,13,0,0,0,5553.58,0.38,1447,0,0,0,0,93.0,0,0
T07582,2026-01-06T13:21:00+00:00,U0131,R0457,739.88,1,13,0,0,0,5342.59,0.14,1810,0,0,0,0,737.0,0,0
T07583,2026-01-06T13:22:00+00:00,U0152,R0139,7562.26,1,13,0,0,0,4579.44,1.65,1711,0,0,0,0,109.0,0,0
T07584,2026-01-06T13:23:00+00:00,U0154,R0344,3792.26,1,13,0,0,1,4308.92,0.88,1010,0,0,0,0,52.0,0,0
T07585,2026-01-06T13:24:00+00:00,U0130,R0078,2770.25,1,13,0,0,1,5508.89,0.5,708,0,0,0,0,12.0,0,0
T07586,2026-01-06T13:25:00+00:00,U0193,R0201,10306.59,0,13,0,0,0,6477.07,1.59,158,0,0,0,0,197.0,1,1
T07587,2026-01-06T13:26:00+00:00,U0172,R0477,3265.83,0,13,0,0,1,5478.36,0.6,1447,1,0,0,0,6.0,1,0
T07588,2026-01-06T13:27:00+00:00,U0171,R0326,2829.05,1,13,0,0,2,4493.59,0.63,1154,0,0,0,0,11.0,0,0
T07589,2026-01-06T13:28:00+00:00,U0012,R0302,1521.03,1,13,0,1,0,3683.41,0.41,476,0,0,0,0,325.0,0,0
T07590,2026-01-06T13:29:00+00:00,U0183,R0061,3148.41,1,13,0,0,0,3236.59,0.97,827,0,0,0,0,302.0,0,0
T07591,2026-01-06T13:30:00+00:00,U0023,R0405,5810.17,1,13,0,0,1,2799.95,2.08,1815,0,0,0,0,38.0,0,0
T07592,2026-01-06T13:31:00+00:00,U0029,R0182,632.58,1,13,0,0,0,4678.77,0.14,316,0,0,0,0,113.0,0,0
T07593,2026-01-06T13:32:00+00:00,U0127,R0461,4245.28,1,13,0,0,1,2599.53,1.63,675,0,0,0,0,59.0,0,0
T07594,2026-01-06T13:33:00+00:00,U0064,R0091,4621.05,0,13,0,0,0,4194.71,1.1,1159,0,0,0,0,368.0,1,0
T07595,2026-01-06T13:34:00+00:00,U0173,R0458,2026.71,1,13,0,0,0,3032.3,0.67,1772,0,0,0,0,427.0,0,0
T07596,2026-01-06T13:35:00+00:00,U0142,R0286,803.2,1,13,0,0,0,3788.69,0.21,1708,0,0,0,0,260.0,0,0
T07597,2026-01-06T13:36:00+00:00,U0186,R0194,2404.3,1,13,0,0,0,3337.23,0.72,1731,0,0,0,0,234.0,0,0
T07598,2026-01-06T13:37:00+00:00,U0200,R0477,7081.0,1,13,0,0,1,3526.66,2.01,1096,0,0,0,0,37.0,0,0
T07599,2026-01-06T13:38:00+00:00,U0169,R0344,3644.3,1,13,0,0,0,3374.37,1.08,1949,0,0,0,0,433.0,0,0
T07600,2026-01-06T13:39:00+00:00,U0047,R0150,1626.84,1,13,0,0,2,6458.67,0.25,957,0,0,0,0,22.0,0,0
T07601,2026-01-06T13:40:00+00:00,U0155,R0475,6126.59,1,13,0,0,0,3084.17,1.99,1159,0,0,0,0,478.0,0,0
T07602,2026-01-06T13:41:00+00:00,U0164,R0145,804.25,1,13,0,0,0,4060.96,0.2,1150,0,0,0,0,293.0,0,0
T07603,2026-01-06T13:42:00+00:00,U0097,R0197,2089.69,1,13,0,0,0,4511.05,0.46,174,0,0,0,0,167.0,0,0
T07604,2026-01-06T13:43:00+00:00,U0185,R0136,1939.39,1,13,0,0,0,3935.02,0.49,1483,0,0,0,0,114.0,0,0
T07605,2026-01-06T13:44:00+00:00,U0110,R0014,2579.89,1,13,0,1,0,3641.25,0.71,29,0,0,0,0,103.0,0,0
T07606,2026-01-06T13:45:00+00:00,U0131,R0160,9653.08,1,13,1,0,1,5211.08,1.85,1810,0,0,0,0,24.0,0,1
T07607,2026-01-06T13:46:00+00:00,U0114,R0006,2926.9,1,13,0,0,1,4937.33,0.59,447,0,0,0,0,44.0,0,0
T07608,2026-01-06T13:47:00+00:00,U0087,R0053,1582.73,1,13,0,0,0,4223.88,0.37,1811,0,0,0,0,182.0,0,0
T07609,2026-01-06T13:48:00+00:00,U0041,R0478,4336.55,1,13,0,0,1,4117.59,1.05,680,0,0,0,0,55.0,0,0
T07610,2026-01-06T13:49:00+00:00,U0195,R0125,5570.8,1,13,0,0,0,4936.14,1.13,1578,0,0,0,0,188.0,0,0
T07611,2026-01-06T13:50:00+00:00,U0105,R0141,514.33,0,13,0,1,0,3609.94,0.14,203,0,0,0,0,515.0,1,0
T07612,2026-01-06T13:51:00+00:00,U0033,R0001,3374.88,1,13,0,1,0,2544.48,1.33,1103,0,0,0,0,152.0,0,0
T07613,2026-01-06T13:52:00+00:00,U0147,R0492,4847.27,1,13,1,0,0,4913.21,0.99,1663,0,0,0,0,86.0,0,0
T07614,2026-01-06T13:53:00+00:00,U0057,R0137,866.92,1,13,0,0,0,5729.31,0.15,459,0,0,0,0,256.0,0,0
T07615,2026-01-06T13:54:00+00:00,U0137,R0357,5864.52,1,13,0,0,1,3342.85,1.75,511,0,0,0,0,46.0,0,0
T07616,2026-01-06T13:55:00+00:00,U0158,R0022,3702.95,1,13,0,0,0,4546.75,0.81,1865,0,0,0,0,270.0,0,0
T07617,2026-01-06T13:56:00+00:00,U0036,R0133,7258.6,1,13,0,0,0,4303.46,1.69,219,0,0,0,0,103.0,0,0
T07618,2026-01-06T13:57:00+00:00,U0039,R0386,4535.38,1,13,0,0,0,3333.27,1.36,176,0,0,0,0,106.0,0,0
T07619,2026-01-06T13:58:00+00:00,U0155,R0295,6128.4,1,13,0,0,1,3171.09,1.93,1159,0,0,0,0,18.0,0,0
T07620,2026-01-06T13:59:00+00:00,U0006,R0320,2552.22,1,13,1,0,0,6890.11,0.37,1386,0,0,0,0,161.0,0,0
T07621,2026-01-06T14:00:00+00:00,U0023,R0154,6471.92,1,14,0,0,1,2891.17,2.24,1815,0,0,0,0,30.0,0,0
T07622,2026-01-06T14:01:00+00:00,U0029,R0301,4094.81,1,14,0,0,1,4566.38,0.9,316,0,0,0,0,30.0,0,0
T07623,2026-01-06T14:02:00+00:00,U0186,R0128,867.49,1,14,0,0,1,3317.38,0.26,1731,0,0,0,0,26.0,0,0
T07624,2026-01-06T14:03:00+00:00,U0194,R0308,437.92,1,14,0,0,0,5371.31,0.08,1773,0,0,0,0,378.0,0,0
T07625,2026-01-06T14:04:00+00:00,U0042,R0421,2447.77,1,14,0,0,0,3892.61,0.63,914,0,0,0,0,171.0,0,0
T07626,2026-01-06T14:05:00+00:00,U0183,R0209,1222.64,1,14,1,0,1,3234.49,0.38,827,0,0,0,0,36.0,0,0
T07627,2026-01-06T14:06:00+00:00,U0055,R0244,2686.07,1,14,0,0,0,4241.24,0.63,553,0,0,0,0,186.0,0,0
T07628,2026-01-06T14:07:00+00:00,U0001,R0175,1433.83,1,14,1,0,0,5005.48,0.29,1905,0,0,0,0,747.0,0,0
T07629,2026-01-06T14:08:00+00:00,U0064,R0023,3519.44,1,14,0,0,1,4204.18,0.84,1159,0,0,0,0,35.0,0,0
T07630,2026-01-06T14:09:00+00:00,U0083,R0285,2996.52,1,14,0,0,0,6945.81,0.43,313,0,0,0,0,236.0,0,0
T07631,2026-01-06T14:10:00+00:00,U0103,R0171,17817.5,1,14,0,0,0,3102.55,5.74,145,0,0,0,0,63.0,0,1
T07632,2026-01-06T14:11:00+00:00,U0180,R0012,2004.96,1,14,0,0,0,5068.86,0.4,793,0,0,0,0,73.0,0,0
T07633,2026-01-06T14:12:00+00:00,U0093,R0465,2471.62,1,14,0,0,0,6265.74,0.39,403,0,0,0,0,417.0,0,0
T07634,2026-01-06T14:13:00+00:00,U0193,R0155,1045.29,1,14,0,0,1,6660.46,0.16,158,0,0,0,0,48.0,0,0
T07635,2026-01-06T14:14:00+00:00,U0068,R0064,1848.58,1,14,0,0,0,3974.55,0.47,98,0,0,0,0,86.0,0,0
T07636,2026-01-06T14:15:00+00:00,U0110,R0163,3615.82,1,14,0,0,1,3614.04,1.0,29,0,0,0,0,31.0,0,0
T07637,2026-01-06T14:16:00+00:00,U0050,R0357,1354.8,1,14,0,0,0,3141.45,0.43,682,0,0,0,0,234.0,0,0
T07638,2026-01-06T14:17:00+00:00,U0008,R0404,1424.75,1,14,0,0,0,4332.66,0.33,457,0,0,0,0,72.0,0,0
T07639,2026-01-06T14:18:00+00:00,U0103,R0433,6179.95,1,14,0,0,1,3500.25,1.77,145,1,0,0,0,8.0,0,0
T07640,2026-01-06T14:19:00+00:00,U0194,R0380,1707.87,1,14,0,0,1,5253.85,0.33,1773,0,0,0,0,16.0,0,0
T07641,2026-01-06T14:20:00+00:00,U0192,R0034,4346.13,1,14,0,0,0,3454.57,1.26,887,0,0,0,0,103.0,0,0
T07642,2026-01-06T14:21:00+00:00,U0033,R0359,1066.51,1,14,1,0,1,2566.92,0.42,1103,0,0,0,0,30.0,0,0
T07643,2026-01-06T14:22:00+00:00,U0138,R0294,4767.02,1,14,0,0,0,5386.31,0.89,1898,0,0,0,0,79.0,0,0
T07644,2026-01-06T14:23:00+00:00,U0162,R0022,188.47,1,14,0,0,0,4997.48,0.04,391,0,0,0,0,180.0,0,0
T07645,2026-01-06T14:24:00+00:00,U0187,R0002,3740.67,1,14,0,0,0,3912.87,0.96,1389,0,0,0,0,221.0,0,0
T07646,2026-01-06T14:25:00+00:00,U0119,R0427,1167.46,1,14,0,0,0,4553.52,0.26,112,0,0,0,0,152.0,0,0
T07647,2026-01-06T14:26:00+00:00,U0025,R0140,13313.81,1,14,1,0,0,3573.44,3.73,1745,0,0,0,0,510.0,0,1
T07648,2026-01-06T14:27:00+00:00,U0070,R0212,3899.06,1,14,0,0,0,3780.23,1.03,664,0,0,0,0,374.0,0,0
T07649,2026-01-06T14:28:00+00:00,U0027,R0404,5758.26,1,14,0,0,0,5382.28,1.07,1808,0,0,0,0,627.0,0,0
T07650,2026-01-06T14:29:00+00:00,U0084,R0319,2228.07,1,14,0,0,0,3386.66,0.66,1583,0,0,0,0,371.0,0,0
T07651,2026-01-06T14:30:00+00:00,U0101,R0321,4890.43,1,14,0,0,0,5119.68,0.96,1165,0,0,0,0,263.0,0,0
T07652,2026-01-06T14:31:00+00:00,U0068,R0280,7135.22,1,14,0,0,1,3923.93,1.82,98,0,0,0,0,17.0,0,0
T07653,2026-01-06T14:32:00+00:00,U0170,R0276,4107.86,1,14,0,0,0,5679.43,0.72,1804,0,0,0,0,103.0,0,0
T07654,2026-01-06T14:33:00+00:00,U0064,R0358,5602.78,1,14,0,0,2,4189.29,1.34,1159,0,0,0,0,25.0,0,0
T07655,2026-01-06T14:34:00+00:00,U0102,R0357,4550.65,1,14,0,0,0,3925.33,1.16,1474,0,0,0,0,122.0,0,0
T07656,2026-01-06T14:35:00+00:00,U0113,R0160,16954.12,1,14,1,0,0,3604.42,4.7,1440,0,0,0,0,120.0,0,1
T07657,2026-01-06T14:36:00+00:00,U0098,R0291,1741.63,1,14,0,0,0,6403.74,0.27,938,0,0,0,0,118.0,0,0
T07658,2026-01-06T14:37:00+00:00,U0024,R0168,242.48,1,14,0,0,0,3890.01,0.06,1553,0,0,0,0,173.0,0,0
T07659,2026-01-06T14:38:00+00:00,U0067,R0161,6465.95,1,14,0,0,0,3016.54,2.14,1381,0,0,0,0,209.0,0,0
T07660,2026-01-06T14:39:00+00:00,U0013,R0057,1181.53,1,14,0,0,0,5653.6,0.21,869,0,0,0,0,119.0,0,0
T07661,2026-01-06T14:40:00+00:00,U0035,R0370,1718.54,1,14,0,0,0,3209.7,0.54,1476,0,0,0,0,226.0,0,0
T07662,2026-01-06T14:41:00+00:00,U0047,R0030,1049.77,1,14,0,0,0,6292.05,0.17,957,0,0,0,0,62.0,0,0
T07663,2026-01-06T14:42:00+00:00,U0200,R0245,22412.42,1,14,1,1,0,3634.36,6.17,1096,0,0,0,0,65.0,0,1
T07664,2026-01-06T14:43:00+00:00,U0064,R0357,1290.49,1,14,0,0,2,4219.37,0.31,1159,1,0,0,0,10.0,0,0
T07665,2026-01-06T14:44:00+00:00,U0178,R0023,2178.65,1,14,0,0,0,3591.81,0.61,1860,0,0,0,0,222.0,0,0
T07666,2026-01-06T14:45:00+00:00,U0019,R0243,538.89,1,14,0,0,0,4402.36,0.12,1302,0,0,0,0,99.0,0,0
T07667,2026-01-06T14:46:00+00:00,U0175,R0373,5061.38,1,14,0,0,0,3562.51,1.42,1375,0,0,0,0,235.0,0,0
T07668,2026-01-06T14:47:00+00:00,U0153,R0276,1029.83,1,14,0,0,0,3558.89,0.29,798,0,0,0,0,226.0,0,0
T07669,2026-01-06T14:48:00+00:00,U0143,R0414,2950.83,1,14,0,0,0,3634.03,0.81,194,0,0,0,0,491.0,0,0
T07670,2026-01-06T14:49:00+00:00,U0108,R0161,3954.35,1,14,0,0,0,3847.79,1.03,1935,0,0,0,0,94.0,0,0
T07671,2026-01-06T14:50:00+00:00,U0182,R0332,3813.35,1,14,1,1,0,4952.88,0.77,269,0,0,0,0,145.0,0,1
T07672,2026-01-06T14:51:00+00:00,U0132,R0297,5345.04,1,14,1,1,0,4434.2,1.21,12,0,0,0,0,112.0,0,1
T07673,2026-01-06T14:52:00+00:00,U0096,R0307,8315.4,1,14,0,0,0,4323.67,1.92,322,0,0,0,0,287.0,0,0
T07674,2026-01-06T14:53:00+00:00,U0125,R0004,5506.95,0,14,1,0,0,4811.18,1.14,499,0,0,0,0,1219.0,1,0
T07675,2026-01-06T14:54:00+00:00,U0153,R0336,6483.38,1,14,0,0,1,3465.22,1.87,798,1,0,0,0,7.0,0,0
T07676,2026-01-06T14:55:00+00:00,U0078,R0414,3553.34,1,14,0,0,0,4121.61,0.86,797,0,0,0,0,275.0,0,0
T07677,2026-01-06T14:56:00+00:00,U0136,R0498,1217.86,1,14,0,0,0,3866.06,0.32,126,0,0,0,0,176.0,0,0
T07678,2026-01-06T14:57:00+00:00,U0046,R0025,5576.06,1,14,0,0,0,4477.95,1.25,854,0,0,0,0,389.0,0,1
T07679,2026-01-06T14:58:00+00:00,U0097,R0193,1520.36,0,14,0,0,0,4454.74,0.34,174,0,0,0,0,76.0,1,0
T07680,2026-01-06T14:59:00+00:00,U0071,R0403,4785.87,0,14,0,0,0,6691.23,0.72,17,0,0,0,0,183.0,1,0
T07681,2026-01-06T15:00:00+00:00,U0143,R0315,1374.95,1,15,0,0,1,3607.75,0.38,194,0,0,0,0,12.0,0,0
T07682,2026-01-06T15:01:00+00:00,U0128,R0211,2930.14,1,15,0,0,0,3439.46,0.85,1107,0,0,0,0,375.0,0,0
T07683,2026-01-06T15:02:00+00:00,U0112,R0135,1267.29,1,15,0,0,0,3329.21,0.38,939,0,0,0,0,172.0,0,0
T07684,2026-01-06T15:03:00+00:00,U0080,R0162,391.11,1,15,0,0,0,6140.5,0.06,846,0,0,0,0,707.0,0,0
T07685,2026-01-06T15:04:00+00:00,U0094,R0251,1263.82,1,15,0,0,0,3326.57,0.38,768,0,0,0,0,247.0,0,0
T07686,2026-01-06T15:05:00+00:00,U0088,R0276,986.6,1,15,0,0,0,6595.36,0.15,1812,0,0,0,0,224.0,0,0
T07687,2026-01-06T15:06:00+00:00,U0147,R0231,598.8,1,15,0,0,0,4905.12,0.12,1663,0,0,0,0,74.0,0,0
T07688,2026-01-06T15:07:00+00:00,U0079,R0394,1573.59,1,15,0,0,0,3592.16,0.44,128,0,0,0,0,333.0,0,0
T07689,2026-01-06T15:08:00+00:00,U0057,R0099,17667.41,1,15,0,1,0,5628.01,3.14,459,0,0,0,0,75.0,0,1
T07690,2026-01-06T15:09:00+00:00,U0156,R0015,8301.84,1,15,0,0,0,4204.34,1.97,1027,0,0,0,0,160.0,0,0
T07691,2026-01-06T15:10:00+00:00,U0063,R0439,838.69,1,15,0,0,0,3847.38,0.22,1621,0,0,0,0,338.0,0,0
T07692,2026-01-06T15:11:00+00:00,U0067,R0410,4517.84,1,15,0,0,1,3101.19,1.46,1381,0,0,0,0,33.0,0,1
T07693,2026-01-06T15:12:00+00:00,U0098,R0402,1082.93,1,15,0,0,1,6335.36,0.17,938,0,0,0,0,36.0,0,0
T07694,2026-01-06T15:13:00+00:00,U0163,R0095,3407.21,1,15,0,0,0,3498.38,0.97,550,0,0,0,0,535.0,0,0
T07695,2026-01-06T15:14:00+00:00,U0087,R0359,1140.77,1,15,0,0,0,4135.84,0.28,1811,0,0,0,0,87.0,0,0
T07696,2026-01-06T15:15:00+00:00,U0028,R0204,1320.59,1,15,0,0,0,3071.08,0.43,1290,0,0,0,0,380.0,0,0
T07697,2026-01-06T15:16:00+00:00,U0155,R0312,6063.32,1,15,1,0,0,3253.24,1.86,1159,0,0,0,0,78.0,0,0
T07698,2026-01-06T15:17:00+00:00,U0014,R0005,4938.68,1,15,0,0,0,4508.6,1.1,608,0,0,0,0,283.0,0,0
T07699,2026-01-06T15:18:00+00:00,U0173,R0218,3752.82,1,15,0,0,0,3002.73,1.25,1772,0,0,0,0,104.0,0,0
T07700,2026-01-06T15:19:00+00:00,U0048,R0061,8017.45,1,15,0,0,0,4806.9,1.67,453,0,0,0,0,313.0,0,0
T07701,2026-01-06T15:20:00+00:00,U0076,R0093,748.0,1,15,0,0,0,3907.75,0.19,1540,0,0,0,0,565.0,0,0
T07702,2026-01-06T15:21:00+00:00,U0116,R0220,713.36,1,15,0,0,0,4141.42,0.17,463,0,0,0,0,209.0,0,0
T07703,2026-01-06T15:22:00+00:00,U0123,R0356,1352.54,1,15,0,0,0,2747.29,0.49,832,0,0,0,0,226.0,0,0
T07704,2026-01-06T15:23:00+00:00,U0080,R0206,2832.4,1,15,0,0,1,5971.4,0.47,846,0,0,0,0,20.0,0,0
T07705,2026-01-06T15:24:00+00:00,U0081,R0314,6089.25,1,15,1,0,0,3598.67,1.69,1251,0,0,0,0,1102.0,0,1
T07706,2026-01-06T15:25:00+00:00,U0008,R0054,1721.43,1,15,0,0,0,4256.13,0.4,457,0,0,0,0,68.0,0,0
T07707,2026-01-06T15:26:00+00:00,U0072,R0364,6373.27,0,15,0,0,0,2637.09,2.42,1208,0,0,0,0,316.0,1,0
T07708,2026-01-06T15:27:00+00:00,U0024,R0191,3844.26,0,15,0,0,1,3775.2,1.02,1553,0,0,0,0,50.0,1,0
T07709,2026-01-06T15:28:00+00:00,U0129,R0418,1936.71,1,15,0,1,0,4049.62,0.48,375,0,0,0,0,326.0,0,0
T07710,2026-01-06T15:29:00+00:00,U0137,R0409,4908.62,1,15,0,0,0,3417.02,1.44,511,0,0,0,0,95.0,0,0
T07711,2026-01-06T15:30:00+00:00,U0100,R0031,6540.73,1,15,0,1,0,4961.25,1.32,1160,0,0,0,0,263.0,0,1
T07712,2026-01-06T15:31:00+00:00,U0138,R0008,2306.54,1,15,0,1,0,5372.85,0.43,1898,0,0,0,0,69.0,0,1
T07713,2026-01-06T15:32:00+00:00,U0138,R0008,2306.54,0,15,1,0,1,5307.61,0.43,1898,1,1,1,1,1.0,1,1
T07714,2026-01-06T15:33:00+00:00,U0138,R0008,2306.54,0,15,1,1,2,5245.08,0.44,1898,2,2,2,2,1.0,2,1
T07715,2026-01-06T15:34:00+00:00,U0151,R0265,2690.51,1,15,0,0,0,4871.39,0.55,1656,0,0,0,0,184.0,0,0
T07716,2026-01-06T15:35:00+00:00,U0124,R0365,422.34,1,15,0,0,0,3821.37,0.11,1661,0,0,0,0,464.0,0,0
T07717,2026-01-06T15:36:00+00:00,U0144,R0066,5629.25,1,15,0,1,0,4599.79,1.22,685,0,0,0,0,387.0,0,0
T07718,2026-01-06T15:37:00+00:00,U0021,R0089,11688.69,1,15,1,0,0,5991.92,1.95,486,0,0,0,0,223.0,0,1
T07719,2026-01-06T15:38:00+00:00,U0092,R0228,1001.09,1,15,0,0,0,5615.77,0.18,892,0,0,0,0,148.0,0,0
T07720,2026-01-06T15:39:00+00:00,U0004,R0477,2490.92,1,15,0,1,0,4664.52,0.53,1108,0,0,0,0,172.0,0,0
T07721,2026-01-06T15:40:00+00:00,U0115,R0070,2048.7,0,15,0,0,0,3520.82,0.58,579,0,0,0,0,201.0,1,0
T07722,2026-01-06T15:41:00+00:00,U0105,R0406,2986.02,1,15,0,0,0,3513.2,0.85,203,0,0,0,0,111.0,0,0
T07723,2026-01-06T15:42:00+00:00,U0043,R0327,693.38,1,15,0,0,0,3560.39,0.19,1004,0,0,0,0,398.0,0,0
T07724,2026-01-06T15:43:00+00:00,U0020,R0076,5406.77,1,15,0,0,0,4203.51,1.29,1664,0,0,0,0,522.0,0,0
T07725,2026-01-06T15:44:00+00:00,U0043,R0028,1099.49,1,15,0,0,1,3486.88,0.32,1004,1,0,0,0,2.0,0,0
T07726,2026-01-06T15:45:00+00:00,U0065,R0118,2571.19,1,15,0,0,0,5247.91,0.49,1869,0,0,0,0,223.0,0,0
T07727,2026-01-06T15:46:00+00:00,U0123,R0176,2001.92,1,15,0,0,1,2703.71,0.74,832,0,0,0,0,24.0,0,0
T07728,2026-01-06T15:47:00+00:00,U0089,R0357,556.32,1,15,0,1,0,3673.65,0.15,622,0,0,0,0,333.0,0,0
T07729,2026-01-06T15:48:00+00:00,U0099,R0444,196.67,1,15,0,0,0,3779.06,0.05,828,0,0,0,0,485.0,0,0
T07730,2026-01-06T15:49:00+00:00,U0013,R0237,877.26,1,15,0,0,0,5518.08,0.16,869,0,0,0,0,70.0,0,0
T07731,2026-01-06T15:50:00+00:00,U0163,R0087,6428.18,1,15,1,0,1,3495.85,1.84,550,0,0,0,0,37.0,0,0
T07732,2026-01-06T15:51:00+00:00,U0068,R0486,4178.19,1,15,0,0,0,3998.61,1.04,98,0,0,0,0,80.0,0,0
T07733,2026-01-06T15:52:00+00:00,U0080,R0066,8656.14,1,15,0,1,2,5881.71,1.47,846,0,0,0,0,29.0,0,0
T07734,2026-01-06T15:53:00+00:00,U0143,R0356,2526.87,1,15,0,0,1,3525.05,0.72,194,0,0,0,0,53.0,0,0
T07735,2026-01-06T15:54:00+00:00,U0129,R0167,2510.01,1,15,0,0,1,3995.44,0.63,375,0,0,0,0,26.0,0,0
T07736,2026-01-06T15:55:00+00:00,U0093,R0409,9058.61,1,15,0,0,0,6307.54,1.44,403,0,0,0,0,103.0,0,0
T07737,2026-01-06T15:56:00+00:00,U0069,R0025,3009.57,1,15,0,0,0,4589.11,0.66,1754,0,0,0,0,195.0,0,0
T07738,2026-01-06T15:57:00+00:00,U0110,R0131,10568.32,1,15,0,0,0,3614.08,2.92,29,0,0,0,0,102.0,0,1
T07739,2026-01-06T15:58:00+00:00,U0095,R0147,2975.31,1,15,0,0,0,2916.3,1.02,333,0,0,0,0,426.0,0,0
T07740,2026-01-06T15:59:00+00:00,U0087,R0379,664.3,1,15,0,0,1,4039.22,0.16,1811,0,0,0,0,45.0,0,0
T07741,2026-01-06T16:00:00+00:00,U0051,R0433,4453.41,1,16,0,0,0,5537.81,0.8,60,0,0,0,0,234.0,0,0
T07742,2026-01-06T16:01:00+00:00,U0029,R0072,3923.08,1,16,0,0,0,4553.63,0.86,316,0,0,0,0,120.0,0,0
T07743,2026-01-06T16:02:00+00:00,U0040,R0479,4266.43,1,16,0,0,0,5377.25,0.79,1571,0,0,0,0,398.0,0,0
T07744,2026-01-06T16:03:00+00:00,U0115,R0147,705.4,1,16,0,0,1,3471.75,0.2,579,0,0,0,0,23.0,0,0
T07745,2026-01-06T16:04:00+00:00,U0158,R0392,611.39,1,16,0,0,0,4529.17,0.13,1865,0,0,0,0,129.0,0,0
T07746,2026-01-06T16:05:00+00:00,U0126,R0350,3473.76,1,16,0,0,0,5650.74,0.61,1797,0,0,0,0,390.0,0,0
T07747,2026-01-06T16:06:00+00:00,U0188,R0418,2289.79,1,16,0,0,0,5922.48,0.39,1681,0,0,0,0,336.0,0,0
T07748,2026-01-06T16:07:00+00:00,U0116,R0225,8924.59,1,16,1,0,1,4065.24,2.2,463,0,0,0,0,46.0,0,0
T07749,2026-01-06T16:08:00+00:00,U0102,R0392,3227.47,1,16,0,0,0,3939.87,0.82,1474,0,0,0,0,94.0,0,0
T07750,2026-01-06T16:09:00+00:00,U0171,R0151,1208.57,1,16,0,0,0,4446.03,0.27,1154,0,0,0,0,162.0,0,0
T07751,2026-01-06T16:10:00+00:00,U0174,R0381,6610.29,1,16,0,0,0,4946.21,1.34,1108,0,0,0,0,839.0,0,0
T07752,2026-01-06T16:11:00+00:00,U0044,R0016,853.35,1,16,0,0,0,5246.41,0.16,1950,0,0,0,0,405.0,0,0
T07753,2026-01-06T16:12:00+00:00,U0143,R0276,1222.07,1,16,0,0,1,3489.4,0.35,194,0,0,0,0,19.0,0,0
T07754,2026-01-06T16:13:00+00:00,U0044,R0420,451.95,1,16,0,0,1,5089.51,0.09,1950,1,0,0,0,2.0,0,0
T07755,2026-01-06T16:14:00+00:00,U0122,R0182,4413.24,1,16,0,0,0,4061.49,1.09,1750,0,0,0,0,849.0,0,0
T07756,2026-01-06T16:15:00+00:00,U0168,R0278,1223.99,1,16,0,0,0,7350.66,0.17,820,0,0,0,0,354.0,0,0
T07757,2026-01-06T16:16:00+00:00,U0018,R0311,26218.59,1,16,0,1,0,4382.43,5.98,74,0,0,0,0,238.0,0,1
T07758,2026-01-06T16:17:00+00:00,U0064,R0424,6308.7,1,16,0,0,0,4158.35,1.52,1159,0,0,0,0,94.0,0,0
T07759,2026-01-06T16:18:00+00:00,U0085,R0366,375.39,1,16,1,0,0,4054.06,0.09,652,0,0,0,0,958.0,0,0
T07760,2026-01-06T16:19:00+00:00,U0009,R0198,1913.61,1,16,0,0,0,2966.41,0.65,1744,0,0,0,0,292.0,0,1
T07761,2026-01-06T16:20:00+00:00,U0059,R0167,4372.16,1,16,1,0,0,5595.95,0.78,75,0,0,0,0,605.0,0,1
T07762,2026-01-06T16:21:00+00:00,U0129,R0425,709.74,1,16,0,0,2,3958.3,0.18,375,0,0,0,0,27.0,0,0
T07763,2026-01-06T16:22:00+00:00,U0160,R0458,6771.06,1,16,0,0,0,4928.76,1.37,214,0,0,0,0,290.0,0,0
T07764,2026-01-06T16:23:00+00:00,U0059,R0452,731.22,0,16,0,0,1,5559.96,0.13,75,1,0,0,0,3.0,1,0
T07765,2026-01-06T16:24:00+00:00,U0010,R0440,28573.84,0,16,0,0,0,2936.76,9.73,1038,0,0,0,0,243.0,1,1
T07766,2026-01-06T16:25:00+00:00,U0180,R0404,4448.54,1,16,0,0,0,5002.25,0.89,793,0,0,0,0,134.0,0,0
T07767,2026-01-06T16:26:00+00:00,U0027,R0264,19464.33,1,16,1,1,0,5393.02,3.61,1808,0,0,0,0,118.0,0,1
T07768,2026-01-06T16:27:00+00:00,U0102,R0226,1279.65,1,16,0,0,1,3923.68,0.33,1474,0,0,0,0,19.0,0,0
T07769,2026-01-06T16:28:00+00:00,U0074,R0264,6213.91,1,16,0,0,0,3086.05,2.01,589,0,0,0,0,273.0,0,0
T07770,2026-01-06T16:29:00+00:00,U0109,R0177,17911.72,1,16,0,0,0,5001.43,3.58,579,0,0,0,0,298.0,0,1
T07771,2026-01-06T16:30:00+00:00,U0072,R0131,4993.02,1,16,0,0,0,2723.97,1.83,1208,0,0,0,0,64.0,0,0
T07772,2026-01-06T16:31:00+00:00,U0172,R0490,2612.62,1,16,0,0,0,5431.29,0.48,1447,0,0,0,0,185.0,0,0
T07773,2026-01-06T16:32:00+00:00,U0068,R0219,2963.95,1,16,0,0,1,4002.69,0.74,98,0,0,0,0,41.0,0,0
T07774,2026-01-06T16:33:00+00:00,U0137,R0108,1666.13,1,16,0,0,0,3459.64,0.48,511,0,0,0,0,64.0,0,0
T07775,2026-01-06T16:34:00+00:00,U0093,R0353,4960.65,1,16,0,1,1,6419.71,0.77,403,0,0,0,0,39.0,0,0
T07776,2026-01-06T16:35:00+00:00,U0155,R0318,4937.4,1,16,0,0,0,3329.19,1.48,1159,0,0,0,0,79.0,0,0
T07777,2026-01-06T16:36:00+00:00,U0181,R0402,2710.59,1,16,0,0,0,3615.31,0.75,215,0,0,0,0,286.0,0,0
T07778,2026-01-06T16:37:00+00:00,U0004,R0329,836.78,1,16,0,0,1,4592.06,0.18,1108,0,0,0,0,58.0,0,0
T07779,2026-01-06T16:38:00+00:00,U0194,R0467,3860.46,0,16,0,0,0,5171.39,0.75,1773,0,0,0,0,139.0,1,0
T07780,2026-01-06T16:39:00+00:00,U0172,R0165,1197.39,1,16,0,0,1,5372.56,0.22,1447,1,0,0,0,8.0,0,0
T07781,2026-01-06T16:40:00+00:00,U0153,R0064,3562.55,1,16,0,0,0,3573.01,1.0,798,0,0,0,0,106.0,0,0
T07782,2026-01-06T16:41:00+00:00,U0117,R0492,1323.21,1,16,0,0,0,4214.29,0.31,876,0,0,0,0,337.0,0,0
T07783,2026-01-06T16:42:00+00:00,U0170,R0131,4207.11,1,16,1,0,0,5633.21,0.75,1804,0,0,0,0,130.0,0,0
T07784,2026-01-06T16:43:00+00:00,U0189,R0198,2828.33,1,16,0,0,0,3775.48,0.75,690,0,0,0,0,427.0,0,0
T07785,2026-01-06T16:44:00+00:00,U0146,R0297,649.08,1,16,0,0,0,3875.39,0.17,1480,0,0,0,0,609.0,0,0
T07786,2026-01-06T16:45:00+00:00,U0151,R0271,5546.61,1,16,0,0,0,4814.0,1.15,1656,0,0,0,0,71.0,0,0
T07787,2026-01-06T16:46:00+00:00,U0040,R0454,2200.41,1,16,0,0,1,5354.11,0.41,1571,0,0,0,0,44.0,0,0
T07788,2026-01-06T16:47:00+00:00,U0177,R0307,3496.24,1,16,0,0,0,5277.42,0.66,315,0,0,0,0,765.0,0,0
T07789,2026-01-06T16:48:00+00:00,U0081,R0247,3197.03,1,16,0,0,0,3660.93,0.87,1251,0,0,0,0,84.0,0,0
T07790,2026-01-06T16:49:00+00:00,U0035,R0429,450.39,1,16,0,0,0,3175.02,0.14,1476,0,0,0,0,129.0,0,0
T07791,2026-01-06T16:50:00+00:00,U0071,R0430,6734.4,1,16,0,0,0,6732.27,1.0,17,0,0,0,0,111.0,0,0
T07792,2026-01-06T16:51:00+00:00,U0036,R0130,364.62,1,16,0,0,0,4426.33,0.08,219,0,0,0,0,175.0,0,0
T07793,2026-01-06T16:52:00+00:00,U0010,R0415,388.18,1,16,0,0,1,3494.09,0.11,1038,0,0,0,0,28.0,0,0
T07794,2026-01-06T16:53:00+00:00,U0187,R0307,1716.13,1,16,1,0,0,3908.45,0.44,1389,0,0,0,0,149.0,0,0
T07795,2026-01-06T16:54:00+00:00,U0098,R0364,4094.18,1,16,0,0,0,6317.24,0.65,938,0,0,0,0,102.0,0,0
T07796,2026-01-06T16:55:00+00:00,U0069,R0068,793.64,1,16,0,0,1,4547.54,0.17,1754,0,0,0,0,59.0,0,0
T07797,2026-01-06T16:56:00+00:00,U0143,R0333,682.38,1,16,0,0,1,3411.22,0.2,194,0,0,0,0,44.0,0,0
T07798,2026-01-06T16:57:00+00:00,U0116,R0084,2570.2,1,16,0,0,1,4170.88,0.62,463,0,0,0,0,50.0,0,0
T07799,2026-01-06T16:58:00+00:00,U0061,R0291,2991.39,1,16,0,0,0,2959.44,1.01,255,0,0,0,0,448.0,0,0
T07800,2026-01-06T16:59:00+00:00,U0039,R0500,5360.43,1,16,0,0,0,3377.79,1.59,176,0,0,0,0,182.0,0,1
T07801,2026-01-06T17:00:00+00:00,U0166,R0338,39004.38,1,17,1,1,0,3683.83,10.59,1257,0,0,0,0,558.0,0,1
T07802,2026-01-06T17:01:00+00:00,U0008,R0201,2379.43,1,17,0,0,0,4191.14,0.57,457,0,0,0,0,96.0,0,0
T07803,2026-01-06T17:02:00+00:00,U0041,R0484,5535.71,1,17,0,0,0,4043.58,1.37,680,0,0,0,0,194.0,0,0
T07804,2026-01-06T17:03:00+00:00,U0054,R0089,450.62,1,17,0,0,0,4768.65,0.09,712,0,0,0,0,408.0,0,0
T07805,2026-01-06T17:04:00+00:00,U0132,R0474,2116.38,1,17,0,0,0,4457.55,0.47,12,0,0,0,0,133.0,0,0
T07806,2026-01-06T17:05:00+00:00,U0148,R0286,1223.4,1,17,0,0,0,3978.77,0.31,507,0,0,0,0,569.0,0,0
T07807,2026-01-06T17:06:00+00:00,U0043,R0075,30050.6,1,17,0,1,0,3427.19,8.77,1004,0,0,0,0,82.0,0,1
T07808,2026-01-06T17:07:00+00:00,U0030,R0008,603.0,0,17,0,0,0,4842.09,0.12,229,0,0,0,0,261.0,1,0
T07809,2026-01-06T17:08:00+00:00,U0045,R0456,1175.65,1,17,0,0,0,4900.8,0.24,1072,0,0,0,0,266.0,0,0
T07810,2026-01-06T17:09:00+00:00,U0017,R0355,3196.2,1,17,0,1,0,4746.34,0.67,53,0,0,0,0,275.0,0,1
T07811,2026-01-06T17:10:00+00:00,U0017,R0355,3196.2,0,17,1,1,1,4711.11,0.68,53,1,1,1,1,1.0,1,1
T07812,2026-01-06T17:11:00+00:00,U0017,R0355,3196.2,0,17,1,1,2,4677.44,0.68,53,2,2,2,2,1.0,2,1
T07813,2026-01-06T17:12:00+00:00,U0119,R0223,1709.65,1,17,0,1,0,4468.87,0.38,112,0,0,0,0,167.0,0,0
T07814,2026-01-06T17:13:00+00:00,U0012,R0466,7732.71,1,17,0,0,0,3621.63,2.14,476,0,0,0,0,225.0,0,0
T07815,2026-01-06T17:14:00+00:00,U0162,R0306,2217.54,1,17,0,0,0,4856.04,0.46,391,0,0,0,0,171.0,0,0
T07816,2026-01-06T17:15:00+00:00,U0143,R0471,983.03,1,17,0,0,1,3320.26,0.3,194,0,0,0,0,19.0,0,0
T07817,2026-01-06T17:16:00+00:00,U0124,R0367,2170.5,1,17,0,0,0,3715.15,0.58,1661,0,0,0,0,101.0,0,0
T07818,2026-01-06T17:17:00+00:00,U0003,R0281,1866.89,1,17,0,0,0,5953.0,0.31,1486,0,0,0,0,244.0,0,0
T07819,2026-01-06T17:18:00+00:00,U0076,R0097,30661.92,1,17,1,1,0,3817.47,8.03,1540,0,0,0,0,118.0,0,1
T07820,2026-01-06T17:19:00+00:00,U0024,R0148,2478.48,1,17,0,0,0,3771.19,0.66,1553,0,0,0,0,112.0,0,0
T07821,2026-01-06T17:20:00+00:00,U0186,R0121,3043.96,1,17,0,0,0,3266.34,0.93,1731,0,0,0,0,198.0,0,0
T07822,2026-01-06T17:21:00+00:00,U0075,R0476,668.67,0,17,0,0,0,3500.61,0.19,86,0,0,0,0,257.0,1,0
T07823,2026-01-06T17:22:00+00:00,U0063,R0329,3145.55,1,17,0,0,0,3766.07,0.84,1621,0,0,0,0,132.0,0,0
T07824,2026-01-06T17:23:00+00:00,U0151,R0262,1625.78,1,17,0,0,1,4832.79,0.34,1656,0,0,0,0,38.0,0,0
T07825,2026-01-06T17:24:00+00:00,U0124,R0142,3185.92,1,17,0,0,1,3668.35,0.87,1661,1,0,0,0,8.0,0,0
T07826,2026-01-06T17:25:00+00:00,U0193,R0393,2309.92,1,17,0,0,0,6658.62,0.35,158,0,0,0,0,192.0,0,0
T07827,2026-01-06T17:26:00+00:00,U0165,R0071,3234.77,1,17,0,0,0,7883.3,0.41,302,0,0,0,0,429.0,0,0
T07828,2026-01-06T17:27:00+00:00,U0080,R0210,2677.06,1,17,0,0,0,5958.78,0.45,846,0,0,0,0,95.0,0,0
T07829,2026-01-06T17:28:00+00:00,U0151,R0162,26367.35,1,17,0,1,2,4752.61,5.55,1656,1,0,0,0,5.0,0,1
T07830,2026-01-06T17:29:00+00:00,U0026,R0018,3472.7,1,17,0,0,0,6012.19,0.58,407,0,0,0,0,313.0,0,0
T07831,2026-01-06T17:30:00+00:00,U0188,R0396,2902.77,1,17,1,1,0,5824.3,0.5,1681,0,0,0,0,84.0,0,1
T07832,2026-01-06T17:31:00+00:00,U0188,R0396,2902.77,0,17,0,0,1,5747.42,0.51,1681,1,1,1,1,1.0,1,1
T07833,2026-01-06T17:32:00+00:00,U0188,R0396,2902.77,0,17,1,0,2,5674.48,0.51,1681,2,2,2,2,1.0,2,1
T07834,2026-01-06T17:33:00+00:00,U0118,R0428,5475.77,1,17,0,0,0,3977.14,1.38,635,0,0,0,0,640.0,0,0
T07835,2026-01-06T17:34:00+00:00,U0047,R0002,8220.59,1,17,0,0,0,6117.31,1.34,957,0,0,0,0,173.0,0,0
T07836,2026-01-06T17:35:00+00:00,U0072,R0484,5026.1,1,17,0,0,0,2775.54,1.81,1208,0,0,0,0,65.0,0,0
T07837,2026-01-06T17:36:00+00:00,U0191,R0302,646.94,1,17,0,0,0,4581.72,0.14,982,0,0,0,0,386.0,0,0
T07838,2026-01-06T17:37:00+00:00,U0020,R0170,4122.11,1,17,0,0,0,4235.18,0.97,1664,0,0,0,0,114.0,0,0
T07839,2026-01-06T17:38:00+00:00,U0177,R0024,25208.82,1,17,0,0,1,5235.99,4.81,315,0,0,0,0,51.0,0,1
T07840,2026-01-06T17:39:00+00:00,U0172,R0200,4594.28,1,17,0,0,1,5287.36,0.87,1447,0,0,0,0,60.0,0,0
T07841,2026-01-06T17:40:00+00:00,U0024,R0038,3897.5,1,17,0,0,1,3802.7,1.02,1553,0,0,0,0,21.0,0,0
T07842,2026-01-06T17:41:00+00:00,U0166,R0202,9060.7,1,17,0,0,1,4311.5,2.1,1257,0,0,0,0,41.0,0,0
T07843,2026-01-06T17:42:00+00:00,U0077,R0445,2565.29,1,17,0,0,0,4313.37,0.59,332,0,0,0,0,561.0,0,0
T07844,2026-01-06T17:43:00+00:00,U0024,R0361,2419.07,0,17,0,0,2,3778.14,0.64,1553,1,0,0,0,3.0,1,0
T07845,2026-01-06T17:44:00+00:00,U0058,R0145,5222.27,1,17,0,0,0,3751.25,1.39,1080,0,0,0,0,678.0,0,0
T07846,2026-01-06T17:45:00+00:00,U0115,R0278,2844.15,0,17,1,0,0,3382.51,0.84,579,0,0,0,0,102.0,1,1
T07847,2026-01-06T17:46:00+00:00,U0115,R0278,2844.15,0,17,1,1,1,3365.69,0.85,579,1,1,1,1,1.0,2,1
T07848,2026-01-06T17:47:00+00:00,U0115,R0278,2844.15,0,17,1,1,2,3349.88,0.85,579,2,2,2,2,1.0,3,1
T07849,2026-01-06T17:48:00+00:00,U0103,R0315,2647.59,0,17,0,0,0,3570.77,0.74,145,0,0,0,0,210.0,1,0
T07850,2026-01-06T17:49:00+00:00,U0152,R0138,4987.69,1,17,0,0,0,4657.93,1.07,1711,0,0,0,0,267.0,0,0
T07851,2026-01-06T17:50:00+00:00,U0121,R0022,26385.49,1,17,1,1,0,3646.56,7.24,418,0,0,0,0,922.0,0,1
T07852,2026-01-06T17:51:00+00:00,U0004,R0189,3064.03,1,17,0,0,0,4470.93,0.69,1108,0,0,0,0,74.0,0,0
T07853,2026-01-06T17:52:00+00:00,U0195,R0100,5557.47,1,17,0,0,0,4953.29,1.12,1578,0,0,0,0,243.0,0,0
T07854,2026-01-06T17:53:00+00:00,U0141,R0104,3146.11,1,17,0,0,0,3467.92,0.91,113,0,0,0,0,407.0,0,0
T07855,2026-01-06T17:54:00+00:00,U0037,R0194,690.95,0,17,0,0,0,3983.68,0.17,132,0,0,0,0,403.0,2,0
T07856,2026-01-06T17:55:00+00:00,U0146,R0290,1060.93,1,17,0,0,0,3792.67,0.28,1480,0,0,0,0,71.0,0,0
T07857,2026-01-06T17:56:00+00:00,U0041,R0199,4004.74,1,17,0,0,1,4047.42,0.99,680,0,0,0,0,54.0,0,0
T07858,2026-01-06T17:57:00+00:00,U0004,R0271,348.41,1,17,0,0,1,4426.96,0.08,1108,1,0,0,0,6.0,0,0
T07859,2026-01-06T17:58:00+00:00,U0111,R0286,8226.84,1,17,1,0,0,4816.59,1.71,877,0,0,0,0,401.0,0,0
T07860,2026-01-06T17:59:00+00:00,U0163,R0290,7476.51,1,17,0,0,0,3575.1,2.09,550,0,0,0,0,129.0,0,0
T07861,2026-01-06T18:00:00+00:00,U0136,R0350,2670.38,0,18,1,0,0,3794.49,0.7,126,0,0,0,0,184.0,1,1
T07862,2026-01-06T18:01:00+00:00,U0125,R0401,2255.0,1,18,0,0,0,4831.65,0.47,499,0,0,0,0,188.0,0,0
T07863,2026-01-06T18:02:00+00:00,U0094,R0016,3144.73,1,18,1,1,0,3264.06,0.96,768,0,0,0,0,178.0,0,1
T07864,2026-01-06T18:03:00+00:00,U0152,R0220,2029.84,0,18,0,0,1,4666.39,0.43,1711,0,0,0,0,14.0,1,0
T07865,2026-01-06T18:04:00+00:00,U0117,R0433,4111.08,1,18,0,0,0,4148.58,0.99,876,0,0,0,0,83.0,0,0
T07866,2026-01-06T18:05:00+00:00,U0117,R0460,3756.23,1,18,0,0,1,4147.75,0.91,876,1,0,0,0,1.0,0,0
T07867,2026-01-06T18:06:00+00:00,U0178,R0305,4524.8,1,18,0,0,0,3559.69,1.27,1860,0,0,0,0,202.0,0,0
T07868,2026-01-06T18:07:00+00:00,U0006,R0483,2775.75,1,18,0,0,0,6758.66,0.41,1386,0,0,0,0,248.0,0,0
T07869,2026-01-06T18:08:00+00:00,U0111,R0452,474.35,1,18,0,0,1,4923.16,0.1,877,1,0,0,0,10.0,0,0
T07870,2026-01-06T18:09:00+00:00,U0092,R0233,965.91,1,18,0,0,0,5487.59,0.18,892,0,0,0,0,151.0,0,0
T07871,2026-01-06T18:10:00+00:00,U0162,R0268,4021.39,0,18,0,0,1,4780.66,0.84,391,0,0,0,0,56.0,1,0
T07872,2026-01-06T18:11:00+00:00,U0048,R0195,1282.89,1,18,0,0,0,4891.39,0.26,453,0,0,0,0,172.0,0,0
T07873,2026-01-06T18:12:00+00:00,U0021,R0284,7558.49,1,18,0,0,0,6121.39,1.23,486,0,0,0,0,155.0,0,0
T07874,2026-01-06T18:13:00+00:00,U0195,R0484,6117.96,1,18,0,0,1,4969.19,1.23,1578,0,0,0,0,21.0,0,0
T07875,2026-01-06T18:14:00+00:00,U0147,R0189,2301.38,0,18,0,0,0,4898.0,0.47,1663,0,0,0,0,188.0,1,0
T07876,2026-01-06T18:15:00+00:00,U0019,R0402,731.26,1,18,1,0,0,4310.37,0.17,1302,0,0,0,0,210.0,0,0
T07877,2026-01-06T18:16:00+00:00,U0086,R0262,6457.75,1,18,0,0,0,4991.56,1.29,1686,0,0,0,0,585.0,0,0
T07878,2026-01-06T18:17:00+00:00,U0031,R0236,4708.0,1,18,0,0,0,4386.22,1.07,1886,0,0,0,0,308.0,0,0
T07879,2026-01-06T18:18:00+00:00,U0075,R0362,5669.7,1,18,0,0,1,3417.32,1.66,86,0,0,0,0,57.0,0,0
T07880,2026-01-06T18:19:00+00:00,U0192,R0071,26997.13,1,18,0,1,0,3476.86,7.76,887,0,0,0,0,239.0,0,1
T07881,2026-01-06T18:20:00+00:00,U0099,R0309,2272.47,1,18,0,0,0,3691.68,0.62,828,0,0,0,0,152.0,0,0
T07882,2026-01-06T18:21:00+00:00,U0020,R0050,5840.57,1,18,0,0,1,4232.28,1.38,1664,0,0,0,0,44.0,0,0
T07883,2026-01-06T18:22:00+00:00,U0166,R0283,4007.08,1,18,0,0,1,4333.75,0.92,1257,0,0,0,0,41.0,0,0
T07884,2026-01-06T18:23:00+00:00,U0024,R0312,1188.7,1,18,0,0,2,3774.34,0.31,1553,0,0,0,0,40.0,0,0
T07885,2026-01-06T18:24:00+00:00,U0104,R0482,3062.19,1,18,0,0,0,4218.75,0.73,508,0,0,0,0,305.0,0,0
T07886,2026-01-06T18:25:00+00:00,U0069,R0091,2154.46,1,18,0,0,0,4451.29,0.48,1754,0,0,0,0,90.0,0,0
T07887,2026-01-06T18:26:00+00:00,U0155,R0483,306.83,1,18,0,0,0,3371.51,0.09,1159,0,0,0,0,111.0,0,0
T07888,2026-01-06T18:27:00+00:00,U0132,R0301,2627.22,1,18,0,0,0,4399.02,0.6,12,0,0,0,0,83.0,0,0
T07889,2026-01-06T18:28:00+00:00,U0014,R0416,820.26,1,18,0,0,0,4519.35,0.18,608,0,0,0,0,191.0,0,0
T07890,2026-01-06T18:29:00+00:00,U0068,R0370,3046.0,1,18,0,0,0,3979.61,0.77,98,0,0,0,0,117.0,0,0
T07891,2026-01-06T18:30:00+00:00,U0069,R0470,640.3,1,18,0,0,1,4393.87,0.15,1754,1,0,0,0,5.0,0,0
T07892,2026-01-06T18:31:00+00:00,U0142,R0178,1115.01,1,18,0,0,0,3717.61,0.3,1708,0,0,0,0,296.0,0,0
T07893,2026-01-06T18:32:00+00:00,U0096,R0249,2361.86,1,18,0,0,0,4461.31,0.53,322,0,0,0,0,220.0,0,0
T07894,2026-01-06T18:33:00+00:00,U0012,R0164,4325.48,1,18,1,0,0,3735.82,1.16,476,0,0,0,0,80.0,0,0
T07895,2026-01-06T18:34:00+00:00,U0130,R0065,6654.46,1,18,0,0,0,5436.82,1.22,708,0,0,0,0,310.0,0,0
T07896,2026-01-06T18:35:00+00:00,U0148,R0073,7249.81,1,18,1,0,0,3914.69,1.85,507,0,0,0,0,90.0,0,1
T07897,2026-01-06T18:36:00+00:00,U0148,R0073,7249.81,0,18,1,1,1,3990.49,1.82,507,1,1,1,1,1.0,1,1
T07898,2026-01-06T18:37:00+00:00,U0148,R0073,7249.81,0,18,0,1,2,4062.92,1.78,507,2,2,2,2,1.0,2,1
T07899,2026-01-06T18:38:00+00:00,U0094,R0255,1444.93,1,18,0,0,1,3260.55,0.44,768,0,0,0,0,36.0,0,0
T07900,2026-01-06T18:39:00+00:00,U0182,R0295,963.12,1,18,0,0,0,4921.22,0.2,269,0,0,0,0,229.0,0,0
T07901,2026-01-06T18:40:00+00:00,U0188,R0026,3683.49,1,18,0,0,0,5605.19,0.66,1681,0,0,0,0,68.0,0,0
T07902,2026-01-06T18:41:00+00:00,U0103,R0113,1498.19,1,18,0,0,1,3547.1,0.42,145,0,0,0,0,53.0,0,0
T07903,2026-01-06T18:42:00+00:00,U0088,R0210,2109.77,1,18,0,0,0,5758.22,0.37,1812,0,0,0,0,217.0,0,0
T07904,2026-01-06T18:43:00+00:00,U0014,R0236,516.99,0,18,0,0,1,4429.13,0.12,608,0,0,0,0,15.0,1,0
T07905,2026-01-06T18:44:00+00:00,U0035,R0143,3192.17,0,18,0,0,0,3113.1,1.03,1476,0,0,0,0,115.0,1,0
T07906,2026-01-06T18:45:00+00:00,U0121,R0091,30190.89,1,18,0,1,1,4229.61,7.14,418,0,0,0,0,55.0,0,1
T07907,2026-01-06T18:46:00+00:00,U0144,R0313,1192.16,1,18,0,0,0,4628.38,0.26,685,0,0,0,0,190.0,0,0
T07908,2026-01-06T18:47:00+00:00,U0185,R0454,1188.16,1,18,0,0,0,3887.5,0.31,1483,0,0,0,0,304.0,0,0
T07909,2026-01-06T18:48:00+00:00,U0002,R0030,1145.72,1,18,0,0,0,3538.15,0.32,1660,0,0,0,0,590.0,0,0
T07910,2026-01-06T18:49:00+00:00,U0134,R0334,1813.94,1,18,0,0,0,5173.44,0.35,723,0,0,0,0,481.0,0,0
T07911,2026-01-06T18:50:00+00:00,U0133,R0094,2039.41,1,18,0,0,0,4395.42,0.46,257,0,0,0,0,424.0,0,0
T07912,2026-01-06T18:51:00+00:00,U0068,R0368,573.84,1,18,0,0,1,3959.31,0.14,98,0,0,0,0,22.0,0,0
T07913,2026-01-06T18:52:00+00:00,U0024,R0070,4823.83,1,18,0,0,1,3772.51,1.28,1553,0,0,0,0,29.0,0,0
T07914,2026-01-06T18:53:00+00:00,U0019,R0200,3417.87,1,18,0,0,1,4227.13,0.81,1302,0,0,0,0,38.0,0,0
T07915,2026-01-06T18:54:00+00:00,U0139,R0474,618.44,1,18,0,0,0,4394.02,0.14,1504,0,0,0,0,363.0,0,0
T07916,2026-01-06T18:55:00+00:00,U0198,R0192,3688.02,1,18,0,0,0,4307.58,0.86,1947,0,0,0,0,836.0,0,0
T07917,2026-01-06T18:56:00+00:00,U0017,R0031,4005.84,1,18,0,1,0,4645.24,0.86,53,0,0,0,0,105.0,0,1
T07918,2026-01-06T18:57:00+00:00,U0017,R0031,4005.84,0,18,0,1,1,4631.64,0.86,53,1,1,1,1,1.0,1,1
T07919,2026-01-06T18:58:00+00:00,U0017,R0031,4005.84,0,18,0,1,2,4618.6,0.87,53,2,2,2,2,1.0,2,1
T07920,2026-01-06T18:59:00+00:00,U0144,R0329,1228.9,1,18,0,0,1,4535.51,0.27,685,0,0,0,0,13.0,0,0
T07921,2026-01-06T19:00:00+00:00,U0016,R0047,626.88,1,19,1,0,0,4471.33,0.14,1715,0,0,0,0,760.0,0,0
T07922,2026-01-06T19:01:00+00:00,U0096,R0500,16261.4,1,19,1,1,1,4391.33,3.7,322,0,0,0,0,29.0,0,1
T07923,2026-01-06T19:02:00+00:00,U0046,R0433,1949.36,1,19,1,1,0,4501.82,0.43,854,0,0,0,0,245.0,0,1
T07924,2026-01-06T19:03:00+00:00,U0046,R0433,1949.36,0,19,1,0,1,4447.51,0.44,854,1,1,1,1,1.0,1,1
T07925,2026-01-06T19:04:00+00:00,U0046,R0433,1949.36,0,19,1,1,2,4395.47,0.44,854,2,2,2,2,1.0,2,1
T07926,2026-01-06T19:05:00+00:00,U0028,R0418,2649.37,1,19,0,0,0,3027.32,0.88,1290,0,0,0,0,230.0,0,0
T07927,2026-01-06T19:06:00+00:00,U0081,R0096,1829.11,1,19,0,0,0,3649.62,0.5,1251,0,0,0,0,138.0,0,0
T07928,2026-01-06T19:07:00+00:00,U0192,R0451,3884.48,1,19,0,0,1,4050.53,0.96,887,0,0,0,0,48.0,0,0
T07929,2026-01-06T19:08:00+00:00,U0093,R0117,2203.5,1,19,0,0,0,6514.43,0.34,403,0,0,0,0,154.0,0,0
T07930,2026-01-06T19:09:00+00:00,U0113,R0028,3265.08,1,19,1,0,0,3946.72,0.83,1440,0,0,0,0,274.0,0,0
T07931,2026-01-06T19:10:00+00:00,U0035,R0103,2488.68,1,19,0,0,1,3114.85,0.8,1476,0,0,0,0,26.0,0,0
T07932,2026-01-06T19:11:00+00:00,U0119,R0037,1068.18,1,19,0,0,0,4401.57,0.24,112,0,0,0,0,119.0,0,0
T07933,2026-01-06T19:12:00+00:00,U0152,R0161,1047.74,1,19,0,0,0,4600.48,0.23,1711,0,0,0,0,69.0,0,0
T07934,2026-01-06T19:13:00+00:00,U0002,R0490,1887.18,1,19,0,0,1,3479.79,0.54,1660,0,0,0,0,25.0,0,0
T07935,2026-01-06T19:14:00+00:00,U0180,R0425,4236.19,1,19,0,0,0,4990.47,0.85,793,0,0,0,0,169.0,0,0
T07936,2026-01-06T19:15:00+00:00,U0023,R0450,603.59,1,19,0,0,0,2996.48,0.2,1815,0,0,0,0,315.0,0,0
T07937,2026-01-06T19:16:00+00:00,U0080,R0288,1535.0,0,19,0,0,0,5870.09,0.26,846,0,0,0,0,109.0,1,0
T07938,2026-01-06T19:17:00+00:00,U0179,R0151,4673.05,1,19,0,0,0,3543.86,1.32,1145,0,0,0,0,667.0,0,0
T07939,2026-01-06T19:18:00+00:00,U0166,R0073,2397.52,1,19,0,0,1,4374.49,0.55,1257,0,0,0,0,56.0,0,0
T07940,2026-01-06T19:19:00+00:00,U0134,R0240,3318.31,1,19,0,0,1,5089.45,0.65,723,0,0,0,0,30.0,0,0
T07941,2026-01-06T19:20:00+00:00,U0143,R0294,4041.47,1,19,0,0,0,3244.86,1.25,194,0,0,0,0,125.0,0,0
T07942,2026-01-06T19:21:00+00:00,U0106,R0177,14519.69,1,19,1,1,0,3211.66,4.52,1381,0,0,0,0,459.0,0,1
T07943,2026-01-06T19:22:00+00:00,U0066,R0143,4439.71,1,19,0,0,0,6748.29,0.66,532,0,0,0,0,915.0,0,0
T07944,2026-01-06T19:23:00+00:00,U0197,R0060,468.04,0,19,0,0,0,4486.52,0.1,274,0,0,0,0,420.0,1,0
T07945,2026-01-06T19:24:00+00:00,U0188,R0046,2665.46,1,19,0,0,1,5558.32,0.48,1681,0,0,0,0,44.0,0,0
T07946,2026-01-06T19:25:00+00:00,U0185,R0264,8377.75,1,19,0,0,1,3824.73,2.19,1483,0,0,0,0,38.0,0,0
T07947,2026-01-06T19:26:00+00:00,U0122,R0104,4881.2,1,19,0,0,0,4141.1,1.18,1750,0,0,0,0,192.0,0,0
T07948,2026-01-06T19:27:00+00:00,U0138,R0043,7763.64,1,19,0,0,0,5185.11,1.5,1898,0,0,0,0,234.0,0,0
T07949,2026-01-06T19:28:00+00:00,U0198,R0372,603.86,1,19,0,0,1,4293.17,0.14,1947,0,0,0,0,33.0,0,0
T07950,2026-01-06T19:29:00+00:00,U0010,R0133,3943.15,1,19,0,0,0,3428.01,1.15,1038,0,0,0,0,157.0,0,0
T07951,2026-01-06T19:30:00+00:00,U0040,R0181,4505.55,1,19,0,0,0,5289.75,0.85,1571,0,0,0,0,164.0,0,0
T07952,2026-01-06T19:31:00+00:00,U0170,R0313,1002.66,1,19,0,0,0,5592.46,0.18,1804,0,0,0,0,169.0,0,0
T07953,2026-01-06T19:32:00+00:00,U0176,R0094,2682.48,1,19,0,0,0,4144.4,0.65,1935,0,0,0,0,545.0,0,0
T07954,2026-01-06T19:33:00+00:00,U0076,R0110,1664.52,1,19,0,0,0,4563.15,0.36,1540,0,0,0,0,135.0,0,0
T07955,2026-01-06T19:34:00+00:00,U0187,R0185,5666.03,1,19,0,0,0,3853.64,1.47,1389,0,0,0,0,161.0,0,0
T07956,2026-01-06T19:35:00+00:00,U0135,R0392,55535.88,1,19,1,1,0,3524.63,15.76,1258,0,0,0,0,694.0,0,1
T07957,2026-01-06T19:36:00+00:00,U0062,R0173,6909.29,1,19,0,0,0,3548.26,1.95,820,0,0,0,0,943.0,0,0
T07958,2026-01-06T19:37:00+00:00,U0039,R0216,3030.58,1,19,0,0,0,3448.6,0.88,176,0,0,0,0,158.0,0,0
T07959,2026-01-06T19:38:00+00:00,U0104,R0442,804.47,1,19,0,0,0,4189.09,0.19,508,0,0,0,0,74.0,0,0
T07960,2026-01-06T19:39:00+00:00,U0140,R0223,6120.64,1,19,0,0,0,4437.1,1.38,1219,0,0,0,0,403.0,0,0
T07961,2026-01-06T19:40:00+00:00,U0110,R0230,5389.86,0,19,0,0,0,3783.7,1.42,29,0,0,0,0,223.0,1,0
T07962,2026-01-06T19:41:00+00:00,U0141,R0113,2354.47,1,19,0,1,0,3460.25,0.68,113,0,0,0,0,108.0,0,0
T07963,2026-01-06T19:42:00+00:00,U0065,R0457,1357.01,1,19,0,0,0,5164.26,0.26,1869,0,0,0,0,237.0,0,0
T07964,2026-01-06T19:43:00+00:00,U0139,R0258,7496.35,1,19,0,0,1,4297.21,1.74,1504,0,0,0,0,49.0,0,0
T07965,2026-01-06T19:44:00+00:00,U0078,R0496,2003.2,1,19,0,0,0,4105.82,0.49,797,0,0,0,0,289.0,0,0
T07966,2026-01-06T19:45:00+00:00,U0059,R0196,1738.0,1,19,0,0,0,5421.99,0.32,75,0,0,0,0,202.0,0,0
T07967,2026-01-06T19:46:00+00:00,U0162,R0497,8367.92,1,19,0,0,0,4759.57,1.76,391,0,0,0,0,96.0,0,0
T07968,2026-01-06T19:47:00+00:00,U0104,R0469,4046.26,1,19,0,0,1,4104.48,0.99,508,1,0,0,0,9.0,0,0
T07969,2026-01-06T19:48:00+00:00,U0013,R0170,6459.42,1,19,0,0,0,5381.59,1.2,869,0,0,0,0,239.0,0,0
T07970,2026-01-06T19:49:00+00:00,U0115,R0418,4769.47,1,19,0,0,0,3335.01,1.43,579,0,0,0,0,122.0,0,0
T07971,2026-01-06T19:50:00+00:00,U0071,R0361,5245.96,1,19,0,0,0,6075.59,0.86,17,0,0,0,0,180.0,0,0
T07972,2026-01-06T19:51:00+00:00,U0093,R0230,2678.63,1,19,0,0,1,6549.0,0.41,403,0,0,0,0,43.0,0,0
T07973,2026-01-06T19:52:00+00:00,U0091,R0041,1399.64,1,19,0,0,0,3269.51,0.43,823,0,0,0,0,1030.0,0,0
T07974,2026-01-06T19:53:00+00:00,U0102,R0082,2642.24,1,19,0,0,0,3864.92,0.68,1474,0,0,0,0,206.0,0,1
T07975,2026-01-06T19:54:00+00:00,U0047,R0374,1835.15,1,19,0,0,0,6185.16,0.3,957,0,0,0,0,140.0,0,0
T07976,2026-01-06T19:55:00+00:00,U0153,R0018,304.98,1,19,0,0,0,3572.65,0.09,798,0,0,0,0,195.0,0,0
T07977,2026-01-06T19:56:00+00:00,U0086,R0462,1397.32,1,19,0,1,0,5035.99,0.28,1686,0,0,0,0,100.0,0,0
T07978,2026-01-06T19:57:00+00:00,U0028,R0022,4284.06,1,19,0,0,1,3018.1,1.42,1290,0,0,0,0,52.0,0,0
T07979,2026-01-06T19:58:00+00:00,U0180,R0159,2243.24,1,19,0,0,1,4974.76,0.45,793,0,0,0,0,44.0,0,0
T07980,2026-01-06T19:59:00+00:00,U0171,R0308,4167.98,1,19,0,0,0,4356.1,0.96,1154,0,0,0,0,230.0,0,0
T07981,2026-01-06T20:00:00+00:00,U0060,R0052,2010.23,1,20,0,0,0,3183.12,0.63,1595,0,0,0,0,409.0,0,0
T07982,2026-01-06T20:01:00+00:00,U0026,R0237,4489.13,1,20,0,0,0,5951.73,0.75,407,0,0,0,0,152.0,0,0
T07983,2026-01-06T20:02:00+00:00,U0100,R0049,21858.34,0,20,1,1,0,5000.73,4.37,1160,0,0,0,0,272.0,1,1
T07984,2026-01-06T20:03:00+00:00,U0176,R0010,579.96,1,20,0,0,1,4112.62,0.14,1935,0,0,0,0,31.0,0,0
T07985,2026-01-06T20:04:00+00:00,U0076,R0361,1573.47,1,20,0,0,1,4484.81,0.35,1540,0,0,0,0,31.0,0,0
T07986,2026-01-06T20:05:00+00:00,U0175,R0200,39222.16,1,20,1,0,0,3600.95,10.89,1375,0,0,0,0,319.0,0,1
T07987,2026-01-06T20:06:00+00:00,U0180,R0091,2261.75,1,20,1,0,2,4919.01,0.46,793,1,0,0,0,8.0,0,1
T07988,2026-01-06T20:07:00+00:00,U0007,R0208,4804.06,0,20,0,0,0,5194.56,0.92,573,0,0,0,0,413.0,1,0
T07989,2026-01-06T20:08:00+00:00,U0095,R0471,5402.85,1,20,0,0,0,2917.5,1.85,333,0,0,0,0,250.0,0,0
T07990,2026-01-06T20:09:00+00:00,U0069,R0358,667.69,1,20,0,0,0,4302.32,0.16,1754,0,0,0,0,99.0,0,0
T07991,2026-01-06T20:10:00+00:00,U0175,R0091,3339.65,1,20,0,0,1,4491.48,0.74,1375,1,0,0,0,5.0,0,0
T07992,2026-01-06T20:11:00+00:00,U0022,R0342,324.39,1,20,0,0,0,6457.68,0.05,887,0,0,0,0,434.0,0,0
T07993,2026-01-06T20:12:00+00:00,U0113,R0462,4139.53,1,20,0,0,0,3929.68,1.05,1440,0,0,0,0,63.0,0,0
T07994,2026-01-06T20:13:00+00:00,U0145,R0183,8770.62,1,20,0,0,0,3801.48,2.31,94,0,0,0,0,415.0,0,0
T07995,2026-01-06T20:14:00+00:00,U0016,R0006,7026.95,0,20,0,0,0,4347.32,1.62,1715,0,0,0,0,74.0,1,0
T07996,2026-01-06T20:15:00+00:00,U0107,R0389,549.21,1,20,0,0,0,5172.25,0.11,1230,0,0,0,0,459.0,0,0
T07997,2026-01-06T20:16:00+00:00,U0013,R0041,853.47,1,20,0,0,1,5412.38,0.16,869,0,0,0,0,28.0,0,0
T07998,2026-01-06T20:17:00+00:00,U0087,R0110,1030.41,1,20,0,0,0,3933.76,0.26,1811,0,0,0,0,258.0,0,0
T07999,2026-01-06T20:18:00+00:00,U0047,R0465,1637.78,1,20,0,0,1,6049.22,0.27,957,0,0,0,0,24.0,0,0
T08000,2026-01-06T20:19:00+00:00,U0168,R0352,7860.34,1,20,1,1,0,7139.4,1.1,820,0,0,0,0,244.0,0,1
T08001,2026-01-06T20:20:00+00:00,U0067,R0226,5370.04,1,20,0,0,0,3145.78,1.71,1381,0,0,0,0,309.0,0,0
T08002,2026-01-06T20:21:00+00:00,U0159,R0174,7374.95,1,20,0,0,0,4400.45,1.68,490,0,0,0,0,696.0,0,0
T08003,2026-01-06T20:22:00+00:00,U0073,R0023,1400.18,1,20,0,0,0,5879.74,0.24,1369,0,0,0,0,572.0,0,0
T08004,2026-01-06T20:23:00+00:00,U0127,R0052,2973.51,1,20,0,0,0,2641.73,1.13,675,0,0,0,0,411.0,0,0
T08005,2026-01-06T20:24:00+00:00,U0181,R0098,6311.73,1,20,0,0,0,3590.86,1.76,215,0,0,0,0,228.0,0,0
T08006,2026-01-06T20:25:00+00:00,U0119,R0305,675.08,1,20,0,0,0,4322.2,0.16,112,0,0,0,0,74.0,0,0
T08007,2026-01-06T20:26:00+00:00,U0091,R0363,1153.74,1,20,0,0,1,3222.77,0.36,823,0,0,0,0,34.0,0,0
T08008,2026-01-06T20:27:00+00:00,U0173,R0188,4897.96,1,20,0,0,0,3024.16,1.62,1772,0,0,0,0,309.0,0,0
T08009,2026-01-06T20:28:00+00:00,U0060,R0342,6447.21,0,20,0,0,1,3145.28,2.05,1595,0,0,0,0,28.0,1,0
T08010,2026-01-06T20:29:00+00:00,U0017,R0025,5522.59,1,20,0,0,0,4606.09,1.2,53,0,0,0,0,91.0,0,0
T08011,2026-01-06T20:30:00+00:00,U0101,R0148,2786.59,1,20,0,1,0,5113.49,0.54,1165,0,0,0,0,360.0,0,1
T08012,2026-01-06T20:31:00+00:00,U0101,R0148,2786.59,0,20,1,1,1,5052.25,0.55,1165,1,1,1,1,1.0,1,1
T08013,2026-01-06T20:32:00+00:00,U0101,R0148,2786.59,0,20,1,1,2,4994.16,0.56,1165,2,2,2,2,1.0,2,1
T08014,2026-01-06T20:33:00+00:00,U0160,R0111,3992.39,1,20,0,0,0,4994.56,0.8,214,0,0,0,0,251.0,0,0
T08015,2026-01-06T20:34:00+00:00,U0198,R0370,2490.56,1,20,0,0,0,4209.32,0.59,1947,0,0,0,0,66.0,0,0
T08016,2026-01-06T20:35:00+00:00,U0177,R0460,1049.72,1,20,0,0,0,5689.92,0.18,315,0,0,0,0,177.0,0,0
T08017,2026-01-06T20:36:00+00:00,U0001,R0143,3291.06,1,20,0,0,0,4906.27,0.67,1905,0,0,0,0,389.0,0,0
T08018,2026-01-06T20:37:00+00:00,U0009,R0450,3961.35,1,20,0,0,0,2920.63,1.36,1744,0,0,0,0,258.0,0,0
T08019,2026-01-06T20:38:00+00:00,U0012,R0260,2516.73,1,20,0,0,0,3751.76,0.67,476,0,0,0,0,125.0,0,0
T08020,2026-01-06T20:39:00+00:00,U0195,R0146,340.37,1,20,0,0,0,4998.64,0.07,1578,0,0,0,0,146.0,0,0
T08021,2026-01-06T20:40:00+00:00,U0139,R0154,3222.42,1,20,0,0,1,4377.19,0.74,1504,0,0,0,0,57.0,0,0
T08022,2026-01-06T20:41:00+00:00,U0025,R0490,6178.25,1,20,0,0,0,3921.31,1.58,1745,0,0,0,0,375.0,0,0
T08023,2026-01-06T20:42:00+00:00,U0168,R0173,1595.17,1,20,0,0,1,7163.43,0.22,820,0,0,0,0,23.0,0,0
T08024,2026-01-06T20:43:00+00:00,U0158,R0457,1733.74,1,20,0,0,0,4449.22,0.39,1865,0,0,0,0,279.0,0,0
T08025,2026-01-06T20:44:00+00:00,U0140,R0184,4110.84,1,20,1,0,0,4483.86,0.92,1219,0,0,0,0,65.0,0,0
T08026,2026-01-06T20:45:00+00:00,U0193,R0125,828.16,1,20,0,0,0,6682.07,0.12,158,0,0,0,0,200.0,0,0
T08027,2026-01-06T20:46:00+00:00,U0176,R0291,3965.95,1,20,0,1,1,4037.46,0.98,1935,0,0,0,0,43.0,0,0
T08028,2026-01-06T20:47:00+00:00,U0012,R0186,5548.31,1,20,1,1,1,3719.26,1.49,476,1,0,0,0,9.0,0,1
T08029,2026-01-06T20:48:00+00:00,U0009,R0031,506.03,1,20,0,0,1,2964.0,0.17,1744,0,0,0,0,11.0,0,0
T08030,2026-01-06T20:49:00+00:00,U0125,R0292,4643.03,1,20,0,0,0,4758.03,0.98,499,0,0,0,0,168.0,0,0
T08031,2026-01-06T20:50:00+00:00,U0004,R0330,506.34,1,20,0,0,0,4303.37,0.12,1108,0,0,0,0,173.0,0,0
T08032,2026-01-06T20:51:00+00:00,U0147,R0220,1885.59,1,20,0,0,0,4861.77,0.39,1663,0,0,0,0,157.0,0,0
T08033,2026-01-06T20:52:00+00:00,U0141,R0031,626.49,1,20,0,0,0,3434.54,0.18,113,0,0,0,0,71.0,0,0
T08034,2026-01-06T20:53:00+00:00,U0100,R0368,2467.97,1,20,0,0,1,5411.9,0.46,1160,0,0,0,0,51.0,0,0
T08035,2026-01-06T20:54:00+00:00,U0068,R0023,3066.38,1,20,0,0,0,3887.28,0.79,98,0,0,0,0,123.0,0,0
T08036,2026-01-06T20:55:00+00:00,U0062,R0246,19432.4,1,20,0,0,0,3660.29,5.31,820,0,0,0,0,79.0,0,1
T08037,2026-01-06T20:56:00+00:00,U0178,R0349,2979.98,1,20,0,0,0,3581.14,0.83,1860,0,0,0,0,170.0,0,0
T08038,2026-01-06T20:57:00+00:00,U0056,R0340,8498.92,1,20,0,0,0,4357.72,1.95,129,0,0,0,0,498.0,0,0
T08039,2026-01-06T20:58:00+00:00,U0074,R0158,850.89,1,20,0,0,0,3186.95,0.27,589,0,0,0,0,270.0,0,0
T08040,2026-01-06T20:59:00+00:00,U0096,R0442,496.43,1,20,1,0,0,4774.24,0.1,322,0,0,0,0,118.0,0,0
T08041,2026-01-06T21:00:00+00:00,U0001,R0202,31958.53,1,21,0,0,1,4862.61,6.57,1905,0,0,0,0,24.0,0,1
T08042,2026-01-06T21:01:00+00:00,U0097,R0389,3956.79,1,21,0,0,0,4388.05,0.9,174,0,0,0,0,363.0,0,0
T08043,2026-01-06T21:02:00+00:00,U0041,R0172,6071.1,1,21,0,0,0,4070.04,1.49,680,0,0,0,0,186.0,0,0
T08044,2026-01-06T21:03:00+00:00,U0056,R0083,6169.28,1,21,1,1,1,4463.91,1.38,129,1,0,0,0,6.0,0,1
T08045,2026-01-06T21:04:00+00:00,U0003,R0038,6417.06,1,21,0,0,0,5836.25,1.1,1486,0,0,0,0,227.0,0,0
T08046,2026-01-06T21:05:00+00:00,U0098,R0161,1832.69,1,21,0,0,0,6272.86,0.29,938,0,0,0,0,251.0,0,0
T08047,2026-01-06T21:06:00+00:00,U0101,R0095,6004.59,1,21,1,1,3,4938.97,1.22,1165,0,0,0,0,34.0,0,1
T08048,2026-01-06T21:07:00+00:00,U0118,R0276,2143.47,1,21,0,0,0,4018.77,0.53,635,0,0,0,0,214.0,0,0
T08049,2026-01-06T21:08:00+00:00,U0150,R0032,4553.99,1,21,0,0,0,4639.68,0.98,1080,0,0,0,0,684.0,0,0
T08050,2026-01-06T21:09:00+00:00,U0170,R0485,603.3,1,21,0,0,0,5464.97,0.11,1804,0,0,0,0,98.0,0,0
T08051,2026-01-06T21:10:00+00:00,U0200,R0077,4554.33,1,21,0,0,0,4186.66,1.09,1096,0,0,0,0,388.0,0,0
T08052,2026-01-06T21:11:00+00:00,U0057,R0158,6241.4,1,21,0,0,0,5873.71,1.06,459,0,0,0,0,363.0,0,0
T08053,2026-01-06T21:12:00+00:00,U0025,R0036,1197.03,1,21,0,0,1,3999.13,0.3,1745,0,0,0,0,31.0,0,0
T08054,2026-01-06T21:13:00+00:00,U0009,R0293,7555.73,1,21,0,0,2,2865.68,2.64,1744,0,0,0,0,25.0,0,0
T08055,2026-01-06T21:14:00+00:00,U0108,R0430,6354.36,1,21,0,0,0,3850.75,1.65,1935,0,0,0,0,385.0,0,0
T08056,2026-01-06T21:15:00+00:00,U0092,R0126,450.55,1,21,0,0,0,5365.38,0.08,892,0,0,0,0,186.0,0,0
T08057,2026-01-06T21:16:00+00:00,U0196,R0492,4246.23,1,21,0,1,0,3807.55,1.12,219,0,0,0,0,1006.0,0,1
T08058,2026-01-06T21:17:00+00:00,U0196,R0492,4246.23,0,21,0,1,1,3820.45,1.11,219,1,1,1,1,1.0,1,1
T08059,2026-01-06T21:18:00+00:00,U0196,R0492,4246.23,0,21,1,1,2,3832.62,1.11,219,2,2,2,2,1.0,2,1
T08060,2026-01-06T21:19:00+00:00,U0106,R0262,1965.69,1,21,1,0,0,3487.46,0.56,1381,0,0,0,0,118.0,0,0
T08061,2026-01-06T21:20:00+00:00,U0004,R0078,5019.61,1,21,0,0,1,4191.69,1.2,1108,0,0,0,0,30.0,0,0
T08062,2026-01-06T21:21:00+00:00,U0030,R0046,4385.97,1,21,0,0,0,4745.75,0.92,229,0,0,0,0,254.0,0,1
T08063,2026-01-06T21:22:00+00:00,U0114,R0113,2181.15,1,21,0,0,0,4890.57,0.45,447,0,0,0,0,456.0,0,0
T08064,2026-01-06T21:23:00+00:00,U0158,R0475,2156.0,1,21,0,0,1,4394.91,0.49,1865,0,0,0,0,40.0,0,0
T08065,2026-01-06T21:24:00+00:00,U0174,R0172,5857.69,1,21,1,0,0,4990.0,1.17,1108,0,0,0,0,314.0,0,1
T08066,2026-01-06T21:25:00+00:00,U0174,R0172,5857.69,0,21,1,0,1,5012.25,1.17,1108,1,1,1,1,1.0,1,1
T08067,2026-01-06T21:26:00+00:00,U0174,R0172,5857.69,0,21,1,0,2,5033.39,1.16,1108,2,2,2,2,1.0,2,1
T08068,2026-01-06T21:27:00+00:00,U0117,R0172,1413.57,1,21,0,0,0,4139.24,0.34,876,0,0,0,0,202.0,0,0
T08069,2026-01-06T21:28:00+00:00,U0145,R0285,2527.05,1,21,0,1,0,3961.78,0.64,94,0,0,0,0,75.0,0,0
T08070,2026-01-06T21:29:00+00:00,U0140,R0231,36342.02,1,21,1,0,1,4473.78,8.12,1219,0,0,0,0,45.0,0,1
T08071,2026-01-06T21:30:00+00:00,U0145,R0441,723.64,0,21,0,0,1,3916.94,0.18,94,1,0,0,0,2.0,1,0
T08072,2026-01-06T21:31:00+00:00,U0044,R0304,349.13,1,21,0,0,0,4929.6,0.07,1950,0,0,0,0,318.0,0,0
T08073,2026-01-06T21:32:00+00:00,U0198,R0217,35271.71,1,21,1,1,1,4171.13,8.46,1947,0,0,0,0,58.0,0,1
T08074,2026-01-06T21:33:00+00:00,U0102,R0024,2320.55,1,21,0,1,0,3838.34,0.6,1474,0,0,0,0,100.0,0,0
T08075,2026-01-06T21:34:00+00:00,U0062,R0215,1302.69,1,21,0,0,1,4169.07,0.31,820,0,0,0,0,39.0,0,0
T08076,2026-01-06T21:35:00+00:00,U0046,R0409,3961.47,1,21,0,0,0,4345.55,0.91,854,0,0,0,0,151.0,0,0
T08077,2026-01-06T21:36:00+00:00,U0178,R0073,1922.08,0,21,0,0,1,3568.07,0.54,1860,0,0,0,0,40.0,1,1
T08078,2026-01-06T21:37:00+00:00,U0178,R0073,1922.08,0,21,0,1,2,3533.05,0.54,1860,1,1,1,1,1.0,2,1
T08079,2026-01-06T21:38:00+00:00,U0178,R0073,1922.08,0,21,1,0,3,3499.49,0.55,1860,2,2,2,2,1.0,3,1
T08080,2026-01-06T21:39:00+00:00,U0091,R0267,4390.91,1,21,0,0,0,3172.3,1.38,823,0,0,0,0,73.0,0,0
T08081,2026-01-06T21:40:00+00:00,U0066,R0237,1158.93,1,21,0,0,0,6665.84,0.17,532,0,0,0,0,138.0,0,0
T08082,2026-01-06T21:41:00+00:00,U0007,R0356,1877.2,1,21,0,0,0,5185.26,0.36,573,0,0,0,0,94.0,0,0
T08083,2026-01-06T21:42:00+00:00,U0001,R0465,4192.42,1,21,0,0,1,5575.66,0.75,1905,0,0,0,0,42.0,0,0
T08084,2026-01-06T21:43:00+00:00,U0024,R0411,4935.8,1,21,0,0,0,3849.14,1.28,1553,0,0,0,0,171.0,0,0
T08085,2026-01-06T21:44:00+00:00,U0042,R0116,980.83,1,21,0,1,0,3863.13,0.25,914,0,0,0,0,460.0,0,0
T08086,2026-01-06T21:45:00+00:00,U0141,R0004,5305.06,1,21,0,0,1,3370.72,1.57,113,0,0,0,0,53.0,0,0
T08087,2026-01-06T21:46:00+00:00,U0111,R0359,5402.62,1,21,0,0,0,4788.35,1.13,877,0,0,0,0,218.0,0,0
T08088,2026-01-06T21:47:00+00:00,U0026,R0332,832.89,1,21,0,0,0,5917.71,0.14,407,0,0,0,0,106.0,0,0
T08089,2026-01-06T21:48:00+00:00,U0186,R0339,2465.57,1,21,0,0,0,3261.8,0.76,1731,0,0,0,0,268.0,0,0
T08090,2026-01-06T21:49:00+00:00,U0091,R0465,1842.94,1,21,0,0,1,3201.32,0.58,823,1,0,0,0,10.0,0,0
T08091,2026-01-06T21:50:00+00:00,U0032,R0268,547.05,0,21,0,1,0,3156.32,0.17,1853,0,0,0,0,1113.0,1,0
T08092,2026-01-06T21:51:00+00:00,U0126,R0371,11746.99,1,21,1,0,0,5605.39,2.1,1797,0,0,0,0,346.0,0,1
T08093,2026-01-06T21:52:00+00:00,U0094,R0290,614.99,1,21,0,0,0,3208.68,0.19,768,0,0,0,0,194.0,0,1
T08094,2026-01-06T21:53:00+00:00,U0094,R0290,614.99,0,21,1,1,1,3136.63,0.2,768,1,1,1,1,1.0,1,1
T08095,2026-01-06T21:54:00+00:00,U0094,R0290,614.99,0,21,0,1,2,3068.48,0.2,768,2,2,2,2,1.0,2,1
T08096,2026-01-06T21:55:00+00:00,U0028,R0396,4541.8,1,21,0,0,0,3048.24,1.49,1290,0,0,0,0,118.0,0,0
T08097,2026-01-06T21:56:00+00:00,U0112,R0109,2642.44,1,21,0,0,0,3283.39,0.8,939,0,0,0,0,414.0,0,0
T08098,2026-01-06T21:57:00+00:00,U0086,R0282,742.59,1,21,0,0,0,4928.97,0.15,1686,0,0,0,0,121.0,0,0
T08099,2026-01-06T21:58:00+00:00,U0187,R0302,2223.62,1,21,0,0,0,3897.85,0.57,1389,0,0,0,0,144.0,0,0
T08100,2026-01-06T21:59:00+00:00,U0146,R0384,2681.07,1,21,0,0,0,3724.37,0.72,1480,0,0,0,0,244.0,0,0
T08101,2026-01-06T22:00:00+00:00,U0121,R0086,576.77,1,22,0,1,0,4878.64,0.12,418,0,0,0,0,195.0,0,0
T08102,2026-01-06T22:01:00+00:00,U0025,R0196,1703.15,1,22,0,0,1,3905.73,0.44,1745,0,0,0,0,49.0,0,0
T08103,2026-01-06T22:02:00+00:00,U0012,R0363,3976.66,1,22,0,0,0,3766.16,1.06,476,0,0,0,0,75.0,0,0
T08104,2026-01-06T22:03:00+00:00,U0198,R0174,3970.4,1,22,0,0,1,4847.23,0.82,1947,0,0,0,0,31.0,0,0
T08105,2026-01-06T22:04:00+00:00,U0123,R0274,2674.73,1,22,0,0,0,2682.44,1.0,832,0,0,0,0,378.0,0,0
T08106,2026-01-06T22:05:00+00:00,U0180,R0310,550.54,1,22,0,0,0,4865.87,0.11,793,0,0,0,0,119.0,0,0
T08107,2026-01-06T22:06:00+00:00,U0018,R0281,3398.84,1,22,0,0,0,4890.25,0.7,74,0,0,0,0,350.0,0,0
T08108,2026-01-06T22:07:00+00:00,U0156,R0483,599.08,1,22,0,0,0,4328.5,0.14,1027,0,0,0,0,418.0,0,0
T08109,2026-01-06T22:08:00+00:00,U0149,R0246,1920.0,1,22,0,0,0,3681.74,0.52,1912,0,0,0,0,855.0,0,0
T08110,2026-01-06T22:09:00+00:00,U0131,R0142,39328.6,1,22,1,1,0,5334.47,7.37,1810,0,0,0,0,504.0,0,1
T08111,2026-01-06T22:10:00+00:00,U0080,R0444,4497.26,1,22,0,0,0,5756.01,0.78,846,0,0,0,0,174.0,0,0
T08112,2026-01-06T22:11:00+00:00,U0025,R0264,7634.96,1,22,0,0,2,3834.68,1.99,1745,1,0,0,0,10.0,0,0
T08113,2026-01-06T22:12:00+00:00,U0185,R0387,1421.65,1,22,0,0,0,3928.21,0.36,1483,0,0,0,0,167.0,0,0
T08114,2026-01-06T22:13:00+00:00,U0001,R0028,6227.36,1,22,0,0,1,5540.2,1.12,1905,0,0,0,0,31.0,0,0
T08115,2026-01-06T22:14:00+00:00,U0055,R0315,23551.87,1,22,0,0,0,4198.04,5.61,553,0,0,0,0,488.0,0,1
T08116,2026-01-06T22:15:00+00:00,U0033,R0321,1584.12,1,22,0,0,0,2527.44,0.63,1103,0,0,0,0,474.0,0,0
T08117,2026-01-06T22:16:00+00:00,U0059,R0070,31858.41,1,22,1,1,0,5319.66,5.99,75,0,0,0,0,151.0,0,1
T08118,2026-01-06T22:17:00+00:00,U0040,R0031,5960.66,1,22,0,0,0,5274.06,1.13,1571,0,0,0,0,167.0,0,0
T08119,2026-01-06T22:18:00+00:00,U0072,R0143,8854.99,1,22,0,0,0,2825.55,3.13,1208,0,0,0,0,283.0,0,0
T08120,2026-01-06T22:19:00+00:00,U0072,R0336,2050.53,0,22,0,0,1,2956.63,0.69,1208,1,0,0,0,1.0,1,0
T08121,2026-01-06T22:20:00+00:00,U0034,R0474,663.2,1,22,0,0,0,3689.36,0.18,1925,0,0,0,0,672.0,0,0
T08122,2026-01-06T22:21:00+00:00,U0135,R0383,6916.06,1,22,0,0,0,4893.35,1.41,1258,0,0,0,0,166.0,0,0
T08123,2026-01-06T22:22:00+00:00,U0108,R0499,9464.14,1,22,0,0,0,3918.42,2.42,1935,0,0,0,0,68.0,0,0
T08124,2026-01-06T22:23:00+00:00,U0093,R0296,7330.86,0,22,0,0,0,5876.3,1.25,403,0,0,0,0,152.0,1,0
T08125,2026-01-06T22:24:00+00:00,U0051,R0359,892.93,1,22,0,1,0,5504.95,0.16,60,0,0,0,0,384.0,0,0
T08126,2026-01-06T22:25:00+00:00,U0033,R0377,308.69,1,22,0,0,1,2503.25,0.12,1103,1,0,0,0,10.0,0,0
T08127,2026-01-06T22:26:00+00:00,U0004,R0066,6527.52,1,22,0,0,0,4215.35,1.55,1108,0,0,0,0,66.0,0,0
T08128,2026-01-06T22:27:00+00:00,U0054,R0026,6512.18,0,22,0,0,0,4672.69,1.39,712,0,0,0,0,324.0,1,0
T08129,2026-01-06T22:28:00+00:00,U0183,R0357,2037.5,1,22,0,0,0,3187.71,0.64,827,0,0,0,0,503.0,0,0
T08130,2026-01-06T22:29:00+00:00,U0034,R0067,2777.81,1,22,1,0,1,3615.55,0.77,1925,1,0,0,0,9.0,0,0
T08131,2026-01-06T22:30:00+00:00,U0128,R0184,566.27,1,22,0,0,0,3427.62,0.17,1107,0,0,0,0,449.0,0,0
T08132,2026-01-06T22:31:00+00:00,U0033,R0357,3830.64,1,22,0,0,2,2448.39,1.56,1103,1,0,0,0,6.0,0,0
T08133,2026-01-06T22:32:00+00:00,U0063,R0191,1089.09,1,22,0,0,0,3749.74,0.29,1621,0,0,0,0,310.0,0,0
T08134,2026-01-06T22:33:00+00:00,U0011,R0461,10398.48,0,22,1,1,0,3536.14,2.94,177,0,0,0,0,1136.0,1,1
T08135,2026-01-06T22:34:00+00:00,U0034,R0258,2045.54,1,22,0,0,2,3595.61,0.57,1925,1,0,0,0,5.0,0,0
T08136,2026-01-06T22:35:00+00:00,U0086,R0454,7735.77,1,22,0,0,1,4809.36,1.61,1686,0,0,0,0,38.0,0,0
T08137,2026-01-06T22:36:00+00:00,U0065,R0203,1248.66,1,22,0,0,0,5048.89,0.25,1869,0,0,0,0,174.0,0,0
T08138,2026-01-06T22:37:00+00:00,U0175,R0423,3649.71,1,22,0,0,0,4463.38,0.82,1375,0,0,0,0,147.0,0,0
T08139,2026-01-06T22:38:00+00:00,U0184,R0407,4984.95,1,22,0,0,0,3352.93,1.49,327,0,0,0,0,614.0,0,0
T08140,2026-01-06T22:39:00+00:00,U0113,R0234,1740.31,1,22,0,0,0,3934.8,0.44,1440,0,0,0,0,147.0,0,0
T08141,2026-01-06T22:40:00+00:00,U0102,R0463,3595.32,1,22,0,0,0,3806.05,0.94,1474,0,0,0,0,67.0,0,0
T08142,2026-01-06T22:41:00+00:00,U0157,R0276,4544.47,1,22,0,0,0,5952.17,0.76,793,0,0,0,0,917.0,0,0
T08143,2026-01-06T22:42:00+00:00,U0197,R0037,1270.75,1,22,0,0,0,4390.84,0.29,274,0,0,0,0,199.0,0,0
T08144,2026-01-06T22:43:00+00:00,U0167,R0083,57607.63,1,22,1,0,0,3064.27,18.8,1126,0,0,0,0,683.0,0,1
T08145,2026-01-06T22:44:00+00:00,U0023,R0213,8129.33,1,22,0,0,0,2928.11,2.78,1815,0,0,0,0,209.0,0,0
T08146,2026-01-06T22:45:00+00:00,U0176,R0381,8075.32,1,22,0,0,0,4035.97,2.0,1935,0,0,0,0,119.0,0,0
T08147,2026-01-06T22:46:00+00:00,U0077,R0194,6318.79,1,22,0,0,0,4264.81,1.48,332,0,0,0,0,304.0,0,0
T08148,2026-01-06T22:47:00+00:00,U0011,R0441,6163.67,1,22,0,0,1,3703.51,1.66,177,0,0,0,0,14.0,0,0
T08149,2026-01-06T22:48:00+00:00,U0150,R0384,2676.47,1,22,0,0,0,4637.3,0.58,1080,0,0,0,0,100.0,0,0
T08150,2026-01-06T22:49:00+00:00,U0056,R0062,1972.4,1,22,0,0,0,4506.54,0.44,129,0,0,0,0,106.0,0,0
T08151,2026-01-06T22:50:00+00:00,U0008,R0135,978.59,1,22,0,0,0,4145.85,0.24,457,0,0,0,0,349.0,0,0
T08152,2026-01-06T22:51:00+00:00,U0190,R0278,5083.11,1,22,0,0,0,3163.9,1.61,1087,0,0,0,0,712.0,0,0
T08153,2026-01-06T22:52:00+00:00,U0018,R0318,1647.23,1,22,0,0,1,4856.35,0.34,74,0,0,0,0,46.0,0,0
T08154,2026-01-06T22:53:00+00:00,U0042,R0078,571.83,1,22,0,0,0,3805.48,0.15,914,0,0,0,0,69.0,0,0
T08155,2026-01-06T22:54:00+00:00,U0052,R0481,5843.04,1,22,0,0,0,3630.16,1.61,51,0,0,0,0,1036.0,0,0
T08156,2026-01-06T22:55:00+00:00,U0125,R0008,2142.09,1,22,0,0,0,4754.83,0.45,499,0,0,0,0,126.0,0,0
T08157,2026-01-06T22:56:00+00:00,U0094,R0208,788.36,1,22,0,0,0,3003.91,0.26,768,0,0,0,0,62.0,0,0
T08158,2026-01-06T22:57:00+00:00,U0095,R0497,2995.38,1,22,0,0,0,2967.21,1.01,333,0,0,0,0,169.0,0,0
T08159,2026-01-06T22:58:00+00:00,U0101,R0236,9351.13,1,22,0,0,0,4964.96,1.88,1165,0,0,0,0,112.0,0,0
T08160,2026-01-06T22:59:00+00:00,U0011,R0197,1457.58,1,22,0,0,2,3762.09,0.39,177,0,0,0,0,12.0,0,0
T08161,2026-01-06T23:00:00+00:00,U0101,R0477,4566.78,1,23,0,0,1,5069.39,0.9,1165,1,0,0,0,2.0,0,0
T08162,2026-01-06T23:01:00+00:00,U0147,R0263,5620.45,1,23,0,0,0,4850.18,1.16,1663,0,0,0,0,130.0,0,0
T08163,2026-01-06T23:02:00+00:00,U0093,R0186,2628.87,1,23,0,1,1,5952.43,0.44,403,0,0,0,0,39.0,0,0
T08164,2026-01-06T23:03:00+00:00,U0149,R0147,4297.35,1,23,0,0,1,3628.36,1.18,1912,0,0,0,0,55.0,0,0
T08165,2026-01-06T23:04:00+00:00,U0066,R0154,1086.82,1,23,1,0,0,6475.95,0.17,532,0,0,0,0,84.0,0,0
T08166,2026-01-06T23:05:00+00:00,U0113,R0495,2936.98,1,23,0,1,1,3882.55,0.76,1440,0,0,0,0,26.0,0,0
T08167,2026-01-06T23:06:00+00:00,U0051,R0351,610.96,1,23,0,0,1,5369.3,0.11,60,0,0,0,0,42.0,0,0
T08168,2026-01-06T23:07:00+00:00,U0198,R0097,5461.42,1,23,0,0,0,4828.57,1.13,1947,0,0,0,0,64.0,0,0
T08169,2026-01-06T23:08:00+00:00,U0146,R0214,2807.15,1,23,0,0,0,3698.93,0.76,1480,0,0,0,0,69.0,0,0
T08170,2026-01-06T23:09:00+00:00,U0078,R0332,9427.37,1,23,0,0,0,4049.0,2.33,797,0,0,0,0,205.0,0,0
T08171,2026-01-06T23:10:00+00:00,U0043,R0233,887.72,1,23,0,0,0,4076.54,0.22,1004,0,0,0,0,364.0,0,0
T08172,2026-01-06T23:11:00+00:00,U0044,R0198,961.04,1,23,0,0,0,4776.92,0.2,1950,0,0,0,0,100.0,0,0
T08173,2026-01-06T23:12:00+00:00,U0031,R0046,2059.49,1,23,0,0,0,4392.65,0.47,1886,0,0,0,0,295.0,0,0
T08174,2026-01-06T23:13:00+00:00,U0038,R0131,4099.83,1,23,0,0,0,3694.61,1.11,400,0,0,0,0,612.0,0,0
T08175,2026-01-06T23:14:00+00:00,U0106,R0341,2496.66,1,23,0,0,0,3451.23,0.72,1381,0,0,0,0,115.0,0,0
T08176,2026-01-06T23:15:00+00:00,U0190,R0176,6487.61,1,23,0,0,1,3253.49,1.99,1087,0,0,0,0,24.0,0,0
T08177,2026-01-06T23:16:00+00:00,U0143,R0357,1878.61,1,23,0,0,0,3269.76,0.57,194,0,0,0,0,236.0,0,0
T08178,2026-01-06T23:17:00+00:00,U0173,R0078,6678.03,0,23,0,0,0,3076.21,2.17,1772,0,0,0,0,170.0,1,0
T08179,2026-01-06T23:18:00+00:00,U0132,R0436,3518.98,1,23,0,0,0,4355.81,0.81,12,0,0,0,0,291.0,0,0
T08180,2026-01-06T23:19:00+00:00,U0011,R0274,5731.08,1,23,0,0,3,3708.5,1.55,177,0,0,0,0,20.0,0,0
T08181,2026-01-06T23:20:00+00:00,U0153,R0487,3383.11,1,23,0,0,0,3463.73,0.98,798,0,0,0,0,205.0,0,0
T08182,2026-01-06T23:21:00+00:00,U0026,R0379,1072.52,1,23,0,0,0,5802.15,0.18,407,0,0,0,0,94.0,0,0
T08183,2026-01-06T23:22:00+00:00,U0105,R0076,25376.91,1,23,0,1,0,3497.23,7.26,203,0,0,0,0,461.0,0,1
T08184,2026-01-06T23:23:00+00:00,U0186,R0160,978.39,1,23,0,0,0,3245.88,0.3,1731,0,0,0,0,95.0,0,0
T08185,2026-01-06T23:24:00+00:00,U0183,R0044,7704.79,1,23,0,0,1,3161.56,2.44,827,0,0,0,0,56.0,0,0
T08186,2026-01-06T23:25:00+00:00,U0147,R0350,3628.49,1,23,0,0,1,4905.09,0.74,1663,0,0,0,0,24.0,0,0
T08187,2026-01-06T23:26:00+00:00,U0057,R0103,32716.89,1,23,0,1,0,5881.06,5.56,459,0,0,0,0,135.0,0,1
T08188,2026-01-06T23:27:00+00:00,U0062,R0455,709.6,1,23,0,0,0,4079.5,0.17,820,0,0,0,0,113.0,0,0
T08189,2026-01-06T23:28:00+00:00,U0073,R0485,10766.38,1,23,1,0,0,5773.08,1.86,1369,0,0,0,0,186.0,0,1
T08190,2026-01-06T23:29:00+00:00,U0048,R0456,7700.7,1,23,0,0,0,4798.87,1.6,453,0,0,0,0,318.0,0,0
T08191,2026-01-06T23:30:00+00:00,U0015,R0187,6330.1,1,23,0,0,0,3766.36,1.68,1206,0,0,0,0,1143.0,0,0
T08192,2026-01-06T23:31:00+00:00,U0058,R0126,1555.2,1,23,0,0,0,3788.02,0.41,1080,0,0,0,0,347.0,0,0
T08193,2026-01-06T23:32:00+00:00,U0052,R0487,3807.05,0,23,0,0,1,3685.48,1.03,51,0,0,0,0,38.0,1,0
T08194,2026-01-06T23:33:00+00:00,U0177,R0124,8839.81,1,23,0,0,0,5586.81,1.58,315,0,0,0,0,178.0,0,0
T08195,2026-01-06T23:34:00+00:00,U0181,R0428,1251.5,1,23,0,0,0,3662.46,0.34,215,0,0,0,0,190.0,0,0
T08196,2026-01-06T23:35:00+00:00,U0172,R0271,696.86,1,23,0,0,0,5273.49,0.13,1447,0,0,0,0,356.0,0,0
T08197,2026-01-06T23:36:00+00:00,U0008,R0192,4008.78,1,23,0,0,1,4068.6,0.99,457,0,0,0,0,46.0,0,0
T08198,2026-01-06T23:37:00+00:00,U0069,R0190,4051.99,1,23,0,0,0,4215.78,0.96,1754,0,0,0,0,208.0,0,0
T08199,2026-01-06T23:38:00+00:00,U0200,R0373,1718.3,1,23,0,0,0,4197.16,0.41,1096,0,0,0,0,148.0,0,0
T08200,2026-01-06T23:39:00+00:00,U0177,R0289,2428.79,1,23,0,0,1,5657.52,0.43,315,1,0,0,0,6.0,0,0
T08201,2026-01-06T23:40:00+00:00,U0128,R0170,6507.47,1,23,0,0,0,3362.59,1.94,1107,0,0,0,0,70.0,0,0
T08202,2026-01-06T23:41:00+00:00,U0103,R0301,399.42,1,23,1,0,0,3495.88,0.11,145,0,0,0,0,300.0,0,0
T08203,2026-01-06T23:42:00+00:00,U0185,R0409,967.85,1,23,0,0,0,3872.5,0.25,1483,0,0,0,0,90.0,0,0
T08204,2026-01-06T23:43:00+00:00,U0185,R0396,2678.58,1,23,0,0,1,3809.36,0.7,1483,1,0,0,0,1.0,0,0
T08205,2026-01-06T23:44:00+00:00,U0163,R0172,7333.96,1,23,1,0,0,3677.77,1.99,550,0,0,0,0,345.0,0,1
T08206,2026-01-06T23:45:00+00:00,U0093,R0496,4885.77,1,23,0,0,1,5997.35,0.81,403,0,0,0,0,43.0,0,0
T08207,2026-01-06T23:46:00+00:00,U0095,R0289,3585.4,0,23,0,0,1,2903.08,1.24,333,0,0,0,0,49.0,1,0
T08208,2026-01-06T23:47:00+00:00,U0070,R0202,2672.97,1,23,0,0,0,3783.73,0.71,664,0,0,0,0,560.0,0,0
T08209,2026-01-06T23:48:00+00:00,U0187,R0305,2501.65,1,23,0,0,0,3857.99,0.65,1389,0,0,0,0,110.0,0,0
T08210,2026-01-06T23:49:00+00:00,U0098,R0493,4637.29,1,23,0,0,0,5971.66,0.78,938,0,0,0,0,164.0,0,0
T08211,2026-01-06T23:50:00+00:00,U0111,R0107,3133.29,1,23,0,0,0,4806.42,0.65,877,0,0,0,0,124.0,0,0
T08212,2026-01-06T23:51:00+00:00,U0033,R0041,12838.42,1,23,0,1,0,2482.1,5.17,1103,0,0,0,0,80.0,0,1
T08213,2026-01-06T23:52:00+00:00,U0074,R0190,1114.64,1,23,0,0,0,3113.95,0.36,589,0,0,0,0,174.0,0,0
T08214,2026-01-06T23:53:00+00:00,U0179,R0466,1215.0,1,23,0,0,0,3571.4,0.34,1145,0,0,0,0,276.0,0,0
T08215,2026-01-06T23:54:00+00:00,U0086,R0474,2517.78,0,23,1,0,0,4890.65,0.51,1686,0,0,0,0,79.0,1,1
T08216,2026-01-06T23:55:00+00:00,U0086,R0474,2517.78,0,23,0,0,1,4826.52,0.52,1686,1,1,1,1,1.0,2,1
T08217,2026-01-06T23:56:00+00:00,U0086,R0474,2517.78,0,23,1,1,2,4765.76,0.53,1686,2,2,2,2,1.0,3,1
T08218,2026-01-06T23:57:00+00:00,U0159,R0470,9407.43,0,23,0,1,0,4471.27,2.1,490,0,0,0,0,216.0,1,1
T08219,2026-01-06T23:58:00+00:00,U0131,R0045,2106.98,1,23,0,0,0,6253.23,0.34,1810,0,0,0,0,109.0,0,0
T08220,2026-01-06T23:59:00+00:00,U0048,R0390,2996.25,1,23,0,0,1,4871.41,0.62,453,0,0,0,0,30.0,0,0
T08221,2026-01-07T00:00:00+00:00,U0037,R0166,518.22,1,0,0,0,0,3908.85,0.13,132,0,0,0,0,366.0,0,0
T08222,2026-01-07T00:01:00+00:00,U0096,R0295,4329.49,1,0,0,0,0,4640.55,0.93,322,0,0,0,0,182.0,0,0
T08223,2026-01-07T00:02:00+00:00,U0078,R0433,8887.07,1,0,0,0,1,4190.53,2.12,797,0,0,0,0,53.0,0,1
T08224,2026-01-07T00:03:00+00:00,U0029,R0437,1382.89,1,0,0,0,0,4537.04,0.3,316,0,0,0,0,482.0,0,0
T08225,2026-01-07T00:04:00+00:00,U0004,R0233,376.66,1,0,0,0,0,4279.57,0.09,1108,0,0,0,0,98.0,0,0
T08226,2026-01-07T00:05:00+00:00,U0071,R0070,3060.48,1,0,0,0,0,6128.38,0.5,17,0,0,0,0,255.0,0,0
T08227,2026-01-07T00:06:00+00:00,U0199,R0368,1599.09,1,0,0,0,0,3360.88,0.48,1451,0,0,0,0,719.0,0,0
T08228,2026-01-07T00:07:00+00:00,U0031,R0137,1703.38,1,0,0,0,1,4205.03,0.41,1886,0,0,0,0,55.0,0,0
T08229,2026-01-07T00:08:00+00:00,U0032,R0478,3128.71,1,0,0,0,0,3069.34,1.02,1853,0,0,0,0,138.0,0,0
T08230,2026-01-07T00:09:00+00:00,U0014,R0342,1738.87,1,0,0,0,0,4335.98,0.4,608,0,0,0,0,326.0,0,0
T08231,2026-01-07T00:10:00+00:00,U0167,R0279,674.63,1,0,0,0,0,4276.34,0.16,1126,0,0,0,0,87.0,0,0
T08232,2026-01-07T00:11:00+00:00,U0064,R0406,2413.86,1,0,0,0,0,4202.23,0.57,1159,0,0,0,0,474.0,0,0
T08233,2026-01-07T00:12:00+00:00,U0107,R0419,4522.57,1,0,0,0,0,5053.71,0.89,1230,0,0,0,0,237.0,0,0
T08234,2026-01-07T00:13:00+00:00,U0199,R0163,5039.71,1,0,0,0,1,3311.94,1.52,1451,1,0,0,0,7.0,0,0
T08235,2026-01-07T00:14:00+00:00,U0055,R0368,784.66,1,0,0,0,0,4721.12,0.17,553,0,0,0,0,120.0,0,0
T08236,2026-01-07T00:15:00+00:00,U0116,R0291,6231.55,0,0,0,0,0,4136.82,1.51,463,0,0,0,0,438.0,1,0
T08237,2026-01-07T00:16:00+00:00,U0169,R0395,544.84,1,0,0,0,0,3384.94,0.16,1949,0,0,0,0,638.0,0,0
T08238,2026-01-07T00:17:00+00:00,U0027,R0493,2012.52,1,0,0,0,0,5783.89,0.35,1808,0,0,0,0,471.0,0,0
T08239,2026-01-07T00:18:00+00:00,U0005,R0016,5466.1,1,0,0,0,0,4524.85,1.21,1114,0,0,0,0,724.0,0,0
T08240,2026-01-07T00:19:00+00:00,U0176,R0375,2742.72,1,0,0,0,0,4118.4,0.67,1935,0,0,0,0,94.0,0,0
T08241,2026-01-07T00:20:00+00:00,U0136,R0421,844.14,1,0,0,0,0,3764.91,0.22,126,0,0,0,0,380.0,0,0
T08242,2026-01-07T00:21:00+00:00,U0043,R0073,992.4,1,0,0,0,0,4000.62,0.25,1004,0,0,0,0,71.0,0,0
T08243,2026-01-07T00:22:00+00:00,U0021,R0189,28446.27,1,0,1,1,0,6153.33,4.62,486,0,0,0,0,370.0,0,1
T08244,2026-01-07T00:23:00+00:00,U0115,R0048,4823.59,1,0,0,0,0,3375.99,1.43,579,0,0,0,0,274.0,0,0
T08245,2026-01-07T00:24:00+00:00,U0143,R0144,2508.36,0,0,0,0,0,3227.6,0.78,194,0,0,0,0,68.0,1,0
T08246,2026-01-07T00:25:00+00:00,U0054,R0186,1322.1,0,0,0,0,0,4712.68,0.28,712,0,0,0,0,118.0,1,0
T08247,2026-01-07T00:26:00+00:00,U0169,R0144,360.34,1,0,0,0,1,3368.61,0.11,1949,1,0,0,0,10.0,0,0
T08248,2026-01-07T00:27:00+00:00,U0046,R0222,3065.77,1,0,0,0,0,4337.87,0.71,854,0,0,0,0,172.0,0,0
T08249,2026-01-07T00:28:00+00:00,U0130,R0409,2612.84,1,0,0,0,0,5468.04,0.48,708,0,0,0,0,354.0,0,0
T08250,2026-01-07T00:29:00+00:00,U0069,R0433,3357.59,1,0,0,0,1,4211.97,0.8,1754,0,0,0,0,52.0,0,0
T08251,2026-01-07T00:30:00+00:00,U0174,R0256,8585.06,1,0,0,0,0,5053.49,1.7,1108,0,0,0,0,184.0,0,0
T08252,2026-01-07T00:31:00+00:00,U0128,R0100,5452.0,1,0,0,0,1,3432.47,1.59,1107,0,0,0,0,51.0,0,0
T08253,2026-01-07T00:32:00+00:00,U0042,R0446,1004.98,1,0,0,0,0,3696.42,0.27,914,0,0,0,0,99.0,0,0
T08254,2026-01-07T00:33:00+00:00,U0174,R0013,3782.08,1,0,0,0,1,5137.58,0.74,1108,1,0,0,0,3.0,0,0
T08255,2026-01-07T00:34:00+00:00,U0106,R0408,3611.68,1,0,0,0,0,3429.03,1.05,1381,0,0,0,0,80.0,0,0
T08256,2026-01-07T00:35:00+00:00,U0190,R0421,779.1,1,0,0,0,0,3327.0,0.23,1087,0,0,0,0,80.0,0,0
T08257,2026-01-07T00:36:00+00:00,U0114,R0237,1564.43,1,0,0,0,0,4829.0,0.32,447,0,0,0,0,194.0,0,0
T08258,2026-01-07T00:37:00+00:00,U0148,R0221,1595.08,1,0,0,0,0,4132.2,0.39,507,0,0,0,0,360.0,0,0
T08259,2026-01-07T00:38:00+00:00,U0083,R0209,886.99,1,0,0,0,0,6847.08,0.13,313,0,0,0,0,629.0,0,0
T08260,2026-01-07T00:39:00+00:00,U0120,R0002,1407.2,1,0,0,0,0,5459.65,0.26,524,0,0,0,0,709.0,0,0
T08261,2026-01-07T00:40:00+00:00,U0016,R0331,3256.61,1,0,0,0,0,4431.06,0.73,1715,0,0,0,0,266.0,0,0
T08262,2026-01-07T00:41:00+00:00,U0196,R0323,1208.58,1,0,0,0,0,3844.11,0.31,219,0,0,0,0,203.0,0,0
T08263,2026-01-07T00:42:00+00:00,U0040,R0417,30812.55,1,0,1,1,0,5356.06,5.75,1571,0,0,0,0,145.0,0,1
T08264,2026-01-07T00:43:00+00:00,U0138,R0033,16554.66,1,0,1,0,0,5236.68,3.16,1898,0,0,0,0,316.0,0,1
T08265,2026-01-07T00:44:00+00:00,U0095,R0167,3398.53,0,0,0,0,1,2937.41,1.16,333,0,0,0,0,58.0,1,0
T08266,2026-01-07T00:45:00+00:00,U0169,R0024,2403.89,1,0,0,0,2,3362.91,0.71,1949,0,0,0,0,19.0,0,0
T08267,2026-01-07T00:46:00+00:00,U0039,R0248,781.97,1,0,0,0,0,3434.19,0.23,176,0,0,0,0,309.0,0,0
T08268,2026-01-07T00:47:00+00:00,U0046,R0374,5046.45,1,0,0,0,1,4321.14,1.17,854,0,0,0,0,20.0,0,0
T08269,2026-01-07T00:48:00+00:00,U0080,R0096,1995.81,1,0,0,0,0,5723.73,0.35,846,0,0,0,0,158.0,0,0
T08270,2026-01-07T00:49:00+00:00,U0170,R0434,3383.05,1,0,0,0,0,5333.57,0.63,1804,0,0,0,0,220.0,0,0
T08271,2026-01-07T00:50:00+00:00,U0031,R0218,11718.52,1,0,0,0,1,4203.35,2.79,1886,0,0,0,0,43.0,0,1
T08272,2026-01-07T00:51:00+00:00,U0078,R0117,4501.96,1,0,0,0,1,4310.96,1.04,797,0,0,0,0,49.0,0,0
T08273,2026-01-07T00:52:00+00:00,U0178,R0406,4790.88,1,0,0,0,0,3467.29,1.38,1860,0,0,0,0,194.0,0,0
T08274,2026-01-07T00:53:00+00:00,U0056,R0391,1505.95,0,0,0,0,0,4444.73,0.34,129,0,0,0,0,124.0,1,0
T08275,2026-01-07T00:54:00+00:00,U0161,R0356,3026.69,1,0,0,0,0,4436.39,0.68,1632,0,0,0,0,719.0,0,0
T08276,2026-01-07T00:55:00+00:00,U0043,R0466,4272.66,1,0,0,0,1,3930.66,1.09,1004,0,0,0,0,34.0,0,0
T08277,2026-01-07T00:56:00+00:00,U0032,R0102,3645.19,1,0,0,0,1,3071.26,1.19,1853,0,0,0,0,48.0,0,0
T08278,2026-01-07T00:57:00+00:00,U0089,R0180,9592.84,1,0,0,0,0,3589.39,2.67,622,0,0,0,0,550.0,0,0
T08279,2026-01-07T00:58:00+00:00,U0133,R0398,1003.49,1,0,0,0,0,4345.29,0.23,257,0,0,0,0,368.0,0,0
T08280,2026-01-07T00:59:00+00:00,U0185,R0014,2452.01,1,0,0,0,0,3785.3,0.65,1483,0,0,0,0,76.0,0,0
T08281,2026-01-07T01:00:00+00:00,U0048,R0295,4969.58,1,1,0,0,0,4825.68,1.03,453,0,0,0,0,61.0,0,0
T08282,2026-01-07T01:01:00+00:00,U0125,R0402,2606.3,1,1,0,0,0,4684.22,0.56,499,0,0,0,0,126.0,0,0
T08283,2026-01-07T01:02:00+00:00,U0033,R0369,3932.91,1,1,0,0,0,2728.68,1.44,1103,0,0,0,0,71.0,0,0
T08284,2026-01-07T01:03:00+00:00,U0158,R0181,2268.64,0,1,0,0,0,4306.18,0.53,1865,0,0,0,0,220.0,1,0
T08285,2026-01-07T01:04:00+00:00,U0169,R0350,3580.98,1,1,0,0,3,3260.36,1.1,1949,0,0,0,0,19.0,0,0
T08286,2026-01-07T01:05:00+00:00,U0061,R0076,2362.7,1,1,0,0,0,2960.28,0.8,255,0,0,0,0,487.0,0,0
T08287,2026-01-07T01:06:00+00:00,U0164,R0355,2756.91,1,1,0,0,0,3977.45,0.69,1150,0,0,0,0,685.0,0,0
T08288,2026-01-07T01:07:00+00:00,U0114,R0117,1897.71,1,1,0,0,1,4756.45,0.4,447,0,0,0,0,31.0,0,0
T08289,2026-01-07T01:08:00+00:00,U0049,R0458,7276.77,1,1,0,1,0,3965.55,1.83,100,0,0,0,0,843.0,0,0
T08290,2026-01-07T01:09:00+00:00,U0156,R0090,5228.79,1,1,0,0,0,4218.81,1.24,1027,0,0,0,0,182.0,0,1
T08291,2026-01-07T01:10:00+00:00,U0094,R0437,2630.53,1,1,1,0,0,2947.1,0.89,768,0,0,0,0,134.0,0,1
T08292,2026-01-07T01:11:00+00:00,U0094,R0437,2630.53,0,1,1,0,1,2939.19,0.89,768,1,1,1,1,1.0,1,1
T08293,2026-01-07T01:12:00+00:00,U0094,R0437,2630.53,0,1,1,1,2,2931.66,0.9,768,2,2,2,2,1.0,2,1
T08294,2026-01-07T01:13:00+00:00,U0178,R0425,524.37,1,1,0,0,1,3493.76,0.15,1860,0,0,0,0,21.0,0,0
T08295,2026-01-07T01:14:00+00:00,U0057,R0401,4477.75,1,1,0,0,0,6502.47,0.69,459,0,0,0,0,108.0,0,0
T08296,2026-01-07T01:15:00+00:00,U0034,R0117,17601.2,1,1,0,0,0,3559.56,4.94,1925,0,0,0,0,161.0,0,1
T08297,2026-01-07T01:16:00+00:00,U0023,R0260,1116.45,1,1,0,0,0,3072.59,0.36,1815,0,0,0,0,152.0,0,0
T08298,2026-01-07T01:17:00+00:00,U0009,R0241,4335.84,1,1,0,1,0,3046.06,1.42,1744,0,0,0,0,244.0,0,0
T08299,2026-01-07T01:18:00+00:00,U0013,R0283,3969.58,1,1,0,0,0,5285.74,0.75,869,0,0,0,0,302.0,0,0
T08300,2026-01-07T01:19:00+00:00,U0012,R0262,1022.48,1,1,0,0,0,3771.42,0.27,476,0,0,0,0,197.0,0,0
T08301,2026-01-07T01:20:00+00:00,U0156,R0255,7846.7,1,1,0,0,1,4247.67,1.85,1027,0,0,0,0,11.0,0,0
T08302,2026-01-07T01:21:00+00:00,U0031,R0392,4949.89,0,1,0,0,1,4307.25,1.15,1886,0,0,0,0,31.0,1,0
T08303,2026-01-07T01:22:00+00:00,U0041,R0425,849.05,0,1,0,0,0,4102.17,0.21,680,0,0,0,0,260.0,1,0
T08304,2026-01-07T01:23:00+00:00,U0098,R0020,1014.95,1,1,0,0,0,5525.83,0.18,938,0,0,0,0,94.0,0,0
T08305,2026-01-07T01:24:00+00:00,U0126,R0064,3998.73,1,1,0,0,0,5730.73,0.7,1797,0,0,0,0,213.0,0,0
T08306,2026-01-07T01:25:00+00:00,U0026,R0182,925.98,1,1,0,0,0,5697.05,0.16,407,0,0,0,0,124.0,0,0
T08307,2026-01-07T01:26:00+00:00,U0142,R0114,4857.29,1,1,0,0,0,3657.08,1.33,1708,0,0,0,0,415.0,0,0
T08308,2026-01-07T01:27:00+00:00,U0143,R0348,2958.03,1,1,1,0,0,3206.45,0.92,194,0,0,0,0,63.0,0,0
T08309,2026-01-07T01:28:00+00:00,U0047,R0362,5591.24,1,1,0,0,0,5915.54,0.95,957,0,0,0,0,310.0,0,0
T08310,2026-01-07T01:29:00+00:00,U0127,R0342,8149.96,1,1,0,1,0,2650.02,3.08,675,0,0,0,0,306.0,0,0
T08311,2026-01-07T01:30:00+00:00,U0162,R0223,1949.08,1,1,0,0,0,4857.09,0.4,391,0,0,0,0,344.0,0,0
T08312,2026-01-07T01:31:00+00:00,U0196,R0135,1493.35,1,1,0,0,1,3772.88,0.4,219,0,0,0,0,50.0,0,0
T08313,2026-01-07T01:32:00+00:00,U0067,R0400,10697.79,1,1,0,1,0,3200.16,3.34,1381,0,0,0,0,312.0,0,1
T08314,2026-01-07T01:33:00+00:00,U0052,R0167,9551.01,1,1,0,0,0,3688.45,2.59,51,0,0,0,0,121.0,0,0
T08315,2026-01-07T01:34:00+00:00,U0068,R0068,2830.18,1,1,0,0,0,3870.18,0.73,98,0,0,0,0,280.0,0,0
T08316,2026-01-07T01:35:00+00:00,U0056,R0354,3522.88,1,1,0,0,1,4374.76,0.81,129,0,0,0,0,42.0,0,0
T08317,2026-01-07T01:36:00+00:00,U0037,R0488,5407.86,1,1,1,0,0,3833.5,1.41,132,0,0,0,0,96.0,0,1
T08318,2026-01-07T01:37:00+00:00,U0183,R0261,2886.7,1,1,0,0,0,3262.52,0.88,827,0,0,0,0,133.0,0,0
T08319,2026-01-07T01:38:00+00:00,U0028,R0387,7521.75,1,1,0,0,0,3082.98,2.44,1290,0,0,0,0,223.0,0,0
T08320,2026-01-07T01:39:00+00:00,U0065,R0079,4951.63,1,1,0,0,0,4937.12,1.0,1869,0,0,0,0,183.0,0,0
T08321,2026-01-07T01:40:00+00:00,U0172,R0440,1644.74,1,1,1,0,0,5230.82,0.31,1447,0,0,0,0,125.0,0,0
T08322,2026-01-07T01:41:00+00:00,U0040,R0368,2023.88,1,1,0,0,1,5912.9,0.34,1571,0,0,0,0,59.0,0,0
T08323,2026-01-07T01:42:00+00:00,U0176,R0324,2104.29,1,1,0,0,0,4090.89,0.51,1935,0,0,0,0,83.0,0,0
T08324,2026-01-07T01:43:00+00:00,U0046,R0376,4320.48,0,1,0,0,1,4359.85,0.99,854,0,0,0,0,56.0,1,0
T08325,2026-01-07T01:44:00+00:00,U0104,R0030,1704.11,1,1,0,0,0,4103.06,0.42,508,0,0,0,0,357.0,0,0
T08326,2026-01-07T01:45:00+00:00,U0159,R0173,8242.06,1,1,0,0,0,4586.06,1.8,490,0,0,0,0,108.0,0,0
T08327,2026-01-07T01:46:00+00:00,U0168,R0026,1426.84,1,1,0,0,0,6983.81,0.2,820,0,0,0,0,304.0,0,0
T08328,2026-01-07T01:47:00+00:00,U0063,R0427,941.54,1,1,0,0,0,3681.52,0.26,1621,0,0,0,0,195.0,0,0
T08329,2026-01-07T01:48:00+00:00,U0185,R0246,1308.22,1,1,0,0,1,3757.52,0.35,1483,0,0,0,0,49.0,0,0
T08330,2026-01-07T01:49:00+00:00,U0063,R0035,5293.2,1,1,0,0,1,3613.02,1.47,1621,1,0,0,0,2.0,0,0
T08331,2026-01-07T01:50:00+00:00,U0030,R0273,3292.02,1,1,0,0,0,4737.75,0.69,229,0,0,0,0,269.0,0,0
T08332,2026-01-07T01:51:00+00:00,U0102,R0351,984.05,1,1,0,0,0,3801.66,0.26,1474,0,0,0,0,191.0,0,0
T08333,2026-01-07T01:52:00+00:00,U0071,R0054,1377.57,1,1,0,0,0,6113.57,0.23,17,0,0,0,0,107.0,0,0
T08334,2026-01-07T01:53:00+00:00,U0002,R0249,1900.6,1,1,0,0,0,3441.87,0.55,1660,0,0,0,0,400.0,0,0
T08335,2026-01-07T01:54:00+00:00,U0059,R0439,3183.57,1,1,0,0,0,6036.93,0.53,75,0,0,0,0,218.0,0,0
T08336,2026-01-07T01:55:00+00:00,U0079,R0396,1942.33,1,1,0,0,0,3517.4,0.55,128,0,0,0,0,648.0,0,0
T08337,2026-01-07T01:56:00+00:00,U0144,R0166,582.71,1,1,0,0,0,4448.5,0.13,685,0,0,0,0,417.0,0,0
T08338,2026-01-07T01:57:00+00:00,U0169,R0037,2035.02,1,1,0,0,1,3296.79,0.62,1949,0,0,0,0,53.0,0,0
T08339,2026-01-07T01:58:00+00:00,U0099,R0090,2026.3,1,1,0,0,0,3657.89,0.55,828,0,0,0,0,458.0,0,0
T08340,2026-01-07T01:59:00+00:00,U0015,R0261,2228.76,1,1,0,0,0,3864.97,0.58,1206,0,0,0,0,149.0,0,0
T08341,2026-01-07T02:00:00+00:00,U0170,R0205,23287.06,1,2,1,1,0,5282.24,4.41,1804,0,0,0,0,71.0,0,1
T08342,2026-01-07T02:01:00+00:00,U0185,R0243,3700.11,1,2,0,0,1,3707.54,1.0,1483,0,0,0,0,13.0,0,0
T08343,2026-01-07T02:02:00+00:00,U0099,R0033,1140.14,1,2,0,0,1,3619.95,0.31,828,1,0,0,0,4.0,0,0
T08344,2026-01-07T02:03:00+00:00,U0071,R0405,7871.7,1,2,0,0,1,6135.58,1.28,17,0,0,0,0,11.0,0,0
T08345,2026-01-07T02:04:00+00:00,U0093,R0164,3725.14,1,2,0,0,0,5948.54,0.63,403,0,0,0,0,139.0,0,0
T08346,2026-01-07T02:05:00+00:00,U0019,R0410,2280.43,1,2,0,0,0,4208.74,0.54,1302,0,0,0,0,432.0,0,0
T08347,2026-01-07T02:06:00+00:00,U0161,R0338,3916.94,1,2,0,0,0,4407.02,0.89,1632,0,0,0,0,72.0,0,0
T08348,2026-01-07T02:07:00+00:00,U0023,R0220,5548.38,1,2,0,0,1,3019.72,1.84,1815,0,0,0,0,51.0,0,0
T08349,2026-01-07T02:08:00+00:00,U0069,R0037,3094.02,1,2,0,0,0,4192.55,0.74,1754,0,0,0,0,99.0,0,0
T08350,2026-01-07T02:09:00+00:00,U0197,R0471,1429.76,1,2,0,0,0,4318.28,0.33,274,0,0,0,0,207.0,0,0
T08351,2026-01-07T02:10:00+00:00,U0085,R0220,6940.95,1,2,0,0,0,3957.25,1.75,652,0,0,0,0,592.0,0,0
T08352,2026-01-07T02:11:00+00:00,U0146,R0478,3152.8,1,2,0,0,0,3677.7,0.86,1480,0,0,0,0,183.0,0,0
T08353,2026-01-07T02:12:00+00:00,U0148,R0370,2369.72,1,2,0,0,0,4078.22,0.58,507,0,0,0,0,95.0,0,0
T08354,2026-01-07T02:13:00+00:00,U0055,R0303,587.9,1,2,0,0,0,4617.53,0.13,553,0,0,0,0,119.0,0,0
T08355,2026-01-07T02:14:00+00:00,U0141,R0255,8142.17,1,2,0,0,0,3413.7,2.39,113,0,0,0,0,269.0,0,0
T08356,2026-01-07T02:15:00+00:00,U0048,R0031,7603.77,1,2,0,0,0,4829.1,1.57,453,0,0,0,0,75.0,0,0
T08357,2026-01-07T02:16:00+00:00,U0001,R0416,6204.19,1,2,0,0,0,5557.38,1.12,1905,0,0,0,0,243.0,0,0
T08358,2026-01-07T02:17:00+00:00,U0065,R0087,7189.18,1,2,0,0,1,4937.53,1.46,1869,0,0,0,0,38.0,0,0
T08359,2026-01-07T02:18:00+00:00,U0041,R0342,7297.75,1,2,0,0,1,4066.97,1.79,680,0,0,0,0,56.0,0,0
T08360,2026-01-07T02:19:00+00:00,U0160,R0444,7515.71,1,2,1,1,0,4960.0,1.52,214,0,0,0,0,346.0,0,1
T08361,2026-01-07T02:20:00+00:00,U0025,R0070,966.19,1,2,0,0,0,3953.44,0.24,1745,0,0,0,0,249.0,0,0
T08362,2026-01-07T02:21:00+00:00,U0023,R0077,1426.87,1,2,0,0,1,3086.27,0.46,1815,0,0,0,0,14.0,0,0
T08363,2026-01-07T02:22:00+00:00,U0052,R0293,4766.02,1,2,1,0,1,3828.03,1.25,51,0,0,0,0,49.0,0,0
T08364,2026-01-07T02:23:00+00:00,U0184,R0221,3832.13,1,2,0,1,0,3409.21,1.12,327,0,0,0,0,225.0,0,0
T08365,2026-01-07T02:24:00+00:00,U0159,R0207,8899.13,1,2,0,0,1,4669.15,1.91,490,0,0,0,0,39.0,0,0
T08366,2026-01-07T02:25:00+00:00,U0146,R0332,5103.69,1,2,0,0,1,3665.49,1.39,1480,0,0,0,0,14.0,0,0
T08367,2026-01-07T02:26:00+00:00,U0010,R0290,3101.18,1,2,0,0,0,3438.74,0.9,1038,0,0,0,0,417.0,0,0
T08368,2026-01-07T02:27:00+00:00,U0122,R0111,3096.38,1,2,0,0,0,4197.42,0.74,1750,0,0,0,0,421.0,0,0
T08369,2026-01-07T02:28:00+00:00,U0110,R0252,2048.48,1,2,0,0,0,3821.94,0.54,29,0,0,0,0,408.0,0,0
T08370,2026-01-07T02:29:00+00:00,U0060,R0041,7804.18,1,2,0,0,0,3248.47,2.4,1595,0,0,0,0,361.0,0,0
T08371,2026-01-07T02:30:00+00:00,U0198,R0095,3614.51,1,2,0,0,0,4841.76,0.75,1947,0,0,0,0,203.0,0,0
T08372,2026-01-07T02:31:00+00:00,U0167,R0200,1648.88,1,2,1,0,0,4198.05,0.39,1126,0,0,0,0,141.0,0,0
T08373,2026-01-07T02:32:00+00:00,U0008,R0236,370.97,1,2,0,0,0,4067.17,0.09,457,0,0,0,0,176.0,0,0
T08374,2026-01-07T02:33:00+00:00,U0179,R0296,398.6,1,2,0,0,0,3515.29,0.11,1145,0,0,0,0,160.0,0,0
T08375,2026-01-07T02:34:00+00:00,U0137,R0319,2152.73,1,2,0,0,0,3409.82,0.63,511,0,0,0,0,601.0,0,0
T08376,2026-01-07T02:35:00+00:00,U0140,R0216,289.63,1,2,0,0,0,5312.42,0.05,1219,0,0,0,0,306.0,0,0
T08377,2026-01-07T02:36:00+00:00,U0164,R0480,28904.64,0,2,0,0,0,3946.94,7.32,1150,0,0,0,0,90.0,1,1
T08378,2026-01-07T02:37:00+00:00,U0162,R0351,443.13,1,2,0,0,0,4780.56,0.09,391,0,0,0,0,67.0,0,0
T08379,2026-01-07T02:38:00+00:00,U0179,R0355,731.77,1,2,0,0,1,3442.81,0.21,1145,1,0,0,0,5.0,0,0
T08380,2026-01-07T02:39:00+00:00,U0030,R0309,1972.84,1,2,0,0,1,4706.32,0.42,229,0,0,0,0,49.0,0,0
T08381,2026-01-07T02:40:00+00:00,U0198,R0196,7246.98,1,2,0,0,1,4816.71,1.5,1947,1,0,0,0,10.0,0,0
T08382,2026-01-07T02:41:00+00:00,U0049,R0016,2059.62,1,2,0,0,0,4062.94,0.51,100,0,0,0,0,93.0,0,0
T08383,2026-01-07T02:42:00+00:00,U0173,R0372,2281.47,1,2,0,0,0,3173.55,0.72,1772,0,0,0,0,205.0,0,0
T08384,2026-01-07T02:43:00+00:00,U0164,R0172,4632.39,1,2,0,0,1,4555.67,1.02,1150,1,0,0,0,7.0,0,1
T08385,2026-01-07T02:44:00+00:00,U0032,R0075,1258.11,1,2,0,0,0,3089.19,0.41,1853,0,0,0,0,108.0,0,0
T08386,2026-01-07T02:45:00+00:00,U0031,R0301,3489.5,1,2,0,0,0,4312.03,0.81,1886,0,0,0,0,84.0,0,0
T08387,2026-01-07T02:46:00+00:00,U0007,R0397,880.86,0,2,0,0,0,5108.33,0.17,573,0,0,0,0,305.0,2,0
T08388,2026-01-07T02:47:00+00:00,U0097,R0140,3991.96,1,2,0,0,0,4378.46,0.91,174,0,0,0,0,346.0,0,0
T08389,2026-01-07T02:48:00+00:00,U0145,R0328,1258.13,1,2,0,0,0,3820.18,0.33,94,0,0,0,0,318.0,0,0
T08390,2026-01-07T02:49:00+00:00,U0073,R0246,2003.19,1,2,0,0,0,5889.2,0.34,1369,0,0,0,0,201.0,0,0
T08391,2026-01-07T02:50:00+00:00,U0013,R0001,9493.2,1,2,1,0,0,5250.17,1.81,869,0,0,0,0,92.0,0,1
T08392,2026-01-07T02:51:00+00:00,U0013,R0001,9493.2,0,2,0,1,1,5361.83,1.77,869,1,1,1,1,1.0,1,1
T08393,2026-01-07T02:52:00+00:00,U0013,R0001,9493.2,0,2,1,1,2,5467.76,1.74,869,2,2,2,2,1.0,2,1
T08394,2026-01-07T02:53:00+00:00,U0144,R0238,5418.57,1,2,0,0,1,4349.37,1.25,685,0,0,0,0,57.0,0,0
T08395,2026-01-07T02:54:00+00:00,U0080,R0279,3683.94,1,2,0,0,0,5630.53,0.65,846,0,0,0,0,126.0,0,0
T08396,2026-01-07T02:55:00+00:00,U0112,R0255,3316.75,1,2,0,0,0,3269.46,1.01,939,0,0,0,0,299.0,0,0
T08397,2026-01-07T02:56:00+00:00,U0147,R0230,3252.01,0,2,0,0,0,4933.9,0.66,1663,0,0,0,0,211.0,1,0
T08398,2026-01-07T02:57:00+00:00,U0080,R0454,696.73,1,2,0,0,1,5583.05,0.12,846,1,0,0,0,3.0,0,0
T08399,2026-01-07T02:58:00+00:00,U0108,R0418,1308.47,1,2,0,0,0,4064.36,0.32,1935,0,0,0,0,276.0,0,0
T08400,2026-01-07T02:59:00+00:00,U0089,R0219,4351.24,1,2,0,0,0,3747.38,1.16,622,0,0,0,0,122.0,0,0
T08401,2026-01-07T03:00:00+00:00,U0009,R0132,3250.05,1,3,0,0,0,3093.83,1.05,1744,0,0,0,0,103.0,0,0
T08402,2026-01-07T03:01:00+00:00,U0009,R0012,12106.58,1,3,1,0,1,3099.41,3.91,1744,1,0,0,0,1.0,0,1
T08403,2026-01-07T03:02:00+00:00,U0091,R0162,1090.3,1,3,0,0,0,3169.73,0.34,823,0,0,0,0,313.0,0,0
T08404,2026-01-07T03:03:00+00:00,U0121,R0102,29608.49,1,3,0,1,0,4773.71,6.2,418,0,0,0,0,303.0,0,1
T08405,2026-01-07T03:04:00+00:00,U0190,R0198,1579.03,1,3,0,0,0,3269.46,0.48,1087,0,0,0,0,149.0,0,0
T08406,2026-01-07T03:05:00+00:00,U0145,R0219,860.94,1,3,0,0,1,3744.82,0.23,94,0,0,0,0,17.0,0,0
T08407,2026-01-07T03:06:00+00:00,U0119,R0226,894.05,1,3,0,0,0,4237.39,0.21,112,0,0,0,0,401.0,0,0
T08408,2026-01-07T03:07:00+00:00,U0163,R0290,1197.01,0,3,0,0,0,3771.52,0.32,550,0,0,0,0,203.0,1,0
T08409,2026-01-07T03:08:00+00:00,U0036,R0292,2132.54,1,3,0,0,0,4298.02,0.5,219,0,0,0,0,617.0,0,0
T08410,2026-01-07T03:09:00+00:00,U0058,R0165,2914.32,0,3,0,0,0,3733.56,0.78,1080,0,0,0,0,218.0,2,0
T08411,2026-01-07T03:10:00+00:00,U0178,R0190,936.69,1,3,0,0,0,3383.18,0.28,1860,0,0,0,0,117.0,0,0
T08412,2026-01-07T03:11:00+00:00,U0185,R0005,3069.52,1,3,0,0,0,3707.39,0.83,1483,0,0,0,0,70.0,0,0
T08413,2026-01-07T03:12:00+00:00,U0090,R0057,4879.63,1,3,0,0,0,3129.82,1.56,150,0,0,0,0,938.0,0,0
T08414,2026-01-07T03:13:00+00:00,U0042,R0237,2526.71,1,3,0,0,0,3702.44,0.68,914,0,0,0,0,161.0,0,0
T08415,2026-01-07T03:14:00+00:00,U0053,R0219,6728.92,1,3,0,0,0,4204.72,1.6,1252,0,0,0,0,1564.0,0,0
T08416,2026-01-07T03:15:00+00:00,U0021,R0437,1090.67,1,3,0,0,0,6637.96,0.16,486,0,0,0,0,173.0,0,0
T08417,2026-01-07T03:16:00+00:00,U0075,R0470,329.87,1,3,0,0,0,3481.67,0.09,86,0,0,0,0,538.0,0,0
T08418,2026-01-07T03:17:00+00:00,U0144,R0431,7024.66,1,3,0,0,1,4376.1,1.61,685,0,0,0,0,24.0,0,0
T08419,2026-01-07T03:18:00+00:00,U0086,R0314,3804.8,1,3,0,0,0,4708.12,0.81,1686,0,0,0,0,202.0,0,0
T08420,2026-01-07T03:19:00+00:00,U0073,R0212,4014.61,1,3,0,0,1,5800.88,0.69,1369,0,0,0,0,30.0,0,0
T08421,2026-01-07T03:20:00+00:00,U0064,R0153,7543.76,1,3,0,0,0,4166.47,1.81,1159,0,0,0,0,189.0,0,0
T08422,2026-01-07T03:21:00+00:00,U0193,R0135,697.53,1,3,0,0,0,6676.78,0.1,158,0,0,0,0,396.0,0,0
T08423,2026-01-07T03:22:00+00:00,U0075,R0382,2645.72,1,3,0,0,1,3394.12,0.78,86,1,0,0,0,6.0,0,0
T08424,2026-01-07T03:23:00+00:00,U0182,R0132,1439.51,1,3,0,0,0,4814.25,0.3,269,0,0,0,0,524.0,0,0
T08425,2026-01-07T03:24:00+00:00,U0079,R0314,5640.8,1,3,0,1,0,3461.15,1.63,128,0,0,0,0,89.0,0,0
T08426,2026-01-07T03:25:00+00:00,U0146,R0476,9531.14,1,3,0,0,1,3698.17,2.58,1480,0,0,0,0,60.0,0,1
T08427,2026-01-07T03:26:00+00:00,U0063,R0386,1752.5,1,3,0,0,0,3654.0,0.48,1621,0,0,0,0,97.0,0,0
T08428,2026-01-07T03:27:00+00:00,U0181,R0484,1948.9,1,3,0,0,0,3600.64,0.54,215,0,0,0,0,233.0,0,0
T08429,2026-01-07T03:28:00+00:00,U0071,R0297,6048.75,1,3,0,0,0,6252.94,0.97,17,0,0,0,0,85.0,0,0
T08430,2026-01-07T03:29:00+00:00,U0058,R0295,5907.46,1,3,0,0,1,3714.06,1.59,1080,0,0,0,0,20.0,0,0
T08431,2026-01-07T03:30:00+00:00,U0105,R0136,9954.86,1,3,0,0,0,4140.75,2.4,203,0,0,0,0,248.0,0,1
T08432,2026-01-07T03:31:00+00:00,U0195,R0347,2513.66,1,3,0,0,0,4882.19,0.51,1578,0,0,0,0,412.0,0,0
T08433,2026-01-07T03:32:00+00:00,U0180,R0288,3243.65,1,3,0,0,0,4815.73,0.67,793,0,0,0,0,327.0,0,0
T08434,2026-01-07T03:33:00+00:00,U0058,R0025,3130.07,1,3,0,0,2,3765.07,0.83,1080,1,0,0,0,4.0,0,0
T08435,2026-01-07T03:34:00+00:00,U0129,R0216,3861.06,1,3,0,0,0,3879.07,1.0,375,0,0,0,0,673.0,0,0
T08436,2026-01-07T03:35:00+00:00,U0186,R0245,5145.46,1,3,0,0,0,3257.98,1.58,1731,0,0,0,0,252.0,0,0
T08437,2026-01-07T03:36:00+00:00,U0056,R0295,2584.63,1,3,0,0,0,4354.95,0.59,129,0,0,0,0,121.0,0,0
T08438,2026-01-07T03:37:00+00:00,U0137,R0329,736.16,1,3,0,0,0,3375.84,0.22,511,0,0,0,0,63.0,0,0
T08439,2026-01-07T03:38:00+00:00,U0134,R0299,1141.75,1,3,0,0,0,5046.25,0.23,723,0,0,0,0,499.0,0,0
T08440,2026-01-07T03:39:00+00:00,U0070,R0052,48392.9,1,3,1,0,0,3751.99,12.9,664,0,0,0,0,232.0,0,1
T08441,2026-01-07T03:40:00+00:00,U0027,R0496,2377.59,1,3,0,0,0,5681.96,0.42,1808,0,0,0,0,203.0,0,0
T08442,2026-01-07T03:41:00+00:00,U0195,R0293,7611.05,1,3,0,0,1,4824.42,1.58,1578,1,0,0,0,10.0,0,1
T08443,2026-01-07T03:42:00+00:00,U0195,R0293,7611.05,0,3,1,1,2,4890.77,1.56,1578,1,1,1,1,1.0,1,1
T08444,2026-01-07T03:43:00+00:00,U0195,R0293,7611.05,0,3,1,0,3,4954.03,1.54,1578,2,2,2,2,1.0,2,1
T08445,2026-01-07T03:44:00+00:00,U0016,R0354,5904.2,0,3,0,0,0,4395.47,1.34,1715,0,0,0,0,184.0,1,0
T08446,2026-01-07T03:45:00+00:00,U0123,R0390,1527.65,1,3,0,0,0,2682.21,0.57,832,0,0,0,0,341.0,0,0
T08447,2026-01-07T03:46:00+00:00,U0084,R0155,3929.37,1,3,0,0,0,3360.91,1.17,1583,0,0,0,0,797.0,0,0
T08448,2026-01-07T03:47:00+00:00,U0133,R0179,19799.29,1,3,0,1,0,4275.67,4.63,257,0,0,0,0,169.0,0,1
T08449,2026-01-07T03:48:00+00:00,U0162,R0364,1663.3,1,3,0,0,0,4669.35,0.36,391,0,0,0,0,71.0,0,0
T08450,2026-01-07T03:49:00+00:00,U0095,R0173,2041.61,1,3,0,0,0,2989.28,0.68,333,0,0,0,0,185.0,0,0
T08451,2026-01-07T03:50:00+00:00,U0150,R0068,6401.21,1,3,0,0,0,4584.31,1.4,1080,0,0,0,0,302.0,0,0
T08452,2026-01-07T03:51:00+00:00,U0033,R0020,3535.18,1,3,0,0,0,2756.68,1.28,1103,0,0,0,0,169.0,0,0
T08453,2026-01-07T03:52:00+00:00,U0011,R0155,236.94,1,3,0,0,0,3754.46,0.06,177,0,0,0,0,273.0,0,0
T08454,2026-01-07T03:53:00+00:00,U0111,R0435,6738.66,1,3,1,0,0,4758.61,1.42,877,0,0,0,0,243.0,0,1
T08455,2026-01-07T03:54:00+00:00,U0017,R0076,541.84,1,3,0,0,0,4624.42,0.12,53,0,0,0,0,445.0,0,0
T08456,2026-01-07T03:55:00+00:00,U0058,R0291,4853.41,1,3,0,0,3,3750.63,1.29,1080,0,0,0,0,22.0,0,0
T08457,2026-01-07T03:56:00+00:00,U0008,R0073,20155.76,1,3,1,1,0,3981.21,5.06,457,0,0,0,0,84.0,0,1
T08458,2026-01-07T03:57:00+00:00,U0092,R0055,7414.99,1,3,0,0,0,5236.04,1.42,892,0,0,0,0,402.0,0,0
T08459,2026-01-07T03:58:00+00:00,U0030,R0105,1303.74,1,3,0,0,0,4648.17,0.28,229,0,0,0,0,79.0,0,0
T08460,2026-01-07T03:59:00+00:00,U0119,R0171,1674.52,1,3,0,0,1,4161.4,0.4,112,0,0,0,0,53.0,0,0
T08461,2026-01-07T04:00:00+00:00,U0092,R0271,5051.34,1,4,0,1,1,5291.91,0.95,892,1,0,0,0,3.0,0,1
T08462,2026-01-07T04:01:00+00:00,U0101,R0098,5324.49,1,4,0,0,0,5057.7,1.05,1165,0,0,0,0,301.0,0,0
T08463,2026-01-07T04:02:00+00:00,U0087,R0322,3071.01,1,4,0,0,0,3845.78,0.8,1811,0,0,0,0,465.0,0,0
T08464,2026-01-07T04:03:00+00:00,U0121,R0494,6056.59,1,4,0,0,1,5365.02,1.13,418,0,0,0,0,60.0,0,0
T08465,2026-01-07T04:04:00+00:00,U0111,R0498,3141.96,1,4,1,0,1,4813.61,0.65,877,0,0,0,0,11.0,0,1
T08466,2026-01-07T04:05:00+00:00,U0111,R0498,3141.96,0,4,1,0,2,4768.43,0.66,877,1,1,1,1,1.0,1,1
T08467,2026-01-07T04:06:00+00:00,U0111,R0498,3141.96,0,4,1,1,3,4725.63,0.66,877,2,2,2,2,1.0,2,1
T08468,2026-01-07T04:07:00+00:00,U0147,R0313,1916.49,1,4,0,0,0,4936.64,0.39,1663,0,0,0,0,71.0,0,0
T08469,2026-01-07T04:08:00+00:00,U0018,R0134,45580.7,1,4,1,0,0,4785.04,9.53,74,0,0,0,0,316.0,0,1
T08470,2026-01-07T04:09:00+00:00,U0142,R0153,2841.12,1,4,0,1,0,3684.36,0.77,1708,0,0,0,0,163.0,0,0
T08471,2026-01-07T04:10:00+00:00,U0179,R0168,6201.53,1,4,0,0,0,3381.2,1.83,1145,0,0,0,0,92.0,0,0
T08472,2026-01-07T04:11:00+00:00,U0057,R0044,1853.17,1,4,0,0,0,6546.61,0.28,459,0,0,0,0,177.0,0,0
T08473,2026-01-07T04:12:00+00:00,U0139,R0282,3018.19,1,4,0,0,0,4349.02,0.69,1504,0,0,0,0,452.0,0,0
T08474,2026-01-07T04:13:00+00:00,U0053,R0152,7490.14,1,4,0,0,1,4278.96,1.75,1252,0,0,0,0,59.0,0,0
T08475,2026-01-07T04:14:00+00:00,U0049,R0425,7981.39,1,4,0,0,0,4005.7,1.99,100,0,0,0,0,93.0,0,0
T08476,2026-01-07T04:15:00+00:00,U0172,R0380,3346.03,1,4,0,0,0,5259.9,0.64,1447,0,0,0,0,155.0,0,0
T08477,2026-01-07T04:16:00+00:00,U0064,R0100,1634.72,1,4,0,0,1,4301.76,0.38,1159,0,0,0,0,56.0,0,0
T08478,2026-01-07T04:17:00+00:00,U0075,R0094,11236.43,1,4,1,1,1,3373.89,3.33,86,0,0,0,0,55.0,0,1
T08479,2026-01-07T04:18:00+00:00,U0054,R0336,14202.83,0,4,1,0,0,4640.54,3.06,712,0,0,0,0,233.0,1,1
T08480,2026-01-07T04:19:00+00:00,U0078,R0119,802.79,1,4,0,0,0,4315.73,0.19,797,0,0,0,0,208.0,0,0
T08481,2026-01-07T04:20:00+00:00,U0183,R0297,45301.34,1,4,1,1,0,3254.35,13.92,827,0,0,0,0,163.0,0,1
T08482,2026-01-07T04:21:00+00:00,U0190,R0355,1841.66,1,4,0,0,0,3235.76,0.57,1087,0,0,0,0,77.0,0,0
T08483,2026-01-07T04:22:00+00:00,U0169,R0203,5906.73,0,4,0,0,0,3273.21,1.8,1949,0,0,0,0,145.0,1,0
T08484,2026-01-07T04:23:00+00:00,U0139,R0426,660.15,1,4,0,0,1,4317.34,0.15,1504,0,0,0,0,11.0,0,0
T08485,2026-01-07T04:24:00+00:00,U0142,R0406,3507.01,1,4,0,0,1,3665.62,0.96,1708,0,0,0,0,15.0,0,0
T08486,2026-01-07T04:25:00+00:00,U0167,R0161,1842.28,1,4,0,0,0,4143.81,0.44,1126,0,0,0,0,114.0,0,0
T08487,2026-01-07T04:26:00+00:00,U0037,R0292,2801.99,1,4,0,0,0,3867.73,0.72,132,0,0,0,0,170.0,0,0
T08488,2026-01-07T04:27:00+00:00,U0098,R0386,657.58,1,4,0,0,0,4678.54,0.14,938,0,0,0,0,184.0,0,0
T08489,2026-01-07T04:28:00+00:00,U0013,R0079,1187.99,1,4,0,0,0,5568.4,0.21,869,0,0,0,0,96.0,0,0
T08490,2026-01-07T04:29:00+00:00,U0168,R0046,410.71,1,4,0,0,0,6810.15,0.06,820,0,0,0,0,163.0,0,0
T08491,2026-01-07T04:30:00+00:00,U0125,R0225,952.29,0,4,0,0,0,4629.54,0.21,499,0,0,0,0,209.0,1,0
T08492,2026-01-07T04:31:00+00:00,U0017,R0239,16559.7,1,4,1,1,1,4602.35,3.6,53,0,0,0,0,37.0,0,1
T08493,2026-01-07T04:32:00+00:00,U0010,R0155,4669.64,1,4,0,0,0,3431.85,1.36,1038,0,0,0,0,126.0,0,0
T08494,2026-01-07T04:33:00+00:00,U0082,R0030,2882.09,0,4,0,0,0,5590.82,0.52,212,0,0,0,0,1195.0,1,0
T08495,2026-01-07T04:34:00+00:00,U0138,R0407,4829.72,1,4,0,0,0,5513.94,0.88,1898,0,0,0,0,231.0,0,0
T08496,2026-01-07T04:35:00+00:00,U0094,R0485,1103.15,1,4,0,0,0,2924.49,0.38,768,0,0,0,0,203.0,0,0
T08497,2026-01-07T04:36:00+00:00,U0042,R0418,6577.85,1,4,0,0,0,3722.55,1.77,914,0,0,0,0,83.0,0,0
T08498,2026-01-07T04:37:00+00:00,U0072,R0217,2629.16,1,4,0,0,0,2937.35,0.9,1208,0,0,0,0,378.0,0,0
T08499,2026-01-07T04:38:00+00:00,U0047,R0230,2717.78,1,4,0,0,0,5906.0,0.46,957,0,0,0,0,190.0,0,0
T08500,2026-01-07T04:39:00+00:00,U0187,R0447,2024.23,1,4,0,0,0,3826.44,0.53,1389,0,0,0,0,291.0,0,0
T08501,2026-01-07T04:40:00+00:00,U0195,R0082,5959.65,1,4,0,0,3,5014.42,1.19,1578,0,0,0,0,57.0,0,0
T08502,2026-01-07T04:41:00+00:00,U0035,R0267,2407.6,1,4,0,0,0,3101.24,0.78,1476,0,0,0,0,571.0,0,0
T08503,2026-01-07T04:42:00+00:00,U0160,R0407,2839.28,1,4,0,0,0,5045.19,0.56,214,0,0,0,0,143.0,0,0
T08504,2026-01-07T04:43:00+00:00,U0035,R0009,3959.58,0,4,0,0,1,3086.48,1.28,1476,1,0,0,0,2.0,1,0
T08505,2026-01-07T04:44:00+00:00,U0103,R0294,3021.5,1,4,0,1,0,3420.35,0.88,145,0,0,0,0,303.0,0,0
T08506,2026-01-07T04:45:00+00:00,U0056,R0105,466.29,1,4,0,0,0,4314.72,0.11,129,0,0,0,0,69.0,0,0
T08507,2026-01-07T04:46:00+00:00,U0059,R0012,3280.91,1,4,0,0,0,5961.84,0.55,75,0,0,0,0,172.0,0,0
T08508,2026-01-07T04:47:00+00:00,U0065,R0210,255.8,1,4,0,0,0,5000.08,0.05,1869,0,0,0,0,150.0,0,0
T08509,2026-01-07T04:48:00+00:00,U0018,R0376,4664.81,1,4,0,0,1,5671.9,0.82,74,0,0,0,0,40.0,0,0
T08510,2026-01-07T04:49:00+00:00,U0172,R0462,1482.23,1,4,0,0,1,4739.34,0.31,1447,0,0,0,0,34.0,0,0
T08511,2026-01-07T04:50:00+00:00,U0117,R0187,5608.46,1,4,1,0,0,4081.24,1.37,876,0,0,0,0,443.0,0,0
T08512,2026-01-07T04:51:00+00:00,U0003,R0225,7889.88,1,4,1,1,0,5852.38,1.35,1486,0,0,0,0,467.0,0,1
T08513,2026-01-07T04:52:00+00:00,U0037,R0398,466.64,1,4,0,0,1,3845.05,0.12,132,0,0,0,0,26.0,0,0
T08514,2026-01-07T04:53:00+00:00,U0157,R0178,7477.92,1,4,0,0,0,5920.18,1.26,793,0,0,0,0,372.0,0,0
T08515,2026-01-07T04:54:00+00:00,U0081,R0128,1750.84,1,4,0,0,0,3606.27,0.49,1251,0,0,0,0,588.0,0,0
T08516,2026-01-07T04:55:00+00:00,U0015,R0089,1307.0,1,4,1,0,0,3804.37,0.34,1206,0,0,0,0,176.0,0,0
T08517,2026-01-07T04:56:00+00:00,U0095,R0108,912.0,1,4,0,0,0,3005.05,0.3,333,0,0,0,0,67.0,0,0
T08518,2026-01-07T04:57:00+00:00,U0045,R0467,4336.3,1,4,0,0,0,4805.28,0.9,1072,0,0,0,0,709.0,0,0
T08519,2026-01-07T04:58:00+00:00,U0149,R0285,1374.34,1,4,0,0,0,3648.03,0.38,1912,0,0,0,0,355.0,0,0
T08520,2026-01-07T04:59:00+00:00,U0125,R0088,1445.36,1,4,0,0,1,4535.25,0.32,499,0,0,0,0,29.0,0,0
T08521,2026-01-07T05:00:00+00:00,U0056,R0139,7289.18,1,5,0,0,1,4229.2,1.72,129,0,0,0,0,15.0,0,0
T08522,2026-01-07T05:01:00+00:00,U0034,R0024,4339.08,1,5,0,1,0,3878.69,1.12,1925,0,0,0,0,226.0,0,0
T08523,2026-01-07T05:02:00+00:00,U0076,R0235,7519.41,1,5,0,0,0,4408.2,1.71,1540,0,0,0,0,538.0,0,0
T08524,2026-01-07T05:03:00+00:00,U0149,R0415,6122.03,1,5,0,0,1,3583.07,1.71,1912,1,0,0,0,5.0,0,0
T08525,2026-01-07T05:04:00+00:00,U0198,R0009,910.0,1,5,0,0,0,4865.31,0.19,1947,0,0,0,0,144.0,0,0
T08526,2026-01-07T05:05:00+00:00,U0184,R0084,876.27,1,5,0,0,0,3423.3,0.26,327,0,0,0,0,162.0,0,0
T08527,2026-01-07T05:06:00+00:00,U0170,R0409,998.09,1,5,0,0,0,5743.9,0.17,1804,0,0,0,0,186.0,0,0
T08528,2026-01-07T05:07:00+00:00,U0014,R0452,2178.58,1,5,0,0,0,4275.58,0.51,608,0,0,0,0,298.0,0,0
T08529,2026-01-07T05:08:00+00:00,U0113,R0417,390.45,1,5,0,0,0,3860.56,0.1,1440,0,0,0,0,363.0,0,0
T08530,2026-01-07T05:09:00+00:00,U0106,R0470,2539.98,1,5,0,0,0,3433.18,0.74,1381,0,0,0,0,275.0,0,0
T08531,2026-01-07T05:10:00+00:00,U0170,R0453,1201.14,1,5,0,0,1,5625.26,0.21,1804,1,0,0,0,4.0,0,0
T08532,2026-01-07T05:11:00+00:00,U0187,R0398,34911.15,1,5,1,0,1,3785.48,9.22,1389,0,0,0,0,32.0,0,1
T08533,2026-01-07T05:12:00+00:00,U0122,R0329,3955.12,1,5,0,0,0,4184.55,0.95,1750,0,0,0,0,165.0,0,0
T08534,2026-01-07T05:13:00+00:00,U0127,R0165,1128.05,1,5,0,0,0,2784.17,0.41,675,0,0,0,0,224.0,0,0
T08535,2026-01-07T05:14:00+00:00,U0106,R0055,45465.86,1,5,1,0,1,3413.33,13.32,1381,1,0,0,0,5.0,0,1
T08536,2026-01-07T05:15:00+00:00,U0154,R0480,4663.2,1,5,0,0,0,4294.57,1.09,1010,0,0,0,0,952.0,0,0
T08537,2026-01-07T05:16:00+00:00,U0068,R0026,267.8,1,5,0,0,0,3848.95,0.07,98,0,0,0,0,222.0,0,0
T08538,2026-01-07T05:17:00+00:00,U0164,R0278,4151.76,1,5,0,0,0,4557.49,0.91,1150,0,0,0,0,154.0,0,0
T08539,2026-01-07T05:18:00+00:00,U0113,R0079,575.11,1,5,0,0,1,3781.69,0.15,1440,1,0,0,0,10.0,0,0
T08540,2026-01-07T05:19:00+00:00,U0121,R0323,2339.7,1,5,0,0,0,5381.1,0.43,418,0,0,0,0,76.0,0,0
T08541,2026-01-07T05:20:00+00:00,U0130,R0447,610.21,1,5,0,0,0,5396.66,0.11,708,0,0,0,0,292.0,0,0
T08542,2026-01-07T05:21:00+00:00,U0047,R0080,14535.39,1,5,1,1,1,5814.91,2.5,957,0,0,0,0,43.0,0,1
T08543,2026-01-07T05:22:00+00:00,U0011,R0411,4640.71,1,5,0,0,0,3676.3,1.26,177,0,0,0,0,90.0,0,0
T08544,2026-01-07T05:23:00+00:00,U0177,R0176,51152.77,1,5,1,1,0,5588.83,9.15,315,0,0,0,0,344.0,0,1
T08545,2026-01-07T05:24:00+00:00,U0195,R0274,771.33,1,5,0,0,1,5035.42,0.15,1578,0,0,0,0,44.0,0,0
T08546,2026-01-07T05:25:00+00:00,U0066,R0469,2929.98,1,5,0,0,0,6296.31,0.47,532,0,0,0,0,381.0,0,0
T08547,2026-01-07T05:26:00+00:00,U0190,R0076,7277.03,1,5,0,0,0,3245.65,2.24,1087,0,0,0,0,65.0,0,0
T08548,2026-01-07T05:27:00+00:00,U0125,R0128,5460.1,0,5,0,0,2,4458.0,1.22,499,0,0,0,0,28.0,1,0
T08549,2026-01-07T05:28:00+00:00,U0116,R0294,4652.06,1,5,0,0,0,4180.46,1.11,463,0,0,0,0,313.0,0,0
T08550,2026-01-07T05:29:00+00:00,U0020,R0407,4579.76,1,5,0,0,0,4272.49,1.07,1664,0,0,0,0,668.0,0,0
T08551,2026-01-07T05:30:00+00:00,U0034,R0044,3236.53,1,5,0,0,1,3888.92,0.83,1925,0,0,0,0,29.0,0,0
T08552,2026-01-07T05:31:00+00:00,U0013,R0062,7960.35,1,5,0,0,0,5461.56,1.46,869,0,0,0,0,63.0,0,0
T08553,2026-01-07T05:32:00+00:00,U0132,R0022,2378.59,1,5,0,0,0,4335.88,0.55,12,0,0,0,0,374.0,0,0
T08554,2026-01-07T05:33:00+00:00,U0089,R0353,5390.58,1,5,0,0,0,3762.86,1.43,622,0,0,0,0,154.0,0,0
T08555,2026-01-07T05:34:00+00:00,U0191,R0315,2457.89,1,5,0,0,0,4488.03,0.55,982,0,0,0,0,718.0,0,0
T08556,2026-01-07T05:35:00+00:00,U0019,R0233,5420.85,1,5,0,0,0,4165.89,1.3,1302,0,0,0,0,210.0,0,0
T08557,2026-01-07T05:36:00+00:00,U0125,R0150,4750.92,1,5,0,0,2,4482.44,1.06,499,1,0,0,0,9.0,0,0
T08558,2026-01-07T05:37:00+00:00,U0162,R0478,1806.0,1,5,0,0,0,4594.19,0.39,391,0,0,0,0,109.0,0,0
T08559,2026-01-07T05:38:00+00:00,U0039,R0181,6576.86,1,5,0,0,0,3345.78,1.97,176,0,0,0,0,292.0,0,0
T08560,2026-01-07T05:39:00+00:00,U0159,R0317,3509.18,1,5,0,0,0,4763.15,0.74,490,0,0,0,0,195.0,0,0
T08561,2026-01-07T05:40:00+00:00,U0091,R0092,490.88,1,5,0,0,0,3122.47,0.16,823,0,0,0,0,158.0,0,0
T08562,2026-01-07T05:41:00+00:00,U0189,R0454,4548.92,1,5,0,0,0,3751.8,1.21,690,0,0,0,0,778.0,0,0
T08563,2026-01-07T05:42:00+00:00,U0029,R0253,4746.75,1,5,0,0,0,4456.16,1.07,316,0,0,0,0,339.0,0,0
T08564,2026-01-07T05:43:00+00:00,U0045,R0073,3829.17,1,5,0,0,1,4793.56,0.8,1072,0,0,0,0,46.0,0,0
T08565,2026-01-07T05:44:00+00:00,U0100,R0384,1680.44,1,5,0,0,0,5341.8,0.31,1160,0,0,0,0,531.0,0,0
T08566,2026-01-07T05:45:00+00:00,U0057,R0286,2231.86,1,5,0,0,0,6567.9,0.34,459,0,0,0,0,94.0,0,0
T08567,2026-01-07T05:46:00+00:00,U0042,R0011,4341.6,1,5,0,0,0,3832.45,1.13,914,0,0,0,0,70.0,0,0
T08568,2026-01-07T05:47:00+00:00,U0075,R0077,1016.36,1,5,0,0,0,3580.8,0.28,86,0,0,0,0,90.0,0,0
T08569,2026-01-07T05:48:00+00:00,U0097,R0091,2233.7,1,5,0,0,0,4370.06,0.51,174,0,0,0,0,181.0,0,0
T08570,2026-01-07T05:49:00+00:00,U0083,R0351,6140.34,0,5,0,0,0,6701.71,0.92,313,0,0,0,0,311.0,1,0
T08571,2026-01-07T05:50:00+00:00,U0152,R0451,4838.42,1,5,0,0,0,4513.82,1.07,1711,0,0,0,0,638.0,0,0
T08572,2026-01-07T05:51:00+00:00,U0050,R0466,20283.67,1,5,1,1,0,3083.81,6.58,682,0,0,0,0,935.0,0,1
T08573,2026-01-07T05:52:00+00:00,U0189,R0001,4330.33,0,5,0,0,1,3771.24,1.15,690,0,0,0,0,11.0,1,0
T08574,2026-01-07T05:53:00+00:00,U0051,R0104,1021.42,1,5,0,0,0,5233.35,0.2,60,0,0,0,0,407.0,0,0
T08575,2026-01-07T05:54:00+00:00,U0076,R0155,1856.59,1,5,0,0,1,4487.97,0.41,1540,0,0,0,0,52.0,0,0
T08576,2026-01-07T05:55:00+00:00,U0005,R0157,4834.89,1,5,0,0,0,4548.38,1.06,1114,0,0,0,0,337.0,0,0
T08577,2026-01-07T05:56:00+00:00,U0133,R0256,1445.96,1,5,0,0,0,4592.48,0.31,257,0,0,0,0,129.0,0,0
T08578,2026-01-07T05:57:00+00:00,U0149,R0473,6577.67,1,5,0,0,2,3653.6,1.8,1912,0,0,0,0,54.0,0,0
T08579,2026-01-07T05:58:00+00:00,U0070,R0238,1734.29,1,5,0,1,0,4992.02,0.35,664,0,0,0,0,139.0,0,0
T08580,2026-01-07T05:59:00+00:00,U0043,R0006,1393.47,0,5,0,0,0,3938.43,0.35,1004,0,0,0,0,304.0,1,0
T08581,2026-01-07T06:00:00+00:00,U0158,R0350,13653.12,1,6,1,1,0,4320.07,3.16,1865,0,0,0,0,297.0,0,1
T08582,2026-01-07T06:01:00+00:00,U0130,R0351,387.96,0,6,0,0,1,5279.92,0.07,708,0,0,0,0,41.0,1,0
T08583,2026-01-07T06:02:00+00:00,U0157,R0393,5309.55,1,6,0,0,0,5954.8,0.89,793,0,0,0,0,69.0,0,0
T08584,2026-01-07T06:03:00+00:00,U0049,R0404,1176.96,1,6,0,0,0,4116.13,0.29,100,0,0,0,0,109.0,0,0
T08585,2026-01-07T06:04:00+00:00,U0128,R0132,1958.49,1,6,0,0,0,3476.38,0.56,1107,0,0,0,0,333.0,0,0
T08586,2026-01-07T06:05:00+00:00,U0047,R0204,1577.94,1,6,0,0,1,6057.15,0.26,957,0,0,0,0,44.0,0,0
T08587,2026-01-07T06:06:00+00:00,U0169,R0108,6987.82,1,6,0,0,0,3338.37,2.09,1949,0,0,0,0,104.0,0,0
T08588,2026-01-07T06:07:00+00:00,U0154,R0380,1388.52,1,6,0,0,1,4304.53,0.32,1010,0,0,0,0,52.0,0,0
T08589,2026-01-07T06:08:00+00:00,U0060,R0138,2527.18,1,6,0,0,0,3386.52,0.75,1595,0,0,0,0,219.0,0,0
T08590,2026-01-07T06:09:00+00:00,U0128,R0243,5061.02,1,6,0,0,1,3444.08,1.47,1107,1,0,0,0,5.0,0,0
T08591,2026-01-07T06:10:00+00:00,U0044,R0082,1050.3,1,6,0,0,0,4653.82,0.23,1950,0,0,0,0,419.0,0,0
T08592,2026-01-07T06:11:00+00:00,U0146,R0079,3473.06,1,6,0,0,0,3827.8,0.91,1480,0,0,0,0,166.0,0,1
T08593,2026-01-07T06:12:00+00:00,U0021,R0454,2229.44,1,6,0,0,0,6519.93,0.34,486,0,0,0,0,177.0,0,0
T08594,2026-01-07T06:13:00+00:00,U0139,R0043,2497.52,1,6,0,1,0,4232.29,0.59,1504,0,0,0,0,110.0,0,0
T08595,2026-01-07T06:14:00+00:00,U0155,R0069,10287.24,1,6,1,1,0,3292.93,3.12,1159,0,0,0,0,708.0,0,1
T08596,2026-01-07T06:15:00+00:00,U0095,R0294,5928.66,0,6,0,0,0,2960.13,2.0,333,0,0,0,0,79.0,1,0
T08597,2026-01-07T06:16:00+00:00,U0041,R0078,23926.9,1,6,1,1,0,4172.37,5.73,680,0,0,0,0,238.0,0,1
T08598,2026-01-07T06:17:00+00:00,U0030,R0037,2270.6,1,6,0,0,0,4578.49,0.5,229,0,0,0,0,139.0,0,0
T08599,2026-01-07T06:18:00+00:00,U0197,R0211,1302.78,1,6,0,0,0,4252.63,0.31,274,0,0,0,0,249.0,0,0
T08600,2026-01-07T06:19:00+00:00,U0039,R0303,738.89,1,6,1,0,1,3450.01,0.21,176,0,0,0,0,41.0,0,0
T08601,2026-01-07T06:20:00+00:00,U0194,R0341,4080.38,1,6,0,1,0,5141.59,0.79,1773,0,0,0,0,822.0,0,0
T08602,2026-01-07T06:21:00+00:00,U0103,R0120,3027.06,1,6,0,0,0,3410.86,0.89,145,0,0,0,0,97.0,0,0
T08603,2026-01-07T06:22:00+00:00,U0119,R0343,1509.96,1,6,0,0,0,4106.14,0.37,112,0,0,0,0,143.0,0,0
T08604,2026-01-07T06:23:00+00:00,U0040,R0331,17191.72,1,6,0,0,0,5936.19,2.9,1571,0,0,0,0,282.0,0,1
T08605,2026-01-07T06:24:00+00:00,U0160,R0371,2314.46,1,6,0,0,0,4974.03,0.47,214,0,0,0,0,102.0,0,0
T08606,2026-01-07T06:25:00+00:00,U0196,R0489,959.03,1,6,0,0,0,3712.89,0.26,219,0,0,0,0,294.0,0,0
T08607,2026-01-07T06:26:00+00:00,U0111,R0194,9094.12,1,6,0,1,0,4685.03,1.94,877,0,0,0,0,140.0,0,0
T08608,2026-01-07T06:27:00+00:00,U0170,R0133,20344.16,1,6,1,1,0,5517.35,3.69,1804,0,0,0,0,77.0,0,1
T08609,2026-01-07T06:28:00+00:00,U0007,R0331,1894.9,1,6,0,1,0,5012.25,0.38,573,0,0,0,0,222.0,0,0
T08610,2026-01-07T06:29:00+00:00,U0087,R0050,923.44,1,6,0,1,0,3822.99,0.24,1811,0,0,0,0,147.0,0,0
T08611,2026-01-07T06:30:00+00:00,U0186,R0055,4278.37,1,6,0,0,0,3315.29,1.29,1731,0,0,0,0,175.0,0,0
T08612,2026-01-07T06:31:00+00:00,U0138,R0390,1268.96,1,6,0,0,0,5475.04,0.23,1898,0,0,0,0,117.0,0,0
T08613,2026-01-07T06:32:00+00:00,U0012,R0140,6453.42,1,6,0,0,0,3704.37,1.74,476,0,0,0,0,313.0,0,0
T08614,2026-01-07T06:33:00+00:00,U0058,R0361,1605.8,1,6,0,0,0,3775.14,0.43,1080,0,0,0,0,158.0,0,0
T08615,2026-01-07T06:34:00+00:00,U0017,R0420,1753.45,1,6,0,1,0,4809.95,0.36,53,0,0,0,0,123.0,0,0
T08616,2026-01-07T06:35:00+00:00,U0046,R0436,4360.67,1,6,0,0,0,4421.95,0.99,854,0,0,0,0,292.0,0,0
T08617,2026-01-07T06:36:00+00:00,U0045,R0401,1252.99,1,6,0,0,1,4770.03,0.26,1072,0,0,0,0,53.0,0,0
T08618,2026-01-07T06:37:00+00:00,U0192,R0152,3333.65,1,6,0,0,0,4046.57,0.82,887,0,0,0,0,690.0,0,0
T08619,2026-01-07T06:38:00+00:00,U0029,R0365,2133.95,1,6,0,0,1,4463.43,0.48,316,0,0,0,0,56.0,0,0
T08620,2026-01-07T06:39:00+00:00,U0040,R0446,6713.77,1,6,0,0,1,6265.53,1.07,1571,0,0,0,0,16.0,0,0
T08621,2026-01-07T06:40:00+00:00,U0107,R0275,6717.91,1,6,0,0,0,5040.44,1.33,1230,0,0,0,0,388.0,0,0
T08622,2026-01-07T06:41:00+00:00,U0103,R0153,2917.74,1,6,0,0,1,3401.93,0.86,145,0,0,0,0,20.0,0,0
T08623,2026-01-07T06:42:00+00:00,U0027,R0391,4658.24,1,6,0,1,0,5595.01,0.83,1808,0,0,0,0,182.0,0,0
T08624,2026-01-07T06:43:00+00:00,U0136,R0168,3488.41,1,6,0,0,0,3690.02,0.95,126,0,0,0,0,383.0,0,0
T08625,2026-01-07T06:44:00+00:00,U0138,R0030,840.3,1,6,0,0,1,5484.14,0.15,1898,0,0,0,0,13.0,0,0
T08626,2026-01-07T06:45:00+00:00,U0079,R0385,2564.44,1,6,0,0,0,3536.31,0.73,128,0,0,0,0,201.0,0,0
T08627,2026-01-07T06:46:00+00:00,U0173,R0001,7126.37,1,6,0,0,0,3150.08,2.26,1772,0,0,0,0,244.0,0,0
T08628,2026-01-07T06:47:00+00:00,U0100,R0091,2267.3,1,6,0,0,0,5256.65,0.43,1160,0,0,0,0,63.0,0,0
T08629,2026-01-07T06:48:00+00:00,U0129,R0469,3893.92,1,6,1,0,0,3878.64,1.0,375,0,0,0,0,194.0,0,0
T08630,2026-01-07T06:49:00+00:00,U0114,R0327,9696.64,1,6,0,0,0,4694.3,2.07,447,0,0,0,0,342.0,0,0
T08631,2026-01-07T06:50:00+00:00,U0063,R0426,3724.13,1,6,0,0,0,3608.72,1.03,1621,0,0,0,0,204.0,0,0
T08632,2026-01-07T06:51:00+00:00,U0084,R0398,3277.0,1,6,0,0,0,3373.27,0.97,1583,0,0,0,0,185.0,0,0
T08633,2026-01-07T06:52:00+00:00,U0100,R0327,1063.1,1,6,0,0,1,5188.71,0.2,1160,1,0,0,0,5.0,0,0
T08634,2026-01-07T06:53:00+00:00,U0103,R0384,4314.7,1,6,0,0,2,3390.93,1.27,145,0,0,0,0,12.0,0,0
T08635,2026-01-07T06:54:00+00:00,U0191,R0061,1676.22,1,6,0,0,0,4440.82,0.38,982,0,0,0,0,80.0,0,0
T08636,2026-01-07T06:55:00+00:00,U0186,R0067,263.37,1,6,0,0,1,3379.89,0.08,1731,0,0,0,0,25.0,0,0
T08637,2026-01-07T06:56:00+00:00,U0169,R0093,475.15,1,6,0,0,1,3466.33,0.14,1949,0,0,0,0,50.0,0,0
T08638,2026-01-07T06:57:00+00:00,U0037,R0367,2345.87,1,6,0,0,0,3774.67,0.62,132,0,0,0,0,125.0,0,0
T08639,2026-01-07T06:58:00+00:00,U0038,R0092,3031.96,1,6,0,0,0,3704.49,0.82,400,0,0,0,0,465.0,0,0
T08640,2026-01-07T06:59:00+00:00,U0047,R0009,2712.25,1,6,0,0,1,5936.09,0.46,957,0,0,0,0,54.0,0,0
T08641,2026-01-07T07:00:00+00:00,U0017,R0024,7940.07,1,7,0,0,1,4835.23,1.64,53,0,0,0,0,26.0,0,0
T08642,2026-01-07T07:01:00+00:00,U0157,R0130,4927.9,1,7,0,0,1,5940.77,0.83,793,0,0,0,0,59.0,0,1
T08643,2026-01-07T07:02:00+00:00,U0029,R0145,879.72,1,7,0,0,1,4406.61,0.2,316,0,0,0,0,24.0,0,0
T08644,2026-01-07T07:03:00+00:00,U0131,R0470,459.76,1,7,0,0,0,6144.12,0.07,1810,0,0,0,0,425.0,0,0
T08645,2026-01-07T07:04:00+00:00,U0198,R0442,25228.9,0,7,1,1,0,4834.16,5.22,1947,0,0,0,0,120.0,1,1
T08646,2026-01-07T07:05:00+00:00,U0029,R0047,520.16,1,7,0,1,2,4322.64,0.12,316,1,0,0,0,3.0,0,0
T08647,2026-01-07T07:06:00+00:00,U0158,R0229,875.34,1,7,0,0,0,4556.53,0.19,1865,0,0,0,0,66.0,0,0
T08648,2026-01-07T07:07:00+00:00,U0195,R0209,1503.93,1,7,0,0,0,4942.72,0.3,1578,0,0,0,0,103.0,0,0
T08649,2026-01-07T07:08:00+00:00,U0153,R0314,4615.52,1,7,0,0,0,3461.13,1.33,798,0,0,0,0,468.0,0,0
T08650,2026-01-07T07:09:00+00:00,U0177,R0270,28054.72,1,7,0,0,0,6538.08,4.29,315,0,0,0,0,106.0,0,1
T08651,2026-01-07T07:10:00+00:00,U0042,R0264,5185.01,1,7,1,1,0,3886.73,1.33,914,0,0,0,0,84.0,0,1
T08652,2026-01-07T07:11:00+00:00,U0029,R0377,3565.06,1,7,0,0,3,4234.21,0.84,316,2,0,0,0,6.0,0,0
T08653,2026-01-07T07:12:00+00:00,U0015,R0113,1846.73,1,7,0,0,0,3715.18,0.5,1206,0,0,0,0,137.0,0,0
T08654,2026-01-07T07:13:00+00:00,U0109,R0210,2462.1,1,7,1,0,0,5288.33,0.47,579,0,0,0,0,884.0,0,0
T08655,2026-01-07T07:14:00+00:00,U0177,R0382,1855.74,1,7,1,0,1,6977.19,0.27,315,1,0,0,0,5.0,0,0
T08656,2026-01-07T07:15:00+00:00,U0001,R0032,978.7,1,7,0,0,0,5573.15,0.18,1905,0,0,0,0,299.0,0,0
T08657,2026-01-07T07:16:00+00:00,U0051,R0383,4817.03,1,7,0,1,0,5116.35,0.94,60,0,0,0,0,83.0,0,1
T08658,2026-01-07T07:17:00+00:00,U0051,R0383,4817.03,0,7,1,0,1,5108.26,0.94,60,1,1,1,1,1.0,1,1
T08659,2026-01-07T07:18:00+00:00,U0051,R0383,4817.03,0,7,1,1,2,5100.6,0.94,60,2,2,2,2,1.0,2,1
T08660,2026-01-07T07:19:00+00:00,U0087,R0100,3210.82,1,7,0,1,1,3740.15,0.86,1811,0,0,0,0,50.0,0,0
T08661,2026-01-07T07:20:00+00:00,U0049,R0447,2847.23,1,7,0,0,0,4036.7,0.71,100,0,0,0,0,77.0,0,0
T08662,2026-01-07T07:21:00+00:00,U0083,R0324,842.01,1,7,0,0,0,6688.34,0.13,313,0,0,0,0,92.0,0,0
T08663,2026-01-07T07:22:00+00:00,U0046,R0139,5385.24,1,7,0,0,1,4416.61,1.22,854,0,0,0,0,47.0,0,0
T08664,2026-01-07T07:23:00+00:00,U0136,R0461,5276.46,1,7,0,0,1,3684.98,1.43,126,0,0,0,0,40.0,0,0
T08665,2026-01-07T07:24:00+00:00,U0182,R0001,7842.73,1,7,0,0,0,4725.44,1.66,269,0,0,0,0,241.0,0,0
T08666,2026-01-07T07:25:00+00:00,U0142,R0353,2411.54,1,7,0,0,0,3662.17,0.66,1708,0,0,0,0,181.0,0,0
T08667,2026-01-07T07:26:00+00:00,U0107,R0432,4039.47,1,7,0,0,1,5081.35,0.79,1230,0,0,0,0,46.0,0,0
T08668,2026-01-07T07:27:00+00:00,U0044,R0338,1924.84,1,7,0,0,0,4541.21,0.42,1950,0,0,0,0,77.0,0,0
T08669,2026-01-07T07:28:00+00:00,U0197,R0314,6139.29,1,7,0,0,0,4187.08,1.47,274,0,0,0,0,70.0,0,0
T08670,2026-01-07T07:29:00+00:00,U0116,R0204,5999.14,1,7,0,0,0,4190.09,1.43,463,0,0,0,0,121.0,0,0
T08671,2026-01-07T07:30:00+00:00,U0111,R0084,2365.43,1,7,0,0,0,4795.25,0.49,877,0,0,0,0,64.0,0,0
T08672,2026-01-07T07:31:00+00:00,U0194,R0224,3150.9,1,7,0,0,0,5118.01,0.62,1773,0,0,0,0,71.0,0,0
T08673,2026-01-07T07:32:00+00:00,U0059,R0091,2103.45,1,7,0,0,0,5893.1,0.36,75,0,0,0,0,166.0,0,0
T08674,2026-01-07T07:33:00+00:00,U0053,R0452,45756.68,1,7,1,0,0,4370.71,10.47,1252,0,0,0,0,200.0,0,1
T08675,2026-01-07T07:34:00+00:00,U0157,R0458,4768.53,0,7,0,0,1,5919.22,0.81,793,0,0,0,0,33.0,1,0
T08676,2026-01-07T07:35:00+00:00,U0053,R0110,1265.04,1,7,0,0,1,5520.32,0.23,1252,1,0,0,0,2.0,0,0
T08677,2026-01-07T07:36:00+00:00,U0105,R0461,2632.38,1,7,0,0,0,4306.87,0.61,203,0,0,0,0,246.0,0,0
T08678,2026-01-07T07:37:00+00:00,U0130,R0173,3608.22,1,7,0,0,0,5163.44,0.7,708,0,0,0,0,96.0,0,0
T08679,2026-01-07T07:38:00+00:00,U0162,R0494,2655.61,1,7,1,0,0,4526.19,0.59,391,0,0,0,0,121.0,0,0
T08680,2026-01-07T07:39:00+00:00,U0193,R0424,4400.2,1,7,1,0,0,6565.68,0.67,158,0,0,0,0,258.0,0,0
T08681,2026-01-07T07:40:00+00:00,U0046,R0204,548.41,1,7,0,0,1,4476.82,0.12,854,0,0,0,0,18.0,0,0
T08682,2026-01-07T07:41:00+00:00,U0064,R0223,3438.26,1,7,0,0,0,4286.22,0.8,1159,0,0,0,0,205.0,0,0
T08683,2026-01-07T07:42:00+00:00,U0199,R0056,3180.5,1,7,0,0,0,3358.64,0.95,1451,0,0,0,0,449.0,0,0
T08684,2026-01-07T07:43:00+00:00,U0020,R0098,1961.18,1,7,1,0,0,4279.98,0.46,1664,0,0,0,0,134.0,0,1
T08685,2026-01-07T07:44:00+00:00,U0020,R0098,1961.18,0,7,1,0,1,4224.77,0.46,1664,1,1,1,1,1.0,1,1
T08686,2026-01-07T07:45:00+00:00,U0020,R0098,1961.18,0,7,1,1,2,4172.13,0.47,1664,2,2,2,2,1.0,2,1
T08687,2026-01-07T07:46:00+00:00,U0130,R0406,16710.08,1,7,0,0,1,5127.28,3.26,708,1,0,0,0,9.0,0,1
T08688,2026-01-07T07:47:00+00:00,U0058,R0368,975.55,1,7,0,0,0,3727.98,0.26,1080,0,0,0,0,74.0,0,0
T08689,2026-01-07T07:48:00+00:00,U0026,R0345,7700.97,1,7,0,0,0,5593.33,1.38,407,0,0,0,0,383.0,0,0
T08690,2026-01-07T07:49:00+00:00,U0131,R0375,1408.06,1,7,0,0,1,5998.37,0.23,1810,0,0,0,0,46.0,0,0
T08691,2026-01-07T07:50:00+00:00,U0090,R0460,272.58,1,7,0,0,0,3199.82,0.09,150,0,0,0,0,278.0,0,0
T08692,2026-01-07T07:51:00+00:00,U0189,R0308,369.29,1,7,0,0,0,3784.55,0.1,690,0,0,0,0,119.0,0,0
T08693,2026-01-07T07:52:00+00:00,U0017,R0271,3952.09,1,7,0,0,1,4822.68,0.82,53,0,0,0,0,52.0,0,0
T08694,2026-01-07T07:53:00+00:00,U0182,R0481,1376.4,1,7,0,0,1,4805.37,0.29,269,0,0,0,0,29.0,0,0
T08695,2026-01-07T07:54:00+00:00,U0180,R0011,2956.41,0,7,0,1,0,4781.8,0.62,793,0,0,0,0,262.0,1,0
T08696,2026-01-07T07:55:00+00:00,U0124,R0253,7803.76,1,7,0,0,0,3654.16,2.14,1661,0,0,0,0,871.0,0,0
T08697,2026-01-07T07:56:00+00:00,U0167,R0023,3470.1,1,7,0,1,0,4095.86,0.85,1126,0,0,0,0,211.0,0,0
T08698,2026-01-07T07:57:00+00:00,U0162,R0371,5592.82,1,7,0,0,1,4481.65,1.25,391,0,0,0,0,19.0,0,0
T08699,2026-01-07T07:58:00+00:00,U0149,R0086,9008.45,1,7,0,0,0,3732.63,2.41,1912,0,0,0,0,121.0,0,0
T08700,2026-01-07T07:59:00+00:00,U0138,R0268,740.58,1,7,0,1,0,5231.52,0.14,1898,0,0,0,0,75.0,0,1
T08701,2026-01-07T08:00:00+00:00,U0138,R0268,740.58,0,8,0,1,1,5157.8,0.14,1898,1,1,1,1,1.0,1,1
T08702,2026-01-07T08:01:00+00:00,U0138,R0268,740.58,0,8,1,0,2,5103.03,0.15,1898,2,2,2,2,1.0,2,1
T08703,2026-01-07T08:02:00+00:00,U0168,R0417,743.36,1,8,0,0,0,6616.23,0.11,820,0,0,0,0,213.0,0,0
T08704,2026-01-07T08:03:00+00:00,U0198,R0039,998.81,0,8,0,0,1,5288.94,0.19,1947,0,0,0,0,59.0,1,0
T08705,2026-01-07T08:04:00+00:00,U0120,R0311,631.94,1,8,0,0,0,5309.56,0.12,524,0,0,0,0,445.0,0,0
T08706,2026-01-07T08:05:00+00:00,U0105,R0060,1963.27,1,8,0,0,1,4260.35,0.46,203,0,0,0,0,29.0,0,0
T08707,2026-01-07T08:06:00+00:00,U0129,R0356,3126.93,1,8,0,0,0,3879.0,0.81,375,0,0,0,0,78.0,0,0
T08708,2026-01-07T08:07:00+00:00,U0152,R0215,1863.22,1,8,0,0,0,4521.55,0.41,1711,0,0,0,0,137.0,0,0
T08709,2026-01-07T08:08:00+00:00,U0137,R0330,2689.32,1,8,0,1,0,3306.38,0.81,511,0,0,0,0,271.0,0,0
T08710,2026-01-07T08:09:00+00:00,U0178,R0154,3333.85,0,8,0,0,0,3370.72,0.99,1860,0,0,0,0,299.0,1,0
T08711,2026-01-07T08:10:00+00:00,U0128,R0092,4878.06,1,8,0,1,0,3477.77,1.4,1107,0,0,0,0,121.0,0,0
T08712,2026-01-07T08:11:00+00:00,U0005,R0367,823.56,1,8,0,0,0,4555.37,0.18,1114,0,0,0,0,136.0,0,0
T08713,2026-01-07T08:12:00+00:00,U0039,R0360,7142.29,1,8,1,0,0,3365.29,2.12,176,0,0,0,0,113.0,0,1
T08714,2026-01-07T08:13:00+00:00,U0095,R0357,1339.2,0,8,0,0,0,3027.54,0.44,333,0,0,0,0,118.0,1,0
T08715,2026-01-07T08:14:00+00:00,U0103,R0274,1974.62,1,8,0,0,0,3411.45,0.58,145,0,0,0,0,81.0,0,0
T08716,2026-01-07T08:15:00+00:00,U0044,R0314,1952.67,1,8,0,0,1,4461.93,0.44,1950,0,0,0,0,48.0,0,0
T08717,2026-01-07T08:16:00+00:00,U0148,R0425,377.62,1,8,0,0,0,4042.63,0.09,507,0,0,0,0,364.0,0,0
T08718,2026-01-07T08:17:00+00:00,U0083,R0230,4657.34,1,8,0,0,1,6552.38,0.71,313,0,0,0,0,56.0,0,0
T08719,2026-01-07T08:18:00+00:00,U0158,R0260,957.87,1,8,0,0,0,4463.89,0.21,1865,0,0,0,0,72.0,0,0
T08720,2026-01-07T08:19:00+00:00,U0042,R0176,3378.72,1,8,0,0,0,3951.6,0.86,914,0,0,0,0,69.0,0,0
T08721,2026-01-07T08:20:00+00:00,U0155,R0140,338.06,1,8,0,0,0,3467.79,0.1,1159,0,0,0,0,126.0,0,0
T08722,2026-01-07T08:21:00+00:00,U0161,R0326,1436.38,1,8,0,0,0,4397.02,0.33,1632,0,0,0,0,375.0,0,0
T08723,2026-01-07T08:22:00+00:00,U0114,R0378,6220.87,1,8,1,0,0,4800.74,1.3,447,0,0,0,0,93.0,0,1
T08724,2026-01-07T08:23:00+00:00,U0114,R0378,6220.87,0,8,1,1,1,4830.32,1.29,447,1,1,1,1,1.0,1,1
T08725,2026-01-07T08:24:00+00:00,U0114,R0378,6220.87,0,8,0,0,2,4858.7,1.28,447,2,2,2,2,1.0,2,1
T08726,2026-01-07T08:25:00+00:00,U0035,R0297,4600.13,1,8,0,0,0,3104.67,1.48,1476,0,0,0,0,222.0,0,0
T08727,2026-01-07T08:26:00+00:00,U0006,R0228,7278.48,1,8,0,0,0,6641.52,1.1,1386,0,0,0,0,859.0,0,0
T08728,2026-01-07T08:27:00+00:00,U0122,R0074,2927.74,1,8,0,0,0,4242.81,0.69,1750,0,0,0,0,195.0,0,0
T08729,2026-01-07T08:28:00+00:00,U0106,R0217,391.82,1,8,0,0,0,4327.52,0.09,1381,0,0,0,0,194.0,0,0
T08730,2026-01-07T08:29:00+00:00,U0078,R0033,1049.66,1,8,0,0,0,4230.05,0.25,797,0,0,0,0,250.0,0,0
T08731,2026-01-07T08:30:00+00:00,U0147,R0317,2814.65,1,8,0,0,0,4946.28,0.57,1663,0,0,0,0,263.0,0,0
T08732,2026-01-07T08:31:00+00:00,U0006,R0288,8616.78,1,8,0,0,1,6659.72,1.29,1386,1,0,0,0,5.0,0,0
T08733,2026-01-07T08:32:00+00:00,U0153,R0235,2210.81,1,8,1,1,0,3497.2,0.63,798,0,0,0,0,84.0,0,1
T08734,2026-01-07T08:33:00+00:00,U0153,R0235,2210.81,0,8,1,1,1,3458.22,0.64,798,1,1,1,1,1.0,1,1
T08735,2026-01-07T08:34:00+00:00,U0153,R0235,2210.81,0,8,0,0,2,3421.53,0.65,798,2,2,2,2,1.0,2,1
T08736,2026-01-07T08:35:00+00:00,U0175,R0255,1612.86,1,8,0,0,0,4444.01,0.36,1375,0,0,0,0,598.0,0,0
T08737,2026-01-07T08:36:00+00:00,U0091,R0352,33348.7,1,8,1,0,0,3063.99,10.88,823,0,0,0,0,176.0,0,1
T08738,2026-01-07T08:37:00+00:00,U0147,R0146,1622.31,1,8,0,0,1,4960.07,0.33,1663,1,0,0,0,7.0,0,0
T08739,2026-01-07T08:38:00+00:00,U0020,R0489,1437.24,1,8,0,0,3,4121.88,0.35,1664,0,0,0,0,53.0,0,0
T08740,2026-01-07T08:39:00+00:00,U0156,R0411,794.25,0,8,0,0,0,4347.64,0.18,1027,0,0,0,0,439.0,1,0
T08741,2026-01-07T08:40:00+00:00,U0078,R0058,3408.0,1,8,0,0,1,4154.33,0.82,797,0,0,0,0,11.0,0,0
T08742,2026-01-07T08:41:00+00:00,U0063,R0148,6865.7,1,8,1,0,0,3611.41,1.9,1621,0,0,0,0,111.0,0,0
T08743,2026-01-07T08:42:00+00:00,U0133,R0484,2945.85,1,8,0,0,0,4529.55,0.65,257,0,0,0,0,166.0,0,0
T08744,2026-01-07T08:43:00+00:00,U0053,R0205,1690.12,0,8,0,0,0,5405.31,0.31,1252,0,0,0,0,68.0,1,0
T08745,2026-01-07T08:44:00+00:00,U0138,R0414,1180.32,1,8,0,0,3,5000.12,0.24,1898,0,0,0,0,43.0,0,0
T08746,2026-01-07T08:45:00+00:00,U0098,R0150,9069.43,1,8,0,0,0,4607.4,1.97,938,0,0,0,0,258.0,0,0
T08747,2026-01-07T08:46:00+00:00,U0137,R0015,4034.43,1,8,0,0,1,3290.55,1.23,511,0,0,0,0,38.0,0,0
T08748,2026-01-07T08:47:00+00:00,U0081,R0006,1439.26,1,8,0,0,0,3563.12,0.4,1251,0,0,0,0,233.0,0,0
T08749,2026-01-07T08:48:00+00:00,U0043,R0340,6479.54,1,8,0,0,0,3881.88,1.67,1004,0,0,0,0,169.0,0,0
T08750,2026-01-07T08:49:00+00:00,U0101,R0449,1220.29,1,8,0,0,0,5063.77,0.24,1165,0,0,0,0,288.0,0,0
T08751,2026-01-07T08:50:00+00:00,U0044,R0061,4544.39,1,8,1,1,1,4388.13,1.04,1950,0,0,0,0,35.0,0,1
T08752,2026-01-07T08:51:00+00:00,U0044,R0061,4544.39,0,8,1,0,2,4392.59,1.03,1950,1,1,1,1,1.0,1,1
T08753,2026-01-07T08:52:00+00:00,U0044,R0061,4544.39,0,8,1,0,3,4396.81,1.03,1950,2,2,2,2,1.0,2,1
T08754,2026-01-07T08:53:00+00:00,U0009,R0084,1803.46,1,8,0,0,0,3410.01,0.53,1744,0,0,0,0,352.0,0,0
T08755,2026-01-07T08:54:00+00:00,U0118,R0021,933.96,0,8,0,0,0,3968.08,0.24,635,0,0,0,0,707.0,1,0
T08756,2026-01-07T08:55:00+00:00,U0075,R0284,361.84,1,8,0,0,0,3515.05,0.1,86,0,0,0,0,188.0,0,0
T08757,2026-01-07T08:56:00+00:00,U0016,R0010,1325.28,1,8,0,0,0,4439.84,0.3,1715,0,0,0,0,312.0,0,0
T08758,2026-01-07T08:57:00+00:00,U0046,R0139,601.24,0,8,0,0,0,4461.56,0.13,854,0,0,0,0,77.0,1,0
T08759,2026-01-07T08:58:00+00:00,U0065,R0184,1537.36,1,8,0,0,0,4871.86,0.32,1869,0,0,0,0,251.0,0,0
T08760,2026-01-07T08:59:00+00:00,U0198,R0114,7993.01,1,8,0,0,1,5285.0,1.51,1947,0,0,0,0,56.0,0,0
T08761,2026-01-07T09:00:00+00:00,U0139,R0294,2489.66,1,9,1,0,0,4192.86,0.59,1504,0,0,0,0,167.0,0,1
T08762,2026-01-07T09:01:00+00:00,U0139,R0294,2489.66,0,9,0,1,1,4155.01,0.6,1504,1,1,1,1,1.0,1,1
T08763,2026-01-07T09:02:00+00:00,U0139,R0294,2489.66,0,9,0,0,2,4118.81,0.6,1504,2,2,2,2,1.0,2,1
T08764,2026-01-07T09:03:00+00:00,U0171,R0412,3763.38,1,9,1,0,0,4351.02,0.86,1154,0,0,0,0,784.0,0,0
T08765,2026-01-07T09:04:00+00:00,U0124,R0157,2995.85,1,9,0,0,0,3772.72,0.79,1661,0,0,0,0,69.0,0,0
T08766,2026-01-07T09:05:00+00:00,U0139,R0283,2304.54,1,9,0,1,3,4084.15,0.56,1504,3,0,0,0,3.0,0,0
T08767,2026-01-07T09:06:00+00:00,U0153,R0378,617.96,0,9,0,0,3,3386.94,0.18,798,0,0,0,0,32.0,1,0
T08768,2026-01-07T09:07:00+00:00,U0191,R0055,2909.93,1,9,0,0,0,4377.99,0.66,982,0,0,0,0,133.0,0,0
T08769,2026-01-07T09:08:00+00:00,U0107,R0444,6806.19,1,9,0,0,0,5056.54,1.35,1230,0,0,0,0,102.0,0,0
T08770,2026-01-07T09:09:00+00:00,U0039,R0474,1427.63,1,9,0,0,1,3479.74,0.41,176,0,0,0,0,57.0,0,0
T08771,2026-01-07T09:10:00+00:00,U0095,R0469,3118.58,0,9,0,0,1,2894.41,1.08,333,0,0,0,0,57.0,1,0
T08772,2026-01-07T09:11:00+00:00,U0001,R0109,720.02,1,9,0,0,0,5463.76,0.13,1905,0,0,0,0,116.0,0,0
T08773,2026-01-07T09:12:00+00:00,U0089,R0369,5005.09,1,9,0,0,0,3803.56,1.32,622,0,0,0,0,219.0,0,0
T08774,2026-01-07T09:13:00+00:00,U0174,R0207,7505.51,1,9,1,1,0,5106.05,1.47,1108,0,0,0,0,520.0,0,1
T08775,2026-01-07T09:14:00+00:00,U0200,R0306,2149.53,1,9,0,0,0,4128.31,0.52,1096,0,0,0,0,576.0,0,0
T08776,2026-01-07T09:15:00+00:00,U0053,R0009,2272.59,1,9,0,0,1,5307.54,0.43,1252,0,0,0,0,32.0,0,0
T08777,2026-01-07T09:16:00+00:00,U0092,R0199,3533.22,1,9,0,0,0,5285.9,0.67,892,0,0,0,0,316.0,0,0
T08778,2026-01-07T09:17:00+00:00,U0143,R0134,3412.17,1,9,0,0,0,3199.35,1.07,194,0,0,0,0,470.0,0,0
T08779,2026-01-07T09:18:00+00:00,U0050,R0423,6194.09,0,9,1,1,0,3621.31,1.71,682,0,0,0,0,207.0,1,1
T08780,2026-01-07T09:19:00+00:00,U0139,R0341,7250.49,1,9,0,0,4,4047.07,1.79,1504,0,0,0,0,14.0,0,0
T08781,2026-01-07T09:20:00+00:00,U0076,R0222,3095.19,1,9,0,0,0,4422.19,0.7,1540,0,0,0,0,206.0,0,0
T08782,2026-01-07T09:21:00+00:00,U0014,R0258,2073.86,1,9,0,0,0,4227.92,0.49,608,0,0,0,0,254.0,0,0
T08783,2026-01-07T09:22:00+00:00,U0185,R0468,545.49,1,9,0,0,0,3680.23,0.15,1483,0,0,0,0,371.0,0,0
T08784,2026-01-07T09:23:00+00:00,U0031,R0272,2126.54,1,9,0,0,0,4337.81,0.49,1886,0,0,0,0,398.0,0,0
T08785,2026-01-07T09:24:00+00:00,U0107,R0450,6661.73,1,9,0,0,1,5097.23,1.31,1230,0,0,0,0,16.0,0,0
T08786,2026-01-07T09:25:00+00:00,U0009,R0016,4115.77,1,9,0,0,1,3356.45,1.23,1744,0,0,0,0,32.0,0,0
T08787,2026-01-07T09:26:00+00:00,U0193,R0105,3057.01,1,9,0,0,0,6622.68,0.46,158,0,0,0,0,107.0,0,0
T08788,2026-01-07T09:27:00+00:00,U0177,R0063,4466.98,1,9,0,0,0,6874.76,0.65,315,0,0,0,0,133.0,0,0
T08789,2026-01-07T09:28:00+00:00,U0070,R0471,1181.37,1,9,0,0,0,4903.97,0.24,664,0,0,0,0,210.0,0,0
T08790,2026-01-07T09:29:00+00:00,U0065,R0068,278.25,1,9,0,0,1,4784.11,0.06,1869,0,0,0,0,31.0,0,0
T08791,2026-01-07T09:30:00+00:00,U0012,R0202,2071.64,1,9,0,0,0,3769.83,0.55,476,0,0,0,0,178.0,0,0
T08792,2026-01-07T09:31:00+00:00,U0171,R0176,3921.06,1,9,0,0,1,4335.55,0.9,1154,0,0,0,0,28.0,0,0
T08793,2026-01-07T09:32:00+00:00,U0144,R0463,3650.17,1,9,0,0,0,4440.7,0.82,685,0,0,0,0,375.0,0,0
T08794,2026-01-07T09:33:00+00:00,U0096,R0085,2639.61,1,9,0,0,0,4631.13,0.57,322,0,0,0,0,572.0,0,0
T08795,2026-01-07T09:34:00+00:00,U0010,R0194,3473.82,1,9,0,0,0,3456.61,1.0,1038,0,0,0,0,302.0,0,0
T08796,2026-01-07T09:35:00+00:00,U0200,R0065,976.6,1,9,1,0,1,4074.83,0.24,1096,0,0,0,0,21.0,0,0
T08797,2026-01-07T09:36:00+00:00,U0089,R0313,1373.15,1,9,0,0,1,3832.86,0.36,622,0,0,0,0,24.0,0,0
T08798,2026-01-07T09:37:00+00:00,U0123,R0071,2084.15,1,9,0,0,0,2649.23,0.79,832,0,0,0,0,352.0,0,0
T08799,2026-01-07T09:38:00+00:00,U0109,R0394,1757.69,1,9,0,0,0,5226.89,0.34,579,0,0,0,0,145.0,0,0
T08800,2026-01-07T09:39:00+00:00,U0047,R0064,2750.18,1,9,0,0,0,5851.25,0.47,957,0,0,0,0,160.0,0,0
T08801,2026-01-07T09:40:00+00:00,U0085,R0121,7951.07,0,9,0,0,0,4033.76,1.97,652,0,0,0,0,450.0,1,0
T08802,2026-01-07T09:41:00+00:00,U0163,R0332,5510.42,1,9,0,0,0,3707.15,1.49,550,0,0,0,0,394.0,0,0
T08803,2026-01-07T09:42:00+00:00,U0113,R0407,3106.24,1,9,0,0,0,3710.43,0.84,1440,0,0,0,0,264.0,0,0
T08804,2026-01-07T09:43:00+00:00,U0128,R0158,2091.11,1,9,0,0,0,3506.34,0.6,1107,0,0,0,0,93.0,0,0
T08805,2026-01-07T09:44:00+00:00,U0100,R0156,6276.54,1,9,0,0,0,5097.03,1.23,1160,0,0,0,0,172.0,0,0
T08806,2026-01-07T09:45:00+00:00,U0176,R0403,858.65,1,9,0,0,0,4116.16,0.21,1935,0,0,0,0,483.0,0,0
T08807,2026-01-07T09:46:00+00:00,U0153,R0115,3095.84,1,9,0,0,1,3310.02,0.94,798,0,0,0,0,40.0,0,0
T08808,2026-01-07T09:47:00+00:00,U0084,R0088,411.22,1,9,0,0,0,3371.22,0.12,1583,0,0,0,0,176.0,0,0
T08809,2026-01-07T09:48:00+00:00,U0060,R0274,1817.77,0,9,0,0,0,3361.24,0.54,1595,0,0,0,0,220.0,1,0
T08810,2026-01-07T09:49:00+00:00,U0002,R0251,1860.59,0,9,0,0,0,3406.03,0.55,1660,0,0,0,0,476.0,1,0
T08811,2026-01-07T09:50:00+00:00,U0036,R0148,7058.51,1,9,0,0,0,4088.01,1.73,219,0,0,0,0,402.0,0,0
T08812,2026-01-07T09:51:00+00:00,U0090,R0112,4585.81,1,9,0,0,0,3087.23,1.49,150,0,0,0,0,121.0,0,0
T08813,2026-01-07T09:52:00+00:00,U0180,R0425,1281.66,0,9,0,0,0,4739.88,0.27,793,0,0,0,0,118.0,1,0
T08814,2026-01-07T09:53:00+00:00,U0153,R0029,1549.75,1,9,0,0,2,3304.24,0.47,798,1,0,0,0,7.0,0,0
T08815,2026-01-07T09:54:00+00:00,U0064,R0202,2848.05,1,9,1,0,0,4293.18,0.66,1159,0,0,0,0,133.0,0,1
T08816,2026-01-07T09:55:00+00:00,U0064,R0202,2848.05,0,9,0,1,1,4254.03,0.67,1159,1,1,1,1,1.0,1,1
T08817,2026-01-07T09:56:00+00:00,U0064,R0202,2848.05,0,9,1,0,2,4198.55,0.68,1159,2,2,2,2,1.0,2,1
T08818,2026-01-07T09:57:00+00:00,U0048,R0485,9301.06,1,9,0,0,0,4893.63,1.9,453,0,0,0,0,462.0,0,0
T08819,2026-01-07T09:58:00+00:00,U0018,R0476,2422.45,1,9,0,0,0,5650.47,0.43,74,0,0,0,0,310.0,0,0
T08820,2026-01-07T09:59:00+00:00,U0121,R0122,2943.15,1,9,0,0,0,5311.98,0.55,418,0,0,0,0,280.0,0,0
T08821,2026-01-07T10:00:00+00:00,U0164,R0074,5327.48,1,10,0,0,0,4548.06,1.17,1150,0,0,0,0,283.0,0,0
T08822,2026-01-07T10:01:00+00:00,U0119,R0254,727.41,0,10,0,0,0,4049.7,0.18,112,0,0,0,0,219.0,1,0
T08823,2026-01-07T10:02:00+00:00,U0198,R0139,1511.3,1,10,1,0,0,5369.62,0.28,1947,0,0,0,0,63.0,0,0
T08824,2026-01-07T10:03:00+00:00,U0140,R0375,2142.64,1,10,0,0,0,5183.63,0.41,1219,0,0,0,0,448.0,0,0
T08825,2026-01-07T10:04:00+00:00,U0089,R0285,2084.78,1,10,0,0,2,3774.3,0.55,622,0,0,0,0,28.0,0,0
T08826,2026-01-07T10:05:00+00:00,U0173,R0165,1049.65,1,10,0,0,0,3252.03,0.32,1772,0,0,0,0,199.0,0,0
T08827,2026-01-07T10:06:00+00:00,U0044,R0093,4003.41,1,10,0,0,0,4400.8,0.91,1950,0,0,0,0,74.0,0,0
T08828,2026-01-07T10:07:00+00:00,U0079,R0088,4139.53,1,10,0,0,0,3503.91,1.18,128,0,0,0,0,202.0,0,0
T08829,2026-01-07T10:08:00+00:00,U0089,R0072,713.59,1,10,1,0,3,3735.01,0.19,622,1,0,0,0,4.0,0,0
T08830,2026-01-07T10:09:00+00:00,U0081,R0052,1289.21,1,10,0,0,0,3514.85,0.37,1251,0,0,0,0,82.0,0,0
T08831,2026-01-07T10:10:00+00:00,U0129,R0168,2649.59,1,10,0,1,0,3861.9,0.69,375,0,0,0,0,124.0,0,0
T08832,2026-01-07T10:11:00+00:00,U0158,R0044,695.39,1,10,0,0,0,4413.78,0.16,1865,0,0,0,0,113.0,0,0
T08833,2026-01-07T10:12:00+00:00,U0015,R0173,392.12,1,10,0,0,0,3650.75,0.11,1206,0,0,0,0,180.0,0,0
T08834,2026-01-07T10:13:00+00:00,U0136,R0437,1800.58,1,10,0,0,0,3723.79,0.48,126,0,0,0,0,170.0,0,0
T08835,2026-01-07T10:14:00+00:00,U0093,R0158,2725.75,1,10,0,0,0,5934.91,0.46,403,0,0,0,0,490.0,0,0
T08836,2026-01-07T10:15:00+00:00,U0067,R0230,203.31,1,10,0,0,0,3342.34,0.06,1381,0,0,0,0,523.0,0,0
T08837,2026-01-07T10:16:00+00:00,U0069,R0242,564.36,1,10,0,0,0,4168.14,0.14,1754,0,0,0,0,488.0,0,0
T08838,2026-01-07T10:17:00+00:00,U0094,R0327,1168.49,1,10,0,0,0,2882.13,0.41,768,0,0,0,0,342.0,0,0
T08839,2026-01-07T10:18:00+00:00,U0198,R0073,670.68,1,10,0,0,1,5388.28,0.12,1947,0,0,0,0,16.0,0,0
T08840,2026-01-07T10:19:00+00:00,U0136,R0375,3628.11,1,10,0,0,1,3678.0,0.99,126,1,0,0,0,6.0,0,0
T08841,2026-01-07T10:20:00+00:00,U0188,R0152,1767.01,1,10,0,0,0,5489.44,0.32,1681,0,0,0,0,896.0,0,0
T08842,2026-01-07T10:21:00+00:00,U0119,R0061,965.56,1,10,0,0,1,3979.01,0.24,112,0,0,0,0,20.0,0,0
T08843,2026-01-07T10:22:00+00:00,U0077,R0360,4106.58,1,10,0,0,0,4320.32,0.95,332,0,0,0,0,696.0,0,0
T08844,2026-01-07T10:23:00+00:00,U0147,R0236,377.49,1,10,0,0,0,4932.76,0.08,1663,0,0,0,0,106.0,0,0
T08845,2026-01-07T10:24:00+00:00,U0075,R0434,4496.25,1,10,0,0,0,3436.22,1.31,86,0,0,0,0,89.0,0,0
T08846,2026-01-07T10:25:00+00:00,U0053,R0019,1433.5,1,10,0,0,0,5229.72,0.27,1252,0,0,0,0,70.0,0,0
T08847,2026-01-07T10:26:00+00:00,U0126,R0262,217.05,1,10,0,0,0,5696.09,0.04,1797,0,0,0,0,542.0,0,0
T08848,2026-01-07T10:27:00+00:00,U0057,R0100,6033.59,1,10,0,0,0,6567.76,0.92,459,0,0,0,0,282.0,0,0
T08849,2026-01-07T10:28:00+00:00,U0056,R0216,575.95,1,10,0,0,0,4295.72,0.13,129,0,0,0,0,328.0,0,0
T08850,2026-01-07T10:29:00+00:00,U0018,R0353,2146.05,1,10,0,1,1,5583.22,0.38,74,0,0,0,0,31.0,0,0
T08851,2026-01-07T10:30:00+00:00,U0165,R0267,3002.44,1,10,0,0,0,7750.49,0.39,302,0,0,0,0,1024.0,0,0
T08852,2026-01-07T10:31:00+00:00,U0047,R0219,2815.95,1,10,1,0,1,5771.73,0.49,957,0,0,0,0,52.0,0,0
T08853,2026-01-07T10:32:00+00:00,U0132,R0243,653.63,1,10,0,1,0,4290.37,0.15,12,0,0,0,0,300.0,0,0
T08854,2026-01-07T10:33:00+00:00,U0045,R0416,853.12,1,10,0,0,0,4686.29,0.18,1072,0,0,0,0,237.0,0,0
T08855,2026-01-07T10:34:00+00:00,U0018,R0181,3914.76,1,10,1,0,2,5513.08,0.71,74,1,0,0,0,5.0,0,0
T08856,2026-01-07T10:35:00+00:00,U0123,R0279,2096.79,0,10,0,0,1,2633.53,0.8,832,0,0,0,0,58.0,1,0
T08857,2026-01-07T10:36:00+00:00,U0003,R0147,22506.29,1,10,1,1,0,5907.45,3.81,1486,0,0,0,0,345.0,0,1
T08858,2026-01-07T10:37:00+00:00,U0112,R0095,1818.21,1,10,0,0,0,3270.46,0.56,939,0,0,0,0,462.0,0,0
T08859,2026-01-07T10:38:00+00:00,U0017,R0161,2546.31,1,10,0,0,0,4874.06,0.52,53,0,0,0,0,166.0,0,0
T08860,2026-01-07T10:39:00+00:00,U0114,R0355,28557.37,1,10,0,1,0,4885.94,5.84,447,0,0,0,0,135.0,0,1
T08861,2026-01-07T10:40:00+00:00,U0084,R0426,1281.66,1,10,0,0,1,3309.55,0.39,1583,0,0,0,0,53.0,0,0
T08862,2026-01-07T10:41:00+00:00,U0084,R0374,1441.49,1,10,0,0,2,3268.17,0.44,1583,1,0,0,0,1.0,0,0
T08863,2026-01-07T10:42:00+00:00,U0132,R0026,208.51,1,10,0,0,1,4207.71,0.05,12,1,0,0,0,10.0,0,0
T08864,2026-01-07T10:43:00+00:00,U0145,R0443,1151.69,0,10,1,0,0,3662.42,0.31,94,0,0,0,0,458.0,1,0
T08865,2026-01-07T10:44:00+00:00,U0109,R0352,7417.19,1,10,0,0,0,5153.07,1.44,579,0,0,0,0,66.0,0,0
T08866,2026-01-07T10:45:00+00:00,U0075,R0143,741.36,1,10,0,0,1,3462.07,0.21,86,0,0,0,0,21.0,0,0
T08867,2026-01-07T10:46:00+00:00,U0128,R0045,3827.6,1,10,0,0,0,3478.04,1.1,1107,0,0,0,0,63.0,0,0
T08868,2026-01-07T10:47:00+00:00,U0114,R0381,2043.23,1,10,0,1,1,5374.91,0.38,447,1,0,0,0,8.0,0,0
T08869,2026-01-07T10:48:00+00:00,U0042,R0304,384.41,1,10,0,0,0,3995.07,0.1,914,0,0,0,0,149.0,0,0
T08870,2026-01-07T10:49:00+00:00,U0151,R0478,3044.27,1,10,0,0,0,5279.8,0.58,1656,0,0,0,0,1041.0,0,0
T08871,2026-01-07T10:50:00+00:00,U0080,R0115,2755.84,1,10,0,0,0,5466.71,0.5,846,0,0,0,0,473.0,0,0
T08872,2026-01-07T10:51:00+00:00,U0102,R0070,3768.1,1,10,0,0,0,3744.16,1.01,1474,0,0,0,0,540.0,0,0
T08873,2026-01-07T10:52:00+00:00,U0148,R0132,3753.17,1,10,0,0,0,3967.83,0.95,507,0,0,0,0,156.0,0,0
T08874,2026-01-07T10:53:00+00:00,U0162,R0407,2703.2,1,10,0,0,0,4507.49,0.6,391,0,0,0,0,176.0,0,0
T08875,2026-01-07T10:54:00+00:00,U0088,R0027,526.77,1,10,0,0,0,5662.75,0.09,1812,0,0,0,0,972.0,0,0
T08876,2026-01-07T10:55:00+00:00,U0148,R0300,13001.84,1,10,0,0,1,3963.54,3.28,507,1,0,0,0,3.0,0,1
T08877,2026-01-07T10:56:00+00:00,U0177,R0019,549.83,1,10,0,0,0,6948.02,0.08,315,0,0,0,0,89.0,0,0
T08878,2026-01-07T10:57:00+00:00,U0137,R0305,3368.88,1,10,0,1,0,3309.15,1.02,511,0,0,0,0,131.0,0,0
T08879,2026-01-07T10:58:00+00:00,U0123,R0117,5736.24,1,10,0,0,1,2619.02,2.19,832,0,0,0,0,23.0,0,0
T08880,2026-01-07T10:59:00+00:00,U0137,R0464,1253.11,1,10,0,1,1,3310.61,0.38,511,1,0,0,0,2.0,0,0
T08881,2026-01-07T11:00:00+00:00,U0176,R0363,21038.3,1,11,0,1,0,4102.58,5.13,1935,0,0,0,0,75.0,0,1
T08882,2026-01-07T11:01:00+00:00,U0025,R0361,7463.86,1,11,1,0,0,3862.92,1.93,1745,0,0,0,0,521.0,0,1
T08883,2026-01-07T11:02:00+00:00,U0153,R0210,1895.01,1,11,0,0,0,3258.07,0.58,798,0,0,0,0,69.0,0,0
T08884,2026-01-07T11:03:00+00:00,U0075,R0464,3867.67,1,11,0,0,2,3397.29,1.14,86,0,0,0,0,18.0,0,0
T08885,2026-01-07T11:04:00+00:00,U0167,R0151,1752.73,1,11,0,0,0,4083.09,0.43,1126,0,0,0,0,188.0,0,0
T08886,2026-01-07T11:05:00+00:00,U0189,R0481,18580.66,1,11,0,1,0,3705.13,5.01,690,0,0,0,0,194.0,0,1
T08887,2026-01-07T11:06:00+00:00,U0133,R0153,2443.31,1,11,0,0,0,4443.01,0.55,257,0,0,0,0,144.0,0,0
T08888,2026-01-07T11:07:00+00:00,U0172,R0315,4366.19,1,11,0,0,0,4707.46,0.93,1447,0,0,0,0,378.0,0,0
T08889,2026-01-07T11:08:00+00:00,U0150,R0190,12976.68,1,11,0,1,0,4632.12,2.8,1080,0,0,0,0,438.0,0,1
T08890,2026-01-07T11:09:00+00:00,U0144,R0467,6816.86,1,11,0,0,0,4421.88,1.54,685,0,0,0,0,97.0,0,0
T08891,2026-01-07T11:10:00+00:00,U0199,R0456,6627.25,1,11,1,0,0,3353.95,1.98,1451,0,0,0,0,208.0,0,1
T08892,2026-01-07T11:11:00+00:00,U0163,R0364,2742.39,1,11,0,1,0,3751.14,0.73,550,0,0,0,0,90.0,0,0
T08893,2026-01-07T11:12:00+00:00,U0194,R0267,3694.72,1,11,0,0,0,5075.25,0.73,1773,0,0,0,0,221.0,0,0
T08894,2026-01-07T11:13:00+00:00,U0133,R0380,799.5,1,11,0,0,1,4488.66,0.18,257,1,0,0,0,7.0,0,0
T08895,2026-01-07T11:14:00+00:00,U0152,R0027,3190.7,1,11,0,0,0,4459.73,0.72,1711,0,0,0,0,187.0,0,0
T08896,2026-01-07T11:15:00+00:00,U0019,R0226,5587.18,1,11,0,1,0,4193.17,1.33,1302,0,0,0,0,340.0,0,1
T08897,2026-01-07T11:16:00+00:00,U0119,R0375,3300.8,1,11,0,0,1,3916.23,0.84,112,0,0,0,0,55.0,0,0
T08898,2026-01-07T11:17:00+00:00,U0170,R0460,1799.34,1,11,0,0,0,5870.37,0.31,1804,0,0,0,0,290.0,0,0
T08899,2026-01-07T11:18:00+00:00,U0162,R0430,1244.21,1,11,0,0,1,4466.49,0.28,391,0,0,0,0,25.0,0,0
T08900,2026-01-07T11:19:00+00:00,U0036,R0154,2888.8,1,11,0,0,0,4111.32,0.7,219,0,0,0,0,89.0,0,0
T08901,2026-01-07T11:20:00+00:00,U0049,R0328,1544.69,1,11,0,0,0,4005.39,0.39,100,0,0,0,0,240.0,0,0
T08902,2026-01-07T11:21:00+00:00,U0116,R0461,277.47,0,11,0,0,0,4226.27,0.07,463,0,0,0,0,232.0,1,0
T08903,2026-01-07T11:22:00+00:00,U0004,R0475,1966.73,1,11,0,0,0,4174.09,0.47,1108,0,0,0,0,678.0,0,0
T08904,2026-01-07T11:23:00+00:00,U0149,R0271,2963.2,1,11,0,0,0,3871.46,0.77,1912,0,0,0,0,205.0,0,0
T08905,2026-01-07T11:24:00+00:00,U0068,R0474,4486.96,1,11,0,0,0,3777.33,1.19,98,0,0,0,0,368.0,0,0
T08906,2026-01-07T11:25:00+00:00,U0026,R0405,2920.26,1,11,0,0,0,5638.17,0.52,407,0,0,0,0,217.0,0,0
T08907,2026-01-07T11:26:00+00:00,U0053,R0218,6004.93,1,11,1,0,0,5134.82,1.17,1252,0,0,0,0,61.0,0,0
T08908,2026-01-07T11:27:00+00:00,U0041,R0268,3278.98,0,11,1,0,0,4593.55,0.71,680,0,0,0,0,311.0,1,0
T08909,2026-01-07T11:28:00+00:00,U0134,R0054,3005.73,0,11,0,0,0,4953.29,0.61,723,0,0,0,0,470.0,1,0
T08910,2026-01-07T11:29:00+00:00,U0186,R0112,1492.94,1,11,0,0,0,3377.36,0.44,1731,0,0,0,0,274.0,0,0
T08911,2026-01-07T11:30:00+00:00,U0054,R0271,464.64,1,11,0,0,0,4839.75,0.1,712,0,0,0,0,432.0,0,0
T08912,2026-01-07T11:31:00+00:00,U0193,R0223,933.85,1,11,0,0,0,6587.84,0.14,158,0,0,0,0,125.0,0,0
T08913,2026-01-07T11:32:00+00:00,U0030,R0397,706.99,1,11,0,0,0,4531.39,0.16,229,0,0,0,0,315.0,0,0
T08914,2026-01-07T11:33:00+00:00,U0063,R0313,2784.2,1,11,0,0,0,3685.37,0.76,1621,0,0,0,0,172.0,0,0
T08915,2026-01-07T11:34:00+00:00,U0126,R0428,693.95,1,11,0,0,0,5658.57,0.12,1797,0,0,0,0,68.0,0,0
T08916,2026-01-07T11:35:00+00:00,U0071,R0484,6895.4,1,11,0,0,0,6361.95,1.08,17,0,0,0,0,487.0,0,0
T08917,2026-01-07T11:36:00+00:00,U0148,R0006,3600.36,1,11,0,0,2,4165.04,0.86,507,0,0,0,0,41.0,0,0
T08918,2026-01-07T11:37:00+00:00,U0006,R0378,1017.49,1,11,0,0,0,6714.08,0.15,1386,0,0,0,0,186.0,0,0
T08919,2026-01-07T11:38:00+00:00,U0169,R0470,24179.91,1,11,0,0,0,3392.53,7.13,1949,0,0,0,0,282.0,0,1
T08920,2026-01-07T11:39:00+00:00,U0185,R0294,5344.83,1,11,0,1,0,3602.59,1.48,1483,0,0,0,0,137.0,0,0
T08921,2026-01-07T11:40:00+00:00,U0043,R0427,2477.32,1,11,1,0,0,3938.35,0.63,1004,0,0,0,0,172.0,0,0
T08922,2026-01-07T11:41:00+00:00,U0120,R0296,643.81,1,11,0,0,0,5142.5,0.13,524,0,0,0,0,217.0,0,0
T08923,2026-01-07T11:42:00+00:00,U0081,R0076,3664.25,1,11,0,0,0,3465.39,1.06,1251,0,0,0,0,93.0,0,0
T08924,2026-01-07T11:43:00+00:00,U0109,R0474,1544.78,1,11,0,0,1,5200.24,0.3,579,0,0,0,0,59.0,0,0
T08925,2026-01-07T11:44:00+00:00,U0054,R0114,915.8,1,11,0,0,1,4750.47,0.19,712,0,0,0,0,14.0,0,0
T08926,2026-01-07T11:45:00+00:00,U0096,R0046,1352.51,1,11,0,0,0,4572.55,0.3,322,0,0,0,0,132.0,0,0
T08927,2026-01-07T11:46:00+00:00,U0169,R0161,1232.02,1,11,0,0,1,3796.08,0.32,1949,1,0,0,0,8.0,0,0
T08928,2026-01-07T11:47:00+00:00,U0138,R0385,32692.18,0,11,1,0,0,4419.01,7.4,1898,0,0,0,0,183.0,1,1
T08929,2026-01-07T11:48:00+00:00,U0185,R0238,7292.14,1,11,1,1,1,3620.93,2.01,1483,1,0,0,0,9.0,0,1
T08930,2026-01-07T11:49:00+00:00,U0004,R0394,2241.17,1,11,0,0,1,4116.0,0.54,1108,0,0,0,0,27.0,0,0
T08931,2026-01-07T11:50:00+00:00,U0082,R0100,2873.39,1,11,0,0,0,5519.54,0.52,212,0,0,0,0,437.0,0,0
T08932,2026-01-07T11:51:00+00:00,U0102,R0011,3412.92,1,11,0,0,1,3744.64,0.91,1474,0,0,0,0,60.0,0,0
T08933,2026-01-07T11:52:00+00:00,U0032,R0063,5894.18,1,11,0,0,0,3033.7,1.94,1853,0,0,0,0,548.0,0,0
T08934,2026-01-07T11:53:00+00:00,U0150,R0041,3395.92,1,11,0,0,1,4846.08,0.7,1080,0,0,0,0,45.0,0,0
T08935,2026-01-07T11:54:00+00:00,U0137,R0065,2470.62,1,11,1,0,2,3261.62,0.76,511,0,0,0,0,55.0,0,0
T08936,2026-01-07T11:55:00+00:00,U0122,R0158,2115.43,1,11,0,0,0,4260.4,0.5,1750,0,0,0,0,208.0,0,0
T08937,2026-01-07T11:56:00+00:00,U0081,R0179,2661.53,1,11,0,0,1,3469.72,0.77,1251,0,0,0,0,14.0,0,0
T08938,2026-01-07T11:57:00+00:00,U0186,R0219,2547.72,1,11,0,0,1,3367.66,0.76,1731,0,0,0,0,28.0,0,0
T08939,2026-01-07T11:58:00+00:00,U0016,R0354,3971.16,0,11,0,0,0,4350.85,0.91,1715,0,0,0,0,182.0,2,0
T08940,2026-01-07T11:59:00+00:00,U0137,R0409,1300.21,0,11,0,1,2,3243.22,0.4,511,1,0,0,0,5.0,1,0
T08941,2026-01-07T12:00:00+00:00,U0129,R0368,5792.01,1,12,0,0,0,3834.96,1.51,375,0,0,0,0,110.0,0,0
T08942,2026-01-07T12:01:00+00:00,U0073,R0168,1191.61,1,12,0,0,0,5761.19,0.21,1369,0,0,0,0,522.0,0,0
T08943,2026-01-07T12:02:00+00:00,U0035,R0154,5324.51,0,12,0,1,0,3135.19,1.7,1476,0,0,0,0,217.0,1,0
T08944,2026-01-07T12:03:00+00:00,U0119,R0106,304.73,1,12,0,0,1,3903.67,0.08,112,0,0,0,0,47.0,0,0
T08945,2026-01-07T12:04:00+00:00,U0088,R0478,6794.47,1,12,0,0,0,5492.0,1.24,1812,0,0,0,0,70.0,0,0
T08946,2026-01-07T12:05:00+00:00,U0136,R0255,4106.78,1,12,0,0,0,3676.84,1.12,126,0,0,0,0,106.0,0,0
T08947,2026-01-07T12:06:00+00:00,U0194,R0206,5738.57,1,12,0,0,1,5045.88,1.14,1773,0,0,0,0,54.0,0,0
T08948,2026-01-07T12:07:00+00:00,U0113,R0041,3054.47,1,12,0,0,0,3697.3,0.83,1440,0,0,0,0,145.0,0,0
T08949,2026-01-07T12:08:00+00:00,U0090,R0261,1407.07,1,12,0,0,0,3142.73,0.45,150,0,0,0,0,137.0,0,0
T08950,2026-01-07T12:09:00+00:00,U0103,R0291,1273.6,1,12,0,0,0,3380.22,0.38,145,0,0,0,0,235.0,0,0
T08951,2026-01-07T12:10:00+00:00,U0091,R0124,1553.97,1,12,0,0,0,3722.35,0.42,823,0,0,0,0,214.0,0,0
T08952,2026-01-07T12:11:00+00:00,U0016,R0361,16093.02,1,12,0,0,1,4340.31,3.71,1715,0,0,0,0,13.0,0,1
T08953,2026-01-07T12:12:00+00:00,U0086,R0279,4159.68,1,12,0,1,0,4685.54,0.89,1686,0,0,0,0,534.0,0,1
T08954,2026-01-07T12:13:00+00:00,U0086,R0279,4159.68,0,12,0,0,1,4672.71,0.89,1686,1,1,1,1,1.0,1,1
T08955,2026-01-07T12:14:00+00:00,U0086,R0279,4159.68,0,12,0,1,2,4660.5,0.89,1686,2,2,2,2,1.0,2,1
T08956,2026-01-07T12:15:00+00:00,U0193,R0431,1387.7,1,12,0,0,1,6539.49,0.21,158,0,0,0,0,44.0,0,0
T08957,2026-01-07T12:16:00+00:00,U0024,R0188,3168.36,1,12,0,0,0,3903.81,0.81,1553,0,0,0,0,873.0,0,0
T08958,2026-01-07T12:17:00+00:00,U0075,R0231,2183.04,1,12,0,0,0,3408.23,0.64,86,0,0,0,0,74.0,0,0
T08959,2026-01-07T12:18:00+00:00,U0023,R0334,3530.28,1,12,0,0,0,3043.72,1.16,1815,0,0,0,0,597.0,0,0
T08960,2026-01-07T12:19:00+00:00,U0099,R0421,4646.5,1,12,0,0,0,3563.59,1.3,828,0,0,0,0,617.0,0,0
T08961,2026-01-07T12:20:00+00:00,U0150,R0250,3937.09,1,12,0,0,1,4809.83,0.82,1080,0,0,0,0,27.0,0,0
T08962,2026-01-07T12:21:00+00:00,U0092,R0178,5911.11,1,12,0,0,0,5243.15,1.13,892,0,0,0,0,185.0,0,0
T08963,2026-01-07T12:22:00+00:00,U0030,R0052,814.21,1,12,0,0,1,4454.9,0.18,229,0,0,0,0,50.0,0,0
T08964,2026-01-07T12:23:00+00:00,U0064,R0202,5610.52,0,12,0,0,0,4211.91,1.33,1159,0,0,0,0,147.0,3,0
T08965,2026-01-07T12:24:00+00:00,U0158,R0022,6672.39,0,12,1,1,0,4402.3,1.52,1865,0,0,0,0,133.0,1,1
T08966,2026-01-07T12:25:00+00:00,U0131,R0467,484.38,1,12,0,0,0,5883.61,0.08,1810,0,0,0,0,276.0,0,0
T08967,2026-01-07T12:26:00+00:00,U0125,R0094,1469.37,1,12,0,0,0,4488.83,0.33,499,0,0,0,0,410.0,0,0
T08968,2026-01-07T12:27:00+00:00,U0041,R0279,6609.02,1,12,0,0,1,4565.37,1.45,680,0,0,0,0,60.0,0,0
T08969,2026-01-07T12:28:00+00:00,U0197,R0333,2497.72,1,12,0,0,0,4229.52,0.59,274,0,0,0,0,300.0,0,0
T08970,2026-01-07T12:29:00+00:00,U0002,R0176,30217.23,1,12,1,0,0,3370.91,8.96,1660,0,0,0,0,160.0,0,1
T08971,2026-01-07T12:30:00+00:00,U0076,R0091,4267.36,1,12,0,0,0,4389.82,0.97,1540,0,0,0,0,190.0,0,0
T08972,2026-01-07T12:31:00+00:00,U0097,R0414,1754.76,1,12,0,0,0,4324.61,0.41,174,0,0,0,0,403.0,0,0
T08973,2026-01-07T12:32:00+00:00,U0018,R0419,2487.03,1,12,0,0,0,5481.11,0.45,74,0,0,0,0,118.0,0,0
T08974,2026-01-07T12:33:00+00:00,U0106,R0040,4357.27,1,12,0,0,0,4243.78,1.03,1381,0,0,0,0,245.0,0,0
T08975,2026-01-07T12:34:00+00:00,U0027,R0320,12132.95,1,12,1,1,0,5570.99,2.18,1808,0,0,0,0,352.0,0,1
T08976,2026-01-07T12:35:00+00:00,U0119,R0491,1037.89,1,12,0,0,1,3831.69,0.27,112,0,0,0,0,32.0,0,0
T08977,2026-01-07T12:36:00+00:00,U0163,R0457,813.88,1,12,0,0,0,3727.12,0.22,550,0,0,0,0,85.0,0,0
T08978,2026-01-07T12:37:00+00:00,U0138,R0447,4394.94,1,12,0,0,1,5061.36,0.87,1898,0,0,0,0,50.0,0,0
T08979,2026-01-07T12:38:00+00:00,U0077,R0210,2893.26,1,12,0,0,0,4314.7,0.67,332,0,0,0,0,136.0,0,0
T08980,2026-01-07T12:39:00+00:00,U0011,R0500,540.3,1,12,0,0,0,3697.26,0.15,177,0,0,0,0,437.0,0,0
T08981,2026-01-07T12:40:00+00:00,U0032,R0020,6012.67,1,12,0,0,1,3117.84,1.93,1853,0,0,0,0,48.0,0,0
T08982,2026-01-07T12:41:00+00:00,U0144,R0280,1730.91,1,12,0,0,0,4477.58,0.39,685,0,0,0,0,92.0,0,0
T08983,2026-01-07T12:42:00+00:00,U0126,R0110,2007.93,1,12,1,1,0,5629.59,0.36,1797,0,0,0,0,68.0,0,1
T08984,2026-01-07T12:43:00+00:00,U0126,R0110,2007.93,0,12,0,1,1,5514.29,0.36,1797,1,1,1,1,1.0,1,1
T08985,2026-01-07T12:44:00+00:00,U0126,R0110,2007.93,0,12,0,0,2,5534.81,0.36,1797,2,2,2,2,1.0,2,1
T08986,2026-01-07T12:45:00+00:00,U0037,R0250,2738.63,1,12,1,0,0,3745.51,0.73,132,0,0,0,0,348.0,0,1
T08987,2026-01-07T12:46:00+00:00,U0037,R0250,2738.63,0,12,0,1,1,3725.37,0.74,132,1,1,1,1,1.0,1,1
T08988,2026-01-07T12:47:00+00:00,U0037,R0250,2738.63,0,12,1,0,2,3734.95,0.73,132,2,2,2,2,1.0,2,1
T08989,2026-01-07T12:48:00+00:00,U0109,R0069,1840.03,1,12,0,0,0,5125.64,0.36,579,0,0,0,0,65.0,0,0
T08990,2026-01-07T12:49:00+00:00,U0131,R0447,1918.45,1,12,0,0,1,5751.92,0.33,1810,0,0,0,0,24.0,0,0
T08991,2026-01-07T12:50:00+00:00,U0163,R0133,5602.55,1,12,0,1,1,3659.37,1.53,550,0,0,0,0,14.0,0,0
T08992,2026-01-07T12:51:00+00:00,U0117,R0060,2474.18,1,12,0,0,0,4113.06,0.6,876,0,0,0,0,481.0,0,0
T08993,2026-01-07T12:52:00+00:00,U0149,R0118,2777.21,1,12,0,0,0,3848.17,0.72,1912,0,0,0,0,89.0,0,0
T08994,2026-01-07T12:53:00+00:00,U0055,R0475,2461.98,1,12,0,0,0,4514.2,0.55,553,0,0,0,0,640.0,0,0
T08995,2026-01-07T12:54:00+00:00,U0106,R0295,239.87,1,12,0,0,1,4246.14,0.06,1381,0,0,0,0,21.0,0,0
T08996,2026-01-07T12:55:00+00:00,U0108,R0254,3324.13,1,12,0,0,0,3993.69,0.83,1935,0,0,0,0,597.0,0,0
T08997,2026-01-07T12:56:00+00:00,U0178,R0388,2625.07,1,12,0,0,0,3291.78,0.8,1860,0,0,0,0,287.0,0,0
T08998,2026-01-07T12:57:00+00:00,U0169,R0441,773.65,1,12,0,0,0,3779.19,0.2,1949,0,0,0,0,71.0,0,0
T08999,2026-01-07T12:58:00+00:00,U0178,R0471,2650.62,1,12,0,0,1,3268.19,0.81,1860,1,0,0,0,2.0,0,0
T09000,2026-01-07T12:59:00+00:00,U0045,R0089,1186.49,1,12,0,1,0,4597.15,0.26,1072,0,0,0,0,146.0,0,1
T09001,2026-01-07T13:00:00+00:00,U0045,R0089,1186.49,0,13,1,1,1,4519.64,0.26,1072,1,1,1,1,1.0,1,1
T09002,2026-01-07T13:01:00+00:00,U0045,R0089,1186.49,0,13,1,1,2,4445.57,0.27,1072,2,2,2,2,1.0,2,1
T09003,2026-01-07T13:02:00+00:00,U0196,R0440,23996.11,1,13,0,1,0,3642.28,6.59,219,0,0,0,0,397.0,0,1
T09004,2026-01-07T13:03:00+00:00,U0158,R0261,1862.02,1,13,0,0,1,4476.21,0.42,1865,0,0,0,0,39.0,0,0
T09005,2026-01-07T13:04:00+00:00,U0070,R0447,3087.76,1,13,0,0,0,4806.01,0.64,664,0,0,0,0,216.0,0,0
T09006,2026-01-07T13:05:00+00:00,U0090,R0058,272.56,1,13,0,0,1,3080.75,0.09,150,0,0,0,0,57.0,0,0
T09007,2026-01-07T13:06:00+00:00,U0061,R0426,1217.56,1,13,0,0,0,2944.96,0.41,255,0,0,0,0,721.0,0,0
T09008,2026-01-07T13:07:00+00:00,U0085,R0276,576.07,1,13,0,0,0,4131.69,0.14,652,0,0,0,0,207.0,0,0
T09009,2026-01-07T13:08:00+00:00,U0117,R0070,4903.34,1,13,0,0,1,4079.61,1.2,876,0,0,0,0,17.0,0,0
T09010,2026-01-07T13:09:00+00:00,U0032,R0233,2365.69,1,13,0,0,1,3200.55,0.74,1853,0,0,0,0,29.0,0,0
T09011,2026-01-07T13:10:00+00:00,U0051,R0011,1751.88,1,13,0,0,0,5093.33,0.34,60,0,0,0,0,352.0,0,0
T09012,2026-01-07T13:11:00+00:00,U0109,R0413,7485.71,1,13,0,0,1,5059.93,1.48,579,0,0,0,0,23.0,0,0
T09013,2026-01-07T13:12:00+00:00,U0144,R0062,2763.35,1,13,0,0,1,4415.15,0.63,685,0,0,0,0,31.0,0,0
T09014,2026-01-07T13:13:00+00:00,U0194,R0197,2358.35,1,13,0,0,0,5060.31,0.47,1773,0,0,0,0,67.0,0,0
T09015,2026-01-07T13:14:00+00:00,U0070,R0398,3097.63,1,13,0,0,1,4761.95,0.65,664,1,0,0,0,10.0,0,0
T09016,2026-01-07T13:15:00+00:00,U0009,R0104,5877.01,1,13,0,0,0,3380.95,1.74,1744,0,0,0,0,230.0,0,0
T09017,2026-01-07T13:16:00+00:00,U0054,R0303,1594.29,1,13,0,0,0,4673.77,0.34,712,0,0,0,0,92.0,0,0
T09018,2026-01-07T13:17:00+00:00,U0134,R0462,241.2,1,13,0,0,0,4908.0,0.05,723,0,0,0,0,109.0,0,0
T09019,2026-01-07T13:18:00+00:00,U0127,R0106,1008.38,1,13,0,0,0,2744.74,0.37,675,0,0,0,0,485.0,0,0
T09020,2026-01-07T13:19:00+00:00,U0114,R0334,1087.06,1,13,0,0,0,5402.1,0.2,447,0,0,0,0,152.0,0,0
T09021,2026-01-07T13:20:00+00:00,U0132,R0114,2463.93,1,13,0,0,0,4118.84,0.6,12,0,0,0,0,158.0,0,0
T09022,2026-01-07T13:21:00+00:00,U0055,R0208,7520.36,1,13,0,0,1,4462.9,1.69,553,0,0,0,0,28.0,0,0
T09023,2026-01-07T13:22:00+00:00,U0122,R0231,3412.14,1,13,0,0,0,4262.57,0.8,1750,0,0,0,0,87.0,0,0
T09024,2026-01-07T13:23:00+00:00,U0065,R0049,11470.3,1,13,0,1,0,4668.57,2.46,1869,0,0,0,0,234.0,0,1
T09025,2026-01-07T13:24:00+00:00,U0003,R0310,1440.06,1,13,0,0,0,6344.26,0.23,1486,0,0,0,0,168.0,0,0
T09026,2026-01-07T13:25:00+00:00,U0029,R0483,801.31,1,13,0,0,0,4219.0,0.19,316,0,0,0,0,374.0,0,0
T09027,2026-01-07T13:26:00+00:00,U0050,R0263,4925.49,1,13,0,0,0,3699.27,1.33,682,0,0,0,0,248.0,0,0
T09028,2026-01-07T13:27:00+00:00,U0108,R0497,4045.47,1,13,0,0,1,3976.95,1.02,1935,0,0,0,0,32.0,0,0
T09029,2026-01-07T13:28:00+00:00,U0140,R0066,1355.54,1,13,0,0,0,5107.6,0.27,1219,0,0,0,0,205.0,0,0
T09030,2026-01-07T13:29:00+00:00,U0090,R0136,2374.56,1,13,0,0,1,2983.91,0.8,150,0,0,0,0,24.0,0,0
T09031,2026-01-07T13:30:00+00:00,U0011,R0474,2483.55,1,13,0,0,1,3630.09,0.68,177,0,0,0,0,51.0,0,0
T09032,2026-01-07T13:31:00+00:00,U0168,R0434,1118.51,1,13,0,0,0,6443.5,0.17,820,0,0,0,0,329.0,0,0
T09033,2026-01-07T13:32:00+00:00,U0060,R0458,4731.66,1,13,0,0,0,3317.15,1.43,1595,0,0,0,0,224.0,0,0
T09034,2026-01-07T13:33:00+00:00,U0009,R0371,514.93,1,13,0,0,1,3458.95,0.15,1744,0,0,0,0,18.0,0,0
T09035,2026-01-07T13:34:00+00:00,U0116,R0237,6743.47,1,13,0,0,0,4057.1,1.66,463,0,0,0,0,133.0,0,0
T09036,2026-01-07T13:35:00+00:00,U0069,R0389,737.44,1,13,0,0,0,4089.8,0.18,1754,0,0,0,0,199.0,0,0
T09037,2026-01-07T13:36:00+00:00,U0006,R0029,4310.93,1,13,0,0,0,6560.12,0.66,1386,0,0,0,0,119.0,0,0
T09038,2026-01-07T13:37:00+00:00,U0127,R0354,739.88,1,13,0,0,1,2704.36,0.27,675,0,0,0,0,19.0,0,0
T09039,2026-01-07T13:38:00+00:00,U0181,R0140,1167.48,1,13,0,0,0,3559.35,0.33,215,0,0,0,0,611.0,0,0
T09040,2026-01-07T13:39:00+00:00,U0056,R0082,4042.65,1,13,0,0,0,4216.57,0.96,129,0,0,0,0,191.0,0,0
T09041,2026-01-07T13:40:00+00:00,U0200,R0123,5901.61,1,13,0,0,0,3993.29,1.48,1096,0,0,0,0,245.0,0,0
T09042,2026-01-07T13:41:00+00:00,U0165,R0039,3931.63,1,13,0,0,0,7618.6,0.52,302,0,0,0,0,191.0,0,0
T09043,2026-01-07T13:42:00+00:00,U0124,R0366,5315.73,1,13,0,0,0,3751.14,1.42,1661,0,0,0,0,278.0,0,0
T09044,2026-01-07T13:43:00+00:00,U0026,R0489,261.79,1,13,0,0,0,5581.55,0.05,407,0,0,0,0,138.0,0,0
T09045,2026-01-07T13:44:00+00:00,U0037,R0074,4960.06,1,13,0,0,3,3746.9,1.32,132,0,0,0,0,57.0,0,0
T09046,2026-01-07T13:45:00+00:00,U0140,R0488,1457.38,1,13,0,0,1,5016.09,0.29,1219,0,0,0,0,17.0,0,0
T09047,2026-01-07T13:46:00+00:00,U0151,R0374,4429.25,1,13,0,0,0,5226.57,0.85,1656,0,0,0,0,177.0,0,0
T09048,2026-01-07T13:47:00+00:00,U0122,R0078,2289.45,1,13,0,0,1,4154.82,0.55,1750,0,0,0,0,25.0,0,0
T09049,2026-01-07T13:48:00+00:00,U0066,R0444,5334.64,1,13,0,0,0,6187.72,0.86,532,0,0,0,0,503.0,0,0
T09050,2026-01-07T13:49:00+00:00,U0105,R0105,2263.49,1,13,0,0,0,4198.27,0.54,203,0,0,0,0,344.0,0,0
T09051,2026-01-07T13:50:00+00:00,U0096,R0041,3115.65,1,13,0,0,0,4480.55,0.7,322,0,0,0,0,125.0,0,0
T09052,2026-01-07T13:51:00+00:00,U0077,R0407,807.48,1,13,0,0,0,4278.25,0.19,332,0,0,0,0,73.0,0,0
T09053,2026-01-07T13:52:00+00:00,U0075,R0008,1514.38,1,13,0,0,0,3380.39,0.45,86,0,0,0,0,95.0,0,0
T09054,2026-01-07T13:53:00+00:00,U0178,R0331,2566.86,1,13,0,0,2,3280.72,0.78,1860,0,0,0,0,55.0,0,0
T09055,2026-01-07T13:54:00+00:00,U0045,R0215,4587.86,1,13,0,0,3,4374.72,1.05,1072,0,0,0,0,53.0,0,0
T09056,2026-01-07T13:55:00+00:00,U0137,R0425,6302.97,1,13,0,0,0,3199.06,1.97,511,0,0,0,0,116.0,0,0
T09057,2026-01-07T13:56:00+00:00,U0010,R0099,4287.95,1,13,0,0,0,3497.28,1.23,1038,0,0,0,0,262.0,0,0
T09058,2026-01-07T13:57:00+00:00,U0135,R0221,18204.7,1,13,0,0,0,4945.21,3.68,1258,0,0,0,0,936.0,0,1
T09059,2026-01-07T13:58:00+00:00,U0098,R0111,1672.91,1,13,0,1,0,4392.01,0.38,938,0,0,0,0,313.0,0,0
T09060,2026-01-07T13:59:00+00:00,U0004,R0077,8115.65,1,13,0,1,0,4067.93,2.0,1108,0,0,0,0,130.0,0,0
T09061,2026-01-07T14:00:00+00:00,U0115,R0356,5041.1,1,14,0,0,0,3416.2,1.48,579,0,0,0,0,817.0,0,0
T09062,2026-01-07T14:01:00+00:00,U0015,R0479,2435.19,1,14,0,0,0,3542.13,0.69,1206,0,0,0,0,229.0,0,0
T09063,2026-01-07T14:02:00+00:00,U0200,R0018,1210.71,1,14,0,0,1,4042.23,0.3,1096,0,0,0,0,22.0,0,0
T09064,2026-01-07T14:03:00+00:00,U0086,R0400,5468.98,1,14,0,0,0,4648.85,1.18,1686,0,0,0,0,109.0,0,0
T09065,2026-01-07T14:04:00+00:00,U0101,R0458,2791.92,1,14,0,0,0,4978.36,0.56,1165,0,0,0,0,315.0,0,0
T09066,2026-01-07T14:05:00+00:00,U0185,R0070,2102.78,1,14,0,0,0,3683.73,0.57,1483,0,0,0,0,137.0,0,0
T09067,2026-01-07T14:06:00+00:00,U0093,R0101,1899.77,1,14,0,0,0,5973.23,0.32,403,0,0,0,0,232.0,0,0
T09068,2026-01-07T14:07:00+00:00,U0140,R0299,2171.1,1,14,0,0,2,4931.36,0.44,1219,0,0,0,0,22.0,0,0
T09069,2026-01-07T14:08:00+00:00,U0087,R0239,5957.1,1,14,0,0,0,3725.44,1.6,1811,0,0,0,0,409.0,0,0
T09070,2026-01-07T14:09:00+00:00,U0081,R0016,2310.56,1,14,0,0,0,3452.52,0.67,1251,0,0,0,0,133.0,0,0
T09071,2026-01-07T14:10:00+00:00,U0127,R0125,4137.34,1,14,0,0,2,2659.71,1.56,675,0,0,0,0,33.0,0,0
T09072,2026-01-07T14:11:00+00:00,U0145,R0495,2407.49,1,14,0,0,0,3592.68,0.67,94,0,0,0,0,208.0,0,0
T09073,2026-01-07T14:12:00+00:00,U0119,R0111,3489.55,1,14,0,0,0,3690.56,0.95,112,0,0,0,0,97.0,0,0
T09074,2026-01-07T14:13:00+00:00,U0023,R0098,2169.2,0,14,0,0,0,3055.88,0.71,1815,0,0,0,0,115.0,1,0
T09075,2026-01-07T14:14:00+00:00,U0009,R0336,715.68,1,14,0,0,2,3369.74,0.21,1744,0,0,0,0,41.0,0,0
T09076,2026-01-07T14:15:00+00:00,U0042,R0048,2845.23,1,14,0,0,0,3980.71,0.71,914,0,0,0,0,207.0,0,0
T09077,2026-01-07T14:16:00+00:00,U0139,R0417,3472.74,1,14,0,0,0,4112.45,0.84,1504,0,0,0,0,297.0,0,0
T09078,2026-01-07T14:17:00+00:00,U0011,R0381,6356.9,1,14,0,0,1,3606.21,1.76,177,0,0,0,0,47.0,0,0
T09079,2026-01-07T14:18:00+00:00,U0020,R0336,1167.57,1,14,0,1,0,4062.22,0.29,1664,0,0,0,0,340.0,0,0
T09080,2026-01-07T14:19:00+00:00,U0037,R0096,1126.23,1,14,0,0,1,3836.03,0.29,132,0,0,0,0,35.0,0,0
T09081,2026-01-07T14:20:00+00:00,U0065,R0162,3965.81,1,14,0,1,1,4838.61,0.82,1869,0,0,0,0,57.0,0,0
T09082,2026-01-07T14:21:00+00:00,U0182,R0397,7102.76,1,14,0,0,0,4719.65,1.5,269,0,0,0,0,388.0,0,0
T09083,2026-01-07T14:22:00+00:00,U0105,R0406,6633.47,0,14,0,0,1,4147.35,1.6,203,0,0,0,0,33.0,1,0
T09084,2026-01-07T14:23:00+00:00,U0127,R0057,3691.7,1,14,0,0,2,2692.54,1.37,675,0,0,0,0,13.0,0,0
T09085,2026-01-07T14:24:00+00:00,U0141,R0414,2051.19,1,14,0,0,0,3516.5,0.58,113,0,0,0,0,730.0,0,0
T09086,2026-01-07T14:25:00+00:00,U0018,R0243,2198.59,1,14,0,0,0,5382.0,0.41,74,0,0,0,0,113.0,0,0
T09087,2026-01-07T14:26:00+00:00,U0117,R0132,1575.79,1,14,0,0,0,4096.09,0.38,876,0,0,0,0,78.0,0,0
T09088,2026-01-07T14:27:00+00:00,U0105,R0028,1306.54,1,14,0,0,2,4211.1,0.31,203,1,0,0,0,5.0,0,0
T09089,2026-01-07T14:28:00+00:00,U0038,R0423,5555.31,1,14,0,0,0,3688.48,1.51,400,0,0,0,0,450.0,0,0
T09090,2026-01-07T14:29:00+00:00,U0078,R0151,7042.41,1,14,0,0,0,4136.97,1.7,797,0,0,0,0,349.0,0,0
T09091,2026-01-07T14:30:00+00:00,U0034,R0095,977.92,0,14,0,1,0,3874.74,0.25,1925,0,0,0,0,540.0,1,0
T09092,2026-01-07T14:31:00+00:00,U0024,R0332,2749.83,1,14,0,0,0,3947.33,0.7,1553,0,0,0,0,135.0,0,0
T09093,2026-01-07T14:32:00+00:00,U0037,R0176,3468.62,1,14,1,0,2,3410.1,1.02,132,0,0,0,0,13.0,0,0
T09094,2026-01-07T14:33:00+00:00,U0151,R0139,6488.09,1,14,0,0,1,5208.03,1.25,1656,0,0,0,0,47.0,0,0
T09095,2026-01-07T14:34:00+00:00,U0037,R0489,2513.46,1,14,0,0,3,3300.23,0.76,132,1,0,0,0,2.0,0,0
T09096,2026-01-07T14:35:00+00:00,U0171,R0374,1635.1,1,14,0,0,0,4324.93,0.38,1154,0,0,0,0,304.0,0,0
T09097,2026-01-07T14:36:00+00:00,U0070,R0157,797.78,1,14,0,0,0,4720.34,0.17,664,0,0,0,0,82.0,0,0
T09098,2026-01-07T14:37:00+00:00,U0115,R0409,2960.7,1,14,0,0,1,3460.12,0.86,579,0,0,0,0,37.0,0,0
T09099,2026-01-07T14:38:00+00:00,U0047,R0193,1037.71,1,14,0,0,0,5697.84,0.18,957,0,0,0,0,247.0,0,0
T09100,2026-01-07T14:39:00+00:00,U0054,R0346,2140.73,1,14,0,0,0,4617.01,0.46,712,0,0,0,0,83.0,0,0
T09101,2026-01-07T14:40:00+00:00,U0165,R0321,3359.06,1,14,0,0,1,7518.95,0.45,302,0,0,0,0,59.0,0,0
T09102,2026-01-07T14:41:00+00:00,U0025,R0116,257.24,1,14,0,0,0,3968.83,0.06,1745,0,0,0,0,220.0,0,0
T09103,2026-01-07T14:42:00+00:00,U0121,R0210,2174.92,1,14,0,0,0,5259.34,0.41,418,0,0,0,0,283.0,0,0
T09104,2026-01-07T14:43:00+00:00,U0120,R0309,2377.68,1,14,0,0,0,4987.37,0.48,524,0,0,0,0,182.0,0,0
T09105,2026-01-07T14:44:00+00:00,U0185,R0286,413.41,1,14,0,0,1,3582.64,0.12,1483,0,0,0,0,39.0,0,0
T09106,2026-01-07T14:45:00+00:00,U0174,R0069,7773.07,1,14,0,1,0,5160.59,1.51,1108,0,0,0,0,332.0,0,0
T09107,2026-01-07T14:46:00+00:00,U0089,R0424,956.29,1,14,0,0,0,3666.34,0.26,622,0,0,0,0,278.0,0,0
T09108,2026-01-07T14:47:00+00:00,U0150,R0277,1440.38,1,14,0,0,0,4788.54,0.3,1080,0,0,0,0,147.0,0,0
T09109,2026-01-07T14:48:00+00:00,U0098,R0019,6041.84,1,14,0,0,1,4284.36,1.41,938,0,0,0,0,50.0,0,0
T09110,2026-01-07T14:49:00+00:00,U0028,R0295,2540.06,1,14,0,0,0,3183.86,0.8,1290,0,0,0,0,791.0,0,0
T09111,2026-01-07T14:50:00+00:00,U0082,R0490,5913.05,1,14,0,0,0,5451.69,1.08,212,0,0,0,0,180.0,0,0
T09112,2026-01-07T14:51:00+00:00,U0149,R0473,946.4,0,14,0,0,0,3821.4,0.25,1912,0,0,0,0,119.0,1,0
T09113,2026-01-07T14:52:00+00:00,U0044,R0413,3421.11,0,14,0,0,0,4390.34,0.78,1950,0,0,0,0,286.0,1,0
T09114,2026-01-07T14:53:00+00:00,U0104,R0388,989.6,0,14,0,0,0,4045.94,0.24,508,0,0,0,0,789.0,1,0
T09115,2026-01-07T14:54:00+00:00,U0188,R0311,3230.78,1,14,1,0,0,5402.87,0.6,1681,0,0,0,0,274.0,0,0
T09116,2026-01-07T14:55:00+00:00,U0106,R0131,5585.33,1,14,0,1,0,4164.38,1.34,1381,0,0,0,0,121.0,0,1
T09117,2026-01-07T14:56:00+00:00,U0110,R0406,2312.69,1,14,0,0,0,3780.7,0.61,29,0,0,0,0,748.0,0,0
T09118,2026-01-07T14:57:00+00:00,U0132,R0346,1783.93,1,14,1,0,0,4082.87,0.44,12,0,0,0,0,97.0,0,0
T09119,2026-01-07T14:58:00+00:00,U0055,R0238,2795.63,1,14,1,1,0,4537.47,0.62,553,0,0,0,0,97.0,0,0
T09120,2026-01-07T14:59:00+00:00,U0016,R0465,2874.32,1,14,0,0,0,4657.95,0.62,1715,0,0,0,0,168.0,0,0
T09121,2026-01-07T15:00:00+00:00,U0135,R0138,2933.33,1,15,0,1,0,5276.7,0.56,1258,0,0,0,0,63.0,0,1
T09122,2026-01-07T15:01:00+00:00,U0135,R0138,2933.33,0,15,1,1,1,5219.54,0.56,1258,1,1,1,1,1.0,1,1
T09123,2026-01-07T15:02:00+00:00,U0135,R0138,2933.33,0,15,0,1,2,5165.11,0.57,1258,2,2,2,2,1.0,2,1
T09124,2026-01-07T15:03:00+00:00,U0067,R0013,2239.17,1,15,0,0,0,3315.57,0.68,1381,0,0,0,0,288.0,0,0
T09125,2026-01-07T15:04:00+00:00,U0060,R0225,1928.17,1,15,0,0,0,3356.44,0.57,1595,0,0,0,0,92.0,0,0
T09126,2026-01-07T15:05:00+00:00,U0143,R0500,1052.59,1,15,0,0,0,3205.26,0.33,194,0,0,0,0,348.0,0,0
T09127,2026-01-07T15:06:00+00:00,U0145,R0057,707.66,1,15,0,0,1,3560.65,0.2,94,0,0,0,0,55.0,0,0
T09128,2026-01-07T15:07:00+00:00,U0126,R0150,14304.94,1,15,1,1,0,5483.69,2.61,1797,0,0,0,0,143.0,0,1
T09129,2026-01-07T15:08:00+00:00,U0146,R0067,902.57,0,15,0,0,0,3820.08,0.24,1480,0,0,0,0,537.0,1,0
T09130,2026-01-07T15:09:00+00:00,U0077,R0023,5470.38,1,15,0,0,0,4191.48,1.31,332,0,0,0,0,78.0,0,0
T09131,2026-01-07T15:10:00+00:00,U0147,R0378,2125.36,1,15,1,0,0,4883.4,0.44,1663,0,0,0,0,287.0,0,0
T09132,2026-01-07T15:11:00+00:00,U0136,R0478,5519.2,1,15,1,0,0,3686.61,1.5,126,0,0,0,0,186.0,0,0
T09133,2026-01-07T15:12:00+00:00,U0052,R0202,1392.53,1,15,0,0,0,3849.85,0.36,51,0,0,0,0,770.0,0,0
T09134,2026-01-07T15:13:00+00:00,U0187,R0321,954.09,1,15,0,0,0,4477.16,0.21,1389,0,0,0,0,602.0,0,0
T09135,2026-01-07T15:14:00+00:00,U0051,R0403,179.59,1,15,0,0,0,5009.79,0.04,60,0,0,0,0,124.0,0,0
T09136,2026-01-07T15:15:00+00:00,U0059,R0143,1207.36,1,15,0,0,0,5798.35,0.21,75,0,0,0,0,463.0,0,0
T09137,2026-01-07T15:16:00+00:00,U0131,R0224,3582.95,1,15,0,0,0,5660.65,0.63,1810,0,0,0,0,147.0,0,0
T09138,2026-01-07T15:17:00+00:00,U0011,R0259,1783.37,1,15,0,0,1,3662.34,0.49,177,0,0,0,0,60.0,0,0
T09139,2026-01-07T15:18:00+00:00,U0058,R0294,3412.62,1,15,1,1,0,3669.42,0.93,1080,0,0,0,0,451.0,0,1
T09140,2026-01-07T15:19:00+00:00,U0106,R0164,7102.24,1,15,0,0,1,4192.8,1.69,1381,0,0,0,0,24.0,0,0
T09141,2026-01-07T15:20:00+00:00,U0048,R0076,1905.87,1,15,0,0,0,4993.8,0.38,453,0,0,0,0,323.0,0,0
T09142,2026-01-07T15:21:00+00:00,U0003,R0087,7113.77,1,15,0,0,0,6218.52,1.14,1486,0,0,0,0,117.0,0,0
T09143,2026-01-07T15:22:00+00:00,U0043,R0103,1106.42,1,15,0,0,0,3907.26,0.28,1004,0,0,0,0,222.0,0,0
T09144,2026-01-07T15:23:00+00:00,U0126,R0352,383.2,1,15,0,0,1,5753.34,0.07,1797,0,0,0,0,16.0,0,0
T09145,2026-01-07T15:24:00+00:00,U0038,R0444,1698.2,1,15,0,1,1,3731.89,0.46,400,0,0,0,0,56.0,0,0
T09146,2026-01-07T15:25:00+00:00,U0085,R0001,6752.17,1,15,0,0,0,4044.97,1.67,652,0,0,0,0,138.0,0,0
T09147,2026-01-07T15:26:00+00:00,U0195,R0112,2446.43,1,15,0,0,0,4869.56,0.5,1578,0,0,0,0,499.0,0,0
T09148,2026-01-07T15:27:00+00:00,U0006,R0010,394.08,1,15,1,1,0,6500.93,0.06,1386,0,0,0,0,111.0,0,1
T09149,2026-01-07T15:28:00+00:00,U0006,R0010,394.08,0,15,1,0,1,6344.34,0.06,1386,1,1,1,1,1.0,1,1
T09150,2026-01-07T15:29:00+00:00,U0006,R0010,394.08,0,15,1,1,2,6195.59,0.06,1386,2,2,2,2,1.0,2,1
T09151,2026-01-07T15:30:00+00:00,U0097,R0128,495.49,1,15,0,0,0,4271.07,0.12,174,0,0,0,0,179.0,0,0
T09152,2026-01-07T15:31:00+00:00,U0191,R0366,2019.76,1,15,0,1,0,4345.36,0.46,982,0,0,0,0,384.0,0,0
T09153,2026-01-07T15:32:00+00:00,U0117,R0123,10971.4,1,15,1,1,0,4118.37,2.66,876,0,0,0,0,66.0,0,1
T09154,2026-01-07T15:33:00+00:00,U0157,R0003,2272.16,1,15,0,0,0,5895.25,0.39,793,0,0,0,0,479.0,0,0
T09155,2026-01-07T15:34:00+00:00,U0134,R0293,3097.66,0,15,1,0,0,4801.93,0.65,723,0,0,0,0,137.0,1,1
T09156,2026-01-07T15:35:00+00:00,U0134,R0293,3097.66,0,15,0,0,1,4764.06,0.65,723,1,1,1,1,1.0,2,1
T09157,2026-01-07T15:36:00+00:00,U0134,R0293,3097.66,0,15,0,1,2,4727.83,0.66,723,2,2,2,2,1.0,3,1
T09158,2026-01-07T15:37:00+00:00,U0146,R0047,1695.32,1,15,0,0,1,3758.01,0.45,1480,0,0,0,0,29.0,0,0
T09159,2026-01-07T15:38:00+00:00,U0031,R0208,5394.81,1,15,0,0,0,3967.94,1.36,1886,0,0,0,0,375.0,0,0
T09160,2026-01-07T15:39:00+00:00,U0006,R0297,5280.97,1,15,0,0,3,6054.09,0.87,1386,1,0,0,0,10.0,0,0
T09161,2026-01-07T15:40:00+00:00,U0024,R0197,4773.67,1,15,0,1,0,3923.09,1.22,1553,0,0,0,0,69.0,0,0
T09162,2026-01-07T15:41:00+00:00,U0190,R0322,4304.49,1,15,0,0,0,3364.83,1.28,1087,0,0,0,0,615.0,0,0
T09163,2026-01-07T15:42:00+00:00,U0061,R0072,1536.49,1,15,0,0,0,2901.78,0.53,255,0,0,0,0,156.0,0,0
T09164,2026-01-07T15:43:00+00:00,U0052,R0479,6666.89,1,15,0,0,1,3794.0,1.76,51,0,0,0,0,31.0,0,0
T09165,2026-01-07T15:44:00+00:00,U0149,R0345,5333.14,1,15,0,0,1,3751.28,1.42,1912,0,0,0,0,53.0,0,0
T09166,2026-01-07T15:45:00+00:00,U0198,R0296,933.12,0,15,0,1,0,5367.17,0.17,1947,0,0,0,0,327.0,1,0
T09167,2026-01-07T15:46:00+00:00,U0190,R0367,3969.98,1,15,0,0,1,3374.61,1.18,1087,1,0,0,0,5.0,0,0
T09168,2026-01-07T15:47:00+00:00,U0100,R0005,2717.06,1,15,0,0,0,5122.68,0.53,1160,0,0,0,0,363.0,0,0
T09169,2026-01-07T15:48:00+00:00,U0188,R0173,1981.94,1,15,0,1,1,5353.51,0.37,1681,0,0,0,0,54.0,0,0
T09170,2026-01-07T15:49:00+00:00,U0022,R0483,5120.61,1,15,0,0,0,6321.39,0.81,887,0,0,0,0,1178.0,0,0
T09171,2026-01-07T15:50:00+00:00,U0141,R0218,2042.32,1,15,0,0,0,3485.32,0.59,113,0,0,0,0,86.0,0,0
T09172,2026-01-07T15:51:00+00:00,U0067,R0199,1098.96,1,15,0,0,1,3302.6,0.33,1381,0,0,0,0,48.0,0,0
T09173,2026-01-07T15:52:00+00:00,U0013,R0012,2814.47,1,15,0,0,0,5521.06,0.51,869,0,0,0,0,621.0,0,0
T09174,2026-01-07T15:53:00+00:00,U0151,R0264,6590.47,1,15,0,0,0,5237.12,1.26,1656,0,0,0,0,80.0,0,0
T09175,2026-01-07T15:54:00+00:00,U0057,R0128,1703.81,1,15,0,0,0,6597.86,0.26,459,0,0,0,0,327.0,0,0
T09176,2026-01-07T15:55:00+00:00,U0025,R0371,1436.74,1,15,0,0,0,3862.78,0.37,1745,0,0,0,0,74.0,0,0
T09177,2026-01-07T15:56:00+00:00,U0115,R0043,140.3,0,15,0,0,0,3446.98,0.04,579,0,0,0,0,79.0,1,0
T09178,2026-01-07T15:57:00+00:00,U0134,R0452,3620.34,1,15,0,1,3,4693.15,0.77,723,0,0,0,0,21.0,0,0
T09179,2026-01-07T15:58:00+00:00,U0024,R0340,7402.76,0,15,1,0,1,3989.96,1.86,1553,0,0,0,0,18.0,1,0
T09180,2026-01-07T15:59:00+00:00,U0166,R0190,1343.56,1,15,0,0,0,4390.32,0.31,1257,0,0,0,0,1241.0,0,0
T09181,2026-01-07T16:00:00+00:00,U0085,R0257,4169.57,1,16,0,0,1,4109.42,1.01,652,0,0,0,0,35.0,0,0
T09182,2026-01-07T16:01:00+00:00,U0147,R0493,7519.23,1,16,0,0,1,4796.09,1.57,1663,0,0,0,0,51.0,0,0
T09183,2026-01-07T16:02:00+00:00,U0039,R0499,3125.22,1,16,0,0,0,3419.38,0.91,176,0,0,0,0,413.0,0,0
T09184,2026-01-07T16:03:00+00:00,U0163,R0134,13161.61,1,16,1,0,0,3703.53,3.55,550,0,0,0,0,193.0,0,1
T09185,2026-01-07T16:04:00+00:00,U0171,R0007,3144.73,1,16,0,0,0,4257.68,0.74,1154,0,0,0,0,89.0,0,0
T09186,2026-01-07T16:05:00+00:00,U0053,R0166,939.69,1,16,0,0,0,5156.04,0.18,1252,0,0,0,0,279.0,0,0
T09187,2026-01-07T16:06:00+00:00,U0072,R0212,1509.31,1,16,0,0,0,2930.93,0.51,1208,0,0,0,0,689.0,0,0
T09188,2026-01-07T16:07:00+00:00,U0115,R0165,5913.78,1,16,0,0,1,3362.19,1.76,579,0,0,0,0,11.0,0,0
T09189,2026-01-07T16:08:00+00:00,U0148,R0311,7135.26,1,16,0,0,0,4204.0,1.7,507,0,0,0,0,272.0,0,0
T09190,2026-01-07T16:09:00+00:00,U0073,R0298,4618.29,1,16,0,0,0,5661.85,0.82,1369,0,0,0,0,248.0,0,0
T09191,2026-01-07T16:10:00+00:00,U0070,R0442,4685.14,1,16,0,0,0,4624.67,1.01,664,0,0,0,0,94.0,0,0
T09192,2026-01-07T16:11:00+00:00,U0114,R0076,6204.26,1,16,0,0,0,5294.88,1.17,447,0,0,0,0,172.0,0,0
T09193,2026-01-07T16:12:00+00:00,U0025,R0030,2605.48,1,16,0,0,1,3795.39,0.69,1745,0,0,0,0,17.0,0,0
T09194,2026-01-07T16:13:00+00:00,U0069,R0452,3531.18,1,16,0,0,0,4018.47,0.88,1754,0,0,0,0,158.0,0,0
T09195,2026-01-07T16:14:00+00:00,U0005,R0415,2262.78,1,16,0,0,0,4466.51,0.51,1114,0,0,0,0,483.0,0,0
T09196,2026-01-07T16:15:00+00:00,U0198,R0277,8830.29,1,16,0,0,1,5340.94,1.65,1947,0,0,0,0,30.0,0,0
T09197,2026-01-07T16:16:00+00:00,U0177,R0260,1830.5,1,16,0,0,0,6951.99,0.26,315,0,0,0,0,320.0,0,0
T09198,2026-01-07T16:17:00+00:00,U0036,R0335,4481.57,1,16,0,0,0,3716.18,1.21,219,0,0,0,0,298.0,0,0
T09199,2026-01-07T16:18:00+00:00,U0115,R0306,3365.4,1,16,0,0,2,3425.98,0.98,579,0,0,0,0,11.0,0,0
T09200,2026-01-07T16:19:00+00:00,U0074,R0496,736.13,1,16,0,0,0,3053.36,0.24,589,0,0,0,0,987.0,0,0
T09201,2026-01-07T16:20:00+00:00,U0101,R0073,5988.75,1,16,0,0,0,4930.82,1.21,1165,0,0,0,0,136.0,0,1
T09202,2026-01-07T16:21:00+00:00,U0101,R0073,5988.75,0,16,1,0,1,4953.33,1.21,1165,1,1,1,1,1.0,1,1
T09203,2026-01-07T16:22:00+00:00,U0101,R0073,5988.75,0,16,0,1,2,4974.9,1.2,1165,2,2,2,2,1.0,2,1
T09204,2026-01-07T16:23:00+00:00,U0089,R0257,2312.01,1,16,0,0,0,3606.11,0.64,622,0,0,0,0,97.0,0,0
T09205,2026-01-07T16:24:00+00:00,U0128,R0135,4733.55,1,16,0,0,0,3522.85,1.34,1107,0,0,0,0,338.0,0,0
T09206,2026-01-07T16:25:00+00:00,U0035,R0240,4941.52,1,16,0,0,0,3178.98,1.55,1476,0,0,0,0,263.0,0,0
T09207,2026-01-07T16:26:00+00:00,U0092,R0327,19025.17,1,16,0,0,0,5259.05,3.62,892,0,0,0,0,245.0,0,1
T09208,2026-01-07T16:27:00+00:00,U0106,R0160,850.08,1,16,0,0,0,4294.17,0.2,1381,0,0,0,0,68.0,0,0
T09209,2026-01-07T16:28:00+00:00,U0057,R0177,4288.43,1,16,0,0,1,6550.67,0.65,459,0,0,0,0,34.0,0,0
T09210,2026-01-07T16:29:00+00:00,U0005,R0005,1972.31,1,16,0,0,1,4415.26,0.45,1114,0,0,0,0,15.0,0,0
T09211,2026-01-07T16:30:00+00:00,U0041,R0318,17147.1,1,16,0,1,0,4639.99,3.7,680,0,0,0,0,243.0,0,1
T09212,2026-01-07T16:31:00+00:00,U0198,R0287,450.21,1,16,0,0,2,5467.53,0.08,1947,0,0,0,0,16.0,0,0
T09213,2026-01-07T16:32:00+00:00,U0142,R0360,2764.67,0,16,0,0,0,3635.56,0.76,1708,0,0,0,0,547.0,1,0
T09214,2026-01-07T16:33:00+00:00,U0141,R0060,1674.09,1,16,0,0,1,3455.26,0.48,113,0,0,0,0,43.0,0,0
T09215,2026-01-07T16:34:00+00:00,U0018,R0322,1984.68,1,16,1,0,0,4841.43,0.41,74,0,0,0,0,129.0,0,0
T09216,2026-01-07T16:35:00+00:00,U0162,R0499,449.21,1,16,0,0,0,4394.88,0.1,391,0,0,0,0,317.0,0,0
T09217,2026-01-07T16:36:00+00:00,U0145,R0010,18140.76,1,16,1,0,0,3485.57,5.2,94,0,0,0,0,90.0,0,1
T09218,2026-01-07T16:37:00+00:00,U0102,R0059,2719.34,1,16,0,0,0,3768.28,0.72,1474,0,0,0,0,286.0,0,0
T09219,2026-01-07T16:38:00+00:00,U0016,R0238,590.52,1,16,0,0,0,4611.01,0.13,1715,0,0,0,0,99.0,0,0
T09220,2026-01-07T16:39:00+00:00,U0057,R0029,1024.13,1,16,0,0,2,6509.09,0.16,459,0,0,0,0,11.0,0,0
T09221,2026-01-07T16:40:00+00:00,U0105,R0013,1868.84,1,16,1,0,0,4138.49,0.45,203,0,0,0,0,133.0,0,0
T09222,2026-01-07T16:41:00+00:00,U0033,R0288,3462.01,1,16,0,0,0,2774.38,1.25,1103,0,0,0,0,770.0,0,0
T09223,2026-01-07T16:42:00+00:00,U0037,R0235,1127.18,1,16,0,0,0,3333.81,0.34,132,0,0,0,0,128.0,0,0
T09224,2026-01-07T16:43:00+00:00,U0023,R0371,2658.66,1,16,0,0,0,3034.26,0.88,1815,0,0,0,0,150.0,0,0
T09225,2026-01-07T16:44:00+00:00,U0045,R0103,2949.38,1,16,1,0,0,4379.25,0.67,1072,0,0,0,0,170.0,0,0
T09226,2026-01-07T16:45:00+00:00,U0033,R0291,1302.57,1,16,0,0,1,2789.66,0.47,1103,1,0,0,0,4.0,0,0
T09227,2026-01-07T16:46:00+00:00,U0161,R0219,4919.27,1,16,0,0,0,4337.8,1.13,1632,0,0,0,0,505.0,0,0
T09228,2026-01-07T16:47:00+00:00,U0023,R0065,2670.55,1,16,0,0,1,3025.31,0.88,1815,1,0,0,0,4.0,0,0
T09229,2026-01-07T16:48:00+00:00,U0068,R0485,5480.11,1,16,0,0,0,3858.0,1.42,98,0,0,0,0,324.0,0,0
T09230,2026-01-07T16:49:00+00:00,U0096,R0006,5108.57,1,16,0,0,0,4442.64,1.15,322,0,0,0,0,179.0,0,0
T09231,2026-01-07T16:50:00+00:00,U0110,R0223,627.33,1,16,0,0,0,3747.33,0.17,29,0,0,0,0,114.0,0,0
T09232,2026-01-07T16:51:00+00:00,U0058,R0490,261.88,1,16,0,0,0,3664.07,0.07,1080,0,0,0,0,93.0,0,0
T09233,2026-01-07T16:52:00+00:00,U0188,R0468,1551.02,1,16,0,0,0,5278.58,0.29,1681,0,0,0,0,64.0,0,0
T09234,2026-01-07T16:53:00+00:00,U0067,R0160,1694.01,1,16,0,0,0,3253.11,0.52,1381,0,0,0,0,62.0,0,0
T09235,2026-01-07T16:54:00+00:00,U0012,R0497,1283.74,0,16,0,0,0,3730.33,0.34,476,0,0,0,0,444.0,1,0
T09236,2026-01-07T16:55:00+00:00,U0168,R0091,33842.84,1,16,0,0,0,6291.35,5.38,820,0,0,0,0,204.0,0,1
T09237,2026-01-07T16:56:00+00:00,U0113,R0215,751.69,1,16,0,0,0,3683.62,0.2,1440,0,0,0,0,289.0,0,0
T09238,2026-01-07T16:57:00+00:00,U0163,R0154,7038.59,1,16,0,0,1,3913.71,1.8,550,0,0,0,0,54.0,0,0
T09239,2026-01-07T16:58:00+00:00,U0007,R0055,3238.89,1,16,0,0,0,4942.98,0.66,573,0,0,0,0,630.0,0,0
T09240,2026-01-07T16:59:00+00:00,U0086,R0122,926.54,1,16,0,0,0,4667.49,0.2,1686,0,0,0,0,176.0,0,0
T09241,2026-01-07T17:00:00+00:00,U0128,R0369,8459.98,1,17,1,1,1,3574.91,2.37,1107,0,0,0,0,36.0,0,1
T09242,2026-01-07T17:01:00+00:00,U0128,R0369,8459.98,0,17,0,1,2,3496.44,2.42,1107,1,1,1,1,1.0,1,1
T09243,2026-01-07T17:02:00+00:00,U0128,R0369,8459.98,0,17,1,0,3,3636.48,2.33,1107,2,2,2,2,1.0,2,1
T09244,2026-01-07T17:03:00+00:00,U0161,R0105,2239.44,1,17,0,0,1,4368.26,0.51,1632,0,0,0,0,17.0,0,0
T09245,2026-01-07T17:04:00+00:00,U0080,R0252,2892.86,1,17,0,1,0,5403.67,0.54,846,0,0,0,0,374.0,0,0
T09246,2026-01-07T17:05:00+00:00,U0067,R0121,5446.81,1,17,0,0,1,3245.21,1.68,1381,0,0,0,0,12.0,0,0
T09247,2026-01-07T17:06:00+00:00,U0108,R0043,2529.74,1,17,0,0,0,3978.62,0.64,1935,0,0,0,0,219.0,0,0
T09248,2026-01-07T17:07:00+00:00,U0105,R0274,6196.75,1,17,0,0,1,4083.13,1.52,203,0,0,0,0,27.0,0,0
T09249,2026-01-07T17:08:00+00:00,U0082,R0388,1144.36,1,17,0,0,0,5463.23,0.21,212,0,0,0,0,138.0,0,0
T09250,2026-01-07T17:09:00+00:00,U0174,R0065,1542.42,1,17,0,0,0,5218.64,0.3,1108,0,0,0,0,144.0,0,0
T09251,2026-01-07T17:10:00+00:00,U0172,R0488,6010.18,1,17,0,0,0,4696.7,1.28,1447,0,0,0,0,363.0,0,0
T09252,2026-01-07T17:11:00+00:00,U0116,R0002,923.6,1,17,0,0,0,4146.38,0.22,463,0,0,0,0,217.0,0,0
T09253,2026-01-07T17:12:00+00:00,U0108,R0361,2161.44,1,17,0,0,1,3944.13,0.55,1935,1,0,0,0,6.0,0,0
T09254,2026-01-07T17:13:00+00:00,U0090,R0478,2048.21,1,17,0,0,0,2963.6,0.69,150,0,0,0,0,224.0,0,0
T09255,2026-01-07T17:14:00+00:00,U0103,R0488,479.97,1,17,0,0,0,3335.4,0.14,145,0,0,0,0,305.0,0,0
T09256,2026-01-07T17:15:00+00:00,U0034,R0142,34224.04,1,17,1,1,0,3813.1,8.98,1925,0,0,0,0,165.0,0,1
T09257,2026-01-07T17:16:00+00:00,U0160,R0451,1007.6,1,17,0,0,0,4890.92,0.21,214,0,0,0,0,652.0,0,0
T09258,2026-01-07T17:17:00+00:00,U0105,R0437,4380.54,1,17,0,0,2,4133.45,1.06,203,1,0,0,0,10.0,0,0
T09259,2026-01-07T17:18:00+00:00,U0131,R0439,6007.93,1,17,0,0,0,5612.33,1.07,1810,0,0,0,0,122.0,0,0
T09260,2026-01-07T17:19:00+00:00,U0160,R0151,1845.18,1,17,0,0,1,4773.24,0.39,214,1,0,0,0,3.0,0,0
T09261,2026-01-07T17:20:00+00:00,U0021,R0340,2184.21,1,17,1,0,0,6430.54,0.34,486,0,0,0,0,668.0,0,0
T09262,2026-01-07T17:21:00+00:00,U0016,R0328,3360.77,1,17,0,0,1,4507.92,0.75,1715,0,0,0,0,43.0,0,0
T09263,2026-01-07T17:22:00+00:00,U0004,R0019,4850.8,1,17,0,0,0,4169.12,1.16,1108,0,0,0,0,203.0,0,0
T09264,2026-01-07T17:23:00+00:00,U0028,R0413,1404.33,1,17,0,0,0,3169.55,0.44,1290,0,0,0,0,154.0,0,0
T09265,2026-01-07T17:24:00+00:00,U0129,R0290,6761.96,1,17,0,0,0,3877.51,1.74,375,0,0,0,0,324.0,0,0
T09266,2026-01-07T17:25:00+00:00,U0078,R0499,2410.75,1,17,0,0,0,4203.0,0.57,797,0,0,0,0,176.0,0,0
T09267,2026-01-07T17:26:00+00:00,U0061,R0161,1791.64,1,17,0,0,0,2868.48,0.62,255,0,0,0,0,104.0,0,0
T09268,2026-01-07T17:27:00+00:00,U0054,R0158,3078.2,1,17,0,0,0,4545.22,0.68,712,0,0,0,0,168.0,0,0
T09269,2026-01-07T17:28:00+00:00,U0186,R0215,22743.97,1,17,1,0,0,3368.47,6.75,1731,0,0,0,0,331.0,0,1
T09270,2026-01-07T17:29:00+00:00,U0193,R0194,2175.05,1,17,0,0,0,6553.46,0.33,158,0,0,0,0,314.0,0,0
T09271,2026-01-07T17:30:00+00:00,U0029,R0078,1203.73,1,17,0,0,0,4143.05,0.29,316,0,0,0,0,245.0,0,0
T09272,2026-01-07T17:31:00+00:00,U0164,R0222,972.19,1,17,0,0,0,4565.77,0.21,1150,0,0,0,0,451.0,0,0
T09273,2026-01-07T17:32:00+00:00,U0155,R0378,1450.97,1,17,0,0,0,3391.45,0.43,1159,0,0,0,0,552.0,0,0
T09274,2026-01-07T17:33:00+00:00,U0042,R0183,1092.83,1,17,0,0,0,3956.18,0.28,914,0,0,0,0,198.0,0,0
T09275,2026-01-07T17:34:00+00:00,U0045,R0009,15601.71,1,17,0,0,1,4349.46,3.59,1072,0,0,0,0,50.0,0,1
T09276,2026-01-07T17:35:00+00:00,U0169,R0354,5452.93,1,17,0,0,0,3645.35,1.5,1949,0,0,0,0,278.0,0,0
T09277,2026-01-07T17:36:00+00:00,U0073,R0330,1345.06,1,17,0,0,0,5639.65,0.24,1369,0,0,0,0,87.0,0,0
T09278,2026-01-07T17:37:00+00:00,U0197,R0064,3672.31,1,17,0,0,0,4192.67,0.88,274,0,0,0,0,309.0,0,0
T09279,2026-01-07T17:38:00+00:00,U0182,R0314,1116.87,1,17,0,0,0,4777.77,0.23,269,0,0,0,0,197.0,0,0
T09280,2026-01-07T17:39:00+00:00,U0051,R0280,7315.26,1,17,0,0,0,4891.98,1.5,60,0,0,0,0,145.0,0,0
T09281,2026-01-07T17:40:00+00:00,U0136,R0076,2091.21,1,17,1,0,0,3727.34,0.56,126,0,0,0,0,149.0,0,0
T09282,2026-01-07T17:41:00+00:00,U0001,R0439,5032.66,1,17,0,0,0,5353.44,0.94,1905,0,0,0,0,510.0,0,0
T09283,2026-01-07T17:42:00+00:00,U0060,R0158,39260.24,1,17,1,1,0,3317.84,11.83,1595,0,0,0,0,158.0,0,1
T09284,2026-01-07T17:43:00+00:00,U0174,R0301,1582.78,1,17,0,0,1,5138.72,0.31,1108,0,0,0,0,34.0,0,0
T09285,2026-01-07T17:44:00+00:00,U0129,R0448,644.15,1,17,0,0,1,3938.88,0.16,375,0,0,0,0,20.0,0,0
T09286,2026-01-07T17:45:00+00:00,U0046,R0371,1654.15,1,17,0,0,0,4421.97,0.37,854,0,0,0,0,528.0,0,0
T09287,2026-01-07T17:46:00+00:00,U0133,R0142,4242.7,1,17,0,0,0,4425.88,0.96,257,0,0,0,0,393.0,0,0
T09288,2026-01-07T17:47:00+00:00,U0108,R0275,3121.72,1,17,0,0,2,3902.67,0.8,1935,0,0,0,0,35.0,0,0
T09289,2026-01-07T17:48:00+00:00,U0104,R0208,6366.0,1,17,0,0,0,3974.86,1.6,508,0,0,0,0,175.0,0,0
T09290,2026-01-07T17:49:00+00:00,U0199,R0010,3561.79,1,17,0,0,0,3437.88,1.04,1451,0,0,0,0,399.0,0,0
T09291,2026-01-07T17:50:00+00:00,U0026,R0419,7860.86,1,17,0,0,0,5472.98,1.44,407,0,0,0,0,247.0,0,0
T09292,2026-01-07T17:51:00+00:00,U0012,R0094,8106.18,1,17,0,0,1,3674.73,2.21,476,0,0,0,0,57.0,0,0
T09293,2026-01-07T17:52:00+00:00,U0095,R0160,4460.36,1,17,0,0,0,2924.97,1.52,333,0,0,0,0,522.0,0,0
T09294,2026-01-07T17:53:00+00:00,U0192,R0143,3229.81,0,17,0,1,0,4029.99,0.8,887,0,0,0,0,676.0,1,1
T09295,2026-01-07T17:54:00+00:00,U0186,R0096,4818.29,1,17,0,0,1,3772.85,1.28,1731,0,0,0,0,26.0,0,0
T09296,2026-01-07T17:55:00+00:00,U0008,R0061,2318.97,1,17,0,1,0,4348.82,0.53,457,0,0,0,0,839.0,0,0
T09297,2026-01-07T17:56:00+00:00,U0014,R0160,1114.8,1,17,0,0,0,4180.06,0.27,608,0,0,0,0,515.0,0,0
T09298,2026-01-07T17:57:00+00:00,U0136,R0218,5240.37,1,17,0,0,1,3691.77,1.42,126,0,0,0,0,17.0,0,0
T09299,2026-01-07T17:58:00+00:00,U0062,R0255,5738.2,0,17,1,0,0,3977.38,1.44,820,0,0,0,0,1111.0,1,1
T09300,2026-01-07T17:59:00+00:00,U0062,R0255,5738.2,0,17,1,0,1,4029.17,1.42,820,1,1,1,1,1.0,2,1
T09301,2026-01-07T18:00:00+00:00,U0062,R0255,5738.2,0,18,1,1,2,4078.0,1.41,820,2,2,2,2,1.0,3,1
T09302,2026-01-07T18:01:00+00:00,U0183,R0374,4000.23,1,18,0,0,0,4148.97,0.96,827,0,0,0,0,821.0,0,0
T09303,2026-01-07T18:02:00+00:00,U0130,R0198,209.7,1,18,0,0,0,5390.52,0.04,708,0,0,0,0,616.0,0,0
T09304,2026-01-07T18:03:00+00:00,U0015,R0104,1558.5,1,18,0,0,0,3506.42,0.44,1206,0,0,0,0,242.0,0,0
T09305,2026-01-07T18:04:00+00:00,U0179,R0104,1166.38,1,18,0,0,0,3443.87,0.34,1145,0,0,0,0,834.0,0,0
T09306,2026-01-07T18:05:00+00:00,U0115,R0282,3351.54,1,18,0,0,0,3424.5,0.98,579,0,0,0,0,107.0,0,0
T09307,2026-01-07T18:06:00+00:00,U0160,R0310,1130.01,1,18,0,0,2,4687.12,0.24,214,0,0,0,0,47.0,0,0
T09308,2026-01-07T18:07:00+00:00,U0013,R0042,1180.94,1,18,0,0,0,5458.11,0.22,869,0,0,0,0,135.0,0,0
T09309,2026-01-07T18:08:00+00:00,U0071,R0017,3813.3,1,18,0,0,0,5934.3,0.64,17,0,0,0,0,393.0,0,0
T09310,2026-01-07T18:09:00+00:00,U0054,R0153,1492.81,1,18,0,0,1,4534.22,0.33,712,0,0,0,0,42.0,0,0
T09311,2026-01-07T18:10:00+00:00,U0122,R0417,3381.85,1,18,0,0,0,4141.53,0.82,1750,0,0,0,0,263.0,0,0
T09312,2026-01-07T18:11:00+00:00,U0028,R0385,19932.45,1,18,0,0,1,3131.18,6.37,1290,0,0,0,0,48.0,0,1
T09313,2026-01-07T18:12:00+00:00,U0192,R0051,3901.33,1,18,0,0,1,4011.81,0.97,887,0,0,0,0,19.0,0,0
T09314,2026-01-07T18:13:00+00:00,U0120,R0391,4036.35,1,18,0,0,0,4900.38,0.82,524,0,0,0,0,210.0,0,0
T09315,2026-01-07T18:14:00+00:00,U0107,R0024,617.37,1,18,0,0,0,5132.79,0.12,1230,0,0,0,0,530.0,0,0
T09316,2026-01-07T18:15:00+00:00,U0027,R0453,845.36,1,18,0,0,0,5735.04,0.15,1808,0,0,0,0,341.0,0,0
T09317,2026-01-07T18:16:00+00:00,U0100,R0453,4031.05,1,18,0,0,0,5071.49,0.79,1160,0,0,0,0,149.0,0,0
T09318,2026-01-07T18:17:00+00:00,U0195,R0482,1675.9,1,18,0,0,0,4819.08,0.35,1578,0,0,0,0,171.0,0,0
T09319,2026-01-07T18:18:00+00:00,U0184,R0316,1258.13,1,18,0,0,0,3341.14,0.38,327,0,0,0,0,793.0,0,0
T09320,2026-01-07T18:19:00+00:00,U0014,R0370,1747.45,1,18,0,0,1,4113.42,0.42,608,0,0,0,0,23.0,0,0
T09321,2026-01-07T18:20:00+00:00,U0026,R0298,1968.45,1,18,0,0,1,5520.74,0.36,407,0,0,0,0,30.0,0,0
T09322,2026-01-07T18:21:00+00:00,U0163,R0239,8587.73,1,18,0,0,0,3981.64,2.16,550,0,0,0,0,84.0,0,0
T09323,2026-01-07T18:22:00+00:00,U0085,R0445,1395.2,1,18,0,0,0,4110.82,0.34,652,0,0,0,0,142.0,0,0
T09324,2026-01-07T18:23:00+00:00,U0003,R0322,639.03,1,18,0,0,0,6240.9,0.1,1486,0,0,0,0,182.0,0,0
T09325,2026-01-07T18:24:00+00:00,U0053,R0491,1935.81,1,18,0,0,0,5055.65,0.38,1252,0,0,0,0,139.0,0,0
T09326,2026-01-07T18:25:00+00:00,U0058,R0173,4448.79,1,18,1,0,0,3594.64,1.24,1080,0,0,0,0,94.0,0,0
T09327,2026-01-07T18:26:00+00:00,U0181,R0062,7838.91,1,18,0,0,0,3501.01,2.24,215,0,0,0,0,288.0,0,0
T09328,2026-01-07T18:27:00+00:00,U0043,R0286,4843.72,1,18,0,0,0,3848.91,1.26,1004,0,0,0,0,185.0,0,0
T09329,2026-01-07T18:28:00+00:00,U0114,R0268,1470.61,1,18,0,0,0,5353.07,0.27,447,0,0,0,0,137.0,0,0
T09330,2026-01-07T18:29:00+00:00,U0121,R0071,387.85,1,18,0,0,0,5192.29,0.07,418,0,0,0,0,227.0,0,0
T09331,2026-01-07T18:30:00+00:00,U0154,R0390,2088.74,1,18,0,0,0,4227.79,0.49,1010,0,0,0,0,743.0,0,0
T09332,2026-01-07T18:31:00+00:00,U0059,R0240,239.15,1,18,0,0,0,5686.38,0.04,75,0,0,0,0,196.0,0,0
T09333,2026-01-07T18:32:00+00:00,U0107,R0055,4281.33,1,18,0,0,1,5032.45,0.85,1230,0,0,0,0,18.0,0,0
T09334,2026-01-07T18:33:00+00:00,U0142,R0354,1595.93,1,18,0,0,0,3617.42,0.44,1708,0,0,0,0,121.0,0,0
T09335,2026-01-07T18:34:00+00:00,U0200,R0316,1498.18,1,18,0,0,0,3971.44,0.38,1096,0,0,0,0,272.0,0,0
T09336,2026-01-07T18:35:00+00:00,U0040,R0067,8092.15,1,18,1,0,0,6379.52,1.27,1571,0,0,0,0,716.0,0,0
T09337,2026-01-07T18:36:00+00:00,U0174,R0306,1890.44,1,18,0,0,1,5063.07,0.37,1108,0,0,0,0,53.0,0,0
T09338,2026-01-07T18:37:00+00:00,U0151,R0325,6858.0,0,18,1,0,0,5267.2,1.3,1656,0,0,0,0,164.0,1,1
T09339,2026-01-07T18:38:00+00:00,U0065,R0247,1243.74,1,18,0,0,0,4817.33,0.26,1869,0,0,0,0,258.0,0,0
T09340,2026-01-07T18:39:00+00:00,U0031,R0275,877.87,1,18,0,0,0,4019.31,0.22,1886,0,0,0,0,181.0,0,0
T09341,2026-01-07T18:40:00+00:00,U0087,R0429,4514.43,1,18,0,0,0,3785.76,1.19,1811,0,0,0,0,272.0,0,0
T09342,2026-01-07T18:41:00+00:00,U0115,R0450,1906.86,1,18,0,0,1,3422.77,0.56,579,0,0,0,0,36.0,0,0
T09343,2026-01-07T18:42:00+00:00,U0028,R0461,2378.37,1,18,0,0,1,3488.65,0.68,1290,0,0,0,0,31.0,0,0
T09344,2026-01-07T18:43:00+00:00,U0047,R0409,695.52,1,18,0,0,0,5584.18,0.12,957,0,0,0,0,245.0,0,0
T09345,2026-01-07T18:44:00+00:00,U0004,R0345,5123.98,1,18,0,0,0,4185.75,1.22,1108,0,0,0,0,82.0,0,0
T09346,2026-01-07T18:45:00+00:00,U0141,R0188,1227.45,1,18,0,0,0,3418.91,0.36,113,0,0,0,0,132.0,0,0
T09347,2026-01-07T18:46:00+00:00,U0120,R0444,6028.92,0,18,0,0,1,4872.51,1.24,524,0,0,0,0,33.0,1,0
T09348,2026-01-07T18:47:00+00:00,U0009,R0008,3157.46,1,18,0,0,0,3291.68,0.96,1744,0,0,0,0,273.0,0,0
T09349,2026-01-07T18:48:00+00:00,U0066,R0343,7189.58,1,18,0,0,0,6161.06,1.17,532,0,0,0,0,300.0,0,0
T09350,2026-01-07T18:49:00+00:00,U0050,R0409,4968.76,1,18,0,0,0,3735.34,1.33,682,0,0,0,0,323.0,0,0
T09351,2026-01-07T18:50:00+00:00,U0055,R0449,2133.78,1,18,0,0,0,4496.0,0.47,553,0,0,0,0,232.0,0,0
T09352,2026-01-07T18:51:00+00:00,U0048,R0084,3329.07,1,18,0,0,0,4925.18,0.68,453,0,0,0,0,211.0,0,0
T09353,2026-01-07T18:52:00+00:00,U0032,R0201,4984.16,1,18,0,0,0,3177.36,1.57,1853,0,0,0,0,343.0,0,0
T09354,2026-01-07T18:53:00+00:00,U0099,R0309,50096.22,0,18,1,0,0,3587.65,13.96,828,0,0,0,0,394.0,1,1
T09355,2026-01-07T18:54:00+00:00,U0098,R0283,49285.13,1,18,0,0,0,4373.51,11.27,938,0,0,0,0,246.0,0,1
T09356,2026-01-07T18:55:00+00:00,U0117,R0133,7417.67,1,18,0,0,0,3779.22,1.96,876,0,0,0,0,203.0,0,0
T09357,2026-01-07T18:56:00+00:00,U0121,R0011,3952.77,1,18,0,0,1,5090.06,0.78,418,0,0,0,0,27.0,0,0
T09358,2026-01-07T18:57:00+00:00,U0114,R0350,6057.59,1,18,0,0,1,5348.38,1.13,447,0,0,0,0,29.0,0,0
T09359,2026-01-07T18:58:00+00:00,U0017,R0224,5529.87,1,18,0,0,0,4789.97,1.15,53,0,0,0,0,500.0,0,0
T09360,2026-01-07T18:59:00+00:00,U0031,R0126,5669.65,1,18,1,0,1,4011.08,1.41,1886,0,0,0,0,20.0,0,0
T09361,2026-01-07T19:00:00+00:00,U0094,R0357,2128.34,1,19,1,0,0,2843.19,0.75,768,0,0,0,0,523.0,0,0
T09362,2026-01-07T19:01:00+00:00,U0037,R0046,1028.11,1,19,0,0,0,3336.67,0.31,132,0,0,0,0,139.0,0,0
T09363,2026-01-07T19:02:00+00:00,U0189,R0060,1665.01,1,19,0,0,0,4043.21,0.41,690,0,0,0,0,477.0,0,0
T09364,2026-01-07T19:03:00+00:00,U0077,R0422,2655.62,1,19,0,1,0,4222.68,0.63,332,0,0,0,0,234.0,0,0
T09365,2026-01-07T19:04:00+00:00,U0019,R0003,3170.56,1,19,1,0,0,4222.83,0.75,1302,0,0,0,0,469.0,0,0
T09366,2026-01-07T19:05:00+00:00,U0003,R0112,1825.0,0,19,0,0,1,6104.27,0.3,1486,0,0,0,0,42.0,1,0
T09367,2026-01-07T19:06:00+00:00,U0012,R0482,4262.01,1,19,0,0,0,3773.21,1.13,476,0,0,0,0,75.0,0,0
T09368,2026-01-07T19:07:00+00:00,U0167,R0268,1275.52,1,19,0,0,0,4036.48,0.32,1126,0,0,0,0,483.0,0,0
T09369,2026-01-07T19:08:00+00:00,U0041,R0145,5022.18,1,19,0,0,0,4950.73,1.01,680,0,0,0,0,158.0,0,0
T09370,2026-01-07T19:09:00+00:00,U0180,R0384,8881.75,0,19,0,0,0,4700.47,1.89,793,0,0,0,0,557.0,1,0
T09371,2026-01-07T19:10:00+00:00,U0159,R0276,1139.65,1,19,0,1,0,4735.89,0.24,490,0,0,0,0,811.0,0,0
T09372,2026-01-07T19:11:00+00:00,U0148,R0071,12920.65,1,19,0,0,0,4288.36,3.01,507,0,0,0,0,183.0,0,1
T09373,2026-01-07T19:12:00+00:00,U0075,R0258,2610.01,1,19,0,0,0,3338.92,0.78,86,0,0,0,0,320.0,0,0
T09374,2026-01-07T19:13:00+00:00,U0007,R0006,187.13,1,19,0,0,0,4905.93,0.04,573,0,0,0,0,135.0,0,0
T09375,2026-01-07T19:14:00+00:00,U0028,R0379,3945.53,1,19,0,0,1,3465.52,1.14,1290,0,0,0,0,32.0,0,0
T09376,2026-01-07T19:15:00+00:00,U0020,R0417,5644.53,1,19,1,0,0,3999.3,1.41,1664,0,0,0,0,297.0,0,0
T09377,2026-01-07T19:16:00+00:00,U0059,R0024,1652.4,1,19,0,0,1,5556.68,0.3,75,0,0,0,0,45.0,0,0
T09378,2026-01-07T19:17:00+00:00,U0095,R0467,809.76,1,19,0,0,0,2913.03,0.28,333,0,0,0,0,85.0,0,0
T09379,2026-01-07T19:18:00+00:00,U0122,R0369,4770.47,1,19,0,0,0,3836.22,1.24,1750,0,0,0,0,68.0,0,0
T09380,2026-01-07T19:19:00+00:00,U0183,R0282,5711.38,1,19,0,0,0,4145.87,1.38,827,0,0,0,0,78.0,0,0
T09381,2026-01-07T19:20:00+00:00,U0179,R0149,1274.55,1,19,0,0,0,3394.36,0.38,1145,0,0,0,0,76.0,0,0
T09382,2026-01-07T19:21:00+00:00,U0063,R0119,1270.63,1,19,0,0,0,3665.34,0.35,1621,0,0,0,0,468.0,0,0
T09383,2026-01-07T19:22:00+00:00,U0158,R0442,2081.23,1,19,0,0,0,4453.9,0.47,1865,0,0,0,0,379.0,0,0
T09384,2026-01-07T19:23:00+00:00,U0080,R0282,2465.54,1,19,0,0,0,5346.61,0.46,846,0,0,0,0,139.0,0,0
T09385,2026-01-07T19:24:00+00:00,U0001,R0167,4632.07,1,19,0,0,0,5346.15,0.87,1905,0,0,0,0,103.0,0,0
T09386,2026-01-07T19:25:00+00:00,U0031,R0451,45119.76,1,19,1,0,2,3993.13,11.3,1886,0,0,0,0,26.0,0,1
T09387,2026-01-07T19:26:00+00:00,U0128,R0216,1656.33,1,19,0,0,0,3683.43,0.45,1107,0,0,0,0,144.0,0,0
T09388,2026-01-07T19:27:00+00:00,U0040,R0252,3592.18,1,19,0,0,1,6482.08,0.55,1571,0,0,0,0,52.0,0,0
T09389,2026-01-07T19:28:00+00:00,U0150,R0404,7682.39,1,19,0,0,0,4708.83,1.63,1080,0,0,0,0,281.0,0,0
T09390,2026-01-07T19:29:00+00:00,U0032,R0164,764.24,1,19,0,0,1,3226.19,0.24,1853,0,0,0,0,37.0,0,0
T09391,2026-01-07T19:30:00+00:00,U0142,R0173,1062.35,1,19,0,1,1,3576.17,0.3,1708,0,0,0,0,57.0,0,0
T09392,2026-01-07T19:31:00+00:00,U0196,R0469,1606.84,1,19,0,0,0,4151.12,0.39,219,0,0,0,0,389.0,0,0
T09393,2026-01-07T19:32:00+00:00,U0036,R0280,381.41,1,19,0,0,0,3760.38,0.1,219,0,0,0,0,195.0,0,0
T09394,2026-01-07T19:33:00+00:00,U0115,R0465,1836.72,1,19,0,0,1,3387.51,0.54,579,0,0,0,0,52.0,0,0
T09395,2026-01-07T19:34:00+00:00,U0026,R0069,1358.68,0,19,0,0,0,5365.07,0.25,407,0,0,0,0,74.0,1,0
T09396,2026-01-07T19:35:00+00:00,U0096,R0392,2278.87,1,19,0,0,0,4460.64,0.51,322,0,0,0,0,166.0,0,0
T09397,2026-01-07T19:36:00+00:00,U0130,R0051,2590.34,1,19,0,0,0,5275.39,0.49,708,0,0,0,0,94.0,0,0
T09398,2026-01-07T19:37:00+00:00,U0067,R0080,1583.49,0,19,0,0,0,3297.08,0.48,1381,0,0,0,0,152.0,1,0
T09399,2026-01-07T19:38:00+00:00,U0164,R0024,6823.09,1,19,0,0,0,4485.91,1.52,1150,0,0,0,0,127.0,0,0
T09400,2026-01-07T19:39:00+00:00,U0154,R0237,5016.54,1,19,0,0,0,4172.94,1.2,1010,0,0,0,0,69.0,0,0
T09401,2026-01-07T19:40:00+00:00,U0188,R0197,6148.12,1,19,0,0,0,5197.55,1.18,1681,0,0,0,0,168.0,0,0
T09402,2026-01-07T19:41:00+00:00,U0076,R0403,6110.63,1,19,0,0,0,4386.91,1.39,1540,0,0,0,0,431.0,0,0
T09403,2026-01-07T19:42:00+00:00,U0195,R0378,5605.16,1,19,0,0,0,4754.93,1.18,1578,0,0,0,0,85.0,0,0
T09404,2026-01-07T19:43:00+00:00,U0095,R0396,868.35,1,19,0,0,1,2894.73,0.3,333,0,0,0,0,26.0,0,0
T09405,2026-01-07T19:44:00+00:00,U0198,R0237,4690.34,1,19,0,0,0,5389.48,0.87,1947,0,0,0,0,193.0,0,0
T09406,2026-01-07T19:45:00+00:00,U0010,R0184,10580.75,1,19,1,1,0,3540.66,2.99,1038,0,0,0,0,349.0,0,1
T09407,2026-01-07T19:46:00+00:00,U0027,R0014,4303.3,1,19,0,0,0,5615.78,0.77,1808,0,0,0,0,91.0,0,0
T09408,2026-01-07T19:47:00+00:00,U0016,R0424,2150.55,1,19,0,0,0,4479.24,0.48,1715,0,0,0,0,146.0,0,0
T09409,2026-01-07T19:48:00+00:00,U0032,R0186,5922.81,1,19,0,0,2,3161.4,1.87,1853,0,0,0,0,19.0,0,0
T09410,2026-01-07T19:49:00+00:00,U0068,R0387,1304.33,1,19,0,0,0,3821.11,0.34,98,0,0,0,0,181.0,0,0
T09411,2026-01-07T19:50:00+00:00,U0137,R0329,1444.04,0,19,0,0,0,3268.04,0.44,511,0,0,0,0,355.0,1,0
T09412,2026-01-07T19:51:00+00:00,U0124,R0341,1655.65,1,19,1,0,0,3793.42,0.44,1661,0,0,0,0,369.0,0,0
T09413,2026-01-07T19:52:00+00:00,U0056,R0051,1533.4,1,19,1,0,0,4212.95,0.36,129,0,0,0,0,373.0,0,0
T09414,2026-01-07T19:53:00+00:00,U0079,R0117,4925.32,1,19,0,0,0,3524.41,1.4,128,0,0,0,0,586.0,0,0
T09415,2026-01-07T19:54:00+00:00,U0199,R0096,205.55,1,19,0,0,0,3440.98,0.06,1451,0,0,0,0,125.0,0,0
T09416,2026-01-07T19:55:00+00:00,U0076,R0421,32808.1,1,19,1,0,1,4426.99,7.41,1540,0,0,0,0,14.0,0,1
T09417,2026-01-07T19:56:00+00:00,U0078,R0258,7567.25,1,19,0,0,0,4163.18,1.82,797,0,0,0,0,151.0,0,0
T09418,2026-01-07T19:57:00+00:00,U0181,R0236,426.02,1,19,0,0,0,3604.29,0.12,215,0,0,0,0,91.0,0,0
T09419,2026-01-07T19:58:00+00:00,U0099,R0026,5536.94,1,19,0,0,0,4598.71,1.2,828,0,0,0,0,65.0,0,0
T09420,2026-01-07T19:59:00+00:00,U0045,R0171,28872.52,1,19,0,0,0,4579.1,6.31,1072,0,0,0,0,145.0,0,1
T09421,2026-01-07T20:00:00+00:00,U0193,R0202,663.01,1,20,0,0,0,6577.28,0.1,158,0,0,0,0,151.0,0,0
T09422,2026-01-07T20:01:00+00:00,U0104,R0076,3049.29,1,20,0,0,0,4029.2,0.76,508,0,0,0,0,133.0,0,0
T09423,2026-01-07T20:02:00+00:00,U0048,R0285,2393.64,1,20,0,0,0,4890.48,0.49,453,0,0,0,0,71.0,0,0
T09424,2026-01-07T20:03:00+00:00,U0077,R0024,2641.95,1,20,0,0,1,4185.36,0.63,332,0,0,0,0,60.0,0,0
T09425,2026-01-07T20:04:00+00:00,U0110,R0129,52947.26,0,20,1,0,0,3678.0,14.4,29,0,0,0,0,194.0,1,1
T09426,2026-01-07T20:05:00+00:00,U0115,R0335,1991.43,1,20,0,0,1,3352.27,0.59,579,0,0,0,0,32.0,0,0
T09427,2026-01-07T20:06:00+00:00,U0175,R0106,3125.71,1,20,0,0,0,4378.17,0.71,1375,0,0,0,0,691.0,0,0
T09428,2026-01-07T20:07:00+00:00,U0018,R0441,2591.25,1,20,0,0,0,4852.6,0.53,74,0,0,0,0,213.0,0,0
T09429,2026-01-07T20:08:00+00:00,U0053,R0483,2763.3,1,20,0,0,0,4983.1,0.55,1252,0,0,0,0,104.0,0,0
T09430,2026-01-07T20:09:00+00:00,U0187,R0281,836.28,1,20,0,0,0,4400.58,0.19,1389,0,0,0,0,296.0,0,0
T09431,2026-01-07T20:10:00+00:00,U0103,R0244,7167.64,1,20,0,0,0,3275.91,2.19,145,0,0,0,0,176.0,0,0
T09432,2026-01-07T20:11:00+00:00,U0036,R0184,548.88,1,20,0,0,1,3753.53,0.15,219,0,0,0,0,39.0,0,0
T09433,2026-01-07T20:12:00+00:00,U0056,R0458,8064.62,0,20,0,0,1,4158.27,1.94,129,0,0,0,0,20.0,1,0
T09434,2026-01-07T20:13:00+00:00,U0185,R0259,4573.34,1,20,0,0,0,3511.43,1.3,1483,0,0,0,0,329.0,0,0
T09435,2026-01-07T20:14:00+00:00,U0156,R0027,44268.33,1,20,0,0,0,4251.61,10.41,1027,0,0,0,0,695.0,0,1
T09436,2026-01-07T20:15:00+00:00,U0172,R0356,4860.62,1,20,0,1,0,4747.86,1.02,1447,0,0,0,0,185.0,0,1
T09437,2026-01-07T20:16:00+00:00,U0068,R0265,1835.24,0,20,0,0,1,3833.11,0.48,98,0,0,0,0,27.0,1,0
T09438,2026-01-07T20:17:00+00:00,U0134,R0202,27857.2,1,20,1,1,0,4670.8,5.96,723,0,0,0,0,260.0,0,1
T09439,2026-01-07T20:18:00+00:00,U0060,R0091,5083.66,1,20,0,0,0,4263.69,1.19,1595,0,0,0,0,156.0,0,0
T09440,2026-01-07T20:19:00+00:00,U0086,R0400,285.26,0,20,0,0,0,4584.36,0.06,1686,0,0,0,0,200.0,1,0
T09441,2026-01-07T20:20:00+00:00,U0061,R0133,3994.17,1,20,0,0,0,2842.84,1.4,255,0,0,0,0,174.0,0,0
T09442,2026-01-07T20:21:00+00:00,U0007,R0352,469.81,0,20,0,1,0,4805.53,0.1,573,0,0,0,0,68.0,1,1
T09443,2026-01-07T20:22:00+00:00,U0007,R0352,469.81,0,20,0,1,1,4715.21,0.1,573,1,1,1,1,1.0,2,1
T09444,2026-01-07T20:23:00+00:00,U0007,R0352,469.81,0,20,0,0,2,4628.57,0.1,573,2,2,2,2,1.0,3,1
T09445,2026-01-07T20:24:00+00:00,U0155,R0396,2218.07,1,20,0,0,0,3345.25,0.66,1159,0,0,0,0,172.0,0,0
T09446,2026-01-07T20:25:00+00:00,U0052,R0296,4776.12,1,20,0,0,0,3857.84,1.24,51,0,0,0,0,282.0,0,0
T09447,2026-01-07T20:26:00+00:00,U0022,R0490,3962.94,1,20,0,0,0,6295.29,0.63,887,0,0,0,0,277.0,0,0
T09448,2026-01-07T20:27:00+00:00,U0153,R0438,2440.23,1,20,0,0,0,3223.11,0.76,798,0,0,0,0,565.0,0,0
T09449,2026-01-07T20:28:00+00:00,U0066,R0398,3362.99,1,20,0,0,0,6192.23,0.54,532,0,0,0,0,100.0,0,0
T09450,2026-01-07T20:29:00+00:00,U0050,R0350,2512.99,1,20,0,1,0,3770.58,0.67,682,0,0,0,0,100.0,0,1
T09451,2026-01-07T20:30:00+00:00,U0050,R0350,2512.99,0,20,1,1,1,3735.65,0.67,682,1,1,1,1,1.0,1,1
T09452,2026-01-07T20:31:00+00:00,U0050,R0350,2512.99,0,20,1,0,2,3702.6,0.68,682,2,2,2,2,1.0,2,1
T09453,2026-01-07T20:32:00+00:00,U0083,R0211,2774.5,1,20,0,0,0,6509.31,0.43,313,0,0,0,0,735.0,0,0
T09454,2026-01-07T20:33:00+00:00,U0189,R0243,4204.48,1,20,0,0,0,3990.36,1.05,690,0,0,0,0,91.0,0,0
T09455,2026-01-07T20:34:00+00:00,U0119,R0256,4801.46,1,20,0,0,0,3649.15,1.32,112,0,0,0,0,382.0,0,0
T09456,2026-01-07T20:35:00+00:00,U0089,R0131,203.22,1,20,0,0,0,3577.98,0.06,622,0,0,0,0,252.0,0,0
T09457,2026-01-07T20:36:00+00:00,U0020,R0301,7230.3,1,20,0,0,0,4034.3,1.79,1664,0,0,0,0,81.0,0,0
T09458,2026-01-07T20:37:00+00:00,U0008,R0124,1173.27,1,20,0,0,0,4303.71,0.27,457,0,0,0,0,162.0,0,0
T09459,2026-01-07T20:38:00+00:00,U0135,R0133,4268.64,1,20,0,0,0,5113.21,0.83,1258,0,0,0,0,336.0,0,0
T09460,2026-01-07T20:39:00+00:00,U0047,R0245,3352.38,1,20,0,0,0,5467.78,0.61,957,0,0,0,0,116.0,0,0
T09461,2026-01-07T20:40:00+00:00,U0104,R0384,727.34,1,20,0,0,1,4007.43,0.18,508,0,0,0,0,39.0,0,0
T09462,2026-01-07T20:41:00+00:00,U0117,R0374,4935.29,1,20,0,0,0,3898.84,1.27,876,0,0,0,0,106.0,0,0
T09463,2026-01-07T20:42:00+00:00,U0016,R0362,6249.94,1,20,0,0,1,4422.44,1.41,1715,0,0,0,0,55.0,0,0
T09464,2026-01-07T20:43:00+00:00,U0165,R0076,5130.8,1,20,0,0,0,7409.48,0.69,302,0,0,0,0,363.0,0,0
T09465,2026-01-07T20:44:00+00:00,U0028,R0390,4089.63,1,20,0,0,0,3475.32,1.18,1290,0,0,0,0,90.0,0,0
T09466,2026-01-07T20:45:00+00:00,U0119,R0426,54411.38,1,20,0,0,1,3083.9,17.64,112,0,0,0,0,11.0,0,1
T09467,2026-01-07T20:46:00+00:00,U0126,R0219,8334.17,1,20,0,1,0,4882.81,1.71,1797,0,0,0,0,323.0,0,1
T09468,2026-01-07T20:47:00+00:00,U0126,R0055,1011.25,1,20,0,0,1,4992.26,0.2,1797,1,0,0,0,1.0,0,0
T09469,2026-01-07T20:48:00+00:00,U0015,R0400,423.46,1,20,0,0,0,3445.55,0.12,1206,0,0,0,0,165.0,0,0
T09470,2026-01-07T20:49:00+00:00,U0158,R0453,3791.14,0,20,0,0,0,4435.98,0.85,1865,0,0,0,0,87.0,1,0
T09471,2026-01-07T20:50:00+00:00,U0030,R0148,4837.19,1,20,0,0,0,4423.4,1.09,229,0,0,0,0,508.0,0,0
T09472,2026-01-07T20:51:00+00:00,U0142,R0207,870.0,1,20,0,0,0,3525.89,0.25,1708,0,0,0,0,81.0,0,0
T09473,2026-01-07T20:52:00+00:00,U0060,R0017,363.82,1,20,0,0,1,4284.71,0.08,1595,0,0,0,0,34.0,0,0
T09474,2026-01-07T20:53:00+00:00,U0027,R0428,1440.03,1,20,1,0,0,5584.53,0.26,1808,0,0,0,0,67.0,0,1
T09475,2026-01-07T20:54:00+00:00,U0149,R0005,8105.92,1,20,0,0,0,3788.94,2.14,1912,0,0,0,0,310.0,0,0
T09476,2026-01-07T20:55:00+00:00,U0046,R0096,1276.85,1,20,0,0,0,3733.48,0.34,854,0,0,0,0,190.0,0,0
T09477,2026-01-07T20:56:00+00:00,U0047,R0383,4870.15,1,20,0,0,1,5418.59,0.9,957,0,0,0,0,17.0,0,0
T09478,2026-01-07T20:57:00+00:00,U0146,R0407,9450.61,1,20,0,0,0,3715.04,2.54,1480,0,0,0,0,320.0,0,0
T09479,2026-01-07T20:58:00+00:00,U0025,R0456,352.98,1,20,0,0,0,3763.23,0.09,1745,0,0,0,0,286.0,0,0
T09480,2026-01-07T20:59:00+00:00,U0174,R0204,824.44,1,20,0,0,0,4996.97,0.16,1108,0,0,0,0,143.0,0,0
T09481,2026-01-07T21:00:00+00:00,U0020,R0032,6226.62,1,21,0,1,1,4100.88,1.52,1664,0,0,0,0,24.0,0,0
T09482,2026-01-07T21:01:00+00:00,U0007,R0445,459.28,1,21,0,0,3,4545.39,0.1,573,0,0,0,0,38.0,0,0
T09483,2026-01-07T21:02:00+00:00,U0119,R0453,7733.44,1,21,0,0,2,4074.87,1.9,112,0,0,0,0,17.0,0,0
T09484,2026-01-07T21:03:00+00:00,U0005,R0472,2129.79,1,21,0,0,0,4359.74,0.49,1114,0,0,0,0,274.0,0,0
T09485,2026-01-07T21:04:00+00:00,U0021,R0205,659.97,1,21,0,0,0,6343.88,0.1,486,0,0,0,0,224.0,0,0
T09486,2026-01-07T21:05:00+00:00,U0115,R0455,1516.55,1,21,0,0,1,3322.03,0.46,579,0,0,0,0,60.0,0,0
T09487,2026-01-07T21:06:00+00:00,U0088,R0351,2278.8,1,21,0,0,0,5446.6,0.42,1812,0,0,0,0,542.0,0,0
T09488,2026-01-07T21:07:00+00:00,U0009,R0150,44656.11,1,21,1,1,0,3287.84,13.58,1744,0,0,0,0,140.0,0,1
T09489,2026-01-07T21:08:00+00:00,U0054,R0095,2841.99,1,21,0,0,0,4492.16,0.63,712,0,0,0,0,179.0,0,0
T09490,2026-01-07T21:09:00+00:00,U0118,R0094,737.46,1,21,0,0,0,3888.24,0.19,635,0,0,0,0,735.0,0,0
T09491,2026-01-07T21:10:00+00:00,U0072,R0193,6269.54,1,21,0,0,0,2901.92,2.16,1208,0,0,0,0,304.0,0,0
T09492,2026-01-07T21:11:00+00:00,U0029,R0442,34753.29,1,21,1,0,0,4079.15,8.52,316,0,0,0,0,221.0,0,1
T09493,2026-01-07T21:12:00+00:00,U0041,R0289,489.8,1,21,0,0,0,5005.68,0.1,680,0,0,0,0,124.0,0,0
T09494,2026-01-07T21:13:00+00:00,U0114,R0222,1817.86,1,21,0,0,0,5028.74,0.36,447,0,0,0,0,136.0,0,0
T09495,2026-01-07T21:14:00+00:00,U0143,R0003,20077.93,1,21,0,1,0,3147.08,6.38,194,0,0,0,0,369.0,0,1
T09496,2026-01-07T21:15:00+00:00,U0145,R0017,2733.44,1,21,1,0,0,3861.35,0.71,94,0,0,0,0,279.0,0,0
T09497,2026-01-07T21:16:00+00:00,U0194,R0476,2335.06,1,21,0,0,0,5005.16,0.47,1773,0,0,0,0,483.0,0,0
T09498,2026-01-07T21:17:00+00:00,U0016,R0081,1293.9,1,21,0,0,1,4465.96,0.29,1715,0,0,0,0,35.0,0,0
T09499,2026-01-07T21:18:00+00:00,U0158,R0374,2001.26,1,21,0,0,1,4488.47,0.45,1865,0,0,0,0,29.0,0,0
T09500,2026-01-07T21:19:00+00:00,U0141,R0167,2388.26,1,21,0,0,0,3375.08,0.71,113,0,0,0,0,154.0,0,0
T09501,2026-01-07T21:20:00+00:00,U0155,R0113,1609.68,1,21,0,0,1,3319.04,0.48,1159,0,0,0,0,56.0,0,0
T09502,2026-01-07T21:21:00+00:00,U0058,R0066,4540.48,1,21,0,0,0,3611.72,1.26,1080,0,0,0,0,176.0,0,0
T09503,2026-01-07T21:22:00+00:00,U0041,R0389,2865.74,1,21,0,0,1,4976.63,0.58,680,1,0,0,0,10.0,0,0
T09504,2026-01-07T21:23:00+00:00,U0139,R0441,6908.35,1,21,0,0,0,4099.65,1.69,1504,0,0,0,0,427.0,0,0
T09505,2026-01-07T21:24:00+00:00,U0147,R0061,6412.45,1,21,0,0,0,4570.6,1.4,1663,0,0,0,0,323.0,0,0
T09506,2026-01-07T21:25:00+00:00,U0057,R0179,581.28,1,21,0,0,0,6409.42,0.09,459,0,0,0,0,286.0,0,0
T09507,2026-01-07T21:26:00+00:00,U0077,R0500,3197.75,1,21,0,0,0,4149.47,0.77,332,0,0,0,0,83.0,0,0
T09508,2026-01-07T21:27:00+00:00,U0110,R0031,786.36,1,21,1,0,0,4749.07,0.17,29,0,0,0,0,83.0,0,0
T09509,2026-01-07T21:28:00+00:00,U0111,R0368,5746.99,1,21,0,0,0,4735.99,1.21,877,0,0,0,0,838.0,0,0
T09510,2026-01-07T21:29:00+00:00,U0102,R0331,42945.25,1,21,0,1,0,3783.18,11.35,1474,0,0,0,0,292.0,0,1
T09511,2026-01-07T21:30:00+00:00,U0044,R0233,544.06,1,21,0,0,0,4365.49,0.12,1950,0,0,0,0,398.0,0,0
T09512,2026-01-07T21:31:00+00:00,U0142,R0330,2192.21,1,21,0,1,1,3511.27,0.62,1708,0,0,0,0,40.0,0,0
T09513,2026-01-07T21:32:00+00:00,U0053,R0302,1905.47,1,21,0,0,0,4932.65,0.39,1252,0,0,0,0,84.0,0,0
T09514,2026-01-07T21:33:00+00:00,U0160,R0384,2650.61,1,21,0,0,0,4585.49,0.58,214,0,0,0,0,207.0,0,0
T09515,2026-01-07T21:34:00+00:00,U0096,R0012,4988.75,1,21,0,0,0,4403.22,1.13,322,0,0,0,0,119.0,0,0
T09516,2026-01-07T21:35:00+00:00,U0001,R0259,1958.86,1,21,0,1,0,5330.28,0.37,1905,0,0,0,0,131.0,0,0
T09517,2026-01-07T21:36:00+00:00,U0112,R0155,4091.03,1,21,0,0,0,3240.21,1.26,939,0,0,0,0,659.0,0,0
T09518,2026-01-07T21:37:00+00:00,U0108,R0384,493.89,1,21,0,0,0,3884.92,0.13,1935,0,0,0,0,230.0,0,0
T09519,2026-01-07T21:38:00+00:00,U0094,R0386,1390.01,1,21,0,0,0,2827.3,0.49,768,0,0,0,0,158.0,0,0
T09520,2026-01-07T21:39:00+00:00,U0006,R0087,845.8,1,21,0,0,0,6035.68,0.14,1386,0,0,0,0,360.0,0,0
T09521,2026-01-07T21:40:00+00:00,U0003,R0341,1485.84,1,21,0,0,0,6002.38,0.25,1486,0,0,0,0,155.0,0,0
T09522,2026-01-07T21:41:00+00:00,U0027,R0290,2135.92,0,21,0,0,1,5488.14,0.39,1808,0,0,0,0,48.0,1,0
T09523,2026-01-07T21:42:00+00:00,U0044,R0305,4195.16,1,21,0,0,1,4269.95,0.98,1950,0,0,0,0,12.0,0,0
T09524,2026-01-07T21:43:00+00:00,U0048,R0396,3092.49,1,21,0,0,0,4837.36,0.64,453,0,0,0,0,101.0,0,0
T09525,2026-01-07T21:44:00+00:00,U0096,R0398,4636.12,1,21,0,0,1,4418.24,1.05,322,1,0,0,0,10.0,0,0
T09526,2026-01-07T21:45:00+00:00,U0077,R0452,2047.89,1,21,0,0,1,4127.84,0.5,332,0,0,0,0,19.0,0,0
T09527,2026-01-07T21:46:00+00:00,U0159,R0017,8978.82,1,21,0,0,0,4659.38,1.93,490,0,0,0,0,156.0,0,1
T09528,2026-01-07T21:47:00+00:00,U0139,R0294,1495.81,0,21,0,0,1,4216.17,0.35,1504,0,0,0,0,24.0,3,0
T09529,2026-01-07T21:48:00+00:00,U0150,R0116,8713.7,1,21,0,0,0,4777.98,1.82,1080,0,0,0,0,140.0,0,0
T09530,2026-01-07T21:49:00+00:00,U0041,R0179,840.61,1,21,0,0,2,4963.16,0.17,680,0,0,0,0,27.0,0,0
T09531,2026-01-07T21:50:00+00:00,U0064,R0106,1407.76,1,21,0,0,0,4290.06,0.33,1159,0,0,0,0,567.0,0,0
T09532,2026-01-07T21:51:00+00:00,U0043,R0126,3828.34,1,21,0,0,0,3869.21,0.99,1004,0,0,0,0,204.0,0,0
T09533,2026-01-07T21:52:00+00:00,U0011,R0079,724.03,1,21,0,0,0,3624.76,0.2,177,0,0,0,0,395.0,0,0
T09534,2026-01-07T21:53:00+00:00,U0167,R0413,1926.86,1,21,0,0,0,4032.91,0.48,1126,0,0,0,0,166.0,0,0
T09535,2026-01-07T21:54:00+00:00,U0016,R0059,14670.06,1,21,1,0,1,4392.19,3.34,1715,0,0,0,0,37.0,0,1
T09536,2026-01-07T21:55:00+00:00,U0187,R0116,1668.56,1,21,0,0,0,4324.74,0.39,1389,0,0,0,0,106.0,0,0
T09537,2026-01-07T21:56:00+00:00,U0073,R0169,5801.99,1,21,1,0,0,5550.18,1.05,1369,0,0,0,0,260.0,0,1
T09538,2026-01-07T21:57:00+00:00,U0175,R0460,7262.12,1,21,0,0,0,4349.7,1.67,1375,0,0,0,0,111.0,0,0
T09539,2026-01-07T21:58:00+00:00,U0104,R0298,2251.28,1,21,0,0,0,3936.12,0.57,508,0,0,0,0,78.0,0,0
T09540,2026-01-07T21:59:00+00:00,U0142,R0414,1743.12,1,21,0,0,1,3529.98,0.49,1708,0,0,0,0,28.0,0,0
T09541,2026-01-07T22:00:00+00:00,U0178,R0402,7094.46,1,22,0,0,0,3303.77,2.15,1860,0,0,0,0,487.0,0,0
T09542,2026-01-07T22:01:00+00:00,U0050,R0387,7560.34,1,22,0,0,0,3671.3,2.06,682,0,0,0,0,90.0,0,0
T09543,2026-01-07T22:02:00+00:00,U0050,R0449,2325.17,1,22,0,0,1,3771.01,0.62,682,1,0,0,0,1.0,0,0
T09544,2026-01-07T22:03:00+00:00,U0064,R0202,2680.58,0,22,0,0,1,4152.39,0.65,1159,0,0,0,0,13.0,4,0
T09545,2026-01-07T22:04:00+00:00,U0152,R0219,5624.99,1,22,0,0,0,4430.89,1.27,1711,0,0,0,0,650.0,0,0
T09546,2026-01-07T22:05:00+00:00,U0138,R0014,588.39,1,22,0,0,0,5064.65,0.12,1898,0,0,0,0,568.0,0,0
T09547,2026-01-07T22:06:00+00:00,U0192,R0380,1094.8,1,22,0,0,0,4009.35,0.27,887,0,0,0,0,234.0,0,0
T09548,2026-01-07T22:07:00+00:00,U0166,R0119,7862.99,1,22,0,0,0,4381.28,1.79,1257,0,0,0,0,368.0,0,0
T09549,2026-01-07T22:08:00+00:00,U0069,R0386,4414.94,1,22,0,0,0,4008.32,1.1,1754,0,0,0,0,355.0,0,0
T09550,2026-01-07T22:09:00+00:00,U0042,R0451,1341.66,1,22,0,0,0,3890.29,0.34,914,0,0,0,0,276.0,0,0
T09551,2026-01-07T22:10:00+00:00,U0114,R0400,642.47,0,22,0,0,1,5051.68,0.13,447,0,0,0,0,57.0,1,0
T09552,2026-01-07T22:11:00+00:00,U0154,R0202,2784.2,1,22,0,0,0,4194.03,0.66,1010,0,0,0,0,152.0,0,0
T09553,2026-01-07T22:12:00+00:00,U0157,R0308,3070.79,1,22,0,0,0,5821.31,0.53,793,0,0,0,0,399.0,0,0
T09554,2026-01-07T22:13:00+00:00,U0015,R0061,1930.17,1,22,0,0,0,3353.97,0.58,1206,0,0,0,0,85.0,0,0
T09555,2026-01-07T22:14:00+00:00,U0128,R0206,6887.51,1,22,0,0,0,3670.06,1.88,1107,0,0,0,0,168.0,0,0
T09556,2026-01-07T22:15:00+00:00,U0124,R0236,1504.42,1,22,0,0,0,3737.17,0.4,1661,0,0,0,0,144.0,0,0
T09557,2026-01-07T22:16:00+00:00,U0096,R0143,1500.73,1,22,0,0,2,4423.68,0.34,322,0,0,0,0,32.0,0,0
T09558,2026-01-07T22:17:00+00:00,U0004,R0197,1453.46,1,22,0,0,0,4208.09,0.35,1108,0,0,0,0,213.0,0,0
T09559,2026-01-07T22:18:00+00:00,U0199,R0444,261.68,1,22,0,0,0,3362.07,0.08,1451,0,0,0,0,144.0,0,0
T09560,2026-01-07T22:19:00+00:00,U0024,R0290,1392.28,1,22,0,0,0,4100.74,0.34,1553,0,0,0,0,381.0,0,0
T09561,2026-01-07T22:20:00+00:00,U0115,R0176,1450.48,1,22,0,0,0,3282.78,0.44,579,0,0,0,0,75.0,0,0
T09562,2026-01-07T22:21:00+00:00,U0026,R0301,2032.87,1,22,0,0,0,5274.92,0.39,407,0,0,0,0,167.0,0,0
T09563,2026-01-07T22:22:00+00:00,U0102,R0229,1325.93,1,22,0,0,1,4631.89,0.29,1474,0,0,0,0,53.0,0,0
T09564,2026-01-07T22:23:00+00:00,U0059,R0052,493.2,1,22,1,0,0,5465.89,0.09,75,0,0,0,0,187.0,0,0
T09565,2026-01-07T22:24:00+00:00,U0060,R0370,2598.59,1,22,0,0,0,4186.69,0.62,1595,0,0,0,0,92.0,0,0
T09566,2026-01-07T22:25:00+00:00,U0109,R0438,2058.63,1,22,0,0,0,5190.81,0.4,579,0,0,0,0,554.0,0,0
T09567,2026-01-07T22:26:00+00:00,U0122,R0164,32703.31,1,22,1,0,0,3910.07,8.36,1750,0,0,0,0,188.0,0,1
T09568,2026-01-07T22:27:00+00:00,U0131,R0323,5823.94,1,22,0,0,0,5621.32,1.04,1810,0,0,0,0,309.0,0,0
T09569,2026-01-07T22:28:00+00:00,U0065,R0197,701.23,1,22,0,0,0,4732.24,0.15,1869,0,0,0,0,230.0,0,0
T09570,2026-01-07T22:29:00+00:00,U0037,R0360,5325.89,1,22,0,0,0,3304.42,1.61,132,0,0,0,0,208.0,0,0
T09571,2026-01-07T22:30:00+00:00,U0159,R0218,1639.16,1,22,0,0,1,4749.37,0.35,490,0,0,0,0,44.0,0,0
T09572,2026-01-07T22:31:00+00:00,U0197,R0118,13458.65,1,22,0,0,0,4181.83,3.22,274,0,0,0,0,294.0,0,1
T09573,2026-01-07T22:32:00+00:00,U0147,R0304,16067.81,1,22,0,0,0,4628.84,3.47,1663,0,0,0,0,68.0,0,1
T09574,2026-01-07T22:33:00+00:00,U0190,R0451,6053.79,0,22,0,0,0,3389.23,1.79,1087,0,0,0,0,407.0,1,0
T09575,2026-01-07T22:34:00+00:00,U0069,R0162,1631.79,1,22,0,0,1,4016.62,0.41,1754,0,0,0,0,26.0,0,0
T09576,2026-01-07T22:35:00+00:00,U0070,R0032,3216.35,1,22,0,0,0,4626.11,0.7,664,0,0,0,0,385.0,0,0
T09577,2026-01-07T22:36:00+00:00,U0181,R0055,1825.02,1,22,0,0,0,3530.38,0.52,215,0,0,0,0,159.0,0,0
T09578,2026-01-07T22:37:00+00:00,U0177,R0118,43356.74,1,22,0,0,0,6976.25,6.21,315,0,0,0,0,381.0,0,1
T09579,2026-01-07T22:38:00+00:00,U0091,R0006,3625.56,1,22,0,0,0,3676.21,0.99,823,0,0,0,0,628.0,0,0
T09580,2026-01-07T22:39:00+00:00,U0070,R0108,3812.27,1,22,0,0,1,4593.32,0.83,664,1,0,0,0,4.0,0,0
T09581,2026-01-07T22:40:00+00:00,U0036,R0052,2166.74,1,22,0,0,0,3685.66,0.59,219,0,0,0,0,149.0,0,0
T09582,2026-01-07T22:41:00+00:00,U0027,R0154,4309.35,1,22,0,0,1,5411.96,0.8,1808,0,0,0,0,60.0,0,0
T09583,2026-01-07T22:42:00+00:00,U0013,R0265,5285.15,1,22,0,0,0,5360.9,0.99,869,0,0,0,0,275.0,0,0
T09584,2026-01-07T22:43:00+00:00,U0125,R0470,1490.91,1,22,0,0,0,4418.61,0.34,499,0,0,0,0,617.0,0,0
T09585,2026-01-07T22:44:00+00:00,U0164,R0072,3822.6,1,22,0,0,0,4536.72,0.84,1150,0,0,0,0,186.0,0,0
T09586,2026-01-07T22:45:00+00:00,U0155,R0499,4080.79,1,22,0,0,0,3280.19,1.24,1159,0,0,0,0,85.0,0,0
T09587,2026-01-07T22:46:00+00:00,U0178,R0380,7456.3,1,22,0,0,1,3289.34,2.27,1860,0,0,0,0,46.0,0,0
T09588,2026-01-07T22:47:00+00:00,U0034,R0079,5819.14,1,22,0,0,0,4446.66,1.31,1925,0,0,0,0,332.0,0,0
T09589,2026-01-07T22:48:00+00:00,U0129,R0280,895.35,1,22,0,0,0,3870.24,0.23,375,0,0,0,0,304.0,0,0
T09590,2026-01-07T22:49:00+00:00,U0066,R0322,2892.86,1,22,0,1,0,6109.01,0.47,532,0,0,0,0,141.0,0,0
T09591,2026-01-07T22:50:00+00:00,U0083,R0359,1099.95,1,22,1,0,0,6426.32,0.17,313,0,0,0,0,138.0,0,0
T09592,2026-01-07T22:51:00+00:00,U0029,R0303,2024.87,1,22,0,0,0,4731.8,0.43,316,0,0,0,0,100.0,0,0
T09593,2026-01-07T22:52:00+00:00,U0002,R0155,4947.51,1,22,0,0,0,3967.49,1.25,1660,0,0,0,0,623.0,0,0
T09594,2026-01-07T22:53:00+00:00,U0124,R0253,6106.86,0,22,0,0,1,3679.92,1.66,1661,0,0,0,0,38.0,1,0
T09595,2026-01-07T22:54:00+00:00,U0127,R0325,423.55,1,22,0,0,0,2714.27,0.16,675,0,0,0,0,511.0,0,0
T09596,2026-01-07T22:55:00+00:00,U0148,R0102,4792.79,1,22,0,0,0,4440.44,1.08,507,0,0,0,0,224.0,0,0
T09597,2026-01-07T22:56:00+00:00,U0061,R0388,6798.89,1,22,0,1,0,2869.61,2.37,255,0,0,0,0,156.0,0,0
T09598,2026-01-07T22:57:00+00:00,U0151,R0286,1029.97,1,22,0,0,0,5301.78,0.19,1656,0,0,0,0,260.0,0,0
T09599,2026-01-07T22:58:00+00:00,U0025,R0184,3703.12,0,22,0,0,0,3673.49,1.01,1745,0,0,0,0,120.0,1,0
T09600,2026-01-07T22:59:00+00:00,U0015,R0085,884.87,1,22,0,0,1,3312.09,0.27,1206,0,0,0,0,46.0,0,0
T09601,2026-01-07T23:00:00+00:00,U0184,R0278,5199.81,1,23,1,0,0,3276.05,1.59,327,0,0,0,0,282.0,0,1
T09602,2026-01-07T23:01:00+00:00,U0111,R0141,8885.02,1,23,0,0,0,4760.06,1.87,877,0,0,0,0,93.0,0,0
T09603,2026-01-07T23:02:00+00:00,U0134,R0171,573.82,1,23,0,0,0,5143.99,0.11,723,0,0,0,0,165.0,0,0
T09604,2026-01-07T23:03:00+00:00,U0092,R0377,6311.02,1,23,0,0,0,5579.2,1.13,892,0,0,0,0,397.0,0,0
T09605,2026-01-07T23:04:00+00:00,U0050,R0425,5064.63,1,23,0,0,0,3734.87,1.36,682,0,0,0,0,62.0,0,0
T09606,2026-01-07T23:05:00+00:00,U0044,R0499,1418.39,1,23,0,0,0,4268.13,0.33,1950,0,0,0,0,83.0,0,0
T09607,2026-01-07T23:06:00+00:00,U0180,R0224,1773.41,1,23,0,0,0,4814.83,0.37,793,0,0,0,0,237.0,0,0
T09608,2026-01-07T23:07:00+00:00,U0123,R0070,876.72,1,23,0,0,0,2701.05,0.32,832,0,0,0,0,729.0,0,0
T09609,2026-01-07T23:08:00+00:00,U0045,R0010,14692.52,1,23,0,1,0,5064.97,2.9,1072,0,0,0,0,189.0,0,1
T09610,2026-01-07T23:09:00+00:00,U0069,R0204,5275.23,1,23,0,0,1,3968.92,1.33,1754,0,0,0,0,35.0,0,0
T09611,2026-01-07T23:10:00+00:00,U0169,R0300,1538.96,1,23,0,0,0,3713.79,0.41,1949,0,0,0,0,335.0,0,0
T09612,2026-01-07T23:11:00+00:00,U0093,R0157,1576.34,1,23,0,0,0,5926.36,0.27,403,0,0,0,0,545.0,0,0
T09613,2026-01-07T23:12:00+00:00,U0200,R0327,630.34,1,23,0,0,0,3911.11,0.16,1096,0,0,0,0,278.0,0,0
T09614,2026-01-07T23:13:00+00:00,U0189,R0192,34042.84,1,23,0,1,0,3995.02,8.52,690,0,0,0,0,160.0,0,1
T09615,2026-01-07T23:14:00+00:00,U0150,R0201,744.88,1,23,0,0,0,4867.43,0.15,1080,0,0,0,0,86.0,0,0
T09616,2026-01-07T23:15:00+00:00,U0041,R0089,3117.29,1,23,0,0,0,4929.17,0.63,680,0,0,0,0,86.0,0,0
T09617,2026-01-07T23:16:00+00:00,U0090,R0005,5579.68,1,23,0,0,0,2934.07,1.9,150,0,0,0,0,363.0,0,0
T09618,2026-01-07T23:17:00+00:00,U0137,R0094,1274.89,1,23,0,0,0,3228.39,0.39,511,0,0,0,0,207.0,0,0
T09619,2026-01-07T23:18:00+00:00,U0170,R0479,8341.99,1,23,0,0,0,5775.7,1.44,1804,0,0,0,0,721.0,0,0
T09620,2026-01-07T23:19:00+00:00,U0044,R0388,1313.46,1,23,0,0,1,4200.28,0.31,1950,0,0,0,0,14.0,0,0
T09621,2026-01-07T23:20:00+00:00,U0077,R0229,1872.56,1,23,0,0,0,4081.62,0.46,332,0,0,0,0,95.0,0,0
T09622,2026-01-07T23:21:00+00:00,U0106,R0097,5357.73,1,23,0,0,0,4304.08,1.24,1381,0,0,0,0,414.0,0,0
T09623,2026-01-07T23:22:00+00:00,U0065,R0451,326.1,1,23,0,0,1,4638.5,0.07,1869,0,0,0,0,54.0,0,0
T09624,2026-01-07T23:23:00+00:00,U0004,R0047,1717.86,1,23,0,0,0,4144.02,0.41,1108,0,0,0,0,66.0,0,0
T09625,2026-01-07T23:24:00+00:00,U0044,R0406,1449.08,1,23,0,0,2,4133.14,0.35,1950,1,0,0,0,5.0,0,0
T09626,2026-01-07T23:25:00+00:00,U0071,R0045,1349.7,1,23,0,0,0,5962.19,0.23,17,0,0,0,0,317.0,0,0
T09627,2026-01-07T23:26:00+00:00,U0147,R0090,1569.27,0,23,0,0,1,4834.5,0.32,1663,0,0,0,0,54.0,3,0
T09628,2026-01-07T23:27:00+00:00,U0004,R0311,1630.47,0,23,0,0,1,4088.88,0.4,1108,1,0,0,0,4.0,1,0
T09629,2026-01-07T23:28:00+00:00,U0107,R0202,1434.9,1,23,0,0,0,5016.12,0.29,1230,0,0,0,0,296.0,0,0
T09630,2026-01-07T23:29:00+00:00,U0178,R0228,4073.32,1,23,0,0,1,3388.5,1.2,1860,0,0,0,0,43.0,0,1
T09631,2026-01-07T23:30:00+00:00,U0105,R0205,1305.75,1,23,0,0,0,4139.2,0.32,203,0,0,0,0,373.0,0,0
T09632,2026-01-07T23:31:00+00:00,U0088,R0424,2713.6,1,23,0,0,0,5310.89,0.51,1812,0,0,0,0,145.0,0,1
T09633,2026-01-07T23:32:00+00:00,U0088,R0424,2713.6,0,23,1,1,1,5316.09,0.51,1812,1,1,1,1,1.0,1,1
T09634,2026-01-07T23:33:00+00:00,U0088,R0424,2713.6,0,23,1,1,2,5343.79,0.51,1812,2,2,2,2,1.0,2,1
T09635,2026-01-07T23:34:00+00:00,U0149,R0185,3643.71,1,23,1,0,0,3889.34,0.94,1912,0,0,0,0,160.0,0,0
T09636,2026-01-07T23:35:00+00:00,U0048,R0035,5694.49,1,23,0,0,0,4801.0,1.19,453,0,0,0,0,112.0,0,0
T09637,2026-01-07T23:36:00+00:00,U0073,R0332,4809.41,1,23,0,0,0,5555.32,0.87,1369,0,0,0,0,100.0,0,0
T09638,2026-01-07T23:37:00+00:00,U0184,R0119,6199.99,1,23,0,0,1,3334.34,1.86,327,0,0,0,0,37.0,0,0
T09639,2026-01-07T23:38:00+00:00,U0013,R0378,2265.83,1,23,0,0,1,5359.22,0.42,869,0,0,0,0,56.0,0,0
T09640,2026-01-07T23:39:00+00:00,U0148,R0113,7541.95,1,23,0,0,1,4502.03,1.68,507,0,0,0,0,44.0,0,0
T09641,2026-01-07T23:40:00+00:00,U0196,R0103,1985.59,1,23,0,0,0,4089.07,0.49,219,0,0,0,0,249.0,0,0
T09642,2026-01-07T23:41:00+00:00,U0046,R0069,3469.19,1,23,0,0,0,3712.36,0.93,854,0,0,0,0,166.0,0,0
T09643,2026-01-07T23:42:00+00:00,U0119,R0048,3650.58,1,23,0,0,0,4141.49,0.88,112,0,0,0,0,160.0,0,0
T09644,2026-01-07T23:43:00+00:00,U0152,R0114,9877.7,0,23,0,0,0,4457.42,2.22,1711,0,0,0,0,99.0,1,0
T09645,2026-01-07T23:44:00+00:00,U0002,R0356,6400.82,1,23,0,0,1,3988.8,1.6,1660,0,0,0,0,52.0,0,0
T09646,2026-01-07T23:45:00+00:00,U0006,R0478,2239.02,1,23,0,0,0,5914.98,0.38,1386,0,0,0,0,126.0,0,0
T09647,2026-01-07T23:46:00+00:00,U0119,R0249,1234.79,0,23,0,0,1,4044.55,0.31,112,1,0,0,0,4.0,2,0
T09648,2026-01-07T23:47:00+00:00,U0083,R0205,1689.29,1,23,0,0,1,6310.53,0.27,313,0,0,0,0,57.0,0,0
T09649,2026-01-07T23:48:00+00:00,U0029,R0473,8844.31,1,23,1,1,1,4675.4,1.89,316,0,0,0,0,57.0,0,1
T09650,2026-01-07T23:49:00+00:00,U0108,R0426,9727.91,1,23,1,0,0,3809.56,2.55,1935,0,0,0,0,132.0,0,1
T09651,2026-01-07T23:50:00+00:00,U0122,R0500,396.48,1,23,0,0,0,4504.55,0.09,1750,0,0,0,0,84.0,0,0
T09652,2026-01-07T23:51:00+00:00,U0034,R0201,1582.2,1,23,0,0,0,4474.67,0.35,1925,0,0,0,0,64.0,0,0
T09653,2026-01-07T23:52:00+00:00,U0182,R0270,5972.99,1,23,0,0,0,4690.61,1.27,269,0,0,0,0,374.0,0,0
T09654,2026-01-07T23:53:00+00:00,U0091,R0006,7105.23,0,23,0,0,0,3675.16,1.93,823,0,0,0,0,75.0,1,0
T09655,2026-01-07T23:54:00+00:00,U0084,R0117,2313.97,1,23,0,0,0,3231.63,0.72,1583,0,0,0,0,793.0,0,0
T09656,2026-01-07T23:55:00+00:00,U0052,R0139,9213.94,1,23,0,0,0,3877.8,2.38,51,0,0,0,0,210.0,0,0
T09657,2026-01-07T23:56:00+00:00,U0114,R0423,47166.21,0,23,1,1,0,5024.9,9.39,447,0,0,0,0,106.0,1,1
T09658,2026-01-07T23:57:00+00:00,U0038,R0439,2432.13,1,23,0,0,0,3685.67,0.66,400,0,0,0,0,513.0,0,0
T09659,2026-01-07T23:58:00+00:00,U0029,R0106,647.31,1,23,0,0,1,4760.48,0.14,316,1,0,0,0,10.0,0,0
T09660,2026-01-07T23:59:00+00:00,U0051,R0403,6717.53,0,23,0,0,0,4949.68,1.36,60,0,0,0,0,380.0,1,0
T09661,2026-01-08T00:00:00+00:00,U0004,R0330,891.11,0,0,0,0,2,4034.25,0.22,1108,0,0,0,0,33.0,1,0
T09662,2026-01-08T00:01:00+00:00,U0159,R0133,820.48,1,0,1,0,0,4685.89,0.18,490,0,0,0,0,91.0,0,0
T09663,2026-01-08T00:02:00+00:00,U0024,R0495,269.76,1,0,0,0,0,4111.47,0.07,1553,0,0,0,0,103.0,0,0
T09664,2026-01-08T00:03:00+00:00,U0036,R0481,6573.39,1,0,0,0,0,3656.91,1.8,219,0,0,0,0,83.0,0,0
T09665,2026-01-08T00:04:00+00:00,U0026,R0200,2072.71,1,0,0,0,0,5172.39,0.4,407,0,0,0,0,103.0,0,0
T09666,2026-01-08T00:05:00+00:00,U0074,R0060,3235.78,1,0,0,0,0,2985.21,1.08,589,0,0,0,0,466.0,0,0
T09667,2026-01-08T00:06:00+00:00,U0051,R0236,120.65,1,0,0,0,1,4990.79,0.02,60,1,0,0,0,7.0,0,0
T09668,2026-01-08T00:07:00+00:00,U0121,R0338,954.09,0,0,0,0,0,5066.37,0.19,418,0,0,0,0,311.0,1,0
T09669,2026-01-08T00:08:00+00:00,U0134,R0186,3051.03,1,0,0,0,0,5052.59,0.6,723,0,0,0,0,66.0,0,0
T09670,2026-01-08T00:09:00+00:00,U0108,R0458,1602.7,1,0,0,0,1,3938.22,0.41,1935,0,0,0,0,20.0,0,0
T09671,2026-01-08T00:10:00+00:00,U0009,R0217,4993.23,1,0,0,0,0,4436.96,1.13,1744,0,0,0,0,183.0,0,0
T09672,2026-01-08T00:11:00+00:00,U0054,R0405,2708.92,1,0,1,0,0,4473.05,0.61,712,0,0,0,0,183.0,0,0
T09673,2026-01-08T00:12:00+00:00,U0075,R0093,3190.74,1,0,0,0,0,3323.07,0.96,86,0,0,0,0,300.0,0,0
T09674,2026-01-08T00:13:00+00:00,U0012,R0420,5955.51,1,0,0,1,0,3783.83,1.57,476,0,0,0,0,307.0,0,0
T09675,2026-01-08T00:14:00+00:00,U0110,R0415,3043.89,1,0,1,0,0,4664.76,0.65,29,0,0,0,0,167.0,0,0
T09676,2026-01-08T00:15:00+00:00,U0084,R0440,1339.81,1,0,0,0,1,3202.06,0.42,1583,0,0,0,0,21.0,0,0
T09677,2026-01-08T00:16:00+00:00,U0131,R0282,6845.04,1,0,0,1,0,5625.82,1.22,1810,0,0,0,0,109.0,0,0
T09678,2026-01-08T00:17:00+00:00,U0023,R0428,8561.07,1,0,0,0,0,3017.06,2.84,1815,0,0,0,0,450.0,0,0
T09679,2026-01-08T00:18:00+00:00,U0159,R0316,2635.69,1,0,0,0,1,4608.58,0.57,490,0,0,0,0,17.0,0,0
T09680,2026-01-08T00:19:00+00:00,U0045,R0154,1475.87,1,0,0,0,0,5344.94,0.28,1072,0,0,0,0,71.0,0,0
T09681,2026-01-08T00:20:00+00:00,U0011,R0452,5849.04,1,0,0,0,0,3527.63,1.66,177,0,0,0,0,148.0,0,0
T09682,2026-01-08T00:21:00+00:00,U0144,R0113,1060.82,1,0,0,0,0,4378.45,0.24,685,0,0,0,0,669.0,0,0
T09683,2026-01-08T00:22:00+00:00,U0069,R0396,3266.68,1,0,0,0,0,3955.03,0.83,1754,0,0,0,0,73.0,0,0
T09684,2026-01-08T00:23:00+00:00,U0197,R0255,4946.04,1,0,0,0,0,4371.15,1.13,274,0,0,0,0,112.0,0,0
T09685,2026-01-08T00:24:00+00:00,U0069,R0177,4113.56,1,0,0,0,1,3871.03,1.06,1754,1,0,0,0,2.0,0,0
T09686,2026-01-08T00:25:00+00:00,U0086,R0408,2360.7,1,0,0,0,0,4490.9,0.53,1686,0,0,0,0,246.0,0,0
T09687,2026-01-08T00:26:00+00:00,U0100,R0294,4035.83,1,0,0,0,0,5049.82,0.8,1160,0,0,0,0,370.0,0,0
T09688,2026-01-08T00:27:00+00:00,U0146,R0390,1338.42,1,0,0,0,0,3832.09,0.35,1480,0,0,0,0,210.0,0,0
T09689,2026-01-08T00:28:00+00:00,U0043,R0184,6005.07,1,0,0,0,0,3868.4,1.55,1004,0,0,0,0,157.0,0,0
T09690,2026-01-08T00:29:00+00:00,U0198,R0275,9039.88,1,0,0,0,0,5449.26,1.66,1947,0,0,0,0,285.0,0,0
T09691,2026-01-08T00:30:00+00:00,U0058,R0194,7424.77,1,0,0,0,0,3594.15,2.07,1080,0,0,0,0,189.0,0,0
T09692,2026-01-08T00:31:00+00:00,U0036,R0215,1127.1,0,0,0,0,1,3771.27,0.3,219,0,0,0,0,28.0,2,0
T09693,2026-01-08T00:32:00+00:00,U0011,R0144,1369.99,1,0,0,0,1,3511.52,0.39,177,0,0,0,0,12.0,0,0
T09694,2026-01-08T00:33:00+00:00,U0045,R0102,2332.79,1,0,0,0,1,5312.6,0.44,1072,0,0,0,0,14.0,0,0
T09695,2026-01-08T00:34:00+00:00,U0188,R0362,496.49,1,0,0,0,0,5217.77,0.1,1681,0,0,0,0,294.0,0,0
T09696,2026-01-08T00:35:00+00:00,U0168,R0007,804.23,0,0,1,1,0,7056.67,0.11,820,0,0,0,0,460.0,1,0
T09697,2026-01-08T00:36:00+00:00,U0001,R0305,1797.73,1,0,0,0,0,5256.99,0.34,1905,0,0,0,0,181.0,0,0
T09698,2026-01-08T00:37:00+00:00,U0129,R0448,8563.12,0,0,0,0,0,3809.53,2.25,375,0,0,0,0,109.0,1,0
T09699,2026-01-08T00:38:00+00:00,U0081,R0247,2182.51,0,0,0,0,0,3428.73,0.64,1251,0,0,0,0,629.0,1,0
T09700,2026-01-08T00:39:00+00:00,U0069,R0090,985.35,1,0,0,0,2,3927.19,0.25,1754,0,0,0,0,15.0,0,0
T09701,2026-01-08T00:40:00+00:00,U0186,R0143,1477.17,1,0,0,0,0,3548.96,0.42,1731,0,0,0,0,406.0,0,0
T09702,2026-01-08T00:41:00+00:00,U0200,R0303,8272.65,1,0,0,0,0,3833.0,2.16,1096,0,0,0,0,89.0,0,0
T09703,2026-01-08T00:42:00+00:00,U0009,R0298,797.65,1,0,0,0,1,4451.99,0.18,1744,0,0,0,0,32.0,0,0
T09704,2026-01-08T00:43:00+00:00,U0123,R0274,660.27,0,0,0,0,0,2654.28,0.25,832,0,0,0,0,96.0,1,0
T09705,2026-01-08T00:44:00+00:00,U0173,R0219,19888.04,1,0,0,0,0,3196.97,6.22,1772,0,0,0,0,879.0,0,1
T09706,2026-01-08T00:45:00+00:00,U0126,R0434,2311.26,1,0,1,0,0,4922.66,0.47,1797,0,0,0,0,238.0,0,0
T09707,2026-01-08T00:46:00+00:00,U0106,R0378,3337.92,1,0,0,0,0,4352.33,0.77,1381,0,0,0,0,85.0,0,0
T09708,2026-01-08T00:47:00+00:00,U0057,R0234,1577.42,1,0,0,0,0,6410.54,0.25,459,0,0,0,0,202.0,0,0
T09709,2026-01-08T00:48:00+00:00,U0134,R0135,2828.72,1,0,0,0,1,5072.15,0.56,723,0,0,0,0,40.0,0,0
T09710,2026-01-08T00:49:00+00:00,U0118,R0027,1605.94,1,0,0,0,0,3807.45,0.42,635,0,0,0,0,220.0,0,0
T09711,2026-01-08T00:50:00+00:00,U0097,R0043,744.07,1,0,0,0,0,4194.01,0.18,174,0,0,0,0,560.0,0,0
T09712,2026-01-08T00:51:00+00:00,U0116,R0432,4450.31,1,0,0,0,0,4151.44,1.07,463,0,0,0,0,460.0,0,0
T09713,2026-01-08T00:52:00+00:00,U0090,R0450,6445.25,0,0,0,0,0,3016.75,2.14,150,0,0,0,0,96.0,1,0
T09714,2026-01-08T00:53:00+00:00,U0107,R0435,3370.19,1,0,0,0,0,4939.92,0.68,1230,0,0,0,0,85.0,0,0
T09715,2026-01-08T00:54:00+00:00,U0174,R0449,846.99,0,0,0,0,0,4911.82,0.17,1108,0,0,0,0,235.0,1,0
T09716,2026-01-08T00:55:00+00:00,U0060,R0207,2826.67,1,0,0,0,0,4147.96,0.68,1595,0,0,0,0,151.0,0,0
T09717,2026-01-08T00:56:00+00:00,U0018,R0189,41613.79,1,0,1,0,0,4803.63,8.66,74,0,0,0,0,289.0,0,1
T09718,2026-01-08T00:57:00+00:00,U0178,R0045,943.43,1,0,0,0,0,3397.48,0.28,1860,0,0,0,0,88.0,0,0
T09719,2026-01-08T00:58:00+00:00,U0133,R0383,6002.82,1,0,0,0,0,4441.41,1.35,257,0,0,0,0,432.0,0,0
T09720,2026-01-08T00:59:00+00:00,U0009,R0481,4743.2,1,0,1,0,2,4355.83,1.09,1744,0,0,0,0,17.0,0,1
T09721,2026-01-08T01:00:00+00:00,U0116,R0244,1456.37,1,1,0,0,1,4206.02,0.35,463,1,0,0,0,9.0,0,0
T09722,2026-01-08T01:01:00+00:00,U0043,R0296,624.68,1,1,0,0,1,3976.21,0.16,1004,0,0,0,0,33.0,0,0
T09723,2026-01-08T01:02:00+00:00,U0003,R0398,2834.75,1,1,0,1,0,5897.34,0.48,1486,0,0,0,0,202.0,0,0
T09724,2026-01-08T01:03:00+00:00,U0086,R0021,9165.16,1,1,0,0,1,4445.57,2.06,1686,0,0,0,0,38.0,0,0
T09725,2026-01-08T01:04:00+00:00,U0167,R0431,4659.49,1,1,0,0,0,4066.01,1.15,1126,0,0,0,0,191.0,0,0
T09726,2026-01-08T01:05:00+00:00,U0099,R0011,847.89,1,1,0,0,0,4618.67,0.18,828,0,0,0,0,307.0,0,0
T09727,2026-01-08T01:06:00+00:00,U0061,R0187,542.28,1,1,0,0,0,2958.91,0.18,255,0,0,0,0,130.0,0,0
T09728,2026-01-08T01:07:00+00:00,U0110,R0018,889.8,1,1,0,1,1,4630.99,0.19,29,0,0,0,0,53.0,0,0
T09729,2026-01-08T01:08:00+00:00,U0010,R0117,4941.01,1,1,0,0,0,3672.89,1.35,1038,0,0,0,0,323.0,0,0
T09730,2026-01-08T01:09:00+00:00,U0114,R0137,811.41,1,1,0,0,0,5878.53,0.14,447,0,0,0,0,73.0,0,0
T09731,2026-01-08T01:10:00+00:00,U0152,R0261,2193.06,1,1,0,0,0,4575.26,0.48,1711,0,0,0,0,87.0,0,0
T09732,2026-01-08T01:11:00+00:00,U0007,R0203,2067.77,1,1,0,0,0,4407.29,0.47,573,0,0,0,0,250.0,0,0
T09733,2026-01-08T01:12:00+00:00,U0113,R0341,774.77,1,1,0,0,0,3622.54,0.21,1440,0,0,0,0,496.0,0,0
T09734,2026-01-08T01:13:00+00:00,U0104,R0242,1738.8,1,1,0,0,0,3900.27,0.45,508,0,0,0,0,195.0,0,0
T09735,2026-01-08T01:14:00+00:00,U0031,R0281,2370.42,1,1,1,0,0,4770.94,0.5,1886,0,0,0,0,349.0,0,0
T09736,2026-01-08T01:15:00+00:00,U0047,R0377,4950.22,1,1,0,0,0,5406.12,0.92,957,0,0,0,0,259.0,0,0
T09737,2026-01-08T01:16:00+00:00,U0106,R0455,10604.95,1,1,0,0,1,4389.68,2.42,1381,0,0,0,0,30.0,0,1
T09738,2026-01-08T01:17:00+00:00,U0148,R0329,4569.2,1,1,0,0,0,4554.65,1.0,507,0,0,0,0,98.0,0,0
T09739,2026-01-08T01:18:00+00:00,U0021,R0315,5186.9,1,1,0,0,0,6230.21,0.83,486,0,0,0,0,254.0,0,0
T09740,2026-01-08T01:19:00+00:00,U0132,R0232,2163.29,1,1,0,0,0,4033.95,0.54,12,0,0,0,0,622.0,0,0
T09741,2026-01-08T01:20:00+00:00,U0130,R0221,2073.26,1,1,0,0,0,5217.02,0.4,708,0,0,0,0,344.0,0,0
T09742,2026-01-08T01:21:00+00:00,U0129,R0390,1669.54,1,1,0,0,1,3904.6,0.43,375,0,0,0,0,44.0,0,0
T09743,2026-01-08T01:22:00+00:00,U0154,R0414,6473.58,1,1,0,0,0,4159.65,1.56,1010,0,0,0,0,191.0,0,0
T09744,2026-01-08T01:23:00+00:00,U0100,R0242,1184.81,1,1,0,0,1,5029.12,0.24,1160,0,0,0,0,57.0,0,0
T09745,2026-01-08T01:24:00+00:00,U0147,R0213,2007.88,1,1,0,0,0,4837.48,0.42,1663,0,0,0,0,118.0,0,0
T09746,2026-01-08T01:25:00+00:00,U0175,R0417,934.8,1,1,0,0,0,4414.43,0.21,1375,0,0,0,0,208.0,0,0
T09747,2026-01-08T01:26:00+00:00,U0132,R0356,6514.73,1,1,0,0,1,3994.98,1.63,12,1,0,0,0,7.0,0,0
T09748,2026-01-08T01:27:00+00:00,U0129,R0388,859.3,1,1,0,0,2,3816.29,0.23,375,1,0,0,0,6.0,0,0
T09749,2026-01-08T01:28:00+00:00,U0103,R0013,2436.11,1,1,0,0,0,3355.33,0.73,145,0,0,0,0,318.0,0,0
T09750,2026-01-08T01:29:00+00:00,U0081,R0409,1472.73,1,1,0,0,1,3403.3,0.43,1251,0,0,0,0,51.0,0,0
T09751,2026-01-08T01:30:00+00:00,U0083,R0435,1726.74,1,1,1,0,0,6212.2,0.28,313,0,0,0,0,103.0,0,0
T09752,2026-01-08T01:31:00+00:00,U0172,R0327,4611.37,1,1,0,0,0,4797.52,0.96,1447,0,0,0,0,316.0,0,0
T09753,2026-01-08T01:32:00+00:00,U0036,R0072,2745.78,1,1,0,0,0,3702.6,0.74,219,0,0,0,0,61.0,0,0
T09754,2026-01-08T01:33:00+00:00,U0178,R0234,4086.06,1,1,0,0,1,3381.71,1.21,1860,0,0,0,0,36.0,0,0
T09755,2026-01-08T01:34:00+00:00,U0166,R0439,7953.76,1,1,0,0,0,4476.92,1.78,1257,0,0,0,0,207.0,0,0
T09756,2026-01-08T01:35:00+00:00,U0196,R0359,709.82,1,1,0,0,0,4038.98,0.18,219,0,0,0,0,115.0,0,0
T09757,2026-01-08T01:36:00+00:00,U0140,R0443,465.04,1,1,0,0,0,4867.17,0.1,1219,0,0,0,0,689.0,0,0
T09758,2026-01-08T01:37:00+00:00,U0186,R0227,2796.6,1,1,0,0,1,3546.94,0.79,1731,0,0,0,0,57.0,0,0
T09759,2026-01-08T01:38:00+00:00,U0101,R0106,623.97,1,1,0,0,0,4995.6,0.12,1165,0,0,0,0,556.0,0,0
T09760,2026-01-08T01:39:00+00:00,U0016,R0391,6424.45,1,1,0,0,0,4625.77,1.39,1715,0,0,0,0,225.0,0,0
T09761,2026-01-08T01:40:00+00:00,U0196,R0084,4776.18,1,1,0,0,1,3961.56,1.21,219,1,0,0,0,5.0,0,1
T09762,2026-01-08T01:41:00+00:00,U0174,R0459,1054.97,1,1,0,0,1,4830.52,0.22,1108,0,0,0,0,47.0,0,0
T09763,2026-01-08T01:42:00+00:00,U0122,R0099,1441.76,1,1,0,0,0,4455.35,0.32,1750,0,0,0,0,112.0,0,0
T09764,2026-01-08T01:43:00+00:00,U0149,R0298,3568.61,1,1,0,0,0,3883.75,0.92,1912,0,0,0,0,129.0,0,0
T09765,2026-01-08T01:44:00+00:00,U0131,R0430,2328.87,1,1,0,0,0,5652.33,0.41,1810,0,0,0,0,88.0,0,0
T09766,2026-01-08T01:45:00+00:00,U0173,R0291,809.46,1,1,0,0,0,3604.07,0.22,1772,0,0,0,0,61.0,0,0
T09767,2026-01-08T01:46:00+00:00,U0041,R0252,236.81,1,1,0,0,0,4958.86,0.05,680,0,0,0,0,151.0,0,0
T09768,2026-01-08T01:47:00+00:00,U0040,R0215,336.87,1,1,0,0,0,6528.75,0.05,1571,0,0,0,0,380.0,0,0
T09769,2026-01-08T01:48:00+00:00,U0197,R0105,3409.08,1,1,0,0,0,4382.65,0.78,274,0,0,0,0,85.0,0,0
T09770,2026-01-08T01:49:00+00:00,U0060,R0238,7608.91,1,1,0,0,1,4116.5,1.85,1595,0,0,0,0,54.0,0,0
T09771,2026-01-08T01:50:00+00:00,U0189,R0469,2671.04,1,1,0,0,0,4634.33,0.58,690,0,0,0,0,157.0,0,0
T09772,2026-01-08T01:51:00+00:00,U0137,R0217,4776.68,1,1,0,0,0,3186.82,1.5,511,0,0,0,0,154.0,0,0
T09773,2026-01-08T01:52:00+00:00,U0079,R0313,24634.65,1,1,1,1,0,3568.19,6.9,128,0,0,0,0,359.0,0,1
T09774,2026-01-08T01:53:00+00:00,U0104,R0301,1039.45,1,1,0,0,1,3855.24,0.27,508,0,0,0,0,40.0,0,0
T09775,2026-01-08T01:54:00+00:00,U0008,R0106,4520.15,0,1,0,0,0,4235.66,1.07,457,0,0,0,0,317.0,1,0
T09776,2026-01-08T01:55:00+00:00,U0152,R0275,2276.18,0,1,0,0,1,4524.57,0.5,1711,0,0,0,0,45.0,1,0
T09777,2026-01-08T01:56:00+00:00,U0171,R0121,2703.34,1,1,0,0,0,4230.54,0.64,1154,0,0,0,0,592.0,0,0
T09778,2026-01-08T01:57:00+00:00,U0023,R0346,783.7,1,1,0,0,0,3143.06,0.25,1815,0,0,0,0,100.0,0,0
T09779,2026-01-08T01:58:00+00:00,U0084,R0155,2718.75,0,1,0,0,0,3159.01,0.86,1583,0,0,0,0,103.0,1,0
T09780,2026-01-08T01:59:00+00:00,U0164,R0308,802.96,1,1,1,0,0,4521.53,0.18,1150,0,0,0,0,195.0,0,0
T09781,2026-01-08T02:00:00+00:00,U0029,R0145,1919.92,0,2,0,0,0,4678.22,0.41,316,0,0,0,0,122.0,1,0
T09782,2026-01-08T02:01:00+00:00,U0145,R0313,575.82,1,2,0,0,0,3833.15,0.15,94,0,0,0,0,286.0,0,0
T09783,2026-01-08T02:02:00+00:00,U0116,R0014,1017.0,1,2,0,0,0,4214.73,0.24,463,0,0,0,0,62.0,0,0
T09784,2026-01-08T02:03:00+00:00,U0154,R0092,1360.38,1,2,0,0,1,4214.74,0.32,1010,0,0,0,0,41.0,0,0
T09785,2026-01-08T02:04:00+00:00,U0088,R0420,2114.34,1,2,0,0,0,4754.78,0.44,1812,0,0,0,0,151.0,0,0
T09786,2026-01-08T02:05:00+00:00,U0049,R0002,21789.89,0,2,0,1,0,3942.3,5.53,100,0,0,0,0,885.0,1,1
T09787,2026-01-08T02:06:00+00:00,U0156,R0272,583.06,1,2,0,0,0,5304.68,0.11,1027,0,0,0,0,352.0,0,0
T09788,2026-01-08T02:07:00+00:00,U0070,R0119,5872.3,1,2,0,0,0,4575.57,1.28,664,0,0,0,0,208.0,0,0
T09789,2026-01-08T02:08:00+00:00,U0132,R0381,2420.2,0,2,1,0,2,4046.4,0.6,12,0,0,0,0,42.0,1,0
T09790,2026-01-08T02:09:00+00:00,U0169,R0403,3442.86,1,2,0,0,0,3691.87,0.93,1949,0,0,0,0,179.0,0,0
T09791,2026-01-08T02:10:00+00:00,U0014,R0358,1019.89,1,2,0,0,0,4063.08,0.25,608,0,0,0,0,471.0,0,0
T09792,2026-01-08T02:11:00+00:00,U0178,R0348,1162.69,1,2,0,0,1,3408.79,0.34,1860,0,0,0,0,38.0,0,0
T09793,2026-01-08T02:12:00+00:00,U0020,R0239,2556.36,1,2,0,0,0,4144.27,0.62,1664,0,0,0,0,312.0,0,0
T09794,2026-01-08T02:13:00+00:00,U0029,R0213,1455.31,0,2,0,0,1,4690.38,0.31,316,0,0,0,0,13.0,1,0
T09795,2026-01-08T02:14:00+00:00,U0002,R0198,3264.01,1,2,0,0,0,4040.12,0.81,1660,0,0,0,0,150.0,0,0
T09796,2026-01-08T02:15:00+00:00,U0165,R0139,489.02,1,2,0,0,0,7351.05,0.07,302,0,0,0,0,332.0,0,0
T09797,2026-01-08T02:16:00+00:00,U0174,R0059,4806.55,1,2,0,1,1,4691.75,1.02,1108,0,0,0,0,35.0,0,0
T09798,2026-01-08T02:17:00+00:00,U0166,R0271,629.28,1,2,0,0,1,4542.39,0.14,1257,0,0,0,0,43.0,0,0
T09799,2026-01-08T02:18:00+00:00,U0194,R0389,5955.9,1,2,0,0,0,4951.76,1.2,1773,0,0,0,0,302.0,0,0
T09800,2026-01-08T02:19:00+00:00,U0014,R0053,1510.14,1,2,0,0,1,3999.68,0.38,608,1,0,0,0,9.0,0,0
T09801,2026-01-08T02:20:00+00:00,U0065,R0452,1206.94,1,2,0,0,0,4540.49,0.27,1869,0,0,0,0,178.0,0,0
T09802,2026-01-08T02:21:00+00:00,U0186,R0337,3233.58,1,2,0,0,1,3594.94,0.9,1731,0,0,0,0,44.0,0,0
T09803,2026-01-08T02:22:00+00:00,U0168,R0262,1181.92,1,2,0,0,0,6887.69,0.17,820,0,0,0,0,107.0,0,0
T09804,2026-01-08T02:23:00+00:00,U0001,R0103,1156.87,1,2,0,0,0,5183.39,0.22,1905,0,0,0,0,107.0,0,0
T09805,2026-01-08T02:24:00+00:00,U0199,R0024,1388.25,1,2,0,0,0,3288.25,0.42,1451,0,0,0,0,246.0,0,0
T09806,2026-01-08T02:25:00+00:00,U0014,R0480,17333.73,1,2,0,1,2,3948.87,4.39,608,1,0,0,0,6.0,0,1
T09807,2026-01-08T02:26:00+00:00,U0040,R0212,2636.7,1,2,0,0,1,6499.68,0.41,1571,0,0,0,0,39.0,0,0
T09808,2026-01-08T02:27:00+00:00,U0011,R0229,1634.52,1,2,0,1,0,3501.08,0.47,177,0,0,0,0,115.0,0,1
T09809,2026-01-08T02:28:00+00:00,U0053,R0016,1247.42,1,2,0,0,0,4865.38,0.26,1252,0,0,0,0,296.0,0,0
T09810,2026-01-08T02:29:00+00:00,U0139,R0017,3249.56,1,2,0,1,0,4209.52,0.77,1504,0,0,0,0,282.0,0,0
T09811,2026-01-08T02:30:00+00:00,U0017,R0233,1790.94,1,2,0,1,0,4861.8,0.37,53,0,0,0,0,452.0,0,0
T09812,2026-01-08T02:31:00+00:00,U0039,R0271,19218.23,1,2,1,1,0,3410.98,5.63,176,0,0,0,0,629.0,0,1
T09813,2026-01-08T02:32:00+00:00,U0107,R0282,3644.83,1,2,0,0,0,4907.22,0.74,1230,0,0,0,0,99.0,0,0
T09814,2026-01-08T02:33:00+00:00,U0198,R0152,1615.28,1,2,0,0,0,5572.93,0.29,1947,0,0,0,0,124.0,0,0
T09815,2026-01-08T02:34:00+00:00,U0135,R0168,4917.49,1,2,0,0,0,5094.01,0.97,1258,0,0,0,0,356.0,0,0
T09816,2026-01-08T02:35:00+00:00,U0008,R0339,5826.82,1,2,0,0,1,4241.71,1.37,457,0,0,0,0,41.0,0,0
T09817,2026-01-08T02:36:00+00:00,U0118,R0076,589.14,1,2,0,0,0,3752.41,0.16,635,0,0,0,0,107.0,0,0
T09818,2026-01-08T02:37:00+00:00,U0169,R0297,512.78,1,2,0,0,1,3748.49,0.14,1949,0,0,0,0,28.0,0,0
T09819,2026-01-08T02:38:00+00:00,U0145,R0095,744.47,1,2,1,0,1,3753.7,0.2,94,0,0,0,0,37.0,0,0
T09820,2026-01-08T02:39:00+00:00,U0120,R0324,1453.59,1,2,0,0,0,4908.65,0.3,524,0,0,0,0,473.0,0,0
T09821,2026-01-08T02:40:00+00:00,U0020,R0215,7824.66,1,2,0,0,1,4112.51,1.9,1664,0,0,0,0,28.0,0,0
T09822,2026-01-08T02:41:00+00:00,U0109,R0480,3973.31,1,2,0,0,0,5210.18,0.76,579,0,0,0,0,256.0,0,0
T09823,2026-01-08T02:42:00+00:00,U0029,R0369,3225.52,0,2,0,0,2,4708.46,0.69,316,0,0,0,0,29.0,1,0
T09824,2026-01-08T02:43:00+00:00,U0099,R0440,960.09,1,2,0,0,0,4540.11,0.21,828,0,0,0,0,98.0,0,0
T09825,2026-01-08T02:44:00+00:00,U0121,R0208,3194.6,1,2,0,0,0,4982.45,0.64,418,0,0,0,0,157.0,0,0
T09826,2026-01-08T02:45:00+00:00,U0004,R0286,2054.46,1,2,0,0,0,3965.92,0.52,1108,0,0,0,0,165.0,0,0
T09827,2026-01-08T02:46:00+00:00,U0035,R0431,555.09,1,2,0,0,0,3211.95,0.17,1476,0,0,0,0,621.0,0,0
T09828,2026-01-08T02:47:00+00:00,U0160,R0062,943.7,0,2,0,0,0,4531.74,0.21,214,0,0,0,0,314.0,1,0
T09829,2026-01-08T02:48:00+00:00,U0163,R0388,4206.04,1,2,0,0,0,4079.65,1.03,550,0,0,0,0,507.0,0,0
T09830,2026-01-08T02:49:00+00:00,U0108,R0100,7045.43,1,2,0,0,0,3888.53,1.81,1935,0,0,0,0,160.0,0,0
T09831,2026-01-08T02:50:00+00:00,U0068,R0144,1760.83,1,2,0,0,0,3833.69,0.46,98,0,0,0,0,394.0,0,0
T09832,2026-01-08T02:51:00+00:00,U0084,R0412,501.06,1,2,0,0,1,3088.45,0.16,1583,0,0,0,0,53.0,0,0
T09833,2026-01-08T02:52:00+00:00,U0162,R0334,2382.28,1,2,0,0,0,4309.1,0.55,391,0,0,0,0,617.0,0,0
T09834,2026-01-08T02:53:00+00:00,U0065,R0172,2043.03,1,2,0,0,1,4466.41,0.46,1869,0,0,0,0,33.0,0,0
T09835,2026-01-08T02:54:00+00:00,U0175,R0421,1741.06,1,2,0,0,0,4338.78,0.4,1375,0,0,0,0,89.0,0,0
T09836,2026-01-08T02:55:00+00:00,U0002,R0042,1126.87,1,2,0,0,1,4023.95,0.28,1660,0,0,0,0,41.0,0,0
T09837,2026-01-08T02:56:00+00:00,U0189,R0383,4999.81,1,2,0,0,0,4593.43,1.09,690,0,0,0,0,66.0,0,0
T09838,2026-01-08T02:57:00+00:00,U0170,R0477,1708.43,1,2,0,0,0,5834.02,0.29,1804,0,0,0,0,219.0,0,0
T09839,2026-01-08T02:58:00+00:00,U0077,R0084,1904.62,1,2,0,0,0,4033.6,0.47,332,0,0,0,0,218.0,0,0
T09840,2026-01-08T02:59:00+00:00,U0096,R0111,1131.75,1,2,0,1,0,4352.39,0.26,322,0,0,0,0,283.0,0,0
T09841,2026-01-08T03:00:00+00:00,U0005,R0300,3206.74,1,3,0,0,0,4310.19,0.74,1114,0,0,0,0,357.0,0,0
T09842,2026-01-08T03:01:00+00:00,U0040,R0490,6149.41,1,3,0,1,1,6469.25,0.95,1571,0,0,0,0,35.0,0,0
T09843,2026-01-08T03:02:00+00:00,U0094,R0128,3943.76,1,3,0,0,0,2796.06,1.41,768,0,0,0,0,324.0,0,0
T09844,2026-01-08T03:03:00+00:00,U0142,R0466,911.67,1,3,0,1,0,3539.71,0.26,1708,0,0,0,0,304.0,0,1
T09845,2026-01-08T03:04:00+00:00,U0142,R0466,911.67,0,3,1,0,1,3532.8,0.26,1708,1,1,1,1,1.0,1,1
T09846,2026-01-08T03:05:00+00:00,U0142,R0466,911.67,0,3,0,0,2,3466.31,0.26,1708,2,2,2,2,1.0,2,1
T09847,2026-01-08T03:06:00+00:00,U0116,R0208,4170.5,1,3,0,0,0,4140.16,1.01,463,0,0,0,0,64.0,0,0
T09848,2026-01-08T03:07:00+00:00,U0181,R0031,17323.81,1,3,1,1,0,3491.62,4.96,215,0,0,0,0,271.0,0,1
T09849,2026-01-08T03:08:00+00:00,U0097,R0333,5234.47,1,3,0,0,0,4125.02,1.27,174,0,0,0,0,138.0,0,0
T09850,2026-01-08T03:09:00+00:00,U0001,R0068,1139.87,1,3,0,0,1,5099.5,0.22,1905,0,0,0,0,46.0,0,0
T09851,2026-01-08T03:10:00+00:00,U0076,R0125,355.24,1,3,0,0,0,5072.02,0.07,1540,0,0,0,0,435.0,0,0
T09852,2026-01-08T03:11:00+00:00,U0035,R0433,3345.69,1,3,0,0,1,3051.58,1.1,1476,0,0,0,0,25.0,0,0
T09853,2026-01-08T03:12:00+00:00,U0177,R0158,3363.09,0,3,0,0,0,7773.91,0.43,315,0,0,0,0,275.0,1,0
T09854,2026-01-08T03:13:00+00:00,U0091,R0114,2339.26,1,3,0,0,0,3745.16,0.62,823,0,0,0,0,200.0,0,0
T09855,2026-01-08T03:14:00+00:00,U0109,R0131,3907.45,1,3,0,0,1,5205.38,0.75,579,0,0,0,0,33.0,0,0
T09856,2026-01-08T03:15:00+00:00,U0021,R0359,4551.86,1,3,0,0,0,6278.23,0.73,486,0,0,0,0,117.0,0,0
T09857,2026-01-08T03:16:00+00:00,U0113,R0405,33095.5,1,3,1,1,0,3564.42,9.28,1440,0,0,0,0,124.0,0,1
T09858,2026-01-08T03:17:00+00:00,U0072,R0348,2269.83,1,3,0,0,0,2969.27,0.76,1208,0,0,0,0,367.0,0,0
T09859,2026-01-08T03:18:00+00:00,U0063,R0448,3118.32,1,3,0,0,0,3613.28,0.86,1621,0,0,0,0,477.0,0,0
T09860,2026-01-08T03:19:00+00:00,U0180,R0140,1202.99,1,3,0,0,0,4838.54,0.25,793,0,0,0,0,253.0,0,0
T09861,2026-01-08T03:20:00+00:00,U0131,R0280,948.51,1,3,0,0,0,5581.62,0.17,1810,0,0,0,0,96.0,0,0
T09862,2026-01-08T03:21:00+00:00,U0091,R0448,4206.43,1,3,0,0,1,3717.04,1.13,823,1,0,0,0,8.0,0,0
T09863,2026-01-08T03:22:00+00:00,U0116,R0256,3401.13,1,3,0,0,1,4197.52,0.81,463,0,0,0,0,16.0,0,0
T09864,2026-01-08T03:23:00+00:00,U0095,R0142,475.76,1,3,0,0,0,2900.92,0.16,333,0,0,0,0,460.0,0,0
T09865,2026-01-08T03:24:00+00:00,U0103,R0211,330.33,1,3,0,0,0,3336.95,0.1,145,0,0,0,0,116.0,0,0
T09866,2026-01-08T03:25:00+00:00,U0051,R0492,3671.53,1,3,0,0,0,4880.1,0.75,60,0,0,0,0,199.0,0,0
T09867,2026-01-08T03:26:00+00:00,U0110,R0020,5064.99,1,3,0,0,0,4554.64,1.11,29,0,0,0,0,139.0,0,0
T09868,2026-01-08T03:27:00+00:00,U0119,R0310,843.45,1,3,0,0,0,3976.95,0.21,112,0,0,0,0,221.0,0,0
T09869,2026-01-08T03:28:00+00:00,U0136,R0209,6679.37,1,3,0,0,0,3724.72,1.79,126,0,0,0,0,571.0,0,0
T09870,2026-01-08T03:29:00+00:00,U0019,R0067,1968.53,1,3,0,0,0,4200.91,0.47,1302,0,0,0,0,505.0,0,0
T09871,2026-01-08T03:30:00+00:00,U0080,R0291,931.6,1,3,0,0,0,5282.58,0.18,846,0,0,0,0,487.0,0,0
T09872,2026-01-08T03:31:00+00:00,U0171,R0464,6554.29,1,3,0,0,0,4194.17,1.56,1154,0,0,0,0,95.0,0,0
T09873,2026-01-08T03:32:00+00:00,U0192,R0026,1445.56,1,3,0,0,0,3945.99,0.37,887,0,0,0,0,326.0,0,0
T09874,2026-01-08T03:33:00+00:00,U0048,R0310,5705.56,1,3,0,0,0,4819.24,1.18,453,0,0,0,0,238.0,0,0
T09875,2026-01-08T03:34:00+00:00,U0048,R0085,4444.58,1,3,0,0,1,4836.97,0.92,453,1,0,0,0,1.0,0,0
T09876,2026-01-08T03:35:00+00:00,U0145,R0318,964.54,1,3,0,0,1,3682.05,0.26,94,0,0,0,0,57.0,0,0
T09877,2026-01-08T03:36:00+00:00,U0099,R0214,1324.01,1,3,0,0,1,4467.05,0.3,828,0,0,0,0,53.0,0,0
T09878,2026-01-08T03:37:00+00:00,U0117,R0486,3006.75,1,3,0,0,0,3861.94,0.78,876,0,0,0,0,416.0,0,0
T09879,2026-01-08T03:38:00+00:00,U0150,R0209,172.97,1,3,1,0,0,4775.81,0.04,1080,0,0,0,0,264.0,0,0
T09880,2026-01-08T03:39:00+00:00,U0089,R0194,5993.09,1,3,0,0,0,3506.18,1.71,622,0,0,0,0,424.0,0,0
T09881,2026-01-08T03:40:00+00:00,U0152,R0466,5656.81,1,3,0,0,0,4477.73,1.26,1711,0,0,0,0,105.0,0,0
T09882,2026-01-08T03:41:00+00:00,U0154,R0337,4613.0,1,3,0,0,0,4148.36,1.11,1010,0,0,0,0,98.0,0,0
T09883,2026-01-08T03:42:00+00:00,U0151,R0469,5007.52,1,3,0,0,0,5210.89,0.96,1656,0,0,0,0,285.0,0,0
T09884,2026-01-08T03:43:00+00:00,U0188,R0281,145.75,1,3,0,0,0,5119.41,0.03,1681,0,0,0,0,189.0,0,0
T09885,2026-01-08T03:44:00+00:00,U0083,R0385,8149.14,1,3,0,0,0,6118.75,1.33,313,0,0,0,0,134.0,0,0
T09886,2026-01-08T03:45:00+00:00,U0123,R0443,3597.1,1,3,0,0,0,2604.43,1.38,832,0,0,0,0,182.0,0,0
T09887,2026-01-08T03:46:00+00:00,U0143,R0264,1234.25,1,3,0,0,0,3592.63,0.34,194,0,0,0,0,392.0,0,0
T09888,2026-01-08T03:47:00+00:00,U0127,R0231,4159.57,1,3,0,0,0,2665.53,1.56,675,0,0,0,0,293.0,0,0
T09889,2026-01-08T03:48:00+00:00,U0096,R0470,2935.6,0,3,0,0,1,4275.71,0.69,322,0,0,0,0,49.0,1,0
T09890,2026-01-08T03:49:00+00:00,U0004,R0155,5033.91,1,3,1,0,0,3925.25,1.28,1108,0,0,0,0,64.0,0,0
T09891,2026-01-08T03:50:00+00:00,U0066,R0269,722.31,1,3,0,0,0,6017.12,0.12,532,0,0,0,0,301.0,0,0
T09892,2026-01-08T03:51:00+00:00,U0134,R0486,249.91,1,3,0,0,0,5037.0,0.05,723,0,0,0,0,183.0,0,0
T09893,2026-01-08T03:52:00+00:00,U0065,R0459,28862.63,1,3,1,1,1,4413.73,6.54,1869,0,0,0,0,59.0,0,1
T09894,2026-01-08T03:53:00+00:00,U0064,R0049,3699.21,0,3,0,0,0,4166.02,0.89,1159,0,0,0,0,350.0,1,0
T09895,2026-01-08T03:54:00+00:00,U0155,R0271,2992.07,0,3,0,0,0,3297.98,0.91,1159,0,0,0,0,309.0,1,0
T09896,2026-01-08T03:55:00+00:00,U0196,R0307,1044.21,1,3,0,0,0,3980.08,0.26,219,0,0,0,0,135.0,0,0
T09897,2026-01-08T03:56:00+00:00,U0033,R0207,4571.63,1,3,0,1,0,2757.33,1.66,1103,0,0,0,0,671.0,0,0
T09898,2026-01-08T03:57:00+00:00,U0002,R0460,1876.84,1,3,1,0,0,3964.82,0.47,1660,0,0,0,0,62.0,0,1
T09899,2026-01-08T03:58:00+00:00,U0002,R0460,1876.84,0,3,0,1,1,3923.06,0.48,1660,1,1,1,1,1.0,1,1
T09900,2026-01-08T03:59:00+00:00,U0002,R0460,1876.84,0,3,0,1,2,3944.46,0.48,1660,2,2,2,2,1.0,2,1
T09901,2026-01-08T04:00:00+00:00,U0077,R0026,2690.22,1,4,0,0,0,3988.3,0.67,332,0,0,0,0,62.0,0,0
T09902,2026-01-08T04:01:00+00:00,U0169,R0358,1509.52,1,4,1,0,0,3685.14,0.41,1949,0,0,0,0,84.0,0,0
T09903,2026-01-08T04:02:00+00:00,U0103,R0076,5313.67,1,4,0,0,1,3330.01,1.6,145,0,0,0,0,38.0,0,0
T09904,2026-01-08T04:03:00+00:00,U0186,R0383,1542.23,1,4,0,0,0,3533.95,0.44,1731,0,0,0,0,102.0,0,0
T09905,2026-01-08T04:04:00+00:00,U0079,R0380,1283.58,1,4,0,0,0,4206.57,0.31,128,0,0,0,0,132.0,0,0
T09906,2026-01-08T04:05:00+00:00,U0059,R0437,14149.95,1,4,1,0,0,5352.87,2.64,75,0,0,0,0,342.0,0,1
T09907,2026-01-08T04:06:00+00:00,U0073,R0375,3338.73,1,4,0,0,0,5540.4,0.6,1369,0,0,0,0,270.0,0,0
T09908,2026-01-08T04:07:00+00:00,U0019,R0112,4462.04,1,4,0,0,1,4155.35,1.07,1302,0,0,0,0,38.0,0,0
T09909,2026-01-08T04:08:00+00:00,U0005,R0105,485.66,1,4,0,0,0,4286.2,0.11,1114,0,0,0,0,68.0,0,0
T09910,2026-01-08T04:09:00+00:00,U0148,R0254,3043.48,0,4,0,0,0,4607.33,0.66,507,0,0,0,0,172.0,1,0
T09911,2026-01-08T04:10:00+00:00,U0163,R0432,155.74,1,4,0,0,0,4082.28,0.04,550,0,0,0,0,82.0,0,0
T09912,2026-01-08T04:11:00+00:00,U0034,R0017,805.84,1,4,0,0,0,4416.82,0.18,1925,0,0,0,0,260.0,0,0
T09913,2026-01-08T04:12:00+00:00,U0139,R0223,1595.15,1,4,0,0,0,4252.06,0.38,1504,0,0,0,0,103.0,0,0
T09914,2026-01-08T04:13:00+00:00,U0172,R0197,775.19,1,4,0,1,0,4813.85,0.16,1447,0,0,0,0,162.0,0,0
T09915,2026-01-08T04:14:00+00:00,U0191,R0403,1622.66,1,4,0,0,0,4294.81,0.38,982,0,0,0,0,763.0,0,0
T09916,2026-01-08T04:15:00+00:00,U0179,R0070,2067.88,1,4,0,0,0,3349.26,0.62,1145,0,0,0,0,535.0,0,0
T09917,2026-01-08T04:16:00+00:00,U0003,R0169,1116.66,1,4,0,0,0,5827.74,0.19,1486,0,0,0,0,194.0,0,0
T09918,2026-01-08T04:17:00+00:00,U0182,R0333,1754.86,1,4,0,0,0,4720.43,0.37,269,0,0,0,0,265.0,0,0
T09919,2026-01-08T04:18:00+00:00,U0133,R0094,29843.27,0,4,1,1,0,4536.57,6.58,257,0,0,0,0,200.0,1,1
T09920,2026-01-08T04:19:00+00:00,U0060,R0016,5444.94,1,4,0,1,0,4197.72,1.3,1595,0,0,0,0,150.0,0,0
T09921,2026-01-08T04:20:00+00:00,U0125,R0219,5780.7,1,4,0,0,0,4352.08,1.33,499,0,0,0,0,337.0,0,0
T09922,2026-01-08T04:21:00+00:00,U0027,R0319,1655.5,1,4,0,0,0,5387.45,0.31,1808,0,0,0,0,340.0,0,0
T09923,2026-01-08T04:22:00+00:00,U0144,R0464,279.48,1,4,0,0,0,4306.32,0.06,685,0,0,0,0,241.0,0,0
T09924,2026-01-08T04:23:00+00:00,U0033,R0469,17970.74,1,4,0,1,1,2795.93,6.43,1103,0,0,0,0,27.0,0,1
T09925,2026-01-08T04:24:00+00:00,U0199,R0280,1218.47,1,4,1,0,0,3244.06,0.38,1451,0,0,0,0,120.0,0,0
T09926,2026-01-08T04:25:00+00:00,U0009,R0333,2281.72,1,4,0,0,0,4365.76,0.52,1744,0,0,0,0,206.0,0,0
T09927,2026-01-08T04:26:00+00:00,U0095,R0206,1219.01,1,4,0,0,0,2802.12,0.44,333,0,0,0,0,63.0,0,0
T09928,2026-01-08T04:27:00+00:00,U0002,R0044,11781.58,1,4,1,1,3,3881.13,3.04,1660,0,0,0,0,28.0,0,1
T09929,2026-01-08T04:28:00+00:00,U0094,R0126,4906.32,1,4,0,0,0,2820.48,1.74,768,0,0,0,0,86.0,0,0
T09930,2026-01-08T04:29:00+00:00,U0001,R0230,1674.24,1,4,0,0,0,5018.69,0.33,1905,0,0,0,0,80.0,0,0
T09931,2026-01-08T04:30:00+00:00,U0105,R0052,5171.03,1,4,0,0,0,4074.8,1.27,203,0,0,0,0,300.0,0,0
T09932,2026-01-08T04:31:00+00:00,U0111,R0293,1155.77,1,4,0,0,0,4855.99,0.24,877,0,0,0,0,330.0,0,0
T09933,2026-01-08T04:32:00+00:00,U0123,R0079,1054.67,1,4,0,0,1,2628.64,0.4,832,0,0,0,0,47.0,0,0
T09934,2026-01-08T04:33:00+00:00,U0167,R0469,1056.07,1,4,0,0,0,4119.35,0.26,1126,0,0,0,0,209.0,0,0
T09935,2026-01-08T04:34:00+00:00,U0198,R0149,1922.01,1,4,0,0,0,5449.39,0.35,1947,0,0,0,0,121.0,0,0
T09936,2026-01-08T04:35:00+00:00,U0002,R0159,654.48,1,4,0,0,4,4107.42,0.16,1660,1,0,0,0,8.0,0,0
T09937,2026-01-08T04:36:00+00:00,U0079,R0252,3412.8,1,4,0,0,1,4120.6,0.83,128,0,0,0,0,32.0,0,0
T09938,2026-01-08T04:37:00+00:00,U0182,R0084,1179.78,1,4,0,0,1,4653.03,0.25,269,0,0,0,0,20.0,0,0
T09939,2026-01-08T04:38:00+00:00,U0019,R0337,2295.73,1,4,0,0,1,4161.48,0.55,1302,0,0,0,0,31.0,0,0
T09940,2026-01-08T04:39:00+00:00,U0170,R0317,5640.04,1,4,1,0,0,5742.34,0.98,1804,0,0,0,0,102.0,0,0
T09941,2026-01-08T04:40:00+00:00,U0104,R0050,5536.95,1,4,0,0,0,3797.78,1.46,508,0,0,0,0,167.0,0,0
T09942,2026-01-08T04:41:00+00:00,U0128,R0251,8589.22,1,4,0,0,0,3787.02,2.27,1107,0,0,0,0,387.0,0,0
T09943,2026-01-08T04:42:00+00:00,U0165,R0087,4331.1,0,4,0,0,0,7179.5,0.6,302,0,0,0,0,147.0,1,0
T09944,2026-01-08T04:43:00+00:00,U0090,R0032,3118.76,1,4,0,1,0,3120.64,1.0,150,0,0,0,0,231.0,0,1
T09945,2026-01-08T04:44:00+00:00,U0023,R0388,3693.34,1,4,1,0,0,3090.63,1.2,1815,0,0,0,0,167.0,0,0
T09946,2026-01-08T04:45:00+00:00,U0170,R0092,1400.67,0,4,0,0,1,5740.12,0.24,1804,1,0,0,0,6.0,1,0
T09947,2026-01-08T04:46:00+00:00,U0038,R0356,700.57,1,4,0,0,0,3657.81,0.19,400,0,0,0,0,289.0,0,0
T09948,2026-01-08T04:47:00+00:00,U0160,R0382,4249.04,1,4,0,0,0,4434.77,0.96,214,0,0,0,0,120.0,0,0
T09949,2026-01-08T04:48:00+00:00,U0153,R0370,4908.99,1,4,0,0,0,3203.54,1.53,798,0,0,0,0,501.0,0,0
T09950,2026-01-08T04:49:00+00:00,U0051,R0265,3478.35,1,4,0,0,0,4853.25,0.72,60,0,0,0,0,84.0,0,0
T09951,2026-01-08T04:50:00+00:00,U0054,R0236,971.06,1,4,0,0,0,3951.45,0.25,712,0,0,0,0,279.0,0,0
T09952,2026-01-08T04:51:00+00:00,U0077,R0375,5896.45,1,4,0,0,1,3961.26,1.49,332,0,0,0,0,51.0,0,0
T09953,2026-01-08T04:52:00+00:00,U0076,R0437,1520.54,1,4,0,0,0,4967.2,0.31,1540,0,0,0,0,102.0,0,0
T09954,2026-01-08T04:53:00+00:00,U0071,R0434,3449.98,0,4,0,0,0,5941.16,0.58,17,0,0,0,0,328.0,1,0
T09955,2026-01-08T04:54:00+00:00,U0141,R0312,1997.99,1,4,0,0,0,3351.25,0.6,113,0,0,0,0,455.0,0,0
T09956,2026-01-08T04:55:00+00:00,U0070,R0253,3907.37,1,4,0,0,0,4604.39,0.85,664,0,0,0,0,168.0,0,1
T09957,2026-01-08T04:56:00+00:00,U0070,R0253,3907.37,0,4,1,1,1,4589.24,0.85,664,1,1,1,1,1.0,1,1
T09958,2026-01-08T04:57:00+00:00,U0070,R0253,3907.37,0,4,1,0,2,4574.73,0.85,664,2,2,2,2,1.0,2,1
T09959,2026-01-08T04:58:00+00:00,U0114,R0384,2006.85,1,4,0,0,0,5811.11,0.35,447,0,0,0,0,229.0,0,0
T09960,2026-01-08T04:59:00+00:00,U0107,R0444,2743.11,0,4,0,0,0,4881.46,0.56,1230,0,0,0,0,147.0,1,0
T09961,2026-01-08T05:00:00+00:00,U0058,R0162,6093.01,1,5,0,0,0,3700.12,1.65,1080,0,0,0,0,270.0,0,0
T09962,2026-01-08T05:01:00+00:00,U0002,R0355,5226.94,1,5,0,0,2,4030.24,1.3,1660,0,0,0,0,26.0,0,0
T09963,2026-01-08T05:02:00+00:00,U0106,R0165,538.74,1,5,0,0,0,4550.35,0.12,1381,0,0,0,0,226.0,0,0
T09964,2026-01-08T05:03:00+00:00,U0194,R0312,453.39,1,5,0,0,0,5062.03,0.09,1773,0,0,0,0,165.0,0,0
T09965,2026-01-08T05:04:00+00:00,U0121,R0323,2444.78,0,5,0,0,0,4946.69,0.49,418,0,0,0,0,140.0,1,0
T09966,2026-01-08T05:05:00+00:00,U0177,R0286,993.08,1,5,0,0,0,7776.24,0.13,315,0,0,0,0,113.0,0,0
T09967,2026-01-08T05:06:00+00:00,U0092,R0046,7889.58,1,5,0,0,0,5595.83,1.41,892,0,0,0,0,363.0,0,0
T09968,2026-01-08T05:07:00+00:00,U0062,R0493,2167.78,1,5,0,0,0,4124.11,0.53,820,0,0,0,0,667.0,0,0
T09969,2026-01-08T05:08:00+00:00,U0138,R0304,6373.54,1,5,0,0,0,5034.31,1.27,1898,0,0,0,0,423.0,0,0
T09970,2026-01-08T05:09:00+00:00,U0069,R0181,338.26,1,5,0,0,0,3904.48,0.09,1754,0,0,0,0,270.0,0,0
T09971,2026-01-08T05:10:00+00:00,U0066,R0019,3979.14,1,5,0,0,0,5870.04,0.68,532,0,0,0,0,80.0,0,0
T09972,2026-01-08T05:11:00+00:00,U0019,R0286,2280.25,1,5,0,0,1,4170.98,0.55,1302,0,0,0,0,33.0,0,0
T09973,2026-01-08T05:12:00+00:00,U0131,R0001,6336.51,1,5,0,0,0,5485.09,1.16,1810,0,0,0,0,112.0,0,0
T09974,2026-01-08T05:13:00+00:00,U0140,R0380,9768.23,1,5,0,1,0,4767.12,2.05,1219,0,0,0,0,217.0,0,1
T09975,2026-01-08T05:14:00+00:00,U0189,R0414,1769.41,0,5,0,0,0,4601.72,0.38,690,0,0,0,0,138.0,1,0
T09976,2026-01-08T05:15:00+00:00,U0116,R0134,2583.03,1,5,0,0,0,3474.77,0.74,463,0,0,0,0,113.0,0,0
T09977,2026-01-08T05:16:00+00:00,U0159,R0201,2313.08,1,5,0,0,0,4551.38,0.51,490,0,0,0,0,298.0,0,0
T09978,2026-01-08T05:17:00+00:00,U0064,R0309,1823.33,1,5,0,0,0,3647.74,0.5,1159,0,0,0,0,84.0,0,0
T09979,2026-01-08T05:18:00+00:00,U0102,R0025,1274.04,0,5,0,0,0,4579.18,0.28,1474,0,0,0,0,416.0,1,0
T09980,2026-01-08T05:19:00+00:00,U0122,R0002,2672.0,1,5,0,0,0,4364.44,0.61,1750,0,0,0,0,217.0,0,0
T09981,2026-01-08T05:20:00+00:00,U0003,R0301,3517.76,1,5,0,0,0,5723.05,0.61,1486,0,0,0,0,64.0,0,0
T09982,2026-01-08T05:21:00+00:00,U0004,R0368,1847.99,1,5,0,0,0,3948.35,0.47,1108,0,0,0,0,92.0,0,0
T09983,2026-01-08T05:22:00+00:00,U0080,R0061,4654.0,1,5,0,0,0,5188.0,0.9,846,0,0,0,0,112.0,0,0
T09984,2026-01-08T05:23:00+00:00,U0005,R0390,4753.77,1,5,0,0,0,4205.34,1.13,1114,0,0,0,0,75.0,0,0
T09985,2026-01-08T05:24:00+00:00,U0183,R0280,256.19,1,5,0,0,0,4177.82,0.06,827,0,0,0,0,605.0,0,0
T09986,2026-01-08T05:25:00+00:00,U0021,R0412,2045.64,1,5,0,0,0,6278.88,0.33,486,0,0,0,0,130.0,0,0
T09987,2026-01-08T05:26:00+00:00,U0175,R0108,5069.37,1,5,0,0,0,4283.51,1.18,1375,0,0,0,0,152.0,0,0
T09988,2026-01-08T05:27:00+00:00,U0101,R0394,754.69,1,5,0,0,0,4908.16,0.15,1165,0,0,0,0,229.0,0,0
T09989,2026-01-08T05:28:00+00:00,U0190,R0375,6998.07,1,5,0,0,0,3445.82,2.03,1087,0,0,0,0,415.0,0,0
T09990,2026-01-08T05:29:00+00:00,U0132,R0191,3397.55,1,5,0,0,0,4013.88,0.85,12,0,0,0,0,201.0,0,0
T09991,2026-01-08T05:30:00+00:00,U0140,R0284,5302.32,1,5,0,0,1,4878.25,1.09,1219,0,0,0,0,17.0,0,0
T09992,2026-01-08T05:31:00+00:00,U0072,R0322,2094.86,1,5,0,0,0,2953.38,0.71,1208,0,0,0,0,134.0,0,0
T09993,2026-01-08T05:32:00+00:00,U0191,R0011,2876.61,0,5,0,0,0,4237.95,0.68,982,0,0,0,0,78.0,3,0
T09994,2026-01-08T05:33:00+00:00,U0137,R0277,665.11,1,5,0,0,0,3219.95,0.21,511,0,0,0,0,222.0,0,0
T09995,2026-01-08T05:34:00+00:00,U0101,R0165,7005.07,1,5,0,0,1,4806.16,1.46,1165,1,0,0,0,7.0,0,0
T09996,2026-01-08T05:35:00+00:00,U0179,R0174,3700.22,1,5,0,0,0,3322.56,1.11,1145,0,0,0,0,80.0,0,0
T09997,2026-01-08T05:36:00+00:00,U0098,R0145,2909.12,1,5,0,0,0,5345.13,0.54,938,0,0,0,0,642.0,0,0
T09998,2026-01-08T05:37:00+00:00,U0182,R0308,3338.0,1,5,0,0,1,4575.85,0.73,269,0,0,0,0,60.0,0,0
T09999,2026-01-08T05:38:00+00:00,U0053,R0370,1592.44,1,5,0,0,0,4786.72,0.33,1252,0,0,0,0,190.0,0,0
T10000,2026-01-08T05:39:00+00:00,U0185,R0214,4137.49,1,5,0,0,0,3513.74,1.18,1483,0,0,0,0,566.0,0,0
